<?xml version="1.0" encoding="UTF-8"?>
<gpx xmlns:gpxdata="http://www.cluetrust.com/XML/GPXDATA/1/0" xmlns:xsi="http://www.w3.org/2001/XMLSchema-instance" xmlns="http://www.topografix.com/GPX/1/1" version="1.1" creator="http://ridewithgps.com/" xsi:schemaLocation="http://www.topografix.com/GPX/1/1 http://www.topografix.com/GPX/1/1/gpx.xsd http://www.cluetrust.com/XML/GPXDATA/1/0 http://www.cluetrust.com/Schemas/gpxdata10.xsd">
  <metadata>
    <name>Transdinarica</name>
    <link href="https://ridewithgps.com/routes/49224230">
      <text>Transdinarica</text>
    </link>
    <time>2024-12-09T05:27:48Z</time>
  </metadata>
  <trk>
    <name>Transdinarica</name>
    <trkseg>
      <trkpt lat="46.18277" lon="13.73291">
        <ele>196.4</ele>
      </trkpt>
      <trkpt lat="46.18268" lon="13.7324">
        <ele>194.7</ele>
      </trkpt>
      <trkpt lat="46.18261" lon="13.73212">
        <ele>194.1</ele>
      </trkpt>
      <trkpt lat="46.18248" lon="13.73178">
        <ele>193.1</ele>
      </trkpt>
      <trkpt lat="46.18226" lon="13.73127">
        <ele>191.1</ele>
      </trkpt>
      <trkpt lat="46.18221" lon="13.7311">
        <ele>190.4</ele>
      </trkpt>
      <trkpt lat="46.18221" lon="13.73093">
        <ele>189.7</ele>
      </trkpt>
      <trkpt lat="46.18224" lon="13.73066">
        <ele>186.9</ele>
      </trkpt>
      <trkpt lat="46.18227" lon="13.73057">
        <ele>185.7</ele>
      </trkpt>
      <trkpt lat="46.18231" lon="13.73049">
        <ele>184.6</ele>
      </trkpt>
      <trkpt lat="46.18242" lon="13.73042">
        <ele>183.9</ele>
      </trkpt>
      <trkpt lat="46.1827" lon="13.73037">
        <ele>185.3</ele>
      </trkpt>
      <trkpt lat="46.18278" lon="13.73035">
        <ele>185.7</ele>
      </trkpt>
      <trkpt lat="46.18282" lon="13.73031">
        <ele>185.5</ele>
      </trkpt>
      <trkpt lat="46.18286" lon="13.73027">
        <ele>185.3</ele>
      </trkpt>
      <trkpt lat="46.18287" lon="13.73018">
        <ele>184.1</ele>
      </trkpt>
      <trkpt lat="46.18287" lon="13.73012">
        <ele>183.3</ele>
      </trkpt>
      <trkpt lat="46.18285" lon="13.73007">
        <ele>182.4</ele>
      </trkpt>
      <trkpt lat="46.18282" lon="13.73002">
        <ele>181.4</ele>
      </trkpt>
      <trkpt lat="46.18278" lon="13.72999">
        <ele>180.6</ele>
      </trkpt>
      <trkpt lat="46.18275" lon="13.72999">
        <ele>180.3</ele>
      </trkpt>
      <trkpt lat="46.18265" lon="13.73004">
        <ele>180.0</ele>
      </trkpt>
      <trkpt lat="46.18254" lon="13.73011">
        <ele>180.0</ele>
      </trkpt>
      <trkpt lat="46.18242" lon="13.73016">
        <ele>180.1</ele>
      </trkpt>
      <trkpt lat="46.18233" lon="13.73016">
        <ele>179.9</ele>
      </trkpt>
      <trkpt lat="46.18229" lon="13.73015">
        <ele>179.7</ele>
      </trkpt>
      <trkpt lat="46.18219" lon="13.73008">
        <ele>178.4</ele>
      </trkpt>
      <trkpt lat="46.18204" lon="13.72994">
        <ele>176.3</ele>
      </trkpt>
      <trkpt lat="46.1819" lon="13.72977">
        <ele>174.3</ele>
      </trkpt>
      <trkpt lat="46.18185" lon="13.72966">
        <ele>173.1</ele>
      </trkpt>
      <trkpt lat="46.18177" lon="13.72942">
        <ele>170.6</ele>
      </trkpt>
      <trkpt lat="46.18156" lon="13.7286">
        <ele>168.3</ele>
      </trkpt>
      <trkpt lat="46.18153" lon="13.72831">
        <ele>168.5</ele>
      </trkpt>
      <trkpt lat="46.18153" lon="13.72826">
        <ele>168.5</ele>
      </trkpt>
      <trkpt lat="46.18155" lon="13.72818">
        <ele>168.5</ele>
      </trkpt>
      <trkpt lat="46.18153" lon="13.7281">
        <ele>168.4</ele>
      </trkpt>
      <trkpt lat="46.18151" lon="13.72807">
        <ele>168.3</ele>
      </trkpt>
      <trkpt lat="46.18145" lon="13.72801">
        <ele>168.0</ele>
      </trkpt>
      <trkpt lat="46.18135" lon="13.7278">
        <ele>167.4</ele>
      </trkpt>
      <trkpt lat="46.18126" lon="13.7274">
        <ele>166.6</ele>
      </trkpt>
      <trkpt lat="46.18123" lon="13.72732">
        <ele>166.5</ele>
      </trkpt>
      <trkpt lat="46.18117" lon="13.72724">
        <ele>166.3</ele>
      </trkpt>
      <trkpt lat="46.18108" lon="13.72718">
        <ele>166.1</ele>
      </trkpt>
      <trkpt lat="46.181" lon="13.72715">
        <ele>165.8</ele>
      </trkpt>
      <trkpt lat="46.18101" lon="13.72696">
        <ele>166.3</ele>
      </trkpt>
      <trkpt lat="46.18104" lon="13.72626">
        <ele>165.1</ele>
      </trkpt>
      <trkpt lat="46.18107" lon="13.72605">
        <ele>163.9</ele>
      </trkpt>
      <trkpt lat="46.18111" lon="13.72586">
        <ele>162.8</ele>
      </trkpt>
      <trkpt lat="46.18116" lon="13.72572">
        <ele>162.0</ele>
      </trkpt>
      <trkpt lat="46.1812" lon="13.72566">
        <ele>161.6</ele>
      </trkpt>
      <trkpt lat="46.18124" lon="13.72563">
        <ele>161.3</ele>
      </trkpt>
      <trkpt lat="46.18127" lon="13.72558">
        <ele>161.0</ele>
      </trkpt>
      <trkpt lat="46.18128" lon="13.72548">
        <ele>160.6</ele>
      </trkpt>
      <trkpt lat="46.18129" lon="13.72536">
        <ele>160.2</ele>
      </trkpt>
      <trkpt lat="46.18136" lon="13.72511">
        <ele>159.1</ele>
      </trkpt>
      <trkpt lat="46.18145" lon="13.72498">
        <ele>158.5</ele>
      </trkpt>
      <trkpt lat="46.18155" lon="13.72486">
        <ele>158.1</ele>
      </trkpt>
      <trkpt lat="46.18191" lon="13.72445">
        <ele>157.7</ele>
      </trkpt>
      <trkpt lat="46.18226" lon="13.72401">
        <ele>158.3</ele>
      </trkpt>
      <trkpt lat="46.18237" lon="13.72379">
        <ele>158.4</ele>
      </trkpt>
      <trkpt lat="46.18245" lon="13.72354">
        <ele>158.2</ele>
      </trkpt>
      <trkpt lat="46.18264" lon="13.72263">
        <ele>158.0</ele>
      </trkpt>
      <trkpt lat="46.18284" lon="13.72172">
        <ele>158.6</ele>
      </trkpt>
      <trkpt lat="46.18293" lon="13.72122">
        <ele>158.8</ele>
      </trkpt>
      <trkpt lat="46.18315" lon="13.72015">
        <ele>159.8</ele>
      </trkpt>
      <trkpt lat="46.18336" lon="13.71909">
        <ele>159.9</ele>
      </trkpt>
      <trkpt lat="46.18357" lon="13.71802">
        <ele>159.4</ele>
      </trkpt>
      <trkpt lat="46.1836" lon="13.71785">
        <ele>159.4</ele>
      </trkpt>
      <trkpt lat="46.18361" lon="13.71768">
        <ele>159.4</ele>
      </trkpt>
      <trkpt lat="46.1836" lon="13.71749">
        <ele>159.3</ele>
      </trkpt>
      <trkpt lat="46.18357" lon="13.7173">
        <ele>158.7</ele>
      </trkpt>
      <trkpt lat="46.18351" lon="13.71711">
        <ele>158.0</ele>
      </trkpt>
      <trkpt lat="46.18342" lon="13.71691">
        <ele>158.8</ele>
      </trkpt>
      <trkpt lat="46.18335" lon="13.71678">
        <ele>159.5</ele>
      </trkpt>
      <trkpt lat="46.18278" lon="13.7158">
        <ele>164.3</ele>
      </trkpt>
      <trkpt lat="46.18266" lon="13.7155">
        <ele>165.6</ele>
      </trkpt>
      <trkpt lat="46.18263" lon="13.71525">
        <ele>167.3</ele>
      </trkpt>
      <trkpt lat="46.18265" lon="13.71498">
        <ele>168.6</ele>
      </trkpt>
      <trkpt lat="46.18273" lon="13.71469">
        <ele>168.6</ele>
      </trkpt>
      <trkpt lat="46.18297" lon="13.71407">
        <ele>168.7</ele>
      </trkpt>
      <trkpt lat="46.18309" lon="13.71369">
        <ele>170.3</ele>
      </trkpt>
      <trkpt lat="46.18311" lon="13.71348">
        <ele>171.6</ele>
      </trkpt>
      <trkpt lat="46.18311" lon="13.71325">
        <ele>173.2</ele>
      </trkpt>
      <trkpt lat="46.18305" lon="13.71298">
        <ele>175.3</ele>
      </trkpt>
      <trkpt lat="46.18305" lon="13.71269">
        <ele>177.1</ele>
      </trkpt>
      <trkpt lat="46.18307" lon="13.71264">
        <ele>177.4</ele>
      </trkpt>
      <trkpt lat="46.18308" lon="13.71257">
        <ele>177.8</ele>
      </trkpt>
      <trkpt lat="46.18308" lon="13.71249">
        <ele>178.3</ele>
      </trkpt>
      <trkpt lat="46.18305" lon="13.71243">
        <ele>178.5</ele>
      </trkpt>
      <trkpt lat="46.18302" lon="13.71238">
        <ele>178.7</ele>
      </trkpt>
      <trkpt lat="46.18299" lon="13.71235">
        <ele>178.8</ele>
      </trkpt>
      <trkpt lat="46.18294" lon="13.71233">
        <ele>179.0</ele>
      </trkpt>
      <trkpt lat="46.18289" lon="13.71234">
        <ele>179.0</ele>
      </trkpt>
      <trkpt lat="46.18285" lon="13.71237">
        <ele>179.0</ele>
      </trkpt>
      <trkpt lat="46.18283" lon="13.71239">
        <ele>178.9</ele>
      </trkpt>
      <trkpt lat="46.18272" lon="13.71243">
        <ele>179.0</ele>
      </trkpt>
      <trkpt lat="46.18263" lon="13.71244">
        <ele>179.0</ele>
      </trkpt>
      <trkpt lat="46.1818" lon="13.71214">
        <ele>183.2</ele>
      </trkpt>
      <trkpt lat="46.18097" lon="13.71184">
        <ele>186.2</ele>
      </trkpt>
      <trkpt lat="46.18014" lon="13.71155">
        <ele>188.8</ele>
      </trkpt>
      <trkpt lat="46.17931" lon="13.71125">
        <ele>191.6</ele>
      </trkpt>
      <trkpt lat="46.17848" lon="13.71095">
        <ele>194.4</ele>
      </trkpt>
      <trkpt lat="46.17798" lon="13.71066">
        <ele>195.2</ele>
      </trkpt>
      <trkpt lat="46.17769" lon="13.71045">
        <ele>195.7</ele>
      </trkpt>
      <trkpt lat="46.17707" lon="13.70981">
        <ele>196.9</ele>
      </trkpt>
      <trkpt lat="46.17651" lon="13.70909">
        <ele>198.1</ele>
      </trkpt>
      <trkpt lat="46.17644" lon="13.70898">
        <ele>198.4</ele>
      </trkpt>
      <trkpt lat="46.17625" lon="13.70867">
        <ele>199.3</ele>
      </trkpt>
      <trkpt lat="46.17616" lon="13.70857">
        <ele>199.5</ele>
      </trkpt>
      <trkpt lat="46.17605" lon="13.70851">
        <ele>199.6</ele>
      </trkpt>
      <trkpt lat="46.17569" lon="13.70834">
        <ele>199.6</ele>
      </trkpt>
      <trkpt lat="46.1755" lon="13.70817">
        <ele>199.9</ele>
      </trkpt>
      <trkpt lat="46.1753" lon="13.70789">
        <ele>200.5</ele>
      </trkpt>
      <trkpt lat="46.17514" lon="13.70773">
        <ele>200.6</ele>
      </trkpt>
      <trkpt lat="46.17505" lon="13.70768">
        <ele>200.5</ele>
      </trkpt>
      <trkpt lat="46.17493" lon="13.70765">
        <ele>200.2</ele>
      </trkpt>
      <trkpt lat="46.17476" lon="13.70763">
        <ele>199.5</ele>
      </trkpt>
      <trkpt lat="46.1746" lon="13.70765">
        <ele>198.8</ele>
      </trkpt>
      <trkpt lat="46.17438" lon="13.7077">
        <ele>197.5</ele>
      </trkpt>
      <trkpt lat="46.17394" lon="13.70786">
        <ele>197.2</ele>
      </trkpt>
      <trkpt lat="46.17314" lon="13.708">
        <ele>205.2</ele>
      </trkpt>
      <trkpt lat="46.17301" lon="13.70808">
        <ele>206.6</ele>
      </trkpt>
      <trkpt lat="46.17295" lon="13.70819">
        <ele>207.5</ele>
      </trkpt>
      <trkpt lat="46.17293" lon="13.70829">
        <ele>208.2</ele>
      </trkpt>
      <trkpt lat="46.17296" lon="13.70843">
        <ele>209.3</ele>
      </trkpt>
      <trkpt lat="46.17311" lon="13.70871">
        <ele>208.0</ele>
      </trkpt>
      <trkpt lat="46.17315" lon="13.70883">
        <ele>207.8</ele>
      </trkpt>
      <trkpt lat="46.17317" lon="13.70894">
        <ele>208.1</ele>
      </trkpt>
      <trkpt lat="46.17321" lon="13.70938">
        <ele>208.3</ele>
      </trkpt>
      <trkpt lat="46.17322" lon="13.70971">
        <ele>207.5</ele>
      </trkpt>
      <trkpt lat="46.1732" lon="13.70979">
        <ele>208.7</ele>
      </trkpt>
      <trkpt lat="46.17315" lon="13.70982">
        <ele>211.8</ele>
      </trkpt>
      <trkpt lat="46.1731" lon="13.70981">
        <ele>214.9</ele>
      </trkpt>
      <trkpt lat="46.17305" lon="13.70975">
        <ele>217.8</ele>
      </trkpt>
      <trkpt lat="46.17303" lon="13.70961">
        <ele>218.7</ele>
      </trkpt>
      <trkpt lat="46.17306" lon="13.70922">
        <ele>216.2</ele>
      </trkpt>
      <trkpt lat="46.17304" lon="13.70903">
        <ele>215.2</ele>
      </trkpt>
      <trkpt lat="46.17299" lon="13.70883">
        <ele>214.5</ele>
      </trkpt>
      <trkpt lat="46.17294" lon="13.70868">
        <ele>214.1</ele>
      </trkpt>
      <trkpt lat="46.17272" lon="13.70822">
        <ele>213.9</ele>
      </trkpt>
      <trkpt lat="46.17262" lon="13.70805">
        <ele>214.8</ele>
      </trkpt>
      <trkpt lat="46.17254" lon="13.70794">
        <ele>215.1</ele>
      </trkpt>
      <trkpt lat="46.17243" lon="13.70788">
        <ele>215.5</ele>
      </trkpt>
      <trkpt lat="46.17231" lon="13.70786">
        <ele>216.2</ele>
      </trkpt>
      <trkpt lat="46.1721" lon="13.70788">
        <ele>218.0</ele>
      </trkpt>
      <trkpt lat="46.17202" lon="13.70791">
        <ele>218.9</ele>
      </trkpt>
      <trkpt lat="46.17185" lon="13.708">
        <ele>220.8</ele>
      </trkpt>
      <trkpt lat="46.17171" lon="13.70809">
        <ele>222.3</ele>
      </trkpt>
      <trkpt lat="46.17143" lon="13.70834">
        <ele>224.1</ele>
      </trkpt>
      <trkpt lat="46.17136" lon="13.70838">
        <ele>224.3</ele>
      </trkpt>
      <trkpt lat="46.17061" lon="13.70863">
        <ele>222.9</ele>
      </trkpt>
      <trkpt lat="46.16987" lon="13.70887">
        <ele>221.7</ele>
      </trkpt>
      <trkpt lat="46.16945" lon="13.70906">
        <ele>219.3</ele>
      </trkpt>
      <trkpt lat="46.16896" lon="13.70919">
        <ele>217.2</ele>
      </trkpt>
      <trkpt lat="46.16834" lon="13.70931">
        <ele>214.7</ele>
      </trkpt>
      <trkpt lat="46.16773" lon="13.70943">
        <ele>216.6</ele>
      </trkpt>
      <trkpt lat="46.16722" lon="13.70951">
        <ele>219.4</ele>
      </trkpt>
      <trkpt lat="46.16671" lon="13.70959">
        <ele>222.5</ele>
      </trkpt>
      <trkpt lat="46.16609" lon="13.70959">
        <ele>223.2</ele>
      </trkpt>
      <trkpt lat="46.1656" lon="13.70973">
        <ele>221.3</ele>
      </trkpt>
      <trkpt lat="46.16511" lon="13.70986">
        <ele>220.6</ele>
      </trkpt>
      <trkpt lat="46.16448" lon="13.71013">
        <ele>224.2</ele>
      </trkpt>
      <trkpt lat="46.16433" lon="13.71015">
        <ele>225.4</ele>
      </trkpt>
      <trkpt lat="46.16412" lon="13.71016">
        <ele>227.2</ele>
      </trkpt>
      <trkpt lat="46.16366" lon="13.71001">
        <ele>231.8</ele>
      </trkpt>
      <trkpt lat="46.16335" lon="13.70989">
        <ele>235.5</ele>
      </trkpt>
      <trkpt lat="46.16326" lon="13.70987">
        <ele>236.1</ele>
      </trkpt>
      <trkpt lat="46.16319" lon="13.70989">
        <ele>236.4</ele>
      </trkpt>
      <trkpt lat="46.16311" lon="13.70994">
        <ele>236.5</ele>
      </trkpt>
      <trkpt lat="46.16287" lon="13.71019">
        <ele>235.7</ele>
      </trkpt>
      <trkpt lat="46.16224" lon="13.71063">
        <ele>238.2</ele>
      </trkpt>
      <trkpt lat="46.16217" lon="13.7107">
        <ele>238.5</ele>
      </trkpt>
      <trkpt lat="46.16195" lon="13.7111">
        <ele>239.8</ele>
      </trkpt>
      <trkpt lat="46.16178" lon="13.71138">
        <ele>238.0</ele>
      </trkpt>
      <trkpt lat="46.16132" lon="13.71202">
        <ele>236.2</ele>
      </trkpt>
      <trkpt lat="46.16086" lon="13.71271">
        <ele>227.7</ele>
      </trkpt>
      <trkpt lat="46.16061" lon="13.71304">
        <ele>226.1</ele>
      </trkpt>
      <trkpt lat="46.16033" lon="13.71336">
        <ele>224.0</ele>
      </trkpt>
      <trkpt lat="46.15981" lon="13.71384">
        <ele>220.6</ele>
      </trkpt>
      <trkpt lat="46.15949" lon="13.71403">
        <ele>218.5</ele>
      </trkpt>
      <trkpt lat="46.1592" lon="13.71417">
        <ele>216.8</ele>
      </trkpt>
      <trkpt lat="46.15835" lon="13.71434">
        <ele>214.3</ele>
      </trkpt>
      <trkpt lat="46.1581" lon="13.71446">
        <ele>213.1</ele>
      </trkpt>
      <trkpt lat="46.15788" lon="13.71461">
        <ele>211.5</ele>
      </trkpt>
      <trkpt lat="46.15762" lon="13.71485">
        <ele>208.7</ele>
      </trkpt>
      <trkpt lat="46.15699" lon="13.71563">
        <ele>209.4</ele>
      </trkpt>
      <trkpt lat="46.15636" lon="13.71642">
        <ele>205.4</ele>
      </trkpt>
      <trkpt lat="46.15615" lon="13.71658">
        <ele>204.3</ele>
      </trkpt>
      <trkpt lat="46.15601" lon="13.71666">
        <ele>203.8</ele>
      </trkpt>
      <trkpt lat="46.15582" lon="13.71674">
        <ele>203.2</ele>
      </trkpt>
      <trkpt lat="46.15512" lon="13.71678">
        <ele>200.3</ele>
      </trkpt>
      <trkpt lat="46.15442" lon="13.71683">
        <ele>197.8</ele>
      </trkpt>
      <trkpt lat="46.15393" lon="13.71684">
        <ele>196.6</ele>
      </trkpt>
      <trkpt lat="46.15344" lon="13.71686">
        <ele>196.0</ele>
      </trkpt>
      <trkpt lat="46.15302" lon="13.7168">
        <ele>195.5</ele>
      </trkpt>
      <trkpt lat="46.15275" lon="13.71668">
        <ele>192.5</ele>
      </trkpt>
      <trkpt lat="46.1525" lon="13.71653">
        <ele>191.8</ele>
      </trkpt>
      <trkpt lat="46.15238" lon="13.71643">
        <ele>192.8</ele>
      </trkpt>
      <trkpt lat="46.1522" lon="13.71624">
        <ele>193.1</ele>
      </trkpt>
      <trkpt lat="46.15209" lon="13.71616">
        <ele>192.7</ele>
      </trkpt>
      <trkpt lat="46.15146" lon="13.71576">
        <ele>187.4</ele>
      </trkpt>
      <trkpt lat="46.15123" lon="13.71564">
        <ele>187.9</ele>
      </trkpt>
      <trkpt lat="46.15109" lon="13.71559">
        <ele>188.2</ele>
      </trkpt>
      <trkpt lat="46.15095" lon="13.71556">
        <ele>188.3</ele>
      </trkpt>
      <trkpt lat="46.15066" lon="13.71553">
        <ele>188.7</ele>
      </trkpt>
      <trkpt lat="46.15037" lon="13.71553">
        <ele>189.1</ele>
      </trkpt>
      <trkpt lat="46.15016" lon="13.71554">
        <ele>189.3</ele>
      </trkpt>
      <trkpt lat="46.14948" lon="13.71566">
        <ele>185.8</ele>
      </trkpt>
      <trkpt lat="46.1489" lon="13.71567">
        <ele>183.6</ele>
      </trkpt>
      <trkpt lat="46.14875" lon="13.71571">
        <ele>182.7</ele>
      </trkpt>
      <trkpt lat="46.14862" lon="13.71576">
        <ele>181.7</ele>
      </trkpt>
      <trkpt lat="46.14805" lon="13.71601">
        <ele>179.4</ele>
      </trkpt>
      <trkpt lat="46.14795" lon="13.71602">
        <ele>179.1</ele>
      </trkpt>
      <trkpt lat="46.14777" lon="13.71601">
        <ele>178.6</ele>
      </trkpt>
      <trkpt lat="46.1476" lon="13.71595">
        <ele>178.1</ele>
      </trkpt>
      <trkpt lat="46.14752" lon="13.7159">
        <ele>178.0</ele>
      </trkpt>
      <trkpt lat="46.14702" lon="13.71549">
        <ele>182.2</ele>
      </trkpt>
      <trkpt lat="46.14693" lon="13.71544">
        <ele>183.1</ele>
      </trkpt>
      <trkpt lat="46.14684" lon="13.71542">
        <ele>183.6</ele>
      </trkpt>
      <trkpt lat="46.14676" lon="13.71542">
        <ele>183.8</ele>
      </trkpt>
      <trkpt lat="46.14665" lon="13.71546">
        <ele>183.5</ele>
      </trkpt>
      <trkpt lat="46.14655" lon="13.71552">
        <ele>184.6</ele>
      </trkpt>
      <trkpt lat="46.14622" lon="13.7158">
        <ele>183.9</ele>
      </trkpt>
      <trkpt lat="46.14609" lon="13.71595">
        <ele>183.5</ele>
      </trkpt>
      <trkpt lat="46.14583" lon="13.71631">
        <ele>178.7</ele>
      </trkpt>
      <trkpt lat="46.14576" lon="13.71637">
        <ele>177.6</ele>
      </trkpt>
      <trkpt lat="46.14569" lon="13.71642">
        <ele>176.8</ele>
      </trkpt>
      <trkpt lat="46.14552" lon="13.71642">
        <ele>177.3</ele>
      </trkpt>
      <trkpt lat="46.14478" lon="13.71609">
        <ele>183.2</ele>
      </trkpt>
      <trkpt lat="46.14458" lon="13.71606">
        <ele>181.4</ele>
      </trkpt>
      <trkpt lat="46.14396" lon="13.71606">
        <ele>176.4</ele>
      </trkpt>
      <trkpt lat="46.14371" lon="13.71594">
        <ele>176.8</ele>
      </trkpt>
      <trkpt lat="46.14354" lon="13.71578">
        <ele>177.1</ele>
      </trkpt>
      <trkpt lat="46.1432" lon="13.71525">
        <ele>180.9</ele>
      </trkpt>
      <trkpt lat="46.14307" lon="13.71509">
        <ele>181.3</ele>
      </trkpt>
      <trkpt lat="46.14289" lon="13.71501">
        <ele>180.3</ele>
      </trkpt>
      <trkpt lat="46.14265" lon="13.71498">
        <ele>178.9</ele>
      </trkpt>
      <trkpt lat="46.14218" lon="13.71497">
        <ele>176.4</ele>
      </trkpt>
      <trkpt lat="46.14171" lon="13.71496">
        <ele>174.3</ele>
      </trkpt>
      <trkpt lat="46.14154" lon="13.71488">
        <ele>175.4</ele>
      </trkpt>
      <trkpt lat="46.14119" lon="13.71463">
        <ele>176.8</ele>
      </trkpt>
      <trkpt lat="46.14067" lon="13.71438">
        <ele>173.4</ele>
      </trkpt>
      <trkpt lat="46.14048" lon="13.71433">
        <ele>173.8</ele>
      </trkpt>
      <trkpt lat="46.14039" lon="13.71433">
        <ele>174.0</ele>
      </trkpt>
      <trkpt lat="46.14026" lon="13.71438">
        <ele>173.7</ele>
      </trkpt>
      <trkpt lat="46.13983" lon="13.71486">
        <ele>169.7</ele>
      </trkpt>
      <trkpt lat="46.13966" lon="13.71493">
        <ele>169.0</ele>
      </trkpt>
      <trkpt lat="46.13895" lon="13.71481">
        <ele>177.8</ele>
      </trkpt>
      <trkpt lat="46.13879" lon="13.71483">
        <ele>181.3</ele>
      </trkpt>
      <trkpt lat="46.13869" lon="13.7149">
        <ele>181.5</ele>
      </trkpt>
      <trkpt lat="46.13853" lon="13.71505">
        <ele>181.1</ele>
      </trkpt>
      <trkpt lat="46.13803" lon="13.71602">
        <ele>175.8</ele>
      </trkpt>
      <trkpt lat="46.13761" lon="13.71659">
        <ele>168.0</ele>
      </trkpt>
      <trkpt lat="46.13719" lon="13.71716">
        <ele>174.0</ele>
      </trkpt>
      <trkpt lat="46.13711" lon="13.71748">
        <ele>172.3</ele>
      </trkpt>
      <trkpt lat="46.13708" lon="13.7181">
        <ele>163.4</ele>
      </trkpt>
      <trkpt lat="46.13701" lon="13.71868">
        <ele>157.2</ele>
      </trkpt>
      <trkpt lat="46.13692" lon="13.71906">
        <ele>152.6</ele>
      </trkpt>
      <trkpt lat="46.13685" lon="13.71925">
        <ele>150.3</ele>
      </trkpt>
      <trkpt lat="46.13673" lon="13.71938">
        <ele>147.9</ele>
      </trkpt>
      <trkpt lat="46.13649" lon="13.71958">
        <ele>145.3</ele>
      </trkpt>
      <trkpt lat="46.13616" lon="13.71979">
        <ele>142.4</ele>
      </trkpt>
      <trkpt lat="46.13597" lon="13.71985">
        <ele>141.1</ele>
      </trkpt>
      <trkpt lat="46.13581" lon="13.71984">
        <ele>141.1</ele>
      </trkpt>
      <trkpt lat="46.13567" lon="13.71977">
        <ele>141.8</ele>
      </trkpt>
      <trkpt lat="46.13541" lon="13.71954">
        <ele>143.6</ele>
      </trkpt>
      <trkpt lat="46.13508" lon="13.71935">
        <ele>141.1</ele>
      </trkpt>
      <trkpt lat="46.13469" lon="13.71905">
        <ele>139.5</ele>
      </trkpt>
      <trkpt lat="46.13443" lon="13.71878">
        <ele>141.1</ele>
      </trkpt>
      <trkpt lat="46.13409" lon="13.71821">
        <ele>144.9</ele>
      </trkpt>
      <trkpt lat="46.13386" lon="13.71787">
        <ele>151.5</ele>
      </trkpt>
      <trkpt lat="46.13337" lon="13.71726">
        <ele>152.5</ele>
      </trkpt>
      <trkpt lat="46.13315" lon="13.717">
        <ele>156.9</ele>
      </trkpt>
      <trkpt lat="46.13262" lon="13.71659">
        <ele>152.7</ele>
      </trkpt>
      <trkpt lat="46.13206" lon="13.71621">
        <ele>153.5</ele>
      </trkpt>
      <trkpt lat="46.13185" lon="13.71596">
        <ele>152.3</ele>
      </trkpt>
      <trkpt lat="46.13165" lon="13.71574">
        <ele>150.4</ele>
      </trkpt>
      <trkpt lat="46.13132" lon="13.71548">
        <ele>150.9</ele>
      </trkpt>
      <trkpt lat="46.13097" lon="13.71523">
        <ele>148.3</ele>
      </trkpt>
      <trkpt lat="46.13063" lon="13.71503">
        <ele>143.8</ele>
      </trkpt>
      <trkpt lat="46.13032" lon="13.71474">
        <ele>146.2</ele>
      </trkpt>
      <trkpt lat="46.13015" lon="13.71449">
        <ele>149.5</ele>
      </trkpt>
      <trkpt lat="46.12994" lon="13.71426">
        <ele>149.0</ele>
      </trkpt>
      <trkpt lat="46.12969" lon="13.71402">
        <ele>151.4</ele>
      </trkpt>
      <trkpt lat="46.12916" lon="13.71355">
        <ele>153.1</ele>
      </trkpt>
      <trkpt lat="46.12862" lon="13.71308">
        <ele>164.6</ele>
      </trkpt>
      <trkpt lat="46.12835" lon="13.71287">
        <ele>169.1</ele>
      </trkpt>
      <trkpt lat="46.12777" lon="13.71259">
        <ele>162.8</ele>
      </trkpt>
      <trkpt lat="46.1272" lon="13.71239">
        <ele>144.0</ele>
      </trkpt>
      <trkpt lat="46.12704" lon="13.71228">
        <ele>141.5</ele>
      </trkpt>
      <trkpt lat="46.12693" lon="13.71215">
        <ele>140.1</ele>
      </trkpt>
      <trkpt lat="46.12686" lon="13.71201">
        <ele>139.6</ele>
      </trkpt>
      <trkpt lat="46.12682" lon="13.71178">
        <ele>140.9</ele>
      </trkpt>
      <trkpt lat="46.12688" lon="13.71147">
        <ele>145.7</ele>
      </trkpt>
      <trkpt lat="46.12709" lon="13.71072">
        <ele>156.8</ele>
      </trkpt>
      <trkpt lat="46.12722" lon="13.71013">
        <ele>159.9</ele>
      </trkpt>
      <trkpt lat="46.1273" lon="13.70973">
        <ele>163.9</ele>
      </trkpt>
      <trkpt lat="46.12735" lon="13.70948">
        <ele>167.4</ele>
      </trkpt>
      <trkpt lat="46.12736" lon="13.70935">
        <ele>168.5</ele>
      </trkpt>
      <trkpt lat="46.12733" lon="13.70863">
        <ele>157.2</ele>
      </trkpt>
      <trkpt lat="46.12729" lon="13.7079">
        <ele>160.6</ele>
      </trkpt>
      <trkpt lat="46.12722" lon="13.70728">
        <ele>168.5</ele>
      </trkpt>
      <trkpt lat="46.12707" lon="13.70649">
        <ele>169.2</ele>
      </trkpt>
      <trkpt lat="46.1268" lon="13.70546">
        <ele>161.9</ele>
      </trkpt>
      <trkpt lat="46.12659" lon="13.7047">
        <ele>163.7</ele>
      </trkpt>
      <trkpt lat="46.12614" lon="13.70371">
        <ele>168.4</ele>
      </trkpt>
      <trkpt lat="46.126" lon="13.70327">
        <ele>166.4</ele>
      </trkpt>
      <trkpt lat="46.12592" lon="13.70293">
        <ele>153.1</ele>
      </trkpt>
      <trkpt lat="46.12582" lon="13.70263">
        <ele>137.1</ele>
      </trkpt>
      <trkpt lat="46.12542" lon="13.70197">
        <ele>144.7</ele>
      </trkpt>
      <trkpt lat="46.12502" lon="13.70131">
        <ele>142.8</ele>
      </trkpt>
      <trkpt lat="46.12468" lon="13.70068">
        <ele>150.2</ele>
      </trkpt>
      <trkpt lat="46.12448" lon="13.70033">
        <ele>152.6</ele>
      </trkpt>
      <trkpt lat="46.12398" lon="13.69959">
        <ele>153.9</ele>
      </trkpt>
      <trkpt lat="46.12333" lon="13.69887">
        <ele>150.7</ele>
      </trkpt>
      <trkpt lat="46.12326" lon="13.69883">
        <ele>151.5</ele>
      </trkpt>
      <trkpt lat="46.12254" lon="13.69872">
        <ele>138.5</ele>
      </trkpt>
      <trkpt lat="46.12174" lon="13.69858">
        <ele>152.3</ele>
      </trkpt>
      <trkpt lat="46.12094" lon="13.69844">
        <ele>140.7</ele>
      </trkpt>
      <trkpt lat="46.12047" lon="13.69837">
        <ele>136.2</ele>
      </trkpt>
      <trkpt lat="46.12001" lon="13.69831">
        <ele>134.4</ele>
      </trkpt>
      <trkpt lat="46.11927" lon="13.69817">
        <ele>141.3</ele>
      </trkpt>
      <trkpt lat="46.11857" lon="13.69791">
        <ele>149.6</ele>
      </trkpt>
      <trkpt lat="46.11786" lon="13.69766">
        <ele>149.3</ele>
      </trkpt>
      <trkpt lat="46.11739" lon="13.69737">
        <ele>148.4</ele>
      </trkpt>
      <trkpt lat="46.11698" lon="13.69725">
        <ele>146.1</ele>
      </trkpt>
      <trkpt lat="46.11669" lon="13.6971">
        <ele>145.0</ele>
      </trkpt>
      <trkpt lat="46.1162" lon="13.69665">
        <ele>139.8</ele>
      </trkpt>
      <trkpt lat="46.11582" lon="13.69628">
        <ele>136.6</ele>
      </trkpt>
      <trkpt lat="46.11552" lon="13.69591">
        <ele>136.4</ele>
      </trkpt>
      <trkpt lat="46.11507" lon="13.6951">
        <ele>124.9</ele>
      </trkpt>
      <trkpt lat="46.11491" lon="13.69472">
        <ele>133.2</ele>
      </trkpt>
      <trkpt lat="46.11478" lon="13.69434">
        <ele>144.8</ele>
      </trkpt>
      <trkpt lat="46.11467" lon="13.69405">
        <ele>146.0</ele>
      </trkpt>
      <trkpt lat="46.11452" lon="13.69379">
        <ele>140.6</ele>
      </trkpt>
      <trkpt lat="46.11431" lon="13.69352">
        <ele>132.0</ele>
      </trkpt>
      <trkpt lat="46.11421" lon="13.69337">
        <ele>128.0</ele>
      </trkpt>
      <trkpt lat="46.11414" lon="13.69323">
        <ele>127.8</ele>
      </trkpt>
      <trkpt lat="46.11409" lon="13.69304">
        <ele>130.7</ele>
      </trkpt>
      <trkpt lat="46.11401" lon="13.69255">
        <ele>136.1</ele>
      </trkpt>
      <trkpt lat="46.114" lon="13.69232">
        <ele>137.1</ele>
      </trkpt>
      <trkpt lat="46.11401" lon="13.69204">
        <ele>137.9</ele>
      </trkpt>
      <trkpt lat="46.11423" lon="13.691">
        <ele>136.2</ele>
      </trkpt>
      <trkpt lat="46.11426" lon="13.69082">
        <ele>136.8</ele>
      </trkpt>
      <trkpt lat="46.11426" lon="13.69049">
        <ele>137.4</ele>
      </trkpt>
      <trkpt lat="46.1143" lon="13.69021">
        <ele>140.2</ele>
      </trkpt>
      <trkpt lat="46.11437" lon="13.68976">
        <ele>142.8</ele>
      </trkpt>
      <trkpt lat="46.11436" lon="13.68952">
        <ele>141.5</ele>
      </trkpt>
      <trkpt lat="46.11432" lon="13.68934">
        <ele>139.0</ele>
      </trkpt>
      <trkpt lat="46.11427" lon="13.68918">
        <ele>136.4</ele>
      </trkpt>
      <trkpt lat="46.11385" lon="13.68841">
        <ele>128.0</ele>
      </trkpt>
      <trkpt lat="46.11379" lon="13.68828">
        <ele>126.4</ele>
      </trkpt>
      <trkpt lat="46.11375" lon="13.68814">
        <ele>126.5</ele>
      </trkpt>
      <trkpt lat="46.11372" lon="13.68801">
        <ele>126.8</ele>
      </trkpt>
      <trkpt lat="46.11371" lon="13.68785">
        <ele>127.9</ele>
      </trkpt>
      <trkpt lat="46.11372" lon="13.68768">
        <ele>129.5</ele>
      </trkpt>
      <trkpt lat="46.11374" lon="13.68753">
        <ele>131.1</ele>
      </trkpt>
      <trkpt lat="46.11381" lon="13.68731">
        <ele>134.6</ele>
      </trkpt>
      <trkpt lat="46.11397" lon="13.68697">
        <ele>138.8</ele>
      </trkpt>
      <trkpt lat="46.11407" lon="13.68682">
        <ele>139.8</ele>
      </trkpt>
      <trkpt lat="46.11419" lon="13.68669">
        <ele>140.7</ele>
      </trkpt>
      <trkpt lat="46.11432" lon="13.68657">
        <ele>146.3</ele>
      </trkpt>
      <trkpt lat="46.11453" lon="13.68646">
        <ele>152.6</ele>
      </trkpt>
      <trkpt lat="46.11485" lon="13.68636">
        <ele>158.4</ele>
      </trkpt>
      <trkpt lat="46.11498" lon="13.68629">
        <ele>158.6</ele>
      </trkpt>
      <trkpt lat="46.11503" lon="13.68619">
        <ele>158.8</ele>
      </trkpt>
      <trkpt lat="46.11505" lon="13.6861">
        <ele>159.0</ele>
      </trkpt>
      <trkpt lat="46.11505" lon="13.68599">
        <ele>159.1</ele>
      </trkpt>
      <trkpt lat="46.11503" lon="13.6859">
        <ele>159.3</ele>
      </trkpt>
      <trkpt lat="46.11494" lon="13.68579">
        <ele>159.5</ele>
      </trkpt>
      <trkpt lat="46.11488" lon="13.68575">
        <ele>159.7</ele>
      </trkpt>
      <trkpt lat="46.11481" lon="13.68575">
        <ele>160.3</ele>
      </trkpt>
      <trkpt lat="46.11467" lon="13.68577">
        <ele>160.6</ele>
      </trkpt>
      <trkpt lat="46.11445" lon="13.68583">
        <ele>159.8</ele>
      </trkpt>
      <trkpt lat="46.114" lon="13.68607">
        <ele>158.7</ele>
      </trkpt>
      <trkpt lat="46.11355" lon="13.68631">
        <ele>156.6</ele>
      </trkpt>
      <trkpt lat="46.11314" lon="13.68634">
        <ele>156.9</ele>
      </trkpt>
      <trkpt lat="46.11283" lon="13.68626">
        <ele>159.7</ele>
      </trkpt>
      <trkpt lat="46.11222" lon="13.68605">
        <ele>163.5</ele>
      </trkpt>
      <trkpt lat="46.11138" lon="13.6857">
        <ele>154.2</ele>
      </trkpt>
      <trkpt lat="46.1111" lon="13.68541">
        <ele>153.7</ele>
      </trkpt>
      <trkpt lat="46.11073" lon="13.68484">
        <ele>157.1</ele>
      </trkpt>
      <trkpt lat="46.11036" lon="13.68427">
        <ele>163.8</ele>
      </trkpt>
      <trkpt lat="46.10982" lon="13.68336">
        <ele>171.5</ele>
      </trkpt>
      <trkpt lat="46.10928" lon="13.68246">
        <ele>178.2</ele>
      </trkpt>
      <trkpt lat="46.10897" lon="13.6818">
        <ele>178.8</ele>
      </trkpt>
      <trkpt lat="46.10872" lon="13.6812">
        <ele>182.7</ele>
      </trkpt>
      <trkpt lat="46.10847" lon="13.6806">
        <ele>186.9</ele>
      </trkpt>
      <trkpt lat="46.10819" lon="13.67988">
        <ele>187.8</ele>
      </trkpt>
      <trkpt lat="46.10791" lon="13.67916">
        <ele>192.4</ele>
      </trkpt>
      <trkpt lat="46.10785" lon="13.67893">
        <ele>192.2</ele>
      </trkpt>
      <trkpt lat="46.10782" lon="13.67869">
        <ele>192.6</ele>
      </trkpt>
      <trkpt lat="46.10782" lon="13.67838">
        <ele>193.9</ele>
      </trkpt>
      <trkpt lat="46.10796" lon="13.67762">
        <ele>196.5</ele>
      </trkpt>
      <trkpt lat="46.10807" lon="13.67711">
        <ele>194.0</ele>
      </trkpt>
      <trkpt lat="46.10816" lon="13.67629">
        <ele>188.9</ele>
      </trkpt>
      <trkpt lat="46.10826" lon="13.67547">
        <ele>187.6</ele>
      </trkpt>
      <trkpt lat="46.10832" lon="13.67489">
        <ele>186.6</ele>
      </trkpt>
      <trkpt lat="46.10839" lon="13.67422">
        <ele>186.3</ele>
      </trkpt>
      <trkpt lat="46.10847" lon="13.67354">
        <ele>185.5</ele>
      </trkpt>
      <trkpt lat="46.10849" lon="13.67287">
        <ele>186.9</ele>
      </trkpt>
      <trkpt lat="46.10843" lon="13.67212">
        <ele>189.3</ele>
      </trkpt>
      <trkpt lat="46.10834" lon="13.67167">
        <ele>190.1</ele>
      </trkpt>
      <trkpt lat="46.10825" lon="13.67134">
        <ele>189.8</ele>
      </trkpt>
      <trkpt lat="46.10802" lon="13.6706">
        <ele>188.4</ele>
      </trkpt>
      <trkpt lat="46.10797" lon="13.67029">
        <ele>187.4</ele>
      </trkpt>
      <trkpt lat="46.10794" lon="13.67008">
        <ele>186.8</ele>
      </trkpt>
      <trkpt lat="46.10791" lon="13.66965">
        <ele>185.4</ele>
      </trkpt>
      <trkpt lat="46.10787" lon="13.66862">
        <ele>181.5</ele>
      </trkpt>
      <trkpt lat="46.10782" lon="13.66759">
        <ele>176.5</ele>
      </trkpt>
      <trkpt lat="46.10782" lon="13.66738">
        <ele>175.9</ele>
      </trkpt>
      <trkpt lat="46.10788" lon="13.66709">
        <ele>175.8</ele>
      </trkpt>
      <trkpt lat="46.10805" lon="13.66674">
        <ele>175.9</ele>
      </trkpt>
      <trkpt lat="46.10853" lon="13.66604">
        <ele>176.4</ele>
      </trkpt>
      <trkpt lat="46.1087" lon="13.66576">
        <ele>178.4</ele>
      </trkpt>
      <trkpt lat="46.10885" lon="13.66547">
        <ele>181.0</ele>
      </trkpt>
      <trkpt lat="46.10892" lon="13.6651">
        <ele>182.7</ele>
      </trkpt>
      <trkpt lat="46.10892" lon="13.6647">
        <ele>182.3</ele>
      </trkpt>
      <trkpt lat="46.10881" lon="13.66384">
        <ele>178.7</ele>
      </trkpt>
      <trkpt lat="46.1087" lon="13.66298">
        <ele>175.6</ele>
      </trkpt>
      <trkpt lat="46.10859" lon="13.66212">
        <ele>175.5</ele>
      </trkpt>
      <trkpt lat="46.10858" lon="13.66091">
        <ele>180.7</ele>
      </trkpt>
      <trkpt lat="46.10855" lon="13.66064">
        <ele>179.3</ele>
      </trkpt>
      <trkpt lat="46.10845" lon="13.66015">
        <ele>174.0</ele>
      </trkpt>
      <trkpt lat="46.10826" lon="13.6594">
        <ele>168.8</ele>
      </trkpt>
      <trkpt lat="46.10816" lon="13.65916">
        <ele>167.8</ele>
      </trkpt>
      <trkpt lat="46.10805" lon="13.65898">
        <ele>168.0</ele>
      </trkpt>
      <trkpt lat="46.10754" lon="13.65823">
        <ele>158.6</ele>
      </trkpt>
      <trkpt lat="46.10703" lon="13.65748">
        <ele>144.7</ele>
      </trkpt>
      <trkpt lat="46.10662" lon="13.65685">
        <ele>137.9</ele>
      </trkpt>
      <trkpt lat="46.10621" lon="13.65622">
        <ele>132.4</ele>
      </trkpt>
      <trkpt lat="46.1057" lon="13.65528">
        <ele>133.4</ele>
      </trkpt>
      <trkpt lat="46.10546" lon="13.65496">
        <ele>132.5</ele>
      </trkpt>
      <trkpt lat="46.10531" lon="13.65478">
        <ele>132.5</ele>
      </trkpt>
      <trkpt lat="46.10485" lon="13.65438">
        <ele>129.3</ele>
      </trkpt>
      <trkpt lat="46.10438" lon="13.65397">
        <ele>131.7</ele>
      </trkpt>
      <trkpt lat="46.10382" lon="13.65342">
        <ele>132.8</ele>
      </trkpt>
      <trkpt lat="46.10325" lon="13.65287">
        <ele>125.7</ele>
      </trkpt>
      <trkpt lat="46.10285" lon="13.65244">
        <ele>124.2</ele>
      </trkpt>
      <trkpt lat="46.10234" lon="13.65178">
        <ele>120.5</ele>
      </trkpt>
      <trkpt lat="46.10193" lon="13.65121">
        <ele>119.2</ele>
      </trkpt>
      <trkpt lat="46.10151" lon="13.65065">
        <ele>116.8</ele>
      </trkpt>
      <trkpt lat="46.10098" lon="13.64983">
        <ele>114.2</ele>
      </trkpt>
      <trkpt lat="46.10084" lon="13.64958">
        <ele>113.5</ele>
      </trkpt>
      <trkpt lat="46.10079" lon="13.6495">
        <ele>113.3</ele>
      </trkpt>
      <trkpt lat="46.10073" lon="13.64933">
        <ele>112.9</ele>
      </trkpt>
      <trkpt lat="46.10064" lon="13.64895">
        <ele>114.6</ele>
      </trkpt>
      <trkpt lat="46.10057" lon="13.64853">
        <ele>117.0</ele>
      </trkpt>
      <trkpt lat="46.10055" lon="13.64817">
        <ele>119.1</ele>
      </trkpt>
      <trkpt lat="46.1006" lon="13.64708">
        <ele>124.6</ele>
      </trkpt>
      <trkpt lat="46.10061" lon="13.6464">
        <ele>127.2</ele>
      </trkpt>
      <trkpt lat="46.10056" lon="13.64578">
        <ele>130.6</ele>
      </trkpt>
      <trkpt lat="46.10044" lon="13.64506">
        <ele>125.2</ele>
      </trkpt>
      <trkpt lat="46.10029" lon="13.64427">
        <ele>124.9</ele>
      </trkpt>
      <trkpt lat="46.10014" lon="13.64348">
        <ele>120.2</ele>
      </trkpt>
      <trkpt lat="46.10001" lon="13.64285">
        <ele>116.3</ele>
      </trkpt>
      <trkpt lat="46.09988" lon="13.64223">
        <ele>118.8</ele>
      </trkpt>
      <trkpt lat="46.09967" lon="13.6416">
        <ele>121.7</ele>
      </trkpt>
      <trkpt lat="46.09945" lon="13.64115">
        <ele>122.8</ele>
      </trkpt>
      <trkpt lat="46.09885" lon="13.64042">
        <ele>119.9</ele>
      </trkpt>
      <trkpt lat="46.09826" lon="13.63969">
        <ele>117.7</ele>
      </trkpt>
      <trkpt lat="46.09812" lon="13.63958">
        <ele>119.4</ele>
      </trkpt>
      <trkpt lat="46.09758" lon="13.63931">
        <ele>115.5</ele>
      </trkpt>
      <trkpt lat="46.09705" lon="13.63905">
        <ele>112.2</ele>
      </trkpt>
      <trkpt lat="46.09678" lon="13.63898">
        <ele>109.8</ele>
      </trkpt>
      <trkpt lat="46.09616" lon="13.63899">
        <ele>108.0</ele>
      </trkpt>
      <trkpt lat="46.09544" lon="13.63909">
        <ele>106.4</ele>
      </trkpt>
      <trkpt lat="46.09516" lon="13.63909">
        <ele>106.0</ele>
      </trkpt>
      <trkpt lat="46.09484" lon="13.63904">
        <ele>105.9</ele>
      </trkpt>
      <trkpt lat="46.09444" lon="13.63892">
        <ele>105.7</ele>
      </trkpt>
      <trkpt lat="46.09423" lon="13.63881">
        <ele>105.5</ele>
      </trkpt>
      <trkpt lat="46.09402" lon="13.63861">
        <ele>105.1</ele>
      </trkpt>
      <trkpt lat="46.09349" lon="13.63781">
        <ele>107.6</ele>
      </trkpt>
      <trkpt lat="46.09304" lon="13.63724">
        <ele>111.3</ele>
      </trkpt>
      <trkpt lat="46.09259" lon="13.63668">
        <ele>110.4</ele>
      </trkpt>
      <trkpt lat="46.09206" lon="13.63589">
        <ele>116.3</ele>
      </trkpt>
      <trkpt lat="46.09145" lon="13.63507">
        <ele>114.4</ele>
      </trkpt>
      <trkpt lat="46.091" lon="13.63451">
        <ele>116.9</ele>
      </trkpt>
      <trkpt lat="46.09083" lon="13.63433">
        <ele>116.0</ele>
      </trkpt>
      <trkpt lat="46.09056" lon="13.6341">
        <ele>116.9</ele>
      </trkpt>
      <trkpt lat="46.08998" lon="13.63371">
        <ele>116.0</ele>
      </trkpt>
      <trkpt lat="46.0894" lon="13.63333">
        <ele>113.7</ele>
      </trkpt>
      <trkpt lat="46.08914" lon="13.63317">
        <ele>113.0</ele>
      </trkpt>
      <trkpt lat="46.08893" lon="13.63306">
        <ele>112.4</ele>
      </trkpt>
      <trkpt lat="46.08818" lon="13.63273">
        <ele>109.7</ele>
      </trkpt>
      <trkpt lat="46.08744" lon="13.63239">
        <ele>110.1</ele>
      </trkpt>
      <trkpt lat="46.08669" lon="13.63206">
        <ele>110.7</ele>
      </trkpt>
      <trkpt lat="46.08639" lon="13.63201">
        <ele>111.1</ele>
      </trkpt>
      <trkpt lat="46.08606" lon="13.63207">
        <ele>109.5</ele>
      </trkpt>
      <trkpt lat="46.08559" lon="13.63209">
        <ele>108.2</ele>
      </trkpt>
      <trkpt lat="46.08553" lon="13.63213">
        <ele>107.4</ele>
      </trkpt>
      <trkpt lat="46.0855" lon="13.63208">
        <ele>108.0</ele>
      </trkpt>
      <trkpt lat="46.0855" lon="13.63198">
        <ele>108.8</ele>
      </trkpt>
      <trkpt lat="46.0855" lon="13.63177">
        <ele>110.7</ele>
      </trkpt>
      <trkpt lat="46.08549" lon="13.63155">
        <ele>112.6</ele>
      </trkpt>
      <trkpt lat="46.08549" lon="13.63148">
        <ele>113.2</ele>
      </trkpt>
      <trkpt lat="46.0854" lon="13.63141">
        <ele>114.5</ele>
      </trkpt>
      <trkpt lat="46.08503" lon="13.63146">
        <ele>119.3</ele>
      </trkpt>
      <trkpt lat="46.08493" lon="13.63145">
        <ele>119.4</ele>
      </trkpt>
      <trkpt lat="46.08435" lon="13.6313">
        <ele>121.7</ele>
      </trkpt>
      <trkpt lat="46.08417" lon="13.63124">
        <ele>122.2</ele>
      </trkpt>
      <trkpt lat="46.08398" lon="13.63116">
        <ele>123.1</ele>
      </trkpt>
      <trkpt lat="46.08389" lon="13.63109">
        <ele>124.0</ele>
      </trkpt>
      <trkpt lat="46.08379" lon="13.63097">
        <ele>125.6</ele>
      </trkpt>
      <trkpt lat="46.08372" lon="13.63091">
        <ele>126.1</ele>
      </trkpt>
      <trkpt lat="46.08362" lon="13.63084">
        <ele>126.6</ele>
      </trkpt>
      <trkpt lat="46.08358" lon="13.63083">
        <ele>126.5</ele>
      </trkpt>
      <trkpt lat="46.08333" lon="13.63065">
        <ele>126.3</ele>
      </trkpt>
      <trkpt lat="46.08324" lon="13.63063">
        <ele>127.0</ele>
      </trkpt>
      <trkpt lat="46.083" lon="13.63082">
        <ele>126.3</ele>
      </trkpt>
      <trkpt lat="46.08292" lon="13.63082">
        <ele>126.6</ele>
      </trkpt>
      <trkpt lat="46.08275" lon="13.63088">
        <ele>126.5</ele>
      </trkpt>
      <trkpt lat="46.08265" lon="13.63084">
        <ele>127.4</ele>
      </trkpt>
      <trkpt lat="46.08258" lon="13.63076">
        <ele>128.7</ele>
      </trkpt>
      <trkpt lat="46.08248" lon="13.63057">
        <ele>131.7</ele>
      </trkpt>
      <trkpt lat="46.08211" lon="13.63023">
        <ele>135.1</ele>
      </trkpt>
      <trkpt lat="46.08167" lon="13.62973">
        <ele>139.3</ele>
      </trkpt>
      <trkpt lat="46.08142" lon="13.62938">
        <ele>140.5</ele>
      </trkpt>
      <trkpt lat="46.0812" lon="13.62911">
        <ele>141.1</ele>
      </trkpt>
      <trkpt lat="46.08108" lon="13.62902">
        <ele>141.2</ele>
      </trkpt>
      <trkpt lat="46.08061" lon="13.62872">
        <ele>141.3</ele>
      </trkpt>
      <trkpt lat="46.08054" lon="13.62871">
        <ele>141.3</ele>
      </trkpt>
      <trkpt lat="46.08019" lon="13.62872">
        <ele>140.0</ele>
      </trkpt>
      <trkpt lat="46.07977" lon="13.62868">
        <ele>137.0</ele>
      </trkpt>
      <trkpt lat="46.07948" lon="13.62859">
        <ele>135.4</ele>
      </trkpt>
      <trkpt lat="46.07921" lon="13.62849">
        <ele>134.8</ele>
      </trkpt>
      <trkpt lat="46.07852" lon="13.62816">
        <ele>138.0</ele>
      </trkpt>
      <trkpt lat="46.07828" lon="13.62806">
        <ele>139.0</ele>
      </trkpt>
      <trkpt lat="46.07776" lon="13.62805">
        <ele>134.4</ele>
      </trkpt>
      <trkpt lat="46.07708" lon="13.62807">
        <ele>128.7</ele>
      </trkpt>
      <trkpt lat="46.07661" lon="13.62807">
        <ele>125.9</ele>
      </trkpt>
      <trkpt lat="46.07611" lon="13.62806">
        <ele>122.4</ele>
      </trkpt>
      <trkpt lat="46.0759" lon="13.62808">
        <ele>120.0</ele>
      </trkpt>
      <trkpt lat="46.07544" lon="13.62809">
        <ele>118.1</ele>
      </trkpt>
      <trkpt lat="46.07499" lon="13.62811">
        <ele>116.3</ele>
      </trkpt>
      <trkpt lat="46.0745" lon="13.62808">
        <ele>115.4</ele>
      </trkpt>
      <trkpt lat="46.07404" lon="13.62802">
        <ele>113.8</ele>
      </trkpt>
      <trkpt lat="46.07374" lon="13.6279">
        <ele>112.1</ele>
      </trkpt>
      <trkpt lat="46.07349" lon="13.62777">
        <ele>110.8</ele>
      </trkpt>
      <trkpt lat="46.07324" lon="13.6276">
        <ele>110.2</ele>
      </trkpt>
      <trkpt lat="46.07286" lon="13.62733">
        <ele>111.2</ele>
      </trkpt>
      <trkpt lat="46.07276" lon="13.62724">
        <ele>111.6</ele>
      </trkpt>
      <trkpt lat="46.07258" lon="13.62693">
        <ele>113.3</ele>
      </trkpt>
      <trkpt lat="46.07243" lon="13.6267">
        <ele>114.4</ele>
      </trkpt>
      <trkpt lat="46.07236" lon="13.62661">
        <ele>115.6</ele>
      </trkpt>
      <trkpt lat="46.072" lon="13.62645">
        <ele>116.8</ele>
      </trkpt>
      <trkpt lat="46.07195" lon="13.62647">
        <ele>116.3</ele>
      </trkpt>
      <trkpt lat="46.07162" lon="13.62649">
        <ele>114.4</ele>
      </trkpt>
      <trkpt lat="46.07118" lon="13.62663">
        <ele>110.8</ele>
      </trkpt>
      <trkpt lat="46.07092" lon="13.62669">
        <ele>109.1</ele>
      </trkpt>
      <trkpt lat="46.07073" lon="13.62671">
        <ele>108.5</ele>
      </trkpt>
      <trkpt lat="46.07028" lon="13.62671">
        <ele>108.0</ele>
      </trkpt>
      <trkpt lat="46.06983" lon="13.62672">
        <ele>106.8</ele>
      </trkpt>
      <trkpt lat="46.06975" lon="13.62671">
        <ele>106.5</ele>
      </trkpt>
      <trkpt lat="46.0697" lon="13.62665">
        <ele>106.8</ele>
      </trkpt>
      <trkpt lat="46.06968" lon="13.62658">
        <ele>107.6</ele>
      </trkpt>
      <trkpt lat="46.06965" lon="13.62612">
        <ele>113.5</ele>
      </trkpt>
      <trkpt lat="46.0696" lon="13.62573">
        <ele>118.3</ele>
      </trkpt>
      <trkpt lat="46.06955" lon="13.62553">
        <ele>120.6</ele>
      </trkpt>
      <trkpt lat="46.06951" lon="13.62549">
        <ele>121.1</ele>
      </trkpt>
      <trkpt lat="46.06946" lon="13.62548">
        <ele>121.1</ele>
      </trkpt>
      <trkpt lat="46.0694" lon="13.62551">
        <ele>120.7</ele>
      </trkpt>
      <trkpt lat="46.06937" lon="13.62555">
        <ele>120.1</ele>
      </trkpt>
      <trkpt lat="46.06933" lon="13.62563">
        <ele>118.8</ele>
      </trkpt>
      <trkpt lat="46.06928" lon="13.62589">
        <ele>114.8</ele>
      </trkpt>
      <trkpt lat="46.06923" lon="13.62599">
        <ele>113.2</ele>
      </trkpt>
      <trkpt lat="46.06912" lon="13.62611">
        <ele>111.3</ele>
      </trkpt>
      <trkpt lat="46.06901" lon="13.6263">
        <ele>108.3</ele>
      </trkpt>
      <trkpt lat="46.06884" lon="13.6264">
        <ele>105.9</ele>
      </trkpt>
      <trkpt lat="46.06871" lon="13.62639">
        <ele>105.5</ele>
      </trkpt>
      <trkpt lat="46.06863" lon="13.62635">
        <ele>105.9</ele>
      </trkpt>
      <trkpt lat="46.06793" lon="13.62595">
        <ele>119.2</ele>
      </trkpt>
      <trkpt lat="46.0678" lon="13.62592">
        <ele>121.4</ele>
      </trkpt>
      <trkpt lat="46.06771" lon="13.62591">
        <ele>122.8</ele>
      </trkpt>
      <trkpt lat="46.06754" lon="13.62594">
        <ele>124.2</ele>
      </trkpt>
      <trkpt lat="46.06743" lon="13.62599">
        <ele>124.0</ele>
      </trkpt>
      <trkpt lat="46.06705" lon="13.62622">
        <ele>119.4</ele>
      </trkpt>
      <trkpt lat="46.06697" lon="13.62625">
        <ele>118.6</ele>
      </trkpt>
      <trkpt lat="46.0661" lon="13.62639">
        <ele>116.3</ele>
      </trkpt>
      <trkpt lat="46.06535" lon="13.62655">
        <ele>112.2</ele>
      </trkpt>
      <trkpt lat="46.06494" lon="13.62657">
        <ele>111.5</ele>
      </trkpt>
      <trkpt lat="46.06461" lon="13.62652">
        <ele>110.9</ele>
      </trkpt>
      <trkpt lat="46.06428" lon="13.6264">
        <ele>111.0</ele>
      </trkpt>
      <trkpt lat="46.06396" lon="13.62621">
        <ele>110.2</ele>
      </trkpt>
      <trkpt lat="46.06361" lon="13.62592">
        <ele>108.1</ele>
      </trkpt>
      <trkpt lat="46.06347" lon="13.62578">
        <ele>107.0</ele>
      </trkpt>
      <trkpt lat="46.06333" lon="13.62559">
        <ele>106.3</ele>
      </trkpt>
      <trkpt lat="46.06324" lon="13.6254">
        <ele>107.8</ele>
      </trkpt>
      <trkpt lat="46.06315" lon="13.62528">
        <ele>108.4</ele>
      </trkpt>
      <trkpt lat="46.06294" lon="13.62508">
        <ele>108.7</ele>
      </trkpt>
      <trkpt lat="46.06234" lon="13.62433">
        <ele>108.4</ele>
      </trkpt>
      <trkpt lat="46.06175" lon="13.62358">
        <ele>113.4</ele>
      </trkpt>
      <trkpt lat="46.06115" lon="13.62291">
        <ele>111.2</ele>
      </trkpt>
      <trkpt lat="46.06084" lon="13.62254">
        <ele>108.9</ele>
      </trkpt>
      <trkpt lat="46.06034" lon="13.62185">
        <ele>112.1</ele>
      </trkpt>
      <trkpt lat="46.06004" lon="13.62133">
        <ele>110.9</ele>
      </trkpt>
      <trkpt lat="46.05974" lon="13.62081">
        <ele>109.8</ele>
      </trkpt>
      <trkpt lat="46.0594" lon="13.62006">
        <ele>106.6</ele>
      </trkpt>
      <trkpt lat="46.05911" lon="13.61924">
        <ele>105.5</ele>
      </trkpt>
      <trkpt lat="46.05887" lon="13.61856">
        <ele>106.5</ele>
      </trkpt>
      <trkpt lat="46.05863" lon="13.61788">
        <ele>105.8</ele>
      </trkpt>
      <trkpt lat="46.05844" lon="13.61719">
        <ele>104.0</ele>
      </trkpt>
      <trkpt lat="46.05838" lon="13.61702">
        <ele>103.3</ele>
      </trkpt>
      <trkpt lat="46.05824" lon="13.6168">
        <ele>102.6</ele>
      </trkpt>
      <trkpt lat="46.05776" lon="13.61624">
        <ele>101.1</ele>
      </trkpt>
      <trkpt lat="46.05768" lon="13.61623">
        <ele>100.9</ele>
      </trkpt>
      <trkpt lat="46.05764" lon="13.61627">
        <ele>100.8</ele>
      </trkpt>
      <trkpt lat="46.0575" lon="13.61651">
        <ele>100.3</ele>
      </trkpt>
      <trkpt lat="46.05734" lon="13.61673">
        <ele>99.8</ele>
      </trkpt>
      <trkpt lat="46.05689" lon="13.61716">
        <ele>95.6</ele>
      </trkpt>
      <trkpt lat="46.05643" lon="13.6176">
        <ele>92.5</ele>
      </trkpt>
      <trkpt lat="46.05621" lon="13.61701">
        <ele>93.6</ele>
      </trkpt>
      <trkpt lat="46.05589" lon="13.6162">
        <ele>94.9</ele>
      </trkpt>
      <trkpt lat="46.05556" lon="13.61539">
        <ele>94.3</ele>
      </trkpt>
      <trkpt lat="46.0555" lon="13.61513">
        <ele>94.7</ele>
      </trkpt>
      <trkpt lat="46.05542" lon="13.61456">
        <ele>96.8</ele>
      </trkpt>
      <trkpt lat="46.05519" lon="13.61382">
        <ele>96.7</ele>
      </trkpt>
      <trkpt lat="46.05513" lon="13.61371">
        <ele>95.7</ele>
      </trkpt>
      <trkpt lat="46.05503" lon="13.61357">
        <ele>93.4</ele>
      </trkpt>
      <trkpt lat="46.05494" lon="13.61338">
        <ele>93.3</ele>
      </trkpt>
      <trkpt lat="46.05484" lon="13.61304">
        <ele>96.0</ele>
      </trkpt>
      <trkpt lat="46.05477" lon="13.61246">
        <ele>100.1</ele>
      </trkpt>
      <trkpt lat="46.05473" lon="13.61203">
        <ele>99.6</ele>
      </trkpt>
      <trkpt lat="46.05469" lon="13.61175">
        <ele>98.9</ele>
      </trkpt>
      <trkpt lat="46.05459" lon="13.61124">
        <ele>98.2</ele>
      </trkpt>
      <trkpt lat="46.05458" lon="13.61105">
        <ele>98.6</ele>
      </trkpt>
      <trkpt lat="46.05459" lon="13.61069">
        <ele>101.1</ele>
      </trkpt>
      <trkpt lat="46.05458" lon="13.61048">
        <ele>102.8</ele>
      </trkpt>
      <trkpt lat="46.05454" lon="13.61025">
        <ele>103.4</ele>
      </trkpt>
      <trkpt lat="46.05448" lon="13.61001">
        <ele>103.3</ele>
      </trkpt>
      <trkpt lat="46.0544" lon="13.6098">
        <ele>103.0</ele>
      </trkpt>
      <trkpt lat="46.05414" lon="13.60923">
        <ele>101.6</ele>
      </trkpt>
      <trkpt lat="46.05407" lon="13.6091">
        <ele>101.9</ele>
      </trkpt>
      <trkpt lat="46.05399" lon="13.609">
        <ele>101.2</ele>
      </trkpt>
      <trkpt lat="46.05394" lon="13.60891">
        <ele>101.0</ele>
      </trkpt>
      <trkpt lat="46.05373" lon="13.60822">
        <ele>100.0</ele>
      </trkpt>
      <trkpt lat="46.05368" lon="13.608">
        <ele>99.6</ele>
      </trkpt>
      <trkpt lat="46.05365" lon="13.60777">
        <ele>99.9</ele>
      </trkpt>
      <trkpt lat="46.0536" lon="13.6066">
        <ele>99.4</ele>
      </trkpt>
      <trkpt lat="46.05348" lon="13.60563">
        <ele>97.9</ele>
      </trkpt>
      <trkpt lat="46.05335" lon="13.60496">
        <ele>95.7</ele>
      </trkpt>
      <trkpt lat="46.05327" lon="13.6047">
        <ele>96.1</ele>
      </trkpt>
      <trkpt lat="46.05285" lon="13.60357">
        <ele>95.9</ele>
      </trkpt>
      <trkpt lat="46.05243" lon="13.60244">
        <ele>96.3</ele>
      </trkpt>
      <trkpt lat="46.05201" lon="13.60131">
        <ele>92.7</ele>
      </trkpt>
      <trkpt lat="46.05188" lon="13.60079">
        <ele>91.1</ele>
      </trkpt>
      <trkpt lat="46.05175" lon="13.60014">
        <ele>91.4</ele>
      </trkpt>
      <trkpt lat="46.05156" lon="13.59888">
        <ele>89.2</ele>
      </trkpt>
      <trkpt lat="46.05135" lon="13.59764">
        <ele>88.5</ele>
      </trkpt>
      <trkpt lat="46.05128" lon="13.59742">
        <ele>88.3</ele>
      </trkpt>
      <trkpt lat="46.05124" lon="13.59732">
        <ele>88.3</ele>
      </trkpt>
      <trkpt lat="46.05118" lon="13.59721">
        <ele>88.2</ele>
      </trkpt>
      <trkpt lat="46.05105" lon="13.59676">
        <ele>88.0</ele>
      </trkpt>
      <trkpt lat="46.051" lon="13.59657">
        <ele>88.1</ele>
      </trkpt>
      <trkpt lat="46.0509" lon="13.59594">
        <ele>90.3</ele>
      </trkpt>
      <trkpt lat="46.05066" lon="13.59519">
        <ele>94.9</ele>
      </trkpt>
      <trkpt lat="46.05046" lon="13.59471">
        <ele>93.3</ele>
      </trkpt>
      <trkpt lat="46.05012" lon="13.59414">
        <ele>85.6</ele>
      </trkpt>
      <trkpt lat="46.04957" lon="13.59338">
        <ele>87.3</ele>
      </trkpt>
      <trkpt lat="46.04917" lon="13.59304">
        <ele>88.5</ele>
      </trkpt>
      <trkpt lat="46.04877" lon="13.59271">
        <ele>87.0</ele>
      </trkpt>
      <trkpt lat="46.04836" lon="13.59238">
        <ele>83.4</ele>
      </trkpt>
      <trkpt lat="46.04816" lon="13.59221">
        <ele>84.8</ele>
      </trkpt>
      <trkpt lat="46.04798" lon="13.59208">
        <ele>85.9</ele>
      </trkpt>
      <trkpt lat="46.04781" lon="13.59193">
        <ele>86.7</ele>
      </trkpt>
      <trkpt lat="46.0476" lon="13.59163">
        <ele>87.6</ele>
      </trkpt>
      <trkpt lat="46.04741" lon="13.59129">
        <ele>89.3</ele>
      </trkpt>
      <trkpt lat="46.04737" lon="13.59122">
        <ele>89.6</ele>
      </trkpt>
      <trkpt lat="46.04732" lon="13.59116">
        <ele>90.0</ele>
      </trkpt>
      <trkpt lat="46.04724" lon="13.59109">
        <ele>90.5</ele>
      </trkpt>
      <trkpt lat="46.0472" lon="13.59107">
        <ele>90.8</ele>
      </trkpt>
      <trkpt lat="46.0471" lon="13.59105">
        <ele>91.4</ele>
      </trkpt>
      <trkpt lat="46.04698" lon="13.59104">
        <ele>92.1</ele>
      </trkpt>
      <trkpt lat="46.04675" lon="13.5909">
        <ele>92.8</ele>
      </trkpt>
      <trkpt lat="46.04614" lon="13.59046">
        <ele>93.0</ele>
      </trkpt>
      <trkpt lat="46.04555" lon="13.59008">
        <ele>93.9</ele>
      </trkpt>
      <trkpt lat="46.04538" lon="13.58994">
        <ele>93.7</ele>
      </trkpt>
      <trkpt lat="46.0453" lon="13.58979">
        <ele>94.4</ele>
      </trkpt>
      <trkpt lat="46.04503" lon="13.58942">
        <ele>95.8</ele>
      </trkpt>
      <trkpt lat="46.04496" lon="13.58935">
        <ele>96.0</ele>
      </trkpt>
      <trkpt lat="46.04443" lon="13.58908">
        <ele>94.9</ele>
      </trkpt>
      <trkpt lat="46.0439" lon="13.58881">
        <ele>95.0</ele>
      </trkpt>
      <trkpt lat="46.0437" lon="13.58872">
        <ele>95.4</ele>
      </trkpt>
      <trkpt lat="46.04357" lon="13.58871">
        <ele>95.3</ele>
      </trkpt>
      <trkpt lat="46.04322" lon="13.58873">
        <ele>94.6</ele>
      </trkpt>
      <trkpt lat="46.04314" lon="13.5887">
        <ele>94.5</ele>
      </trkpt>
      <trkpt lat="46.04302" lon="13.58864">
        <ele>94.2</ele>
      </trkpt>
      <trkpt lat="46.0429" lon="13.58851">
        <ele>94.3</ele>
      </trkpt>
      <trkpt lat="46.04269" lon="13.58824">
        <ele>95.6</ele>
      </trkpt>
      <trkpt lat="46.04251" lon="13.58812">
        <ele>96.6</ele>
      </trkpt>
      <trkpt lat="46.04227" lon="13.58801">
        <ele>96.0</ele>
      </trkpt>
      <trkpt lat="46.04195" lon="13.58808">
        <ele>92.4</ele>
      </trkpt>
      <trkpt lat="46.04183" lon="13.58807">
        <ele>91.5</ele>
      </trkpt>
      <trkpt lat="46.04172" lon="13.58802">
        <ele>91.3</ele>
      </trkpt>
      <trkpt lat="46.04161" lon="13.58792">
        <ele>92.4</ele>
      </trkpt>
      <trkpt lat="46.04142" lon="13.58766">
        <ele>95.7</ele>
      </trkpt>
      <trkpt lat="46.04137" lon="13.58764">
        <ele>95.7</ele>
      </trkpt>
      <trkpt lat="46.04128" lon="13.58766">
        <ele>95.2</ele>
      </trkpt>
      <trkpt lat="46.04122" lon="13.58769">
        <ele>94.6</ele>
      </trkpt>
      <trkpt lat="46.04114" lon="13.58778">
        <ele>93.4</ele>
      </trkpt>
      <trkpt lat="46.041" lon="13.58782">
        <ele>92.6</ele>
      </trkpt>
      <trkpt lat="46.04034" lon="13.5879">
        <ele>89.3</ele>
      </trkpt>
      <trkpt lat="46.04028" lon="13.58793">
        <ele>88.7</ele>
      </trkpt>
      <trkpt lat="46.04022" lon="13.58798">
        <ele>88.0</ele>
      </trkpt>
      <trkpt lat="46.04016" lon="13.58808">
        <ele>86.9</ele>
      </trkpt>
      <trkpt lat="46.04004" lon="13.58798">
        <ele>87.2</ele>
      </trkpt>
      <trkpt lat="46.03992" lon="13.58797">
        <ele>87.4</ele>
      </trkpt>
      <trkpt lat="46.03939" lon="13.58802">
        <ele>89.1</ele>
      </trkpt>
      <trkpt lat="46.03901" lon="13.58809">
        <ele>91.0</ele>
      </trkpt>
      <trkpt lat="46.0388" lon="13.58812">
        <ele>92.7</ele>
      </trkpt>
      <trkpt lat="46.03864" lon="13.58811">
        <ele>94.5</ele>
      </trkpt>
      <trkpt lat="46.0385" lon="13.58809">
        <ele>96.2</ele>
      </trkpt>
      <trkpt lat="46.03815" lon="13.58801">
        <ele>105.1</ele>
      </trkpt>
      <trkpt lat="46.03805" lon="13.588">
        <ele>108.3</ele>
      </trkpt>
      <trkpt lat="46.03792" lon="13.58804">
        <ele>111.1</ele>
      </trkpt>
      <trkpt lat="46.03779" lon="13.58811">
        <ele>113.0</ele>
      </trkpt>
      <trkpt lat="46.03772" lon="13.58824">
        <ele>111.2</ele>
      </trkpt>
      <trkpt lat="46.03758" lon="13.58857">
        <ele>106.6</ele>
      </trkpt>
      <trkpt lat="46.03749" lon="13.5887">
        <ele>105.7</ele>
      </trkpt>
      <trkpt lat="46.03731" lon="13.58886">
        <ele>111.5</ele>
      </trkpt>
      <trkpt lat="46.03693" lon="13.58924">
        <ele>122.7</ele>
      </trkpt>
      <trkpt lat="46.03661" lon="13.58977">
        <ele>126.8</ele>
      </trkpt>
      <trkpt lat="46.0363" lon="13.59049">
        <ele>130.9</ele>
      </trkpt>
      <trkpt lat="46.03593" lon="13.59152">
        <ele>135.7</ele>
      </trkpt>
      <trkpt lat="46.03584" lon="13.59196">
        <ele>134.4</ele>
      </trkpt>
      <trkpt lat="46.03575" lon="13.59238">
        <ele>133.4</ele>
      </trkpt>
      <trkpt lat="46.03568" lon="13.59261">
        <ele>133.9</ele>
      </trkpt>
      <trkpt lat="46.03554" lon="13.59287">
        <ele>137.1</ele>
      </trkpt>
      <trkpt lat="46.0354" lon="13.59309">
        <ele>139.2</ele>
      </trkpt>
      <trkpt lat="46.03508" lon="13.59347">
        <ele>141.5</ele>
      </trkpt>
      <trkpt lat="46.03493" lon="13.59357">
        <ele>141.4</ele>
      </trkpt>
      <trkpt lat="46.03465" lon="13.59364">
        <ele>141.4</ele>
      </trkpt>
      <trkpt lat="46.03454" lon="13.59363">
        <ele>142.6</ele>
      </trkpt>
      <trkpt lat="46.03439" lon="13.59356">
        <ele>145.9</ele>
      </trkpt>
      <trkpt lat="46.03417" lon="13.59343">
        <ele>151.8</ele>
      </trkpt>
      <trkpt lat="46.03413" lon="13.59348">
        <ele>150.0</ele>
      </trkpt>
      <trkpt lat="46.03379" lon="13.59337">
        <ele>150.7</ele>
      </trkpt>
      <trkpt lat="46.0337" lon="13.59336">
        <ele>150.2</ele>
      </trkpt>
      <trkpt lat="46.03338" lon="13.59335">
        <ele>147.9</ele>
      </trkpt>
      <trkpt lat="46.03306" lon="13.59333">
        <ele>142.9</ele>
      </trkpt>
      <trkpt lat="46.03267" lon="13.59325">
        <ele>138.2</ele>
      </trkpt>
      <trkpt lat="46.03246" lon="13.59314">
        <ele>138.8</ele>
      </trkpt>
      <trkpt lat="46.03241" lon="13.59313">
        <ele>139.2</ele>
      </trkpt>
      <trkpt lat="46.03236" lon="13.59314">
        <ele>138.9</ele>
      </trkpt>
      <trkpt lat="46.03211" lon="13.5933">
        <ele>132.8</ele>
      </trkpt>
      <trkpt lat="46.032" lon="13.59335">
        <ele>131.0</ele>
      </trkpt>
      <trkpt lat="46.0317" lon="13.59343">
        <ele>128.9</ele>
      </trkpt>
      <trkpt lat="46.03159" lon="13.59353">
        <ele>126.8</ele>
      </trkpt>
      <trkpt lat="46.03151" lon="13.59363">
        <ele>124.5</ele>
      </trkpt>
      <trkpt lat="46.0314" lon="13.59373">
        <ele>122.1</ele>
      </trkpt>
      <trkpt lat="46.03117" lon="13.59389">
        <ele>118.0</ele>
      </trkpt>
      <trkpt lat="46.03087" lon="13.59415">
        <ele>110.6</ele>
      </trkpt>
      <trkpt lat="46.03067" lon="13.59424">
        <ele>109.8</ele>
      </trkpt>
      <trkpt lat="46.03015" lon="13.59442">
        <ele>110.8</ele>
      </trkpt>
      <trkpt lat="46.02997" lon="13.59444">
        <ele>111.4</ele>
      </trkpt>
      <trkpt lat="46.02968" lon="13.59433">
        <ele>110.5</ele>
      </trkpt>
      <trkpt lat="46.02958" lon="13.59435">
        <ele>109.4</ele>
      </trkpt>
      <trkpt lat="46.02947" lon="13.59442">
        <ele>107.2</ele>
      </trkpt>
      <trkpt lat="46.02942" lon="13.59442">
        <ele>106.8</ele>
      </trkpt>
      <trkpt lat="46.02935" lon="13.59441">
        <ele>106.4</ele>
      </trkpt>
      <trkpt lat="46.02901" lon="13.59432">
        <ele>105.4</ele>
      </trkpt>
      <trkpt lat="46.0287" lon="13.59421">
        <ele>104.7</ele>
      </trkpt>
      <trkpt lat="46.02863" lon="13.59416">
        <ele>104.9</ele>
      </trkpt>
      <trkpt lat="46.0284" lon="13.5939">
        <ele>106.5</ele>
      </trkpt>
      <trkpt lat="46.0283" lon="13.59383">
        <ele>107.3</ele>
      </trkpt>
      <trkpt lat="46.02821" lon="13.59381">
        <ele>108.9</ele>
      </trkpt>
      <trkpt lat="46.02813" lon="13.59384">
        <ele>109.6</ele>
      </trkpt>
      <trkpt lat="46.02814" lon="13.59405">
        <ele>106.5</ele>
      </trkpt>
      <trkpt lat="46.02819" lon="13.5943">
        <ele>102.4</ele>
      </trkpt>
      <trkpt lat="46.02823" lon="13.5946">
        <ele>97.5</ele>
      </trkpt>
      <trkpt lat="46.02823" lon="13.5947">
        <ele>96.0</ele>
      </trkpt>
      <trkpt lat="46.02815" lon="13.59482">
        <ele>93.4</ele>
      </trkpt>
      <trkpt lat="46.02801" lon="13.59513">
        <ele>90.1</ele>
      </trkpt>
      <trkpt lat="46.02797" lon="13.59524">
        <ele>89.3</ele>
      </trkpt>
      <trkpt lat="46.02776" lon="13.59552">
        <ele>87.2</ele>
      </trkpt>
      <trkpt lat="46.02763" lon="13.59566">
        <ele>86.0</ele>
      </trkpt>
      <trkpt lat="46.02756" lon="13.59577">
        <ele>84.7</ele>
      </trkpt>
      <trkpt lat="46.02735" lon="13.59609">
        <ele>85.2</ele>
      </trkpt>
      <trkpt lat="46.0273" lon="13.59618">
        <ele>85.3</ele>
      </trkpt>
      <trkpt lat="46.02726" lon="13.59626">
        <ele>85.4</ele>
      </trkpt>
      <trkpt lat="46.02722" lon="13.59642">
        <ele>85.6</ele>
      </trkpt>
      <trkpt lat="46.02722" lon="13.59653">
        <ele>85.7</ele>
      </trkpt>
      <trkpt lat="46.0272" lon="13.59665">
        <ele>85.9</ele>
      </trkpt>
      <trkpt lat="46.02716" lon="13.59677">
        <ele>86.1</ele>
      </trkpt>
      <trkpt lat="46.02686" lon="13.59746">
        <ele>88.2</ele>
      </trkpt>
      <trkpt lat="46.02675" lon="13.59777">
        <ele>89.8</ele>
      </trkpt>
      <trkpt lat="46.02648" lon="13.59863">
        <ele>105.6</ele>
      </trkpt>
      <trkpt lat="46.02645" lon="13.59877">
        <ele>108.5</ele>
      </trkpt>
      <trkpt lat="46.02643" lon="13.5989">
        <ele>110.6</ele>
      </trkpt>
      <trkpt lat="46.0264" lon="13.59944">
        <ele>113.1</ele>
      </trkpt>
      <trkpt lat="46.02638" lon="13.5997">
        <ele>113.6</ele>
      </trkpt>
      <trkpt lat="46.02621" lon="13.60096">
        <ele>105.7</ele>
      </trkpt>
      <trkpt lat="46.02606" lon="13.60178">
        <ele>98.5</ele>
      </trkpt>
      <trkpt lat="46.02587" lon="13.60261">
        <ele>92.2</ele>
      </trkpt>
      <trkpt lat="46.02565" lon="13.60325">
        <ele>88.4</ele>
      </trkpt>
      <trkpt lat="46.02551" lon="13.6035">
        <ele>90.4</ele>
      </trkpt>
      <trkpt lat="46.02531" lon="13.60381">
        <ele>92.8</ele>
      </trkpt>
      <trkpt lat="46.02476" lon="13.60446">
        <ele>96.4</ele>
      </trkpt>
      <trkpt lat="46.02412" lon="13.60517">
        <ele>92.1</ele>
      </trkpt>
      <trkpt lat="46.02394" lon="13.60535">
        <ele>92.6</ele>
      </trkpt>
      <trkpt lat="46.02351" lon="13.60562">
        <ele>93.5</ele>
      </trkpt>
      <trkpt lat="46.0233" lon="13.60572">
        <ele>93.3</ele>
      </trkpt>
      <trkpt lat="46.02308" lon="13.6058">
        <ele>92.6</ele>
      </trkpt>
      <trkpt lat="46.02228" lon="13.606">
        <ele>97.2</ele>
      </trkpt>
      <trkpt lat="46.02181" lon="13.60614">
        <ele>102.0</ele>
      </trkpt>
      <trkpt lat="46.02153" lon="13.60627">
        <ele>100.6</ele>
      </trkpt>
      <trkpt lat="46.02138" lon="13.6063">
        <ele>99.6</ele>
      </trkpt>
      <trkpt lat="46.02096" lon="13.60635">
        <ele>97.7</ele>
      </trkpt>
      <trkpt lat="46.02053" lon="13.60634">
        <ele>97.2</ele>
      </trkpt>
      <trkpt lat="46.01998" lon="13.60622">
        <ele>98.0</ele>
      </trkpt>
      <trkpt lat="46.01943" lon="13.60611">
        <ele>100.0</ele>
      </trkpt>
      <trkpt lat="46.01927" lon="13.60605">
        <ele>100.1</ele>
      </trkpt>
      <trkpt lat="46.0191" lon="13.60595">
        <ele>98.5</ele>
      </trkpt>
      <trkpt lat="46.01903" lon="13.60586">
        <ele>96.9</ele>
      </trkpt>
      <trkpt lat="46.01883" lon="13.60568">
        <ele>97.2</ele>
      </trkpt>
      <trkpt lat="46.01874" lon="13.6056">
        <ele>97.7</ele>
      </trkpt>
      <trkpt lat="46.01861" lon="13.60552">
        <ele>97.5</ele>
      </trkpt>
      <trkpt lat="46.01853" lon="13.60548">
        <ele>97.2</ele>
      </trkpt>
      <trkpt lat="46.01837" lon="13.60543">
        <ele>95.8</ele>
      </trkpt>
      <trkpt lat="46.01817" lon="13.6054">
        <ele>97.5</ele>
      </trkpt>
      <trkpt lat="46.01794" lon="13.6054">
        <ele>99.8</ele>
      </trkpt>
      <trkpt lat="46.01766" lon="13.60545">
        <ele>100.9</ele>
      </trkpt>
      <trkpt lat="46.01748" lon="13.60552">
        <ele>100.5</ele>
      </trkpt>
      <trkpt lat="46.01726" lon="13.60562">
        <ele>103.4</ele>
      </trkpt>
      <trkpt lat="46.01711" lon="13.60572">
        <ele>103.3</ele>
      </trkpt>
      <trkpt lat="46.01698" lon="13.60573">
        <ele>106.3</ele>
      </trkpt>
      <trkpt lat="46.01689" lon="13.60576">
        <ele>107.2</ele>
      </trkpt>
      <trkpt lat="46.01682" lon="13.60581">
        <ele>106.5</ele>
      </trkpt>
      <trkpt lat="46.01671" lon="13.60589">
        <ele>106.0</ele>
      </trkpt>
      <trkpt lat="46.01657" lon="13.60604">
        <ele>107.4</ele>
      </trkpt>
      <trkpt lat="46.01653" lon="13.6061">
        <ele>107.5</ele>
      </trkpt>
      <trkpt lat="46.01642" lon="13.60629">
        <ele>105.9</ele>
      </trkpt>
      <trkpt lat="46.01624" lon="13.60652">
        <ele>104.8</ele>
      </trkpt>
      <trkpt lat="46.01566" lon="13.60736">
        <ele>106.7</ele>
      </trkpt>
      <trkpt lat="46.01542" lon="13.60784">
        <ele>108.5</ele>
      </trkpt>
      <trkpt lat="46.01527" lon="13.60822">
        <ele>104.3</ele>
      </trkpt>
      <trkpt lat="46.01489" lon="13.60906">
        <ele>99.8</ele>
      </trkpt>
      <trkpt lat="46.01467" lon="13.6096">
        <ele>100.3</ele>
      </trkpt>
      <trkpt lat="46.01425" lon="13.61051">
        <ele>92.3</ele>
      </trkpt>
      <trkpt lat="46.01409" lon="13.61072">
        <ele>90.3</ele>
      </trkpt>
      <trkpt lat="46.01397" lon="13.61087">
        <ele>89.1</ele>
      </trkpt>
      <trkpt lat="46.01389" lon="13.61094">
        <ele>89.0</ele>
      </trkpt>
      <trkpt lat="46.01381" lon="13.61099">
        <ele>89.1</ele>
      </trkpt>
      <trkpt lat="46.01359" lon="13.61105">
        <ele>90.3</ele>
      </trkpt>
      <trkpt lat="46.01324" lon="13.61119">
        <ele>91.1</ele>
      </trkpt>
      <trkpt lat="46.01304" lon="13.61131">
        <ele>91.3</ele>
      </trkpt>
      <trkpt lat="46.01279" lon="13.61148">
        <ele>90.2</ele>
      </trkpt>
      <trkpt lat="46.01257" lon="13.61159">
        <ele>89.7</ele>
      </trkpt>
      <trkpt lat="46.01247" lon="13.61162">
        <ele>89.9</ele>
      </trkpt>
      <trkpt lat="46.01236" lon="13.61163">
        <ele>92.8</ele>
      </trkpt>
      <trkpt lat="46.01233" lon="13.6116">
        <ele>93.7</ele>
      </trkpt>
      <trkpt lat="46.01232" lon="13.61155">
        <ele>94.7</ele>
      </trkpt>
      <trkpt lat="46.01229" lon="13.61126">
        <ele>100.1</ele>
      </trkpt>
      <trkpt lat="46.01227" lon="13.6112">
        <ele>101.3</ele>
      </trkpt>
      <trkpt lat="46.01223" lon="13.61119">
        <ele>102.4</ele>
      </trkpt>
      <trkpt lat="46.0121" lon="13.61125">
        <ele>106.1</ele>
      </trkpt>
      <trkpt lat="46.01199" lon="13.61131">
        <ele>105.2</ele>
      </trkpt>
      <trkpt lat="46.0119" lon="13.61135">
        <ele>104.8</ele>
      </trkpt>
      <trkpt lat="46.01157" lon="13.61138">
        <ele>108.4</ele>
      </trkpt>
      <trkpt lat="46.01137" lon="13.61144">
        <ele>110.3</ele>
      </trkpt>
      <trkpt lat="46.01079" lon="13.61171">
        <ele>109.7</ele>
      </trkpt>
      <trkpt lat="46.01051" lon="13.61193">
        <ele>114.7</ele>
      </trkpt>
      <trkpt lat="46.00991" lon="13.61249">
        <ele>116.5</ele>
      </trkpt>
      <trkpt lat="46.00948" lon="13.61306">
        <ele>129.1</ele>
      </trkpt>
      <trkpt lat="46.00924" lon="13.61343">
        <ele>131.0</ele>
      </trkpt>
      <trkpt lat="46.00909" lon="13.61373">
        <ele>132.5</ele>
      </trkpt>
      <trkpt lat="46.00902" lon="13.61393">
        <ele>133.0</ele>
      </trkpt>
      <trkpt lat="46.0089" lon="13.61428">
        <ele>135.7</ele>
      </trkpt>
      <trkpt lat="46.00881" lon="13.61475">
        <ele>135.4</ele>
      </trkpt>
      <trkpt lat="46.00871" lon="13.61544">
        <ele>131.6</ele>
      </trkpt>
      <trkpt lat="46.00871" lon="13.6157">
        <ele>126.7</ele>
      </trkpt>
      <trkpt lat="46.00872" lon="13.61589">
        <ele>123.7</ele>
      </trkpt>
      <trkpt lat="46.00877" lon="13.61616">
        <ele>121.4</ele>
      </trkpt>
      <trkpt lat="46.00879" lon="13.61636">
        <ele>121.1</ele>
      </trkpt>
      <trkpt lat="46.00879" lon="13.61664">
        <ele>122.2</ele>
      </trkpt>
      <trkpt lat="46.00873" lon="13.61729">
        <ele>119.2</ele>
      </trkpt>
      <trkpt lat="46.00866" lon="13.61778">
        <ele>116.4</ele>
      </trkpt>
      <trkpt lat="46.00859" lon="13.61825">
        <ele>112.7</ele>
      </trkpt>
      <trkpt lat="46.00851" lon="13.61859">
        <ele>111.6</ele>
      </trkpt>
      <trkpt lat="46.0084" lon="13.61892">
        <ele>111.8</ele>
      </trkpt>
      <trkpt lat="46.0083" lon="13.61925">
        <ele>111.4</ele>
      </trkpt>
      <trkpt lat="46.00794" lon="13.62005">
        <ele>115.7</ele>
      </trkpt>
      <trkpt lat="46.00771" lon="13.62048">
        <ele>117.0</ele>
      </trkpt>
      <trkpt lat="46.00754" lon="13.62078">
        <ele>116.8</ele>
      </trkpt>
      <trkpt lat="46.00719" lon="13.62142">
        <ele>118.8</ele>
      </trkpt>
      <trkpt lat="46.00684" lon="13.62206">
        <ele>121.1</ele>
      </trkpt>
      <trkpt lat="46.00659" lon="13.62257">
        <ele>119.9</ele>
      </trkpt>
      <trkpt lat="46.00606" lon="13.6235">
        <ele>122.2</ele>
      </trkpt>
      <trkpt lat="46.00573" lon="13.62421">
        <ele>112.4</ele>
      </trkpt>
      <trkpt lat="46.0054" lon="13.62492">
        <ele>113.1</ele>
      </trkpt>
      <trkpt lat="46.00527" lon="13.62519">
        <ele>113.6</ele>
      </trkpt>
      <trkpt lat="46.00514" lon="13.62539">
        <ele>114.6</ele>
      </trkpt>
      <trkpt lat="46.00473" lon="13.62601">
        <ele>117.0</ele>
      </trkpt>
      <trkpt lat="46.00432" lon="13.62662">
        <ele>117.2</ele>
      </trkpt>
      <trkpt lat="46.00392" lon="13.62725">
        <ele>117.5</ele>
      </trkpt>
      <trkpt lat="46.00351" lon="13.62789">
        <ele>117.9</ele>
      </trkpt>
      <trkpt lat="46.00312" lon="13.62847">
        <ele>115.7</ele>
      </trkpt>
      <trkpt lat="46.00269" lon="13.62897">
        <ele>117.4</ele>
      </trkpt>
      <trkpt lat="46.00224" lon="13.62941">
        <ele>115.3</ele>
      </trkpt>
      <trkpt lat="46.00173" lon="13.62982">
        <ele>112.3</ele>
      </trkpt>
      <trkpt lat="46.00108" lon="13.63024">
        <ele>111.5</ele>
      </trkpt>
      <trkpt lat="46.00059" lon="13.6305">
        <ele>112.2</ele>
      </trkpt>
      <trkpt lat="46.00009" lon="13.63076">
        <ele>111.6</ele>
      </trkpt>
      <trkpt lat="45.99946" lon="13.63122">
        <ele>115.2</ele>
      </trkpt>
      <trkpt lat="45.99898" lon="13.63163">
        <ele>115.0</ele>
      </trkpt>
      <trkpt lat="45.99875" lon="13.63188">
        <ele>118.6</ele>
      </trkpt>
      <trkpt lat="45.99858" lon="13.6321">
        <ele>119.7</ele>
      </trkpt>
      <trkpt lat="45.99824" lon="13.63264">
        <ele>118.1</ele>
      </trkpt>
      <trkpt lat="45.99786" lon="13.63334">
        <ele>121.8</ele>
      </trkpt>
      <trkpt lat="45.99769" lon="13.63374">
        <ele>120.8</ele>
      </trkpt>
      <trkpt lat="45.99742" lon="13.63444">
        <ele>115.5</ele>
      </trkpt>
      <trkpt lat="45.99714" lon="13.63511">
        <ele>117.2</ele>
      </trkpt>
      <trkpt lat="45.99688" lon="13.63569">
        <ele>116.6</ele>
      </trkpt>
      <trkpt lat="45.99663" lon="13.63635">
        <ele>108.2</ele>
      </trkpt>
      <trkpt lat="45.99627" lon="13.63694">
        <ele>109.0</ele>
      </trkpt>
      <trkpt lat="45.99573" lon="13.6377">
        <ele>107.8</ele>
      </trkpt>
      <trkpt lat="45.99562" lon="13.63783">
        <ele>107.9</ele>
      </trkpt>
      <trkpt lat="45.99531" lon="13.63812">
        <ele>108.1</ele>
      </trkpt>
      <trkpt lat="45.99487" lon="13.63848">
        <ele>108.8</ele>
      </trkpt>
      <trkpt lat="45.99471" lon="13.63855">
        <ele>111.6</ele>
      </trkpt>
      <trkpt lat="45.99455" lon="13.6386">
        <ele>114.6</ele>
      </trkpt>
      <trkpt lat="45.99439" lon="13.6387">
        <ele>115.4</ele>
      </trkpt>
      <trkpt lat="45.99397" lon="13.639">
        <ele>116.3</ele>
      </trkpt>
      <trkpt lat="45.99374" lon="13.63915">
        <ele>119.5</ele>
      </trkpt>
      <trkpt lat="45.99335" lon="13.63954">
        <ele>119.2</ele>
      </trkpt>
      <trkpt lat="45.99296" lon="13.63994">
        <ele>117.1</ele>
      </trkpt>
      <trkpt lat="45.99258" lon="13.64035">
        <ele>116.1</ele>
      </trkpt>
      <trkpt lat="45.99208" lon="13.64095">
        <ele>116.6</ele>
      </trkpt>
      <trkpt lat="45.99185" lon="13.64121">
        <ele>116.8</ele>
      </trkpt>
      <trkpt lat="45.99126" lon="13.64181">
        <ele>115.6</ele>
      </trkpt>
      <trkpt lat="45.99096" lon="13.6421">
        <ele>116.6</ele>
      </trkpt>
      <trkpt lat="45.99079" lon="13.64228">
        <ele>116.1</ele>
      </trkpt>
      <trkpt lat="45.99063" lon="13.64248">
        <ele>115.8</ele>
      </trkpt>
      <trkpt lat="45.99041" lon="13.64284">
        <ele>116.4</ele>
      </trkpt>
      <trkpt lat="45.99033" lon="13.64299">
        <ele>115.6</ele>
      </trkpt>
      <trkpt lat="45.98979" lon="13.64382">
        <ele>112.6</ele>
      </trkpt>
      <trkpt lat="45.98947" lon="13.64437">
        <ele>112.8</ele>
      </trkpt>
      <trkpt lat="45.9889" lon="13.64529">
        <ele>112.5</ele>
      </trkpt>
      <trkpt lat="45.98856" lon="13.64594">
        <ele>112.7</ele>
      </trkpt>
      <trkpt lat="45.98812" lon="13.64686">
        <ele>111.6</ele>
      </trkpt>
      <trkpt lat="45.98798" lon="13.64718">
        <ele>112.2</ele>
      </trkpt>
      <trkpt lat="45.98772" lon="13.64766">
        <ele>114.4</ele>
      </trkpt>
      <trkpt lat="45.98758" lon="13.64802">
        <ele>112.9</ele>
      </trkpt>
      <trkpt lat="45.98742" lon="13.64862">
        <ele>107.4</ele>
      </trkpt>
      <trkpt lat="45.9873" lon="13.64893">
        <ele>106.9</ele>
      </trkpt>
      <trkpt lat="45.98716" lon="13.64919">
        <ele>108.1</ele>
      </trkpt>
      <trkpt lat="45.98674" lon="13.65004">
        <ele>107.9</ele>
      </trkpt>
      <trkpt lat="45.98643" lon="13.65054">
        <ele>108.7</ele>
      </trkpt>
      <trkpt lat="45.98613" lon="13.65103">
        <ele>107.2</ele>
      </trkpt>
      <trkpt lat="45.98594" lon="13.6513">
        <ele>106.3</ele>
      </trkpt>
      <trkpt lat="45.98539" lon="13.65215">
        <ele>104.7</ele>
      </trkpt>
      <trkpt lat="45.985" lon="13.65261">
        <ele>108.8</ele>
      </trkpt>
      <trkpt lat="45.98438" lon="13.65316">
        <ele>97.2</ele>
      </trkpt>
      <trkpt lat="45.98393" lon="13.65343">
        <ele>99.3</ele>
      </trkpt>
      <trkpt lat="45.98348" lon="13.6537">
        <ele>106.0</ele>
      </trkpt>
      <trkpt lat="45.98324" lon="13.65388">
        <ele>104.1</ele>
      </trkpt>
      <trkpt lat="45.98297" lon="13.65399">
        <ele>101.6</ele>
      </trkpt>
      <trkpt lat="45.98277" lon="13.65406">
        <ele>100.3</ele>
      </trkpt>
      <trkpt lat="45.98241" lon="13.65406">
        <ele>101.6</ele>
      </trkpt>
      <trkpt lat="45.98228" lon="13.65403">
        <ele>100.5</ele>
      </trkpt>
      <trkpt lat="45.98215" lon="13.65399">
        <ele>99.5</ele>
      </trkpt>
      <trkpt lat="45.98176" lon="13.65371">
        <ele>98.1</ele>
      </trkpt>
      <trkpt lat="45.98134" lon="13.65337">
        <ele>94.2</ele>
      </trkpt>
      <trkpt lat="45.98113" lon="13.65315">
        <ele>93.9</ele>
      </trkpt>
      <trkpt lat="45.98068" lon="13.65252">
        <ele>90.5</ele>
      </trkpt>
      <trkpt lat="45.98044" lon="13.65228">
        <ele>94.3</ele>
      </trkpt>
      <trkpt lat="45.9802" lon="13.65209">
        <ele>92.5</ele>
      </trkpt>
      <trkpt lat="45.97996" lon="13.65196">
        <ele>87.2</ele>
      </trkpt>
      <trkpt lat="45.97971" lon="13.6518">
        <ele>87.5</ele>
      </trkpt>
      <trkpt lat="45.97945" lon="13.65154">
        <ele>89.9</ele>
      </trkpt>
      <trkpt lat="45.97928" lon="13.65131">
        <ele>89.9</ele>
      </trkpt>
      <trkpt lat="45.97909" lon="13.65081">
        <ele>88.2</ele>
      </trkpt>
      <trkpt lat="45.97901" lon="13.65066">
        <ele>90.2</ele>
      </trkpt>
      <trkpt lat="45.97847" lon="13.6498">
        <ele>85.0</ele>
      </trkpt>
      <trkpt lat="45.97824" lon="13.64939">
        <ele>89.9</ele>
      </trkpt>
      <trkpt lat="45.97765" lon="13.64842">
        <ele>92.7</ele>
      </trkpt>
      <trkpt lat="45.97729" lon="13.64798">
        <ele>97.3</ele>
      </trkpt>
      <trkpt lat="45.97688" lon="13.64728">
        <ele>90.3</ele>
      </trkpt>
      <trkpt lat="45.9767" lon="13.647">
        <ele>88.1</ele>
      </trkpt>
      <trkpt lat="45.97656" lon="13.64682">
        <ele>87.8</ele>
      </trkpt>
      <trkpt lat="45.97644" lon="13.64663">
        <ele>88.4</ele>
      </trkpt>
      <trkpt lat="45.97631" lon="13.64644">
        <ele>89.9</ele>
      </trkpt>
      <trkpt lat="45.97623" lon="13.64636">
        <ele>89.0</ele>
      </trkpt>
      <trkpt lat="45.97609" lon="13.64626">
        <ele>85.8</ele>
      </trkpt>
      <trkpt lat="45.97591" lon="13.646">
        <ele>83.5</ele>
      </trkpt>
      <trkpt lat="45.97568" lon="13.64545">
        <ele>86.0</ele>
      </trkpt>
      <trkpt lat="45.97566" lon="13.64536">
        <ele>86.9</ele>
      </trkpt>
      <trkpt lat="45.97567" lon="13.64507">
        <ele>91.1</ele>
      </trkpt>
      <trkpt lat="45.97562" lon="13.64463">
        <ele>98.2</ele>
      </trkpt>
      <trkpt lat="45.97563" lon="13.64439">
        <ele>103.3</ele>
      </trkpt>
      <trkpt lat="45.97565" lon="13.64429">
        <ele>106.0</ele>
      </trkpt>
      <trkpt lat="45.97568" lon="13.64423">
        <ele>108.4</ele>
      </trkpt>
      <trkpt lat="45.9757" lon="13.64424">
        <ele>109.0</ele>
      </trkpt>
      <trkpt lat="45.9757" lon="13.64431">
        <ele>107.5</ele>
      </trkpt>
      <trkpt lat="45.97577" lon="13.64458">
        <ele>104.0</ele>
      </trkpt>
      <trkpt lat="45.97583" lon="13.64471">
        <ele>102.9</ele>
      </trkpt>
      <trkpt lat="45.97589" lon="13.64479">
        <ele>103.3</ele>
      </trkpt>
      <trkpt lat="45.97593" lon="13.64507">
        <ele>99.2</ele>
      </trkpt>
      <trkpt lat="45.976" lon="13.64534">
        <ele>98.7</ele>
      </trkpt>
      <trkpt lat="45.97624" lon="13.64606">
        <ele>98.7</ele>
      </trkpt>
      <trkpt lat="45.97632" lon="13.64635">
        <ele>98.8</ele>
      </trkpt>
      <trkpt lat="45.97633" lon="13.64649">
        <ele>98.8</ele>
      </trkpt>
      <trkpt lat="45.97633" lon="13.64678">
        <ele>98.8</ele>
      </trkpt>
      <trkpt lat="45.97631" lon="13.64695">
        <ele>98.8</ele>
      </trkpt>
      <trkpt lat="45.97627" lon="13.64714">
        <ele>98.8</ele>
      </trkpt>
      <trkpt lat="45.97598" lon="13.64802">
        <ele>98.9</ele>
      </trkpt>
      <trkpt lat="45.97569" lon="13.64891">
        <ele>99.0</ele>
      </trkpt>
      <trkpt lat="45.97567" lon="13.64896">
        <ele>99.0</ele>
      </trkpt>
      <trkpt lat="45.97562" lon="13.64899">
        <ele>99.0</ele>
      </trkpt>
      <trkpt lat="45.97552" lon="13.64902">
        <ele>99.1</ele>
      </trkpt>
      <trkpt lat="45.97547" lon="13.64896">
        <ele>98.7</ele>
      </trkpt>
      <trkpt lat="45.97525" lon="13.64879">
        <ele>98.7</ele>
      </trkpt>
      <trkpt lat="45.97505" lon="13.64868">
        <ele>99.8</ele>
      </trkpt>
      <trkpt lat="45.97493" lon="13.64864">
        <ele>100.1</ele>
      </trkpt>
      <trkpt lat="45.97475" lon="13.64861">
        <ele>99.9</ele>
      </trkpt>
      <trkpt lat="45.97465" lon="13.64859">
        <ele>99.8</ele>
      </trkpt>
      <trkpt lat="45.97449" lon="13.64859">
        <ele>99.7</ele>
      </trkpt>
      <trkpt lat="45.97428" lon="13.6486">
        <ele>99.7</ele>
      </trkpt>
      <trkpt lat="45.97408" lon="13.64864">
        <ele>99.8</ele>
      </trkpt>
      <trkpt lat="45.97377" lon="13.64873">
        <ele>100.2</ele>
      </trkpt>
      <trkpt lat="45.97368" lon="13.64874">
        <ele>100.3</ele>
      </trkpt>
      <trkpt lat="45.97344" lon="13.64868">
        <ele>100.2</ele>
      </trkpt>
      <trkpt lat="45.97328" lon="13.64862">
        <ele>100.2</ele>
      </trkpt>
      <trkpt lat="45.97298" lon="13.64843">
        <ele>100.2</ele>
      </trkpt>
      <trkpt lat="45.97256" lon="13.64809">
        <ele>99.7</ele>
      </trkpt>
      <trkpt lat="45.97229" lon="13.64781">
        <ele>98.0</ele>
      </trkpt>
      <trkpt lat="45.97214" lon="13.64763">
        <ele>96.8</ele>
      </trkpt>
      <trkpt lat="45.97204" lon="13.64748">
        <ele>95.8</ele>
      </trkpt>
      <trkpt lat="45.97192" lon="13.64759">
        <ele>96.0</ele>
      </trkpt>
      <trkpt lat="45.97173" lon="13.64774">
        <ele>96.3</ele>
      </trkpt>
      <trkpt lat="45.97129" lon="13.64791">
        <ele>96.7</ele>
      </trkpt>
      <trkpt lat="45.97086" lon="13.64809">
        <ele>97.1</ele>
      </trkpt>
      <trkpt lat="45.9706" lon="13.64822">
        <ele>97.4</ele>
      </trkpt>
      <trkpt lat="45.97033" lon="13.64837">
        <ele>97.4</ele>
      </trkpt>
      <trkpt lat="45.96986" lon="13.64871">
        <ele>97.5</ele>
      </trkpt>
      <trkpt lat="45.96972" lon="13.64878">
        <ele>97.5</ele>
      </trkpt>
      <trkpt lat="45.9696" lon="13.64882">
        <ele>97.6</ele>
      </trkpt>
      <trkpt lat="45.96916" lon="13.64886">
        <ele>97.6</ele>
      </trkpt>
      <trkpt lat="45.96896" lon="13.64893">
        <ele>98.1</ele>
      </trkpt>
      <trkpt lat="45.96873" lon="13.64905">
        <ele>98.8</ele>
      </trkpt>
      <trkpt lat="45.96855" lon="13.6492">
        <ele>99.5</ele>
      </trkpt>
      <trkpt lat="45.96833" lon="13.64934">
        <ele>100.0</ele>
      </trkpt>
      <trkpt lat="45.96822" lon="13.64936">
        <ele>99.7</ele>
      </trkpt>
      <trkpt lat="45.96815" lon="13.64936">
        <ele>99.5</ele>
      </trkpt>
      <trkpt lat="45.96806" lon="13.64934">
        <ele>99.2</ele>
      </trkpt>
      <trkpt lat="45.9678" lon="13.64919">
        <ele>98.1</ele>
      </trkpt>
      <trkpt lat="45.96764" lon="13.64915">
        <ele>97.5</ele>
      </trkpt>
      <trkpt lat="45.96709" lon="13.64922">
        <ele>97.1</ele>
      </trkpt>
      <trkpt lat="45.96698" lon="13.64922">
        <ele>97.1</ele>
      </trkpt>
      <trkpt lat="45.96687" lon="13.64918">
        <ele>97.0</ele>
      </trkpt>
      <trkpt lat="45.96643" lon="13.6484">
        <ele>95.8</ele>
      </trkpt>
      <trkpt lat="45.96618" lon="13.64801">
        <ele>95.0</ele>
      </trkpt>
      <trkpt lat="45.96613" lon="13.64788">
        <ele>94.8</ele>
      </trkpt>
      <trkpt lat="45.96613" lon="13.64783">
        <ele>94.8</ele>
      </trkpt>
      <trkpt lat="45.9661" lon="13.64779">
        <ele>94.7</ele>
      </trkpt>
      <trkpt lat="45.96608" lon="13.64778">
        <ele>94.6</ele>
      </trkpt>
      <trkpt lat="45.96599" lon="13.64767">
        <ele>94.4</ele>
      </trkpt>
      <trkpt lat="45.96591" lon="13.64775">
        <ele>94.4</ele>
      </trkpt>
      <trkpt lat="45.96592" lon="13.64782">
        <ele>94.5</ele>
      </trkpt>
      <trkpt lat="45.96589" lon="13.64791">
        <ele>94.6</ele>
      </trkpt>
      <trkpt lat="45.96582" lon="13.64799">
        <ele>94.6</ele>
      </trkpt>
      <trkpt lat="45.96562" lon="13.64819">
        <ele>95.5</ele>
      </trkpt>
      <trkpt lat="45.96534" lon="13.64842">
        <ele>96.8</ele>
      </trkpt>
      <trkpt lat="45.96494" lon="13.64855">
        <ele>98.3</ele>
      </trkpt>
      <trkpt lat="45.96486" lon="13.64854">
        <ele>98.7</ele>
      </trkpt>
      <trkpt lat="45.96424" lon="13.64833">
        <ele>101.6</ele>
      </trkpt>
      <trkpt lat="45.96362" lon="13.64813">
        <ele>99.5</ele>
      </trkpt>
      <trkpt lat="45.96359" lon="13.64811">
        <ele>99.3</ele>
      </trkpt>
      <trkpt lat="45.96358" lon="13.64807">
        <ele>99.0</ele>
      </trkpt>
      <trkpt lat="45.96357" lon="13.64803">
        <ele>98.8</ele>
      </trkpt>
      <trkpt lat="45.96358" lon="13.64797">
        <ele>98.5</ele>
      </trkpt>
      <trkpt lat="45.96343" lon="13.64791">
        <ele>98.0</ele>
      </trkpt>
      <trkpt lat="45.96339" lon="13.64801">
        <ele>98.5</ele>
      </trkpt>
      <trkpt lat="45.96335" lon="13.64803">
        <ele>98.6</ele>
      </trkpt>
      <trkpt lat="45.96328" lon="13.64802">
        <ele>98.7</ele>
      </trkpt>
      <trkpt lat="45.96248" lon="13.64775">
        <ele>101.1</ele>
      </trkpt>
      <trkpt lat="45.96169" lon="13.64748">
        <ele>104.7</ele>
      </trkpt>
      <trkpt lat="45.96089" lon="13.64721">
        <ele>106.2</ele>
      </trkpt>
      <trkpt lat="45.96009" lon="13.64694">
        <ele>100.5</ele>
      </trkpt>
      <trkpt lat="45.95929" lon="13.64667">
        <ele>102.7</ele>
      </trkpt>
      <trkpt lat="45.95849" lon="13.6464">
        <ele>100.5</ele>
      </trkpt>
      <trkpt lat="45.95769" lon="13.64613">
        <ele>98.5</ele>
      </trkpt>
      <trkpt lat="45.95767" lon="13.6461">
        <ele>98.5</ele>
      </trkpt>
      <trkpt lat="45.95766" lon="13.64608">
        <ele>98.4</ele>
      </trkpt>
      <trkpt lat="45.95753" lon="13.64603">
        <ele>98.3</ele>
      </trkpt>
      <trkpt lat="45.95752" lon="13.64607">
        <ele>98.3</ele>
      </trkpt>
      <trkpt lat="45.95749" lon="13.64609">
        <ele>98.3</ele>
      </trkpt>
      <trkpt lat="45.95743" lon="13.64608">
        <ele>98.1</ele>
      </trkpt>
      <trkpt lat="45.95712" lon="13.64594">
        <ele>96.9</ele>
      </trkpt>
      <trkpt lat="45.95645" lon="13.64571">
        <ele>95.9</ele>
      </trkpt>
      <trkpt lat="45.95578" lon="13.64548">
        <ele>98.8</ele>
      </trkpt>
      <trkpt lat="45.95575" lon="13.64545">
        <ele>98.9</ele>
      </trkpt>
      <trkpt lat="45.95572" lon="13.6454">
        <ele>99.0</ele>
      </trkpt>
      <trkpt lat="45.95567" lon="13.64526">
        <ele>99.4</ele>
      </trkpt>
      <trkpt lat="45.95541" lon="13.6443">
        <ele>97.5</ele>
      </trkpt>
      <trkpt lat="45.95515" lon="13.64334">
        <ele>94.4</ele>
      </trkpt>
      <trkpt lat="45.95488" lon="13.64238">
        <ele>95.4</ele>
      </trkpt>
      <trkpt lat="45.95488" lon="13.64232">
        <ele>95.2</ele>
      </trkpt>
      <trkpt lat="45.95488" lon="13.64228">
        <ele>95.1</ele>
      </trkpt>
      <trkpt lat="45.9549" lon="13.64222">
        <ele>94.9</ele>
      </trkpt>
      <trkpt lat="45.95487" lon="13.64218">
        <ele>94.8</ele>
      </trkpt>
      <trkpt lat="45.95484" lon="13.64212">
        <ele>94.6</ele>
      </trkpt>
      <trkpt lat="45.95479" lon="13.64194">
        <ele>94.2</ele>
      </trkpt>
      <trkpt lat="45.95473" lon="13.64188">
        <ele>94.1</ele>
      </trkpt>
      <trkpt lat="45.95441" lon="13.64073">
        <ele>92.7</ele>
      </trkpt>
      <trkpt lat="45.95417" lon="13.63979">
        <ele>92.7</ele>
      </trkpt>
      <trkpt lat="45.95403" lon="13.63934">
        <ele>92.0</ele>
      </trkpt>
      <trkpt lat="45.95379" lon="13.63847">
        <ele>91.2</ele>
      </trkpt>
      <trkpt lat="45.95354" lon="13.6376">
        <ele>89.6</ele>
      </trkpt>
      <trkpt lat="45.95352" lon="13.63746">
        <ele>89.4</ele>
      </trkpt>
      <trkpt lat="45.95353" lon="13.63741">
        <ele>89.4</ele>
      </trkpt>
      <trkpt lat="45.95356" lon="13.63733">
        <ele>89.3</ele>
      </trkpt>
      <trkpt lat="45.95349" lon="13.63723">
        <ele>89.1</ele>
      </trkpt>
      <trkpt lat="45.95342" lon="13.637">
        <ele>89.0</ele>
      </trkpt>
      <trkpt lat="45.95332" lon="13.63674">
        <ele>89.0</ele>
      </trkpt>
      <trkpt lat="45.95319" lon="13.63628">
        <ele>89.7</ele>
      </trkpt>
      <trkpt lat="45.95301" lon="13.63562">
        <ele>89.6</ele>
      </trkpt>
      <trkpt lat="45.95283" lon="13.63496">
        <ele>88.2</ele>
      </trkpt>
      <trkpt lat="45.9528" lon="13.63492">
        <ele>88.2</ele>
      </trkpt>
      <trkpt lat="45.95277" lon="13.6348">
        <ele>88.2</ele>
      </trkpt>
      <trkpt lat="45.95272" lon="13.63467">
        <ele>88.2</ele>
      </trkpt>
      <trkpt lat="45.95271" lon="13.63463">
        <ele>88.2</ele>
      </trkpt>
      <trkpt lat="45.95272" lon="13.63456">
        <ele>88.1</ele>
      </trkpt>
      <trkpt lat="45.95263" lon="13.63461">
        <ele>88.3</ele>
      </trkpt>
      <trkpt lat="45.95257" lon="13.63465">
        <ele>88.4</ele>
      </trkpt>
      <trkpt lat="45.95254" lon="13.63465">
        <ele>88.5</ele>
      </trkpt>
      <trkpt lat="45.95197" lon="13.63442">
        <ele>90.0</ele>
      </trkpt>
      <trkpt lat="45.95141" lon="13.6342">
        <ele>90.3</ele>
      </trkpt>
      <trkpt lat="45.95074" lon="13.63397">
        <ele>90.7</ele>
      </trkpt>
      <trkpt lat="45.95007" lon="13.63374">
        <ele>91.1</ele>
      </trkpt>
      <trkpt lat="45.9494" lon="13.63351">
        <ele>91.5</ele>
      </trkpt>
      <trkpt lat="45.94932" lon="13.63348">
        <ele>91.6</ele>
      </trkpt>
      <trkpt lat="45.94891" lon="13.63339">
        <ele>91.9</ele>
      </trkpt>
      <trkpt lat="45.94834" lon="13.63339">
        <ele>88.2</ele>
      </trkpt>
      <trkpt lat="45.94809" lon="13.63342">
        <ele>88.7</ele>
      </trkpt>
      <trkpt lat="45.94779" lon="13.63349">
        <ele>89.1</ele>
      </trkpt>
      <trkpt lat="45.947" lon="13.63381">
        <ele>87.8</ele>
      </trkpt>
      <trkpt lat="45.94616" lon="13.63419">
        <ele>85.4</ele>
      </trkpt>
      <trkpt lat="45.94532" lon="13.63456">
        <ele>84.9</ele>
      </trkpt>
      <trkpt lat="45.94448" lon="13.63494">
        <ele>84.9</ele>
      </trkpt>
      <trkpt lat="45.94364" lon="13.63531">
        <ele>84.0</ele>
      </trkpt>
      <trkpt lat="45.9428" lon="13.63569">
        <ele>83.5</ele>
      </trkpt>
      <trkpt lat="45.94196" lon="13.63606">
        <ele>82.4</ele>
      </trkpt>
      <trkpt lat="45.94177" lon="13.63615">
        <ele>82.2</ele>
      </trkpt>
      <trkpt lat="45.94104" lon="13.63647">
        <ele>81.4</ele>
      </trkpt>
      <trkpt lat="45.94031" lon="13.63679">
        <ele>80.3</ele>
      </trkpt>
      <trkpt lat="45.94016" lon="13.63686">
        <ele>80.0</ele>
      </trkpt>
      <trkpt lat="45.93962" lon="13.6371">
        <ele>79.3</ele>
      </trkpt>
      <trkpt lat="45.93907" lon="13.63735">
        <ele>79.3</ele>
      </trkpt>
      <trkpt lat="45.93895" lon="13.63738">
        <ele>79.0</ele>
      </trkpt>
      <trkpt lat="45.93886" lon="13.63737">
        <ele>78.6</ele>
      </trkpt>
      <trkpt lat="45.93868" lon="13.63734">
        <ele>78.0</ele>
      </trkpt>
      <trkpt lat="45.93865" lon="13.63734">
        <ele>77.9</ele>
      </trkpt>
      <trkpt lat="45.9386" lon="13.63736">
        <ele>77.7</ele>
      </trkpt>
      <trkpt lat="45.93853" lon="13.63748">
        <ele>77.7</ele>
      </trkpt>
      <trkpt lat="45.93846" lon="13.63748">
        <ele>77.4</ele>
      </trkpt>
      <trkpt lat="45.93833" lon="13.63751">
        <ele>77.1</ele>
      </trkpt>
      <trkpt lat="45.93828" lon="13.63751">
        <ele>77.2</ele>
      </trkpt>
      <trkpt lat="45.93824" lon="13.63747">
        <ele>77.3</ele>
      </trkpt>
      <trkpt lat="45.93823" lon="13.63743">
        <ele>77.3</ele>
      </trkpt>
      <trkpt lat="45.93819" lon="13.63725">
        <ele>77.2</ele>
      </trkpt>
      <trkpt lat="45.93817" lon="13.63722">
        <ele>77.3</ele>
      </trkpt>
      <trkpt lat="45.93814" lon="13.63719">
        <ele>77.3</ele>
      </trkpt>
      <trkpt lat="45.93809" lon="13.63718">
        <ele>77.5</ele>
      </trkpt>
      <trkpt lat="45.93742" lon="13.63751">
        <ele>80.1</ele>
      </trkpt>
      <trkpt lat="45.93713" lon="13.63766">
        <ele>80.8</ele>
      </trkpt>
      <trkpt lat="45.93657" lon="13.63809">
        <ele>79.2</ele>
      </trkpt>
      <trkpt lat="45.93594" lon="13.63807">
        <ele>76.5</ele>
      </trkpt>
      <trkpt lat="45.9353" lon="13.63806">
        <ele>76.2</ele>
      </trkpt>
      <trkpt lat="45.93521" lon="13.63809">
        <ele>76.2</ele>
      </trkpt>
      <trkpt lat="45.93512" lon="13.63818">
        <ele>76.2</ele>
      </trkpt>
      <trkpt lat="45.93506" lon="13.63826">
        <ele>76.1</ele>
      </trkpt>
      <trkpt lat="45.93496" lon="13.63831">
        <ele>75.9</ele>
      </trkpt>
      <trkpt lat="45.93438" lon="13.63905">
        <ele>73.0</ele>
      </trkpt>
      <trkpt lat="45.93404" lon="13.63948">
        <ele>74.3</ele>
      </trkpt>
      <trkpt lat="45.934" lon="13.63956">
        <ele>74.8</ele>
      </trkpt>
      <trkpt lat="45.93399" lon="13.63964">
        <ele>75.2</ele>
      </trkpt>
      <trkpt lat="45.93396" lon="13.6397">
        <ele>75.5</ele>
      </trkpt>
      <trkpt lat="45.93393" lon="13.63977">
        <ele>75.8</ele>
      </trkpt>
      <trkpt lat="45.9337" lon="13.64003">
        <ele>75.8</ele>
      </trkpt>
      <trkpt lat="45.93367" lon="13.64008">
        <ele>75.8</ele>
      </trkpt>
      <trkpt lat="45.93367" lon="13.64014">
        <ele>75.8</ele>
      </trkpt>
      <trkpt lat="45.9336" lon="13.64009">
        <ele>75.8</ele>
      </trkpt>
      <trkpt lat="45.93345" lon="13.63994">
        <ele>75.8</ele>
      </trkpt>
      <trkpt lat="45.93309" lon="13.63974">
        <ele>75.9</ele>
      </trkpt>
      <trkpt lat="45.93302" lon="13.63977">
        <ele>75.7</ele>
      </trkpt>
      <trkpt lat="45.93296" lon="13.63975">
        <ele>75.7</ele>
      </trkpt>
      <trkpt lat="45.93292" lon="13.63966">
        <ele>75.8</ele>
      </trkpt>
      <trkpt lat="45.93259" lon="13.63942">
        <ele>76.2</ele>
      </trkpt>
      <trkpt lat="45.93245" lon="13.6393">
        <ele>76.4</ele>
      </trkpt>
      <trkpt lat="45.9325" lon="13.63919">
        <ele>76.9</ele>
      </trkpt>
      <trkpt lat="45.93206" lon="13.63877">
        <ele>75.5</ele>
      </trkpt>
      <trkpt lat="45.93146" lon="13.63812">
        <ele>74.6</ele>
      </trkpt>
      <trkpt lat="45.9312" lon="13.63768">
        <ele>75.8</ele>
      </trkpt>
      <trkpt lat="45.93138" lon="13.63749">
        <ele>75.7</ele>
      </trkpt>
      <trkpt lat="45.93129" lon="13.63737">
        <ele>75.6</ele>
      </trkpt>
      <trkpt lat="45.931" lon="13.6369">
        <ele>74.3</ele>
      </trkpt>
      <trkpt lat="45.9308" lon="13.63661">
        <ele>73.1</ele>
      </trkpt>
      <trkpt lat="45.9304" lon="13.63614">
        <ele>72.9</ele>
      </trkpt>
      <trkpt lat="45.92969" lon="13.63535">
        <ele>71.8</ele>
      </trkpt>
      <trkpt lat="45.92945" lon="13.63496">
        <ele>72.5</ele>
      </trkpt>
      <trkpt lat="45.9292" lon="13.63451">
        <ele>70.7</ele>
      </trkpt>
      <trkpt lat="45.9287" lon="13.63349">
        <ele>71.3</ele>
      </trkpt>
      <trkpt lat="45.92819" lon="13.63248">
        <ele>73.2</ele>
      </trkpt>
      <trkpt lat="45.92776" lon="13.6317">
        <ele>69.8</ele>
      </trkpt>
      <trkpt lat="45.92742" lon="13.63121">
        <ele>69.9</ele>
      </trkpt>
      <trkpt lat="45.92706" lon="13.63075">
        <ele>68.9</ele>
      </trkpt>
      <trkpt lat="45.92692" lon="13.63061">
        <ele>68.5</ele>
      </trkpt>
      <trkpt lat="45.92679" lon="13.6304">
        <ele>67.9</ele>
      </trkpt>
      <trkpt lat="45.92678" lon="13.63035">
        <ele>67.9</ele>
      </trkpt>
      <trkpt lat="45.92677" lon="13.63031">
        <ele>67.8</ele>
      </trkpt>
      <trkpt lat="45.92674" lon="13.63028">
        <ele>67.6</ele>
      </trkpt>
      <trkpt lat="45.92671" lon="13.63026">
        <ele>67.5</ele>
      </trkpt>
      <trkpt lat="45.92668" lon="13.63026">
        <ele>67.4</ele>
      </trkpt>
      <trkpt lat="45.92665" lon="13.63027">
        <ele>67.4</ele>
      </trkpt>
      <trkpt lat="45.92616" lon="13.62991">
        <ele>68.3</ele>
      </trkpt>
      <trkpt lat="45.9257" lon="13.62962">
        <ele>68.8</ele>
      </trkpt>
      <trkpt lat="45.92519" lon="13.62937">
        <ele>68.0</ele>
      </trkpt>
      <trkpt lat="45.92469" lon="13.6292">
        <ele>66.9</ele>
      </trkpt>
      <trkpt lat="45.92401" lon="13.62908">
        <ele>65.5</ele>
      </trkpt>
      <trkpt lat="45.92369" lon="13.62907">
        <ele>66.0</ele>
      </trkpt>
      <trkpt lat="45.92345" lon="13.62907">
        <ele>66.3</ele>
      </trkpt>
      <trkpt lat="45.92265" lon="13.62914">
        <ele>67.7</ele>
      </trkpt>
      <trkpt lat="45.9221" lon="13.62921">
        <ele>67.1</ele>
      </trkpt>
      <trkpt lat="45.92187" lon="13.62918">
        <ele>66.5</ele>
      </trkpt>
      <trkpt lat="45.92181" lon="13.62915">
        <ele>66.4</ele>
      </trkpt>
      <trkpt lat="45.92178" lon="13.62911">
        <ele>66.4</ele>
      </trkpt>
      <trkpt lat="45.92175" lon="13.62909">
        <ele>66.4</ele>
      </trkpt>
      <trkpt lat="45.92171" lon="13.62907">
        <ele>66.3</ele>
      </trkpt>
      <trkpt lat="45.92168" lon="13.62908">
        <ele>66.2</ele>
      </trkpt>
      <trkpt lat="45.92164" lon="13.62909">
        <ele>66.2</ele>
      </trkpt>
      <trkpt lat="45.92154" lon="13.62921">
        <ele>65.9</ele>
      </trkpt>
      <trkpt lat="45.92148" lon="13.62924">
        <ele>65.9</ele>
      </trkpt>
      <trkpt lat="45.92134" lon="13.62929">
        <ele>65.8</ele>
      </trkpt>
      <trkpt lat="45.92086" lon="13.62934">
        <ele>65.2</ele>
      </trkpt>
      <trkpt lat="45.92038" lon="13.6294">
        <ele>64.8</ele>
      </trkpt>
      <trkpt lat="45.91968" lon="13.62949">
        <ele>64.0</ele>
      </trkpt>
      <trkpt lat="45.91885" lon="13.62957">
        <ele>64.3</ele>
      </trkpt>
      <trkpt lat="45.91841" lon="13.62958">
        <ele>65.3</ele>
      </trkpt>
      <trkpt lat="45.91827" lon="13.62951">
        <ele>65.2</ele>
      </trkpt>
      <trkpt lat="45.91827" lon="13.62941">
        <ele>65.1</ele>
      </trkpt>
      <trkpt lat="45.91814" lon="13.62932">
        <ele>64.7</ele>
      </trkpt>
      <trkpt lat="45.91808" lon="13.62925">
        <ele>64.5</ele>
      </trkpt>
      <trkpt lat="45.91804" lon="13.62913">
        <ele>64.2</ele>
      </trkpt>
      <trkpt lat="45.91802" lon="13.62901">
        <ele>63.8</ele>
      </trkpt>
      <trkpt lat="45.91778" lon="13.62903">
        <ele>63.4</ele>
      </trkpt>
      <trkpt lat="45.91774" lon="13.62919">
        <ele>63.6</ele>
      </trkpt>
      <trkpt lat="45.91766" lon="13.62929">
        <ele>63.4</ele>
      </trkpt>
      <trkpt lat="45.91756" lon="13.62934">
        <ele>63.2</ele>
      </trkpt>
      <trkpt lat="45.91747" lon="13.62935">
        <ele>63.0</ele>
      </trkpt>
      <trkpt lat="45.91661" lon="13.62913">
        <ele>63.8</ele>
      </trkpt>
      <trkpt lat="45.91599" lon="13.62892">
        <ele>62.0</ele>
      </trkpt>
      <trkpt lat="45.91537" lon="13.6287">
        <ele>62.6</ele>
      </trkpt>
      <trkpt lat="45.9149" lon="13.62856">
        <ele>63.1</ele>
      </trkpt>
      <trkpt lat="45.91444" lon="13.62841">
        <ele>63.7</ele>
      </trkpt>
      <trkpt lat="45.91414" lon="13.6283">
        <ele>63.8</ele>
      </trkpt>
      <trkpt lat="45.91338" lon="13.6281">
        <ele>62.5</ele>
      </trkpt>
      <trkpt lat="45.91287" lon="13.62793">
        <ele>61.4</ele>
      </trkpt>
      <trkpt lat="45.91237" lon="13.62777">
        <ele>60.6</ele>
      </trkpt>
      <trkpt lat="45.91157" lon="13.62755">
        <ele>57.3</ele>
      </trkpt>
      <trkpt lat="45.9108" lon="13.62724">
        <ele>56.4</ele>
      </trkpt>
      <trkpt lat="45.91032" lon="13.62698">
        <ele>55.0</ele>
      </trkpt>
      <trkpt lat="45.91018" lon="13.62688">
        <ele>54.8</ele>
      </trkpt>
      <trkpt lat="45.9101" lon="13.62673">
        <ele>55.2</ele>
      </trkpt>
      <trkpt lat="45.91006" lon="13.62672">
        <ele>55.0</ele>
      </trkpt>
      <trkpt lat="45.90992" lon="13.62673">
        <ele>55.0</ele>
      </trkpt>
      <trkpt lat="45.90987" lon="13.62672">
        <ele>55.3</ele>
      </trkpt>
      <trkpt lat="45.90918" lon="13.62642">
        <ele>58.7</ele>
      </trkpt>
      <trkpt lat="45.90877" lon="13.62622">
        <ele>58.0</ele>
      </trkpt>
      <trkpt lat="45.90845" lon="13.62605">
        <ele>57.0</ele>
      </trkpt>
      <trkpt lat="45.90819" lon="13.62586">
        <ele>56.2</ele>
      </trkpt>
      <trkpt lat="45.9081" lon="13.62579">
        <ele>56.2</ele>
      </trkpt>
      <trkpt lat="45.90803" lon="13.6257">
        <ele>56.1</ele>
      </trkpt>
      <trkpt lat="45.90801" lon="13.62567">
        <ele>56.1</ele>
      </trkpt>
      <trkpt lat="45.908" lon="13.62562">
        <ele>56.0</ele>
      </trkpt>
      <trkpt lat="45.90801" lon="13.62558">
        <ele>55.9</ele>
      </trkpt>
      <trkpt lat="45.90806" lon="13.62539">
        <ele>55.4</ele>
      </trkpt>
      <trkpt lat="45.90808" lon="13.6253">
        <ele>55.2</ele>
      </trkpt>
      <trkpt lat="45.90808" lon="13.62524">
        <ele>55.1</ele>
      </trkpt>
      <trkpt lat="45.90808" lon="13.62517">
        <ele>55.0</ele>
      </trkpt>
      <trkpt lat="45.90805" lon="13.62511">
        <ele>54.9</ele>
      </trkpt>
      <trkpt lat="45.90755" lon="13.62444">
        <ele>54.1</ele>
      </trkpt>
      <trkpt lat="45.90749" lon="13.62438">
        <ele>53.7</ele>
      </trkpt>
      <trkpt lat="45.90745" lon="13.62436">
        <ele>53.5</ele>
      </trkpt>
      <trkpt lat="45.90754" lon="13.62368">
        <ele>52.7</ele>
      </trkpt>
      <trkpt lat="45.90762" lon="13.623">
        <ele>51.9</ele>
      </trkpt>
      <trkpt lat="45.90775" lon="13.62186">
        <ele>51.2</ele>
      </trkpt>
      <trkpt lat="45.90782" lon="13.62127">
        <ele>52.2</ele>
      </trkpt>
      <trkpt lat="45.90792" lon="13.62041">
        <ele>54.5</ele>
      </trkpt>
      <trkpt lat="45.90802" lon="13.61955">
        <ele>56.8</ele>
      </trkpt>
      <trkpt lat="45.90813" lon="13.61863">
        <ele>57.5</ele>
      </trkpt>
      <trkpt lat="45.90825" lon="13.61771">
        <ele>59.4</ele>
      </trkpt>
      <trkpt lat="45.90826" lon="13.61743">
        <ele>60.1</ele>
      </trkpt>
      <trkpt lat="45.9082" lon="13.61732">
        <ele>60.1</ele>
      </trkpt>
      <trkpt lat="45.90811" lon="13.61726">
        <ele>60.0</ele>
      </trkpt>
      <trkpt lat="45.90795" lon="13.6172">
        <ele>60.0</ele>
      </trkpt>
      <trkpt lat="45.90757" lon="13.61714">
        <ele>59.7</ele>
      </trkpt>
      <trkpt lat="45.90689" lon="13.61694">
        <ele>56.8</ele>
      </trkpt>
      <trkpt lat="45.9061" lon="13.61683">
        <ele>55.9</ele>
      </trkpt>
      <trkpt lat="45.90532" lon="13.61681">
        <ele>54.8</ele>
      </trkpt>
      <trkpt lat="45.90498" lon="13.61679">
        <ele>54.2</ele>
      </trkpt>
      <trkpt lat="45.90447" lon="13.61673">
        <ele>52.1</ele>
      </trkpt>
      <trkpt lat="45.90437" lon="13.61665">
        <ele>52.1</ele>
      </trkpt>
      <trkpt lat="45.90431" lon="13.61657">
        <ele>52.1</ele>
      </trkpt>
      <trkpt lat="45.90384" lon="13.61566">
        <ele>53.0</ele>
      </trkpt>
      <trkpt lat="45.90366" lon="13.61528">
        <ele>53.8</ele>
      </trkpt>
      <trkpt lat="45.90363" lon="13.61523">
        <ele>54.0</ele>
      </trkpt>
      <trkpt lat="45.90353" lon="13.61519">
        <ele>54.0</ele>
      </trkpt>
      <trkpt lat="45.90309" lon="13.61523">
        <ele>52.5</ele>
      </trkpt>
      <trkpt lat="45.90257" lon="13.61521">
        <ele>51.4</ele>
      </trkpt>
      <trkpt lat="45.90204" lon="13.6152">
        <ele>49.1</ele>
      </trkpt>
      <trkpt lat="45.90156" lon="13.6152">
        <ele>46.7</ele>
      </trkpt>
      <trkpt lat="45.90151" lon="13.61516">
        <ele>46.6</ele>
      </trkpt>
      <trkpt lat="45.90148" lon="13.61511">
        <ele>46.6</ele>
      </trkpt>
      <trkpt lat="45.90146" lon="13.61503">
        <ele>46.7</ele>
      </trkpt>
      <trkpt lat="45.90144" lon="13.61405">
        <ele>49.9</ele>
      </trkpt>
      <trkpt lat="45.90141" lon="13.61393">
        <ele>50.5</ele>
      </trkpt>
      <trkpt lat="45.90139" lon="13.61387">
        <ele>50.8</ele>
      </trkpt>
      <trkpt lat="45.90135" lon="13.61383">
        <ele>50.9</ele>
      </trkpt>
      <trkpt lat="45.90128" lon="13.61379">
        <ele>51.0</ele>
      </trkpt>
      <trkpt lat="45.90116" lon="13.61377">
        <ele>50.9</ele>
      </trkpt>
      <trkpt lat="45.90031" lon="13.61371">
        <ele>51.1</ele>
      </trkpt>
      <trkpt lat="45.89989" lon="13.61369">
        <ele>51.2</ele>
      </trkpt>
      <trkpt lat="45.89939" lon="13.61364">
        <ele>50.2</ele>
      </trkpt>
      <trkpt lat="45.8989" lon="13.6136">
        <ele>51.1</ele>
      </trkpt>
      <trkpt lat="45.89874" lon="13.61357">
        <ele>51.9</ele>
      </trkpt>
      <trkpt lat="45.8987" lon="13.61353">
        <ele>52.1</ele>
      </trkpt>
      <trkpt lat="45.89869" lon="13.61348">
        <ele>52.2</ele>
      </trkpt>
      <trkpt lat="45.89868" lon="13.61339">
        <ele>52.3</ele>
      </trkpt>
      <trkpt lat="45.89863" lon="13.61337">
        <ele>52.6</ele>
      </trkpt>
      <trkpt lat="45.89866" lon="13.6126">
        <ele>52.4</ele>
      </trkpt>
      <trkpt lat="45.89864" lon="13.61174">
        <ele>53.5</ele>
      </trkpt>
      <trkpt lat="45.89862" lon="13.61089">
        <ele>52.4</ele>
      </trkpt>
      <trkpt lat="45.89862" lon="13.61024">
        <ele>52.8</ele>
      </trkpt>
      <trkpt lat="45.89862" lon="13.60959">
        <ele>54.3</ele>
      </trkpt>
      <trkpt lat="45.89863" lon="13.60943">
        <ele>54.9</ele>
      </trkpt>
      <trkpt lat="45.89863" lon="13.6093">
        <ele>55.3</ele>
      </trkpt>
      <trkpt lat="45.89865" lon="13.609">
        <ele>55.2</ele>
      </trkpt>
      <trkpt lat="45.89863" lon="13.60886">
        <ele>54.6</ele>
      </trkpt>
      <trkpt lat="45.8986" lon="13.60872">
        <ele>54.0</ele>
      </trkpt>
      <trkpt lat="45.89863" lon="13.60866">
        <ele>53.9</ele>
      </trkpt>
      <trkpt lat="45.89863" lon="13.60861">
        <ele>53.7</ele>
      </trkpt>
      <trkpt lat="45.89862" lon="13.60857">
        <ele>53.5</ele>
      </trkpt>
      <trkpt lat="45.89857" lon="13.60851">
        <ele>53.2</ele>
      </trkpt>
      <trkpt lat="45.89854" lon="13.6085">
        <ele>53.1</ele>
      </trkpt>
      <trkpt lat="45.89851" lon="13.6085">
        <ele>53.0</ele>
      </trkpt>
      <trkpt lat="45.89848" lon="13.60853">
        <ele>53.1</ele>
      </trkpt>
      <trkpt lat="45.89846" lon="13.60856">
        <ele>53.1</ele>
      </trkpt>
      <trkpt lat="45.89838" lon="13.60858">
        <ele>53.0</ele>
      </trkpt>
      <trkpt lat="45.89822" lon="13.6086">
        <ele>52.7</ele>
      </trkpt>
      <trkpt lat="45.89746" lon="13.60845">
        <ele>50.5</ele>
      </trkpt>
      <trkpt lat="45.89671" lon="13.60831">
        <ele>51.9</ele>
      </trkpt>
      <trkpt lat="45.8961" lon="13.6082">
        <ele>51.5</ele>
      </trkpt>
      <trkpt lat="45.89565" lon="13.60807">
        <ele>50.1</ele>
      </trkpt>
      <trkpt lat="45.8955" lon="13.60811">
        <ele>49.1</ele>
      </trkpt>
      <trkpt lat="45.89521" lon="13.60829">
        <ele>47.2</ele>
      </trkpt>
      <trkpt lat="45.89504" lon="13.60836">
        <ele>46.2</ele>
      </trkpt>
      <trkpt lat="45.89456" lon="13.60845">
        <ele>45.4</ele>
      </trkpt>
      <trkpt lat="45.89445" lon="13.60846">
        <ele>45.2</ele>
      </trkpt>
      <trkpt lat="45.89385" lon="13.60849">
        <ele>44.3</ele>
      </trkpt>
      <trkpt lat="45.89379" lon="13.60849">
        <ele>44.2</ele>
      </trkpt>
      <trkpt lat="45.89365" lon="13.6084">
        <ele>44.0</ele>
      </trkpt>
      <trkpt lat="45.89342" lon="13.60812">
        <ele>43.3</ele>
      </trkpt>
      <trkpt lat="45.89298" lon="13.60752">
        <ele>42.8</ele>
      </trkpt>
      <trkpt lat="45.89253" lon="13.60693">
        <ele>42.9</ele>
      </trkpt>
      <trkpt lat="45.89228" lon="13.60658">
        <ele>42.8</ele>
      </trkpt>
      <trkpt lat="45.8921" lon="13.60621">
        <ele>44.0</ele>
      </trkpt>
      <trkpt lat="45.89197" lon="13.60589">
        <ele>45.1</ele>
      </trkpt>
      <trkpt lat="45.89174" lon="13.60529">
        <ele>45.1</ele>
      </trkpt>
      <trkpt lat="45.89159" lon="13.6049">
        <ele>44.8</ele>
      </trkpt>
      <trkpt lat="45.89122" lon="13.60417">
        <ele>44.2</ele>
      </trkpt>
      <trkpt lat="45.89084" lon="13.60343">
        <ele>45.2</ele>
      </trkpt>
      <trkpt lat="45.89072" lon="13.60326">
        <ele>45.2</ele>
      </trkpt>
      <trkpt lat="45.89058" lon="13.60317">
        <ele>45.5</ele>
      </trkpt>
      <trkpt lat="45.89049" lon="13.60316">
        <ele>45.9</ele>
      </trkpt>
      <trkpt lat="45.8904" lon="13.60317">
        <ele>46.3</ele>
      </trkpt>
      <trkpt lat="45.88995" lon="13.60333">
        <ele>47.7</ele>
      </trkpt>
      <trkpt lat="45.88985" lon="13.60334">
        <ele>47.1</ele>
      </trkpt>
      <trkpt lat="45.88967" lon="13.60333">
        <ele>46.0</ele>
      </trkpt>
      <trkpt lat="45.8894" lon="13.60327">
        <ele>44.6</ele>
      </trkpt>
      <trkpt lat="45.8891" lon="13.60318">
        <ele>43.6</ele>
      </trkpt>
      <trkpt lat="45.88893" lon="13.60304">
        <ele>43.8</ele>
      </trkpt>
      <trkpt lat="45.88881" lon="13.60289">
        <ele>44.0</ele>
      </trkpt>
      <trkpt lat="45.88866" lon="13.60266">
        <ele>44.1</ele>
      </trkpt>
      <trkpt lat="45.88859" lon="13.60256">
        <ele>44.1</ele>
      </trkpt>
      <trkpt lat="45.88851" lon="13.60248">
        <ele>43.9</ele>
      </trkpt>
      <trkpt lat="45.88843" lon="13.60241">
        <ele>43.7</ele>
      </trkpt>
      <trkpt lat="45.88827" lon="13.60231">
        <ele>43.6</ele>
      </trkpt>
      <trkpt lat="45.88792" lon="13.60218">
        <ele>44.8</ele>
      </trkpt>
      <trkpt lat="45.88734" lon="13.60198">
        <ele>46.6</ele>
      </trkpt>
      <trkpt lat="45.88726" lon="13.60194">
        <ele>46.9</ele>
      </trkpt>
      <trkpt lat="45.88714" lon="13.60183">
        <ele>47.5</ele>
      </trkpt>
      <trkpt lat="45.88706" lon="13.60172">
        <ele>47.9</ele>
      </trkpt>
      <trkpt lat="45.88673" lon="13.60099">
        <ele>47.9</ele>
      </trkpt>
      <trkpt lat="45.8865" lon="13.60056">
        <ele>45.8</ele>
      </trkpt>
      <trkpt lat="45.88635" lon="13.60039">
        <ele>44.7</ele>
      </trkpt>
      <trkpt lat="45.88627" lon="13.60032">
        <ele>44.4</ele>
      </trkpt>
      <trkpt lat="45.88618" lon="13.60025">
        <ele>44.2</ele>
      </trkpt>
      <trkpt lat="45.88609" lon="13.60022">
        <ele>44.2</ele>
      </trkpt>
      <trkpt lat="45.88552" lon="13.60006">
        <ele>46.1</ele>
      </trkpt>
      <trkpt lat="45.88507" lon="13.59997">
        <ele>48.4</ele>
      </trkpt>
      <trkpt lat="45.88451" lon="13.59989">
        <ele>47.8</ele>
      </trkpt>
      <trkpt lat="45.88395" lon="13.59981">
        <ele>49.1</ele>
      </trkpt>
      <trkpt lat="45.88378" lon="13.59979">
        <ele>50.8</ele>
      </trkpt>
      <trkpt lat="45.88364" lon="13.59981">
        <ele>52.3</ele>
      </trkpt>
      <trkpt lat="45.88355" lon="13.59985">
        <ele>53.2</ele>
      </trkpt>
      <trkpt lat="45.88343" lon="13.59995">
        <ele>54.3</ele>
      </trkpt>
      <trkpt lat="45.88331" lon="13.60009">
        <ele>55.3</ele>
      </trkpt>
      <trkpt lat="45.88287" lon="13.60064">
        <ele>62.9</ele>
      </trkpt>
      <trkpt lat="45.88243" lon="13.60119">
        <ele>69.0</ele>
      </trkpt>
      <trkpt lat="45.88233" lon="13.60129">
        <ele>70.5</ele>
      </trkpt>
      <trkpt lat="45.88182" lon="13.60173">
        <ele>76.4</ele>
      </trkpt>
      <trkpt lat="45.88173" lon="13.60183">
        <ele>77.2</ele>
      </trkpt>
      <trkpt lat="45.88127" lon="13.60248">
        <ele>83.7</ele>
      </trkpt>
      <trkpt lat="45.88096" lon="13.60295">
        <ele>86.1</ele>
      </trkpt>
      <trkpt lat="45.8806" lon="13.60353">
        <ele>89.8</ele>
      </trkpt>
      <trkpt lat="45.88055" lon="13.60358">
        <ele>91.0</ele>
      </trkpt>
      <trkpt lat="45.88049" lon="13.60358">
        <ele>92.8</ele>
      </trkpt>
      <trkpt lat="45.88044" lon="13.60355">
        <ele>94.6</ele>
      </trkpt>
      <trkpt lat="45.88041" lon="13.6035">
        <ele>95.9</ele>
      </trkpt>
      <trkpt lat="45.8804" lon="13.60343">
        <ele>96.8</ele>
      </trkpt>
      <trkpt lat="45.88041" lon="13.60336">
        <ele>97.0</ele>
      </trkpt>
      <trkpt lat="45.88043" lon="13.60331">
        <ele>96.8</ele>
      </trkpt>
      <trkpt lat="45.88058" lon="13.60306">
        <ele>94.7</ele>
      </trkpt>
      <trkpt lat="45.88062" lon="13.60297">
        <ele>94.5</ele>
      </trkpt>
      <trkpt lat="45.88067" lon="13.60286">
        <ele>94.2</ele>
      </trkpt>
      <trkpt lat="45.8808" lon="13.60234">
        <ele>96.2</ele>
      </trkpt>
      <trkpt lat="45.88108" lon="13.60117">
        <ele>96.7</ele>
      </trkpt>
      <trkpt lat="45.88113" lon="13.60095">
        <ele>96.7</ele>
      </trkpt>
      <trkpt lat="45.88113" lon="13.60084">
        <ele>97.3</ele>
      </trkpt>
      <trkpt lat="45.88113" lon="13.60067">
        <ele>98.5</ele>
      </trkpt>
      <trkpt lat="45.88106" lon="13.59988">
        <ele>105.5</ele>
      </trkpt>
      <trkpt lat="45.88099" lon="13.59908">
        <ele>110.0</ele>
      </trkpt>
      <trkpt lat="45.88093" lon="13.59827">
        <ele>117.0</ele>
      </trkpt>
      <trkpt lat="45.88087" lon="13.59746">
        <ele>122.4</ele>
      </trkpt>
      <trkpt lat="45.88087" lon="13.59732">
        <ele>123.6</ele>
      </trkpt>
      <trkpt lat="45.88089" lon="13.59703">
        <ele>125.5</ele>
      </trkpt>
      <trkpt lat="45.88097" lon="13.5962">
        <ele>126.6</ele>
      </trkpt>
      <trkpt lat="45.88096" lon="13.59611">
        <ele>126.9</ele>
      </trkpt>
      <trkpt lat="45.88094" lon="13.59607">
        <ele>127.4</ele>
      </trkpt>
      <trkpt lat="45.88093" lon="13.59604">
        <ele>127.7</ele>
      </trkpt>
      <trkpt lat="45.8809" lon="13.59602">
        <ele>128.4</ele>
      </trkpt>
      <trkpt lat="45.88083" lon="13.596">
        <ele>130.1</ele>
      </trkpt>
      <trkpt lat="45.88079" lon="13.59602">
        <ele>131.4</ele>
      </trkpt>
      <trkpt lat="45.88076" lon="13.59606">
        <ele>132.4</ele>
      </trkpt>
      <trkpt lat="45.88073" lon="13.59612">
        <ele>133.3</ele>
      </trkpt>
      <trkpt lat="45.88072" lon="13.59621">
        <ele>133.6</ele>
      </trkpt>
      <trkpt lat="45.88068" lon="13.59667">
        <ele>134.4</ele>
      </trkpt>
      <trkpt lat="45.88065" lon="13.59696">
        <ele>133.1</ele>
      </trkpt>
      <trkpt lat="45.88061" lon="13.59718">
        <ele>132.8</ele>
      </trkpt>
      <trkpt lat="45.88057" lon="13.59733">
        <ele>133.0</ele>
      </trkpt>
      <trkpt lat="45.88034" lon="13.59799">
        <ele>136.5</ele>
      </trkpt>
      <trkpt lat="45.88011" lon="13.59866">
        <ele>139.6</ele>
      </trkpt>
      <trkpt lat="45.87998" lon="13.59905">
        <ele>141.3</ele>
      </trkpt>
      <trkpt lat="45.87976" lon="13.59977">
        <ele>143.0</ele>
      </trkpt>
      <trkpt lat="45.87954" lon="13.60049">
        <ele>145.7</ele>
      </trkpt>
      <trkpt lat="45.87931" lon="13.60119">
        <ele>147.6</ele>
      </trkpt>
      <trkpt lat="45.87908" lon="13.60188">
        <ele>148.9</ele>
      </trkpt>
      <trkpt lat="45.87893" lon="13.60235">
        <ele>150.1</ele>
      </trkpt>
      <trkpt lat="45.8789" lon="13.60242">
        <ele>150.6</ele>
      </trkpt>
      <trkpt lat="45.87882" lon="13.60252">
        <ele>152.9</ele>
      </trkpt>
      <trkpt lat="45.87877" lon="13.60253">
        <ele>154.7</ele>
      </trkpt>
      <trkpt lat="45.87872" lon="13.60251">
        <ele>156.6</ele>
      </trkpt>
      <trkpt lat="45.8787" lon="13.60246">
        <ele>157.7</ele>
      </trkpt>
      <trkpt lat="45.87868" lon="13.60236">
        <ele>159.2</ele>
      </trkpt>
      <trkpt lat="45.87868" lon="13.60231">
        <ele>159.5</ele>
      </trkpt>
      <trkpt lat="45.87872" lon="13.6021">
        <ele>159.7</ele>
      </trkpt>
      <trkpt lat="45.87896" lon="13.60106">
        <ele>159.7</ele>
      </trkpt>
      <trkpt lat="45.87901" lon="13.60072">
        <ele>160.6</ele>
      </trkpt>
      <trkpt lat="45.87902" lon="13.60024">
        <ele>163.1</ele>
      </trkpt>
      <trkpt lat="45.879" lon="13.59947">
        <ele>167.6</ele>
      </trkpt>
      <trkpt lat="45.87899" lon="13.5987">
        <ele>171.7</ele>
      </trkpt>
      <trkpt lat="45.87899" lon="13.59831">
        <ele>173.8</ele>
      </trkpt>
      <trkpt lat="45.87899" lon="13.59831">
        <ele>173.8</ele>
      </trkpt>
      <trkpt lat="45.879" lon="13.5973">
        <ele>178.1</ele>
      </trkpt>
      <trkpt lat="45.87901" lon="13.5963">
        <ele>181.5</ele>
      </trkpt>
      <trkpt lat="45.87898" lon="13.59595">
        <ele>183.2</ele>
      </trkpt>
      <trkpt lat="45.87887" lon="13.59502">
        <ele>189.0</ele>
      </trkpt>
      <trkpt lat="45.87884" lon="13.59483">
        <ele>190.3</ele>
      </trkpt>
      <trkpt lat="45.8788" lon="13.5947">
        <ele>191.5</ele>
      </trkpt>
      <trkpt lat="45.87872" lon="13.59455">
        <ele>193.4</ele>
      </trkpt>
      <trkpt lat="45.87814" lon="13.59374">
        <ele>201.0</ele>
      </trkpt>
      <trkpt lat="45.87795" lon="13.59358">
        <ele>201.2</ele>
      </trkpt>
      <trkpt lat="45.87777" lon="13.5935">
        <ele>201.2</ele>
      </trkpt>
      <trkpt lat="45.8776" lon="13.59346">
        <ele>201.1</ele>
      </trkpt>
      <trkpt lat="45.87755" lon="13.59345">
        <ele>201.0</ele>
      </trkpt>
      <trkpt lat="45.87739" lon="13.5935">
        <ele>201.0</ele>
      </trkpt>
      <trkpt lat="45.87733" lon="13.59354">
        <ele>200.9</ele>
      </trkpt>
      <trkpt lat="45.87711" lon="13.59373">
        <ele>200.8</ele>
      </trkpt>
      <trkpt lat="45.87654" lon="13.59429">
        <ele>199.9</ele>
      </trkpt>
      <trkpt lat="45.87618" lon="13.59473">
        <ele>199.7</ele>
      </trkpt>
      <trkpt lat="45.87568" lon="13.59538">
        <ele>199.8</ele>
      </trkpt>
      <trkpt lat="45.87557" lon="13.59549">
        <ele>199.9</ele>
      </trkpt>
      <trkpt lat="45.8754" lon="13.5956">
        <ele>199.9</ele>
      </trkpt>
      <trkpt lat="45.8753" lon="13.5956">
        <ele>200.1</ele>
      </trkpt>
      <trkpt lat="45.87523" lon="13.59558">
        <ele>200.2</ele>
      </trkpt>
      <trkpt lat="45.8751" lon="13.59551">
        <ele>200.6</ele>
      </trkpt>
      <trkpt lat="45.87497" lon="13.59542">
        <ele>201.2</ele>
      </trkpt>
      <trkpt lat="45.87482" lon="13.59526">
        <ele>202.4</ele>
      </trkpt>
      <trkpt lat="45.87452" lon="13.59488">
        <ele>203.9</ele>
      </trkpt>
      <trkpt lat="45.87404" lon="13.59423">
        <ele>204.3</ele>
      </trkpt>
      <trkpt lat="45.87376" lon="13.59377">
        <ele>204.5</ele>
      </trkpt>
      <trkpt lat="45.87356" lon="13.59331">
        <ele>204.0</ele>
      </trkpt>
      <trkpt lat="45.87348" lon="13.59338">
        <ele>205.0</ele>
      </trkpt>
      <trkpt lat="45.87333" lon="13.59353">
        <ele>207.0</ele>
      </trkpt>
      <trkpt lat="45.87328" lon="13.59364">
        <ele>208.0</ele>
      </trkpt>
      <trkpt lat="45.87322" lon="13.59395">
        <ele>209.9</ele>
      </trkpt>
      <trkpt lat="45.87312" lon="13.59459">
        <ele>213.3</ele>
      </trkpt>
      <trkpt lat="45.87312" lon="13.59486">
        <ele>214.4</ele>
      </trkpt>
      <trkpt lat="45.87316" lon="13.59538">
        <ele>213.7</ele>
      </trkpt>
      <trkpt lat="45.87313" lon="13.59618">
        <ele>213.5</ele>
      </trkpt>
      <trkpt lat="45.8731" lon="13.59698">
        <ele>215.7</ele>
      </trkpt>
      <trkpt lat="45.87306" lon="13.59747">
        <ele>216.3</ele>
      </trkpt>
      <trkpt lat="45.87307" lon="13.59753">
        <ele>216.6</ele>
      </trkpt>
      <trkpt lat="45.87308" lon="13.59758">
        <ele>216.9</ele>
      </trkpt>
      <trkpt lat="45.87313" lon="13.59768">
        <ele>217.8</ele>
      </trkpt>
      <trkpt lat="45.87317" lon="13.59772">
        <ele>218.3</ele>
      </trkpt>
      <trkpt lat="45.87324" lon="13.59776">
        <ele>219.1</ele>
      </trkpt>
      <trkpt lat="45.87334" lon="13.59778">
        <ele>220.0</ele>
      </trkpt>
      <trkpt lat="45.87364" lon="13.59779">
        <ele>218.7</ele>
      </trkpt>
      <trkpt lat="45.87371" lon="13.59781">
        <ele>218.5</ele>
      </trkpt>
      <trkpt lat="45.87377" lon="13.59786">
        <ele>218.6</ele>
      </trkpt>
      <trkpt lat="45.87385" lon="13.59799">
        <ele>219.1</ele>
      </trkpt>
      <trkpt lat="45.87387" lon="13.59804">
        <ele>219.4</ele>
      </trkpt>
      <trkpt lat="45.87386" lon="13.59815">
        <ele>220.2</ele>
      </trkpt>
      <trkpt lat="45.8738" lon="13.59831">
        <ele>221.3</ele>
      </trkpt>
      <trkpt lat="45.87337" lon="13.59901">
        <ele>227.7</ele>
      </trkpt>
      <trkpt lat="45.87297" lon="13.59959">
        <ele>231.0</ele>
      </trkpt>
      <trkpt lat="45.87258" lon="13.60019">
        <ele>234.4</ele>
      </trkpt>
      <trkpt lat="45.87248" lon="13.6004">
        <ele>235.9</ele>
      </trkpt>
      <trkpt lat="45.8724" lon="13.60063">
        <ele>238.0</ele>
      </trkpt>
      <trkpt lat="45.87233" lon="13.60087">
        <ele>239.7</ele>
      </trkpt>
      <trkpt lat="45.87221" lon="13.60145">
        <ele>241.5</ele>
      </trkpt>
      <trkpt lat="45.87218" lon="13.60167">
        <ele>242.1</ele>
      </trkpt>
      <trkpt lat="45.87211" lon="13.60239">
        <ele>247.7</ele>
      </trkpt>
      <trkpt lat="45.87207" lon="13.60259">
        <ele>248.7</ele>
      </trkpt>
      <trkpt lat="45.87201" lon="13.60268">
        <ele>248.7</ele>
      </trkpt>
      <trkpt lat="45.8719" lon="13.6028">
        <ele>248.6</ele>
      </trkpt>
      <trkpt lat="45.87166" lon="13.60297">
        <ele>248.3</ele>
      </trkpt>
      <trkpt lat="45.87155" lon="13.6031">
        <ele>249.1</ele>
      </trkpt>
      <trkpt lat="45.87145" lon="13.60327">
        <ele>250.0</ele>
      </trkpt>
      <trkpt lat="45.87115" lon="13.60408">
        <ele>251.7</ele>
      </trkpt>
      <trkpt lat="45.8709" lon="13.60472">
        <ele>253.6</ele>
      </trkpt>
      <trkpt lat="45.87065" lon="13.60537">
        <ele>255.7</ele>
      </trkpt>
      <trkpt lat="45.87059" lon="13.60553">
        <ele>256.5</ele>
      </trkpt>
      <trkpt lat="45.87055" lon="13.60572">
        <ele>257.3</ele>
      </trkpt>
      <trkpt lat="45.8705" lon="13.60632">
        <ele>259.5</ele>
      </trkpt>
      <trkpt lat="45.87046" lon="13.6065">
        <ele>260.1</ele>
      </trkpt>
      <trkpt lat="45.87042" lon="13.60661">
        <ele>260.4</ele>
      </trkpt>
      <trkpt lat="45.87037" lon="13.6067">
        <ele>260.5</ele>
      </trkpt>
      <trkpt lat="45.87025" lon="13.60678">
        <ele>260.4</ele>
      </trkpt>
      <trkpt lat="45.87013" lon="13.60685">
        <ele>260.3</ele>
      </trkpt>
      <trkpt lat="45.86982" lon="13.60701">
        <ele>259.6</ele>
      </trkpt>
      <trkpt lat="45.86973" lon="13.60704">
        <ele>259.3</ele>
      </trkpt>
      <trkpt lat="45.86962" lon="13.60704">
        <ele>259.0</ele>
      </trkpt>
      <trkpt lat="45.86907" lon="13.60688">
        <ele>259.1</ele>
      </trkpt>
      <trkpt lat="45.86901" lon="13.60688">
        <ele>259.3</ele>
      </trkpt>
      <trkpt lat="45.86894" lon="13.60691">
        <ele>259.5</ele>
      </trkpt>
      <trkpt lat="45.86883" lon="13.60698">
        <ele>259.7</ele>
      </trkpt>
      <trkpt lat="45.86854" lon="13.60719">
        <ele>260.7</ele>
      </trkpt>
      <trkpt lat="45.86838" lon="13.60734">
        <ele>261.7</ele>
      </trkpt>
      <trkpt lat="45.86829" lon="13.60747">
        <ele>262.2</ele>
      </trkpt>
      <trkpt lat="45.86814" lon="13.60793">
        <ele>261.7</ele>
      </trkpt>
      <trkpt lat="45.86809" lon="13.60834">
        <ele>260.8</ele>
      </trkpt>
      <trkpt lat="45.86805" lon="13.60845">
        <ele>260.6</ele>
      </trkpt>
      <trkpt lat="45.86797" lon="13.6085">
        <ele>260.6</ele>
      </trkpt>
      <trkpt lat="45.86781" lon="13.60852">
        <ele>261.1</ele>
      </trkpt>
      <trkpt lat="45.86721" lon="13.60843">
        <ele>263.8</ele>
      </trkpt>
      <trkpt lat="45.86704" lon="13.60848">
        <ele>264.5</ele>
      </trkpt>
      <trkpt lat="45.86692" lon="13.60861">
        <ele>265.1</ele>
      </trkpt>
      <trkpt lat="45.86651" lon="13.60945">
        <ele>270.2</ele>
      </trkpt>
      <trkpt lat="45.86642" lon="13.60951">
        <ele>270.8</ele>
      </trkpt>
      <trkpt lat="45.86606" lon="13.60964">
        <ele>272.6</ele>
      </trkpt>
      <trkpt lat="45.8658" lon="13.60981">
        <ele>274.0</ele>
      </trkpt>
      <trkpt lat="45.86569" lon="13.60961">
        <ele>272.8</ele>
      </trkpt>
      <trkpt lat="45.86552" lon="13.60913">
        <ele>270.1</ele>
      </trkpt>
      <trkpt lat="45.86544" lon="13.60884">
        <ele>268.7</ele>
      </trkpt>
      <trkpt lat="45.86531" lon="13.60825">
        <ele>266.3</ele>
      </trkpt>
      <trkpt lat="45.86527" lon="13.60797">
        <ele>265.4</ele>
      </trkpt>
      <trkpt lat="45.86508" lon="13.60722">
        <ele>261.8</ele>
      </trkpt>
      <trkpt lat="45.86497" lon="13.60671">
        <ele>259.0</ele>
      </trkpt>
      <trkpt lat="45.86497" lon="13.6064">
        <ele>257.5</ele>
      </trkpt>
      <trkpt lat="45.86495" lon="13.6061">
        <ele>255.9</ele>
      </trkpt>
      <trkpt lat="45.8648" lon="13.60549">
        <ele>252.7</ele>
      </trkpt>
      <trkpt lat="45.86477" lon="13.60542">
        <ele>252.2</ele>
      </trkpt>
      <trkpt lat="45.86471" lon="13.6054">
        <ele>251.5</ele>
      </trkpt>
      <trkpt lat="45.86415" lon="13.60552">
        <ele>246.6</ele>
      </trkpt>
      <trkpt lat="45.86371" lon="13.60556">
        <ele>242.5</ele>
      </trkpt>
      <trkpt lat="45.86319" lon="13.6055">
        <ele>237.2</ele>
      </trkpt>
      <trkpt lat="45.86308" lon="13.60545">
        <ele>236.0</ele>
      </trkpt>
      <trkpt lat="45.86288" lon="13.60525">
        <ele>232.7</ele>
      </trkpt>
      <trkpt lat="45.86247" lon="13.60479">
        <ele>225.7</ele>
      </trkpt>
      <trkpt lat="45.86241" lon="13.60475">
        <ele>225.1</ele>
      </trkpt>
      <trkpt lat="45.86235" lon="13.60473">
        <ele>224.8</ele>
      </trkpt>
      <trkpt lat="45.86219" lon="13.60471">
        <ele>224.3</ele>
      </trkpt>
      <trkpt lat="45.86196" lon="13.6047">
        <ele>223.8</ele>
      </trkpt>
      <trkpt lat="45.86191" lon="13.6047">
        <ele>223.7</ele>
      </trkpt>
      <trkpt lat="45.86175" lon="13.60463">
        <ele>223.2</ele>
      </trkpt>
      <trkpt lat="45.86164" lon="13.6045">
        <ele>222.6</ele>
      </trkpt>
      <trkpt lat="45.86161" lon="13.60445">
        <ele>222.3</ele>
      </trkpt>
      <trkpt lat="45.86156" lon="13.60444">
        <ele>221.9</ele>
      </trkpt>
      <trkpt lat="45.86117" lon="13.60427">
        <ele>219.1</ele>
      </trkpt>
      <trkpt lat="45.86108" lon="13.60418">
        <ele>218.5</ele>
      </trkpt>
      <trkpt lat="45.86099" lon="13.60407">
        <ele>217.6</ele>
      </trkpt>
      <trkpt lat="45.86094" lon="13.60402">
        <ele>217.2</ele>
      </trkpt>
      <trkpt lat="45.86088" lon="13.60401">
        <ele>216.9</ele>
      </trkpt>
      <trkpt lat="45.86084" lon="13.60401">
        <ele>216.7</ele>
      </trkpt>
      <trkpt lat="45.86073" lon="13.60406">
        <ele>215.3</ele>
      </trkpt>
      <trkpt lat="45.86063" lon="13.6041">
        <ele>214.0</ele>
      </trkpt>
      <trkpt lat="45.86055" lon="13.60409">
        <ele>212.8</ele>
      </trkpt>
      <trkpt lat="45.86052" lon="13.60407">
        <ele>212.4</ele>
      </trkpt>
      <trkpt lat="45.8604" lon="13.60391">
        <ele>210.6</ele>
      </trkpt>
      <trkpt lat="45.86031" lon="13.60388">
        <ele>209.4</ele>
      </trkpt>
      <trkpt lat="45.86017" lon="13.60387">
        <ele>207.6</ele>
      </trkpt>
      <trkpt lat="45.85975" lon="13.60372">
        <ele>202.6</ele>
      </trkpt>
      <trkpt lat="45.85936" lon="13.60347">
        <ele>200.2</ele>
      </trkpt>
      <trkpt lat="45.85927" lon="13.60338">
        <ele>200.3</ele>
      </trkpt>
      <trkpt lat="45.85914" lon="13.60322">
        <ele>200.2</ele>
      </trkpt>
      <trkpt lat="45.85903" lon="13.60311">
        <ele>200.1</ele>
      </trkpt>
      <trkpt lat="45.8589" lon="13.60302">
        <ele>200.1</ele>
      </trkpt>
      <trkpt lat="45.85879" lon="13.60303">
        <ele>199.7</ele>
      </trkpt>
      <trkpt lat="45.8587" lon="13.60308">
        <ele>199.2</ele>
      </trkpt>
      <trkpt lat="45.85857" lon="13.60317">
        <ele>198.2</ele>
      </trkpt>
      <trkpt lat="45.85845" lon="13.60321">
        <ele>197.5</ele>
      </trkpt>
      <trkpt lat="45.85834" lon="13.60323">
        <ele>196.9</ele>
      </trkpt>
      <trkpt lat="45.85802" lon="13.60323">
        <ele>199.1</ele>
      </trkpt>
      <trkpt lat="45.85785" lon="13.60327">
        <ele>200.2</ele>
      </trkpt>
      <trkpt lat="45.85747" lon="13.60351">
        <ele>201.3</ele>
      </trkpt>
      <trkpt lat="45.85735" lon="13.6036">
        <ele>200.7</ele>
      </trkpt>
      <trkpt lat="45.85703" lon="13.60391">
        <ele>199.0</ele>
      </trkpt>
      <trkpt lat="45.85689" lon="13.60409">
        <ele>198.4</ele>
      </trkpt>
      <trkpt lat="45.85676" lon="13.60431">
        <ele>198.5</ele>
      </trkpt>
      <trkpt lat="45.85664" lon="13.60457">
        <ele>199.0</ele>
      </trkpt>
      <trkpt lat="45.85646" lon="13.60502">
        <ele>199.3</ele>
      </trkpt>
      <trkpt lat="45.85641" lon="13.60507">
        <ele>199.5</ele>
      </trkpt>
      <trkpt lat="45.85632" lon="13.60512">
        <ele>199.7</ele>
      </trkpt>
      <trkpt lat="45.85602" lon="13.60515">
        <ele>199.9</ele>
      </trkpt>
      <trkpt lat="45.85587" lon="13.60518">
        <ele>200.0</ele>
      </trkpt>
      <trkpt lat="45.85563" lon="13.60526">
        <ele>199.4</ele>
      </trkpt>
      <trkpt lat="45.85555" lon="13.60529">
        <ele>199.2</ele>
      </trkpt>
      <trkpt lat="45.85517" lon="13.60554">
        <ele>198.6</ele>
      </trkpt>
      <trkpt lat="45.85484" lon="13.6056">
        <ele>198.3</ele>
      </trkpt>
      <trkpt lat="45.85472" lon="13.60561">
        <ele>198.3</ele>
      </trkpt>
      <trkpt lat="45.85463" lon="13.6056">
        <ele>198.2</ele>
      </trkpt>
      <trkpt lat="45.85432" lon="13.60547">
        <ele>197.4</ele>
      </trkpt>
      <trkpt lat="45.85424" lon="13.60546">
        <ele>197.3</ele>
      </trkpt>
      <trkpt lat="45.85416" lon="13.60547">
        <ele>197.3</ele>
      </trkpt>
      <trkpt lat="45.85366" lon="13.60566">
        <ele>198.5</ele>
      </trkpt>
      <trkpt lat="45.8536" lon="13.60567">
        <ele>198.6</ele>
      </trkpt>
      <trkpt lat="45.85354" lon="13.60565">
        <ele>198.6</ele>
      </trkpt>
      <trkpt lat="45.85325" lon="13.6055">
        <ele>198.6</ele>
      </trkpt>
      <trkpt lat="45.85285" lon="13.60532">
        <ele>198.2</ele>
      </trkpt>
      <trkpt lat="45.85265" lon="13.60528">
        <ele>198.1</ele>
      </trkpt>
      <trkpt lat="45.85228" lon="13.60528">
        <ele>198.0</ele>
      </trkpt>
      <trkpt lat="45.85173" lon="13.60523">
        <ele>198.0</ele>
      </trkpt>
      <trkpt lat="45.85162" lon="13.60524">
        <ele>197.9</ele>
      </trkpt>
      <trkpt lat="45.85128" lon="13.60519">
        <ele>197.5</ele>
      </trkpt>
      <trkpt lat="45.85099" lon="13.60522">
        <ele>196.9</ele>
      </trkpt>
      <trkpt lat="45.85075" lon="13.6052">
        <ele>197.2</ele>
      </trkpt>
      <trkpt lat="45.85065" lon="13.60519">
        <ele>197.8</ele>
      </trkpt>
      <trkpt lat="45.85034" lon="13.60512">
        <ele>199.6</ele>
      </trkpt>
      <trkpt lat="45.85014" lon="13.60513">
        <ele>200.5</ele>
      </trkpt>
      <trkpt lat="45.84982" lon="13.60522">
        <ele>201.0</ele>
      </trkpt>
      <trkpt lat="45.84976" lon="13.60593">
        <ele>200.8</ele>
      </trkpt>
      <trkpt lat="45.84975" lon="13.60642">
        <ele>200.4</ele>
      </trkpt>
      <trkpt lat="45.84971" lon="13.60692">
        <ele>200.3</ele>
      </trkpt>
      <trkpt lat="45.84966" lon="13.60739">
        <ele>201.0</ele>
      </trkpt>
      <trkpt lat="45.84952" lon="13.60829">
        <ele>203.1</ele>
      </trkpt>
      <trkpt lat="45.84939" lon="13.60918">
        <ele>202.8</ele>
      </trkpt>
      <trkpt lat="45.84934" lon="13.60987">
        <ele>202.4</ele>
      </trkpt>
      <trkpt lat="45.84929" lon="13.61056">
        <ele>201.7</ele>
      </trkpt>
      <trkpt lat="45.8492" lon="13.61116">
        <ele>201.5</ele>
      </trkpt>
      <trkpt lat="45.84916" lon="13.61173">
        <ele>202.1</ele>
      </trkpt>
      <trkpt lat="45.84913" lon="13.6123">
        <ele>202.7</ele>
      </trkpt>
      <trkpt lat="45.84907" lon="13.61293">
        <ele>204.1</ele>
      </trkpt>
      <trkpt lat="45.84898" lon="13.61356">
        <ele>204.2</ele>
      </trkpt>
      <trkpt lat="45.8489" lon="13.61402">
        <ele>202.9</ele>
      </trkpt>
      <trkpt lat="45.84871" lon="13.61475">
        <ele>200.9</ele>
      </trkpt>
      <trkpt lat="45.84851" lon="13.61547">
        <ele>200.9</ele>
      </trkpt>
      <trkpt lat="45.8482" lon="13.61627">
        <ele>201.4</ele>
      </trkpt>
      <trkpt lat="45.84802" lon="13.61687">
        <ele>201.7</ele>
      </trkpt>
      <trkpt lat="45.84791" lon="13.61727">
        <ele>200.9</ele>
      </trkpt>
      <trkpt lat="45.84781" lon="13.61767">
        <ele>200.9</ele>
      </trkpt>
      <trkpt lat="45.84778" lon="13.61788">
        <ele>201.0</ele>
      </trkpt>
      <trkpt lat="45.84776" lon="13.61817">
        <ele>200.9</ele>
      </trkpt>
      <trkpt lat="45.84776" lon="13.61826">
        <ele>200.8</ele>
      </trkpt>
      <trkpt lat="45.84779" lon="13.61849">
        <ele>201.0</ele>
      </trkpt>
      <trkpt lat="45.84787" lon="13.61887">
        <ele>201.9</ele>
      </trkpt>
      <trkpt lat="45.84792" lon="13.61912">
        <ele>202.8</ele>
      </trkpt>
      <trkpt lat="45.84793" lon="13.61929">
        <ele>203.6</ele>
      </trkpt>
      <trkpt lat="45.84793" lon="13.61947">
        <ele>204.3</ele>
      </trkpt>
      <trkpt lat="45.84791" lon="13.61973">
        <ele>205.3</ele>
      </trkpt>
      <trkpt lat="45.84781" lon="13.62069">
        <ele>207.4</ele>
      </trkpt>
      <trkpt lat="45.84775" lon="13.62108">
        <ele>208.7</ele>
      </trkpt>
      <trkpt lat="45.84757" lon="13.62177">
        <ele>211.7</ele>
      </trkpt>
      <trkpt lat="45.8474" lon="13.62246">
        <ele>212.1</ele>
      </trkpt>
      <trkpt lat="45.84728" lon="13.62299">
        <ele>211.5</ele>
      </trkpt>
      <trkpt lat="45.84724" lon="13.62347">
        <ele>211.7</ele>
      </trkpt>
      <trkpt lat="45.84721" lon="13.62367">
        <ele>212.6</ele>
      </trkpt>
      <trkpt lat="45.84717" lon="13.62388">
        <ele>213.6</ele>
      </trkpt>
      <trkpt lat="45.84706" lon="13.62427">
        <ele>215.2</ele>
      </trkpt>
      <trkpt lat="45.84681" lon="13.62501">
        <ele>217.5</ele>
      </trkpt>
      <trkpt lat="45.84672" lon="13.62538">
        <ele>217.4</ele>
      </trkpt>
      <trkpt lat="45.84667" lon="13.62569">
        <ele>217.2</ele>
      </trkpt>
      <trkpt lat="45.84662" lon="13.626">
        <ele>217.2</ele>
      </trkpt>
      <trkpt lat="45.84656" lon="13.62662">
        <ele>217.9</ele>
      </trkpt>
      <trkpt lat="45.84654" lon="13.62696">
        <ele>217.8</ele>
      </trkpt>
      <trkpt lat="45.84655" lon="13.6271">
        <ele>217.6</ele>
      </trkpt>
      <trkpt lat="45.84656" lon="13.62722">
        <ele>217.5</ele>
      </trkpt>
      <trkpt lat="45.84663" lon="13.62752">
        <ele>217.2</ele>
      </trkpt>
      <trkpt lat="45.8467" lon="13.62782">
        <ele>218.6</ele>
      </trkpt>
      <trkpt lat="45.84673" lon="13.62797">
        <ele>219.5</ele>
      </trkpt>
      <trkpt lat="45.84675" lon="13.62812">
        <ele>220.3</ele>
      </trkpt>
      <trkpt lat="45.84677" lon="13.62832">
        <ele>221.4</ele>
      </trkpt>
      <trkpt lat="45.84676" lon="13.62847">
        <ele>222.1</ele>
      </trkpt>
      <trkpt lat="45.84672" lon="13.62878">
        <ele>223.3</ele>
      </trkpt>
      <trkpt lat="45.84667" lon="13.62907">
        <ele>224.5</ele>
      </trkpt>
      <trkpt lat="45.8465" lon="13.62975">
        <ele>225.7</ele>
      </trkpt>
      <trkpt lat="45.84633" lon="13.63042">
        <ele>226.3</ele>
      </trkpt>
      <trkpt lat="45.84597" lon="13.63158">
        <ele>229.5</ele>
      </trkpt>
      <trkpt lat="45.84583" lon="13.63221">
        <ele>232.6</ele>
      </trkpt>
      <trkpt lat="45.84568" lon="13.63285">
        <ele>233.7</ele>
      </trkpt>
      <trkpt lat="45.84545" lon="13.63369">
        <ele>234.6</ele>
      </trkpt>
      <trkpt lat="45.84543" lon="13.63396">
        <ele>235.7</ele>
      </trkpt>
      <trkpt lat="45.84537" lon="13.63498">
        <ele>239.8</ele>
      </trkpt>
      <trkpt lat="45.8453" lon="13.63573">
        <ele>244.1</ele>
      </trkpt>
      <trkpt lat="45.84524" lon="13.63618">
        <ele>246.2</ele>
      </trkpt>
      <trkpt lat="45.84524" lon="13.63628">
        <ele>246.7</ele>
      </trkpt>
      <trkpt lat="45.84524" lon="13.63637">
        <ele>247.2</ele>
      </trkpt>
      <trkpt lat="45.84527" lon="13.63645">
        <ele>247.6</ele>
      </trkpt>
      <trkpt lat="45.84529" lon="13.63652">
        <ele>248.0</ele>
      </trkpt>
      <trkpt lat="45.84551" lon="13.6369">
        <ele>250.6</ele>
      </trkpt>
      <trkpt lat="45.84556" lon="13.63704">
        <ele>251.4</ele>
      </trkpt>
      <trkpt lat="45.8456" lon="13.63719">
        <ele>252.3</ele>
      </trkpt>
      <trkpt lat="45.84561" lon="13.63733">
        <ele>253.1</ele>
      </trkpt>
      <trkpt lat="45.8456" lon="13.63765">
        <ele>255.1</ele>
      </trkpt>
      <trkpt lat="45.8456" lon="13.63787">
        <ele>256.6</ele>
      </trkpt>
      <trkpt lat="45.84567" lon="13.63827">
        <ele>259.7</ele>
      </trkpt>
      <trkpt lat="45.84573" lon="13.63867">
        <ele>263.0</ele>
      </trkpt>
      <trkpt lat="45.8458" lon="13.63898">
        <ele>265.5</ele>
      </trkpt>
      <trkpt lat="45.84581" lon="13.63912">
        <ele>266.6</ele>
      </trkpt>
      <trkpt lat="45.84579" lon="13.63919">
        <ele>267.0</ele>
      </trkpt>
      <trkpt lat="45.84576" lon="13.63923">
        <ele>267.1</ele>
      </trkpt>
      <trkpt lat="45.84521" lon="13.63961">
        <ele>268.5</ele>
      </trkpt>
      <trkpt lat="45.84505" lon="13.63973">
        <ele>269.4</ele>
      </trkpt>
      <trkpt lat="45.84488" lon="13.6399">
        <ele>270.3</ele>
      </trkpt>
      <trkpt lat="45.8448" lon="13.64">
        <ele>270.8</ele>
      </trkpt>
      <trkpt lat="45.84476" lon="13.64008">
        <ele>271.3</ele>
      </trkpt>
      <trkpt lat="45.84472" lon="13.6402">
        <ele>272.1</ele>
      </trkpt>
      <trkpt lat="45.84466" lon="13.64052">
        <ele>274.6</ele>
      </trkpt>
      <trkpt lat="45.84457" lon="13.64077">
        <ele>276.4</ele>
      </trkpt>
      <trkpt lat="45.84443" lon="13.64106">
        <ele>277.6</ele>
      </trkpt>
      <trkpt lat="45.84433" lon="13.64119">
        <ele>277.7</ele>
      </trkpt>
      <trkpt lat="45.84428" lon="13.6413">
        <ele>278.0</ele>
      </trkpt>
      <trkpt lat="45.84411" lon="13.6418">
        <ele>278.4</ele>
      </trkpt>
      <trkpt lat="45.84404" lon="13.64194">
        <ele>277.6</ele>
      </trkpt>
      <trkpt lat="45.84396" lon="13.64207">
        <ele>276.7</ele>
      </trkpt>
      <trkpt lat="45.84383" lon="13.64222">
        <ele>275.4</ele>
      </trkpt>
      <trkpt lat="45.84374" lon="13.64236">
        <ele>274.5</ele>
      </trkpt>
      <trkpt lat="45.84363" lon="13.64298">
        <ele>274.9</ele>
      </trkpt>
      <trkpt lat="45.84355" lon="13.64312">
        <ele>274.4</ele>
      </trkpt>
      <trkpt lat="45.84346" lon="13.6432">
        <ele>273.8</ele>
      </trkpt>
      <trkpt lat="45.8431" lon="13.64337">
        <ele>272.5</ele>
      </trkpt>
      <trkpt lat="45.84288" lon="13.64347">
        <ele>272.1</ele>
      </trkpt>
      <trkpt lat="45.84279" lon="13.6435">
        <ele>271.9</ele>
      </trkpt>
      <trkpt lat="45.84228" lon="13.64358">
        <ele>269.9</ele>
      </trkpt>
      <trkpt lat="45.84192" lon="13.6436">
        <ele>268.0</ele>
      </trkpt>
      <trkpt lat="45.84148" lon="13.64367">
        <ele>265.8</ele>
      </trkpt>
      <trkpt lat="45.84139" lon="13.64372">
        <ele>265.5</ele>
      </trkpt>
      <trkpt lat="45.84092" lon="13.64417">
        <ele>265.1</ele>
      </trkpt>
      <trkpt lat="45.84068" lon="13.6445">
        <ele>263.5</ele>
      </trkpt>
      <trkpt lat="45.84057" lon="13.64471">
        <ele>262.6</ele>
      </trkpt>
      <trkpt lat="45.84027" lon="13.64545">
        <ele>262.1</ele>
      </trkpt>
      <trkpt lat="45.84018" lon="13.64564">
        <ele>262.3</ele>
      </trkpt>
      <trkpt lat="45.84007" lon="13.64581">
        <ele>262.3</ele>
      </trkpt>
      <trkpt lat="45.83983" lon="13.64617">
        <ele>260.8</ele>
      </trkpt>
      <trkpt lat="45.83941" lon="13.64676">
        <ele>258.6</ele>
      </trkpt>
      <trkpt lat="45.83933" lon="13.64692">
        <ele>258.5</ele>
      </trkpt>
      <trkpt lat="45.83925" lon="13.64714">
        <ele>258.3</ele>
      </trkpt>
      <trkpt lat="45.83916" lon="13.64745">
        <ele>258.0</ele>
      </trkpt>
      <trkpt lat="45.8391" lon="13.64757">
        <ele>257.9</ele>
      </trkpt>
      <trkpt lat="45.83905" lon="13.64764">
        <ele>257.9</ele>
      </trkpt>
      <trkpt lat="45.83883" lon="13.64786">
        <ele>258.4</ele>
      </trkpt>
      <trkpt lat="45.83879" lon="13.64793">
        <ele>258.5</ele>
      </trkpt>
      <trkpt lat="45.83876" lon="13.64801">
        <ele>258.6</ele>
      </trkpt>
      <trkpt lat="45.83872" lon="13.64818">
        <ele>258.8</ele>
      </trkpt>
      <trkpt lat="45.83863" lon="13.64867">
        <ele>261.4</ele>
      </trkpt>
      <trkpt lat="45.83855" lon="13.64893">
        <ele>263.4</ele>
      </trkpt>
      <trkpt lat="45.83848" lon="13.64905">
        <ele>264.5</ele>
      </trkpt>
      <trkpt lat="45.8384" lon="13.64918">
        <ele>265.6</ele>
      </trkpt>
      <trkpt lat="45.8383" lon="13.64932">
        <ele>266.1</ele>
      </trkpt>
      <trkpt lat="45.83811" lon="13.64953">
        <ele>265.3</ele>
      </trkpt>
      <trkpt lat="45.83791" lon="13.64973">
        <ele>264.3</ele>
      </trkpt>
      <trkpt lat="45.83753" lon="13.65017">
        <ele>263.6</ele>
      </trkpt>
      <trkpt lat="45.83712" lon="13.65059">
        <ele>266.6</ele>
      </trkpt>
      <trkpt lat="45.83687" lon="13.6508">
        <ele>267.3</ele>
      </trkpt>
      <trkpt lat="45.83654" lon="13.65105">
        <ele>268.9</ele>
      </trkpt>
      <trkpt lat="45.83639" lon="13.65121">
        <ele>270.3</ele>
      </trkpt>
      <trkpt lat="45.83601" lon="13.65174">
        <ele>274.5</ele>
      </trkpt>
      <trkpt lat="45.83591" lon="13.65187">
        <ele>275.6</ele>
      </trkpt>
      <trkpt lat="45.8358" lon="13.65195">
        <ele>276.6</ele>
      </trkpt>
      <trkpt lat="45.83529" lon="13.65225">
        <ele>281.8</ele>
      </trkpt>
      <trkpt lat="45.83514" lon="13.65239">
        <ele>283.1</ele>
      </trkpt>
      <trkpt lat="45.835" lon="13.65254">
        <ele>284.3</ele>
      </trkpt>
      <trkpt lat="45.83468" lon="13.65301">
        <ele>287.0</ele>
      </trkpt>
      <trkpt lat="45.83436" lon="13.65348">
        <ele>288.5</ele>
      </trkpt>
      <trkpt lat="45.83429" lon="13.6536">
        <ele>289.1</ele>
      </trkpt>
      <trkpt lat="45.83418" lon="13.65387">
        <ele>290.9</ele>
      </trkpt>
      <trkpt lat="45.83379" lon="13.65499">
        <ele>298.5</ele>
      </trkpt>
      <trkpt lat="45.83356" lon="13.65566">
        <ele>300.1</ele>
      </trkpt>
      <trkpt lat="45.83334" lon="13.65633">
        <ele>302.0</ele>
      </trkpt>
      <trkpt lat="45.83298" lon="13.65736">
        <ele>305.2</ele>
      </trkpt>
      <trkpt lat="45.83262" lon="13.65839">
        <ele>309.7</ele>
      </trkpt>
      <trkpt lat="45.83243" lon="13.65895">
        <ele>308.8</ele>
      </trkpt>
      <trkpt lat="45.83208" lon="13.65993">
        <ele>305.1</ele>
      </trkpt>
      <trkpt lat="45.83173" lon="13.66092">
        <ele>305.6</ele>
      </trkpt>
      <trkpt lat="45.83167" lon="13.66113">
        <ele>304.2</ele>
      </trkpt>
      <trkpt lat="45.83152" lon="13.66167">
        <ele>301.2</ele>
      </trkpt>
      <trkpt lat="45.83144" lon="13.66202">
        <ele>300.4</ele>
      </trkpt>
      <trkpt lat="45.83138" lon="13.66234">
        <ele>299.4</ele>
      </trkpt>
      <trkpt lat="45.83134" lon="13.66266">
        <ele>299.2</ele>
      </trkpt>
      <trkpt lat="45.83133" lon="13.66291">
        <ele>299.9</ele>
      </trkpt>
      <trkpt lat="45.83134" lon="13.66319">
        <ele>300.7</ele>
      </trkpt>
      <trkpt lat="45.83131" lon="13.66343">
        <ele>300.8</ele>
      </trkpt>
      <trkpt lat="45.83092" lon="13.66417">
        <ele>299.3</ele>
      </trkpt>
      <trkpt lat="45.83053" lon="13.66492">
        <ele>296.3</ele>
      </trkpt>
      <trkpt lat="45.83014" lon="13.66566">
        <ele>292.4</ele>
      </trkpt>
      <trkpt lat="45.83008" lon="13.66574">
        <ele>291.8</ele>
      </trkpt>
      <trkpt lat="45.82996" lon="13.66586">
        <ele>291.1</ele>
      </trkpt>
      <trkpt lat="45.8297" lon="13.66606">
        <ele>291.5</ele>
      </trkpt>
      <trkpt lat="45.82918" lon="13.66634">
        <ele>292.2</ele>
      </trkpt>
      <trkpt lat="45.82912" lon="13.66639">
        <ele>292.5</ele>
      </trkpt>
      <trkpt lat="45.82905" lon="13.66646">
        <ele>292.9</ele>
      </trkpt>
      <trkpt lat="45.82881" lon="13.66679">
        <ele>293.6</ele>
      </trkpt>
      <trkpt lat="45.82873" lon="13.66693">
        <ele>293.4</ele>
      </trkpt>
      <trkpt lat="45.82866" lon="13.66708">
        <ele>293.1</ele>
      </trkpt>
      <trkpt lat="45.8286" lon="13.66724">
        <ele>292.7</ele>
      </trkpt>
      <trkpt lat="45.82838" lon="13.66801">
        <ele>291.4</ele>
      </trkpt>
      <trkpt lat="45.82836" lon="13.66816">
        <ele>291.2</ele>
      </trkpt>
      <trkpt lat="45.82835" lon="13.66825">
        <ele>291.1</ele>
      </trkpt>
      <trkpt lat="45.82835" lon="13.66837">
        <ele>290.9</ele>
      </trkpt>
      <trkpt lat="45.8284" lon="13.66864">
        <ele>290.2</ele>
      </trkpt>
      <trkpt lat="45.82843" lon="13.66888">
        <ele>289.7</ele>
      </trkpt>
      <trkpt lat="45.82843" lon="13.66947">
        <ele>289.8</ele>
      </trkpt>
      <trkpt lat="45.82843" lon="13.66972">
        <ele>290.4</ele>
      </trkpt>
      <trkpt lat="45.82841" lon="13.66997">
        <ele>291.0</ele>
      </trkpt>
      <trkpt lat="45.82837" lon="13.67023">
        <ele>292.1</ele>
      </trkpt>
      <trkpt lat="45.82824" lon="13.67067">
        <ele>293.5</ele>
      </trkpt>
      <trkpt lat="45.82822" lon="13.67082">
        <ele>294.0</ele>
      </trkpt>
      <trkpt lat="45.82822" lon="13.67097">
        <ele>294.4</ele>
      </trkpt>
      <trkpt lat="45.82824" lon="13.67107">
        <ele>294.8</ele>
      </trkpt>
      <trkpt lat="45.82829" lon="13.67119">
        <ele>295.5</ele>
      </trkpt>
      <trkpt lat="45.8284" lon="13.67141">
        <ele>296.4</ele>
      </trkpt>
      <trkpt lat="45.82848" lon="13.67161">
        <ele>297.0</ele>
      </trkpt>
      <trkpt lat="45.82851" lon="13.67171">
        <ele>297.4</ele>
      </trkpt>
      <trkpt lat="45.82853" lon="13.67181">
        <ele>297.8</ele>
      </trkpt>
      <trkpt lat="45.82856" lon="13.67214">
        <ele>299.2</ele>
      </trkpt>
      <trkpt lat="45.82857" lon="13.67234">
        <ele>300.0</ele>
      </trkpt>
      <trkpt lat="45.82858" lon="13.67256">
        <ele>301.2</ele>
      </trkpt>
      <trkpt lat="45.82872" lon="13.67331">
        <ele>307.7</ele>
      </trkpt>
      <trkpt lat="45.82865" lon="13.67333">
        <ele>307.5</ele>
      </trkpt>
      <trkpt lat="45.8285" lon="13.67348">
        <ele>307.3</ele>
      </trkpt>
      <trkpt lat="45.82841" lon="13.67374">
        <ele>307.5</ele>
      </trkpt>
      <trkpt lat="45.82835" lon="13.67377">
        <ele>307.2</ele>
      </trkpt>
      <trkpt lat="45.82822" lon="13.67393">
        <ele>305.9</ele>
      </trkpt>
      <trkpt lat="45.82812" lon="13.67414">
        <ele>304.9</ele>
      </trkpt>
      <trkpt lat="45.82805" lon="13.67431">
        <ele>304.7</ele>
      </trkpt>
      <trkpt lat="45.82807" lon="13.67459">
        <ele>306.4</ele>
      </trkpt>
      <trkpt lat="45.82803" lon="13.67512">
        <ele>308.2</ele>
      </trkpt>
      <trkpt lat="45.82803" lon="13.6752">
        <ele>308.4</ele>
      </trkpt>
      <trkpt lat="45.82805" lon="13.67522">
        <ele>308.7</ele>
      </trkpt>
      <trkpt lat="45.82787" lon="13.67558">
        <ele>306.9</ele>
      </trkpt>
      <trkpt lat="45.82735" lon="13.67623">
        <ele>301.0</ele>
      </trkpt>
      <trkpt lat="45.82674" lon="13.67703">
        <ele>296.1</ele>
      </trkpt>
      <trkpt lat="45.82613" lon="13.67783">
        <ele>291.3</ele>
      </trkpt>
      <trkpt lat="45.82593" lon="13.67812">
        <ele>291.3</ele>
      </trkpt>
      <trkpt lat="45.82581" lon="13.67834">
        <ele>291.9</ele>
      </trkpt>
      <trkpt lat="45.82566" lon="13.67863">
        <ele>290.7</ele>
      </trkpt>
      <trkpt lat="45.82531" lon="13.67938">
        <ele>290.0</ele>
      </trkpt>
      <trkpt lat="45.82518" lon="13.67956">
        <ele>290.9</ele>
      </trkpt>
      <trkpt lat="45.82506" lon="13.6797">
        <ele>291.9</ele>
      </trkpt>
      <trkpt lat="45.82487" lon="13.67986">
        <ele>293.3</ele>
      </trkpt>
      <trkpt lat="45.82476" lon="13.67993">
        <ele>294.2</ele>
      </trkpt>
      <trkpt lat="45.82468" lon="13.67997">
        <ele>294.8</ele>
      </trkpt>
      <trkpt lat="45.82457" lon="13.67999">
        <ele>295.5</ele>
      </trkpt>
      <trkpt lat="45.82445" lon="13.67998">
        <ele>296.2</ele>
      </trkpt>
      <trkpt lat="45.82384" lon="13.67986">
        <ele>299.3</ele>
      </trkpt>
      <trkpt lat="45.82371" lon="13.67987">
        <ele>300.4</ele>
      </trkpt>
      <trkpt lat="45.82358" lon="13.67993">
        <ele>301.8</ele>
      </trkpt>
      <trkpt lat="45.82343" lon="13.68008">
        <ele>303.6</ele>
      </trkpt>
      <trkpt lat="45.82331" lon="13.6803">
        <ele>305.2</ele>
      </trkpt>
      <trkpt lat="45.82324" lon="13.68045">
        <ele>306.1</ele>
      </trkpt>
      <trkpt lat="45.82313" lon="13.68074">
        <ele>307.3</ele>
      </trkpt>
      <trkpt lat="45.82298" lon="13.68113">
        <ele>308.4</ele>
      </trkpt>
      <trkpt lat="45.82291" lon="13.6813">
        <ele>308.9</ele>
      </trkpt>
      <trkpt lat="45.82283" lon="13.68143">
        <ele>309.4</ele>
      </trkpt>
      <trkpt lat="45.82263" lon="13.68167">
        <ele>310.6</ele>
      </trkpt>
      <trkpt lat="45.82226" lon="13.68205">
        <ele>312.6</ele>
      </trkpt>
      <trkpt lat="45.82222" lon="13.68211">
        <ele>312.7</ele>
      </trkpt>
      <trkpt lat="45.8222" lon="13.68218">
        <ele>312.9</ele>
      </trkpt>
      <trkpt lat="45.82213" lon="13.68259">
        <ele>313.9</ele>
      </trkpt>
      <trkpt lat="45.8221" lon="13.68294">
        <ele>314.7</ele>
      </trkpt>
      <trkpt lat="45.82208" lon="13.68329">
        <ele>315.4</ele>
      </trkpt>
      <trkpt lat="45.82199" lon="13.68424">
        <ele>318.3</ele>
      </trkpt>
      <trkpt lat="45.82193" lon="13.6847">
        <ele>318.8</ele>
      </trkpt>
      <trkpt lat="45.82186" lon="13.68503">
        <ele>319.4</ele>
      </trkpt>
      <trkpt lat="45.82171" lon="13.68553">
        <ele>322.1</ele>
      </trkpt>
      <trkpt lat="45.82153" lon="13.68629">
        <ele>326.5</ele>
      </trkpt>
      <trkpt lat="45.82125" lon="13.68749">
        <ele>337.4</ele>
      </trkpt>
      <trkpt lat="45.8211" lon="13.68799">
        <ele>340.4</ele>
      </trkpt>
      <trkpt lat="45.82082" lon="13.6887">
        <ele>341.2</ele>
      </trkpt>
      <trkpt lat="45.82057" lon="13.68921">
        <ele>342.0</ele>
      </trkpt>
      <trkpt lat="45.82051" lon="13.68938">
        <ele>342.7</ele>
      </trkpt>
      <trkpt lat="45.82049" lon="13.68949">
        <ele>342.9</ele>
      </trkpt>
      <trkpt lat="45.82048" lon="13.68977">
        <ele>343.2</ele>
      </trkpt>
      <trkpt lat="45.82046" lon="13.68992">
        <ele>343.3</ele>
      </trkpt>
      <trkpt lat="45.82036" lon="13.69054">
        <ele>345.1</ele>
      </trkpt>
      <trkpt lat="45.82015" lon="13.69156">
        <ele>342.0</ele>
      </trkpt>
      <trkpt lat="45.82013" lon="13.69175">
        <ele>341.1</ele>
      </trkpt>
      <trkpt lat="45.8201" lon="13.69214">
        <ele>338.9</ele>
      </trkpt>
      <trkpt lat="45.82008" lon="13.69284">
        <ele>335.0</ele>
      </trkpt>
      <trkpt lat="45.82006" lon="13.69354">
        <ele>331.1</ele>
      </trkpt>
      <trkpt lat="45.82005" lon="13.69379">
        <ele>329.9</ele>
      </trkpt>
      <trkpt lat="45.82003" lon="13.69401">
        <ele>328.8</ele>
      </trkpt>
      <trkpt lat="45.8199" lon="13.69485">
        <ele>326.5</ele>
      </trkpt>
      <trkpt lat="45.81985" lon="13.6951">
        <ele>325.7</ele>
      </trkpt>
      <trkpt lat="45.81964" lon="13.69589">
        <ele>321.2</ele>
      </trkpt>
      <trkpt lat="45.81932" lon="13.69688">
        <ele>316.2</ele>
      </trkpt>
      <trkpt lat="45.81924" lon="13.6972">
        <ele>314.7</ele>
      </trkpt>
      <trkpt lat="45.81916" lon="13.69758">
        <ele>313.1</ele>
      </trkpt>
      <trkpt lat="45.81915" lon="13.69787">
        <ele>313.8</ele>
      </trkpt>
      <trkpt lat="45.81913" lon="13.69798">
        <ele>313.9</ele>
      </trkpt>
      <trkpt lat="45.81911" lon="13.69802">
        <ele>313.9</ele>
      </trkpt>
      <trkpt lat="45.81904" lon="13.69808">
        <ele>313.7</ele>
      </trkpt>
      <trkpt lat="45.81896" lon="13.69813">
        <ele>313.4</ele>
      </trkpt>
      <trkpt lat="45.81886" lon="13.69816">
        <ele>313.0</ele>
      </trkpt>
      <trkpt lat="45.81838" lon="13.69819">
        <ele>310.6</ele>
      </trkpt>
      <trkpt lat="45.81822" lon="13.69823">
        <ele>309.9</ele>
      </trkpt>
      <trkpt lat="45.81804" lon="13.6983">
        <ele>309.4</ele>
      </trkpt>
      <trkpt lat="45.81791" lon="13.69834">
        <ele>309.1</ele>
      </trkpt>
      <trkpt lat="45.81778" lon="13.69834">
        <ele>308.5</ele>
      </trkpt>
      <trkpt lat="45.81722" lon="13.69843">
        <ele>305.2</ele>
      </trkpt>
      <trkpt lat="45.81714" lon="13.69846">
        <ele>304.6</ele>
      </trkpt>
      <trkpt lat="45.81704" lon="13.69854">
        <ele>304.6</ele>
      </trkpt>
      <trkpt lat="45.8169" lon="13.69868">
        <ele>304.8</ele>
      </trkpt>
      <trkpt lat="45.81652" lon="13.69916">
        <ele>304.7</ele>
      </trkpt>
      <trkpt lat="45.81615" lon="13.69963">
        <ele>299.6</ele>
      </trkpt>
      <trkpt lat="45.8159" lon="13.70005">
        <ele>295.0</ele>
      </trkpt>
      <trkpt lat="45.81582" lon="13.70022">
        <ele>293.3</ele>
      </trkpt>
      <trkpt lat="45.81567" lon="13.70057">
        <ele>291.6</ele>
      </trkpt>
      <trkpt lat="45.81549" lon="13.70106">
        <ele>288.6</ele>
      </trkpt>
      <trkpt lat="45.81542" lon="13.70127">
        <ele>286.7</ele>
      </trkpt>
      <trkpt lat="45.81537" lon="13.70149">
        <ele>285.2</ele>
      </trkpt>
      <trkpt lat="45.81535" lon="13.70162">
        <ele>284.4</ele>
      </trkpt>
      <trkpt lat="45.81533" lon="13.70188">
        <ele>282.1</ele>
      </trkpt>
      <trkpt lat="45.81533" lon="13.70198">
        <ele>281.2</ele>
      </trkpt>
      <trkpt lat="45.81534" lon="13.70216">
        <ele>279.9</ele>
      </trkpt>
      <trkpt lat="45.8154" lon="13.70246">
        <ele>278.5</ele>
      </trkpt>
      <trkpt lat="45.81552" lon="13.70273">
        <ele>279.8</ele>
      </trkpt>
      <trkpt lat="45.81598" lon="13.70361">
        <ele>284.2</ele>
      </trkpt>
      <trkpt lat="45.81645" lon="13.70449">
        <ele>283.3</ele>
      </trkpt>
      <trkpt lat="45.81677" lon="13.70508">
        <ele>283.0</ele>
      </trkpt>
      <trkpt lat="45.81709" lon="13.70568">
        <ele>283.5</ele>
      </trkpt>
      <trkpt lat="45.81746" lon="13.7064">
        <ele>283.9</ele>
      </trkpt>
      <trkpt lat="45.81784" lon="13.70711">
        <ele>286.1</ele>
      </trkpt>
      <trkpt lat="45.81831" lon="13.70806">
        <ele>287.1</ele>
      </trkpt>
      <trkpt lat="45.81866" lon="13.70868">
        <ele>290.3</ele>
      </trkpt>
      <trkpt lat="45.81871" lon="13.70877">
        <ele>291.0</ele>
      </trkpt>
      <trkpt lat="45.81871" lon="13.70885">
        <ele>291.0</ele>
      </trkpt>
      <trkpt lat="45.81869" lon="13.70904">
        <ele>290.7</ele>
      </trkpt>
      <trkpt lat="45.81861" lon="13.70936">
        <ele>290.0</ele>
      </trkpt>
      <trkpt lat="45.81859" lon="13.70947">
        <ele>290.0</ele>
      </trkpt>
      <trkpt lat="45.81859" lon="13.70979">
        <ele>290.6</ele>
      </trkpt>
      <trkpt lat="45.81857" lon="13.70996">
        <ele>290.6</ele>
      </trkpt>
      <trkpt lat="45.8185" lon="13.71019">
        <ele>290.0</ele>
      </trkpt>
      <trkpt lat="45.81841" lon="13.71049">
        <ele>289.3</ele>
      </trkpt>
      <trkpt lat="45.8182" lon="13.71109">
        <ele>287.1</ele>
      </trkpt>
      <trkpt lat="45.81818" lon="13.71124">
        <ele>286.8</ele>
      </trkpt>
      <trkpt lat="45.81818" lon="13.71159">
        <ele>286.6</ele>
      </trkpt>
      <trkpt lat="45.81829" lon="13.71262">
        <ele>286.5</ele>
      </trkpt>
      <trkpt lat="45.81832" lon="13.71327">
        <ele>286.0</ele>
      </trkpt>
      <trkpt lat="45.81846" lon="13.71413">
        <ele>285.1</ele>
      </trkpt>
      <trkpt lat="45.81858" lon="13.71462">
        <ele>286.2</ele>
      </trkpt>
      <trkpt lat="45.81865" lon="13.71504">
        <ele>286.4</ele>
      </trkpt>
      <trkpt lat="45.81867" lon="13.71519">
        <ele>286.4</ele>
      </trkpt>
      <trkpt lat="45.81867" lon="13.71535">
        <ele>286.1</ele>
      </trkpt>
      <trkpt lat="45.81865" lon="13.71551">
        <ele>285.7</ele>
      </trkpt>
      <trkpt lat="45.81861" lon="13.71565">
        <ele>285.2</ele>
      </trkpt>
      <trkpt lat="45.81845" lon="13.71601">
        <ele>283.4</ele>
      </trkpt>
      <trkpt lat="45.81829" lon="13.7164">
        <ele>281.6</ele>
      </trkpt>
      <trkpt lat="45.81821" lon="13.71666">
        <ele>280.9</ele>
      </trkpt>
      <trkpt lat="45.81815" lon="13.71692">
        <ele>280.9</ele>
      </trkpt>
      <trkpt lat="45.81811" lon="13.71721">
        <ele>280.9</ele>
      </trkpt>
      <trkpt lat="45.81798" lon="13.71842">
        <ele>277.3</ele>
      </trkpt>
      <trkpt lat="45.81784" lon="13.71964">
        <ele>275.9</ele>
      </trkpt>
      <trkpt lat="45.81779" lon="13.71984">
        <ele>276.1</ele>
      </trkpt>
      <trkpt lat="45.81747" lon="13.72098">
        <ele>275.1</ele>
      </trkpt>
      <trkpt lat="45.81715" lon="13.72212">
        <ele>269.7</ele>
      </trkpt>
      <trkpt lat="45.81706" lon="13.72253">
        <ele>269.0</ele>
      </trkpt>
      <trkpt lat="45.81702" lon="13.72275">
        <ele>269.1</ele>
      </trkpt>
      <trkpt lat="45.81696" lon="13.72316">
        <ele>269.3</ele>
      </trkpt>
      <trkpt lat="45.81685" lon="13.7238">
        <ele>269.3</ele>
      </trkpt>
      <trkpt lat="45.81674" lon="13.72444">
        <ele>269.2</ele>
      </trkpt>
      <trkpt lat="45.8167" lon="13.72466">
        <ele>269.0</ele>
      </trkpt>
      <trkpt lat="45.8167" lon="13.72489">
        <ele>269.0</ele>
      </trkpt>
      <trkpt lat="45.81676" lon="13.72514">
        <ele>268.8</ele>
      </trkpt>
      <trkpt lat="45.81701" lon="13.72578">
        <ele>268.1</ele>
      </trkpt>
      <trkpt lat="45.81724" lon="13.72647">
        <ele>268.5</ele>
      </trkpt>
      <trkpt lat="45.81733" lon="13.72671">
        <ele>268.7</ele>
      </trkpt>
      <trkpt lat="45.81745" lon="13.72693">
        <ele>268.3</ele>
      </trkpt>
      <trkpt lat="45.81769" lon="13.72732">
        <ele>267.7</ele>
      </trkpt>
      <trkpt lat="45.81773" lon="13.72742">
        <ele>267.5</ele>
      </trkpt>
      <trkpt lat="45.81776" lon="13.72752">
        <ele>267.3</ele>
      </trkpt>
      <trkpt lat="45.81783" lon="13.72788">
        <ele>266.6</ele>
      </trkpt>
      <trkpt lat="45.81788" lon="13.72803">
        <ele>266.4</ele>
      </trkpt>
      <trkpt lat="45.81803" lon="13.72839">
        <ele>266.6</ele>
      </trkpt>
      <trkpt lat="45.81807" lon="13.72852">
        <ele>266.8</ele>
      </trkpt>
      <trkpt lat="45.81809" lon="13.72865">
        <ele>267.0</ele>
      </trkpt>
      <trkpt lat="45.81808" lon="13.72875">
        <ele>267.0</ele>
      </trkpt>
      <trkpt lat="45.81804" lon="13.72903">
        <ele>266.8</ele>
      </trkpt>
      <trkpt lat="45.81805" lon="13.72917">
        <ele>267.0</ele>
      </trkpt>
      <trkpt lat="45.8181" lon="13.72941">
        <ele>268.6</ele>
      </trkpt>
      <trkpt lat="45.81811" lon="13.72948">
        <ele>269.0</ele>
      </trkpt>
      <trkpt lat="45.8181" lon="13.72954">
        <ele>269.2</ele>
      </trkpt>
      <trkpt lat="45.81809" lon="13.7296">
        <ele>269.5</ele>
      </trkpt>
      <trkpt lat="45.81807" lon="13.72965">
        <ele>269.6</ele>
      </trkpt>
      <trkpt lat="45.81791" lon="13.72985">
        <ele>269.6</ele>
      </trkpt>
      <trkpt lat="45.81787" lon="13.72994">
        <ele>269.9</ele>
      </trkpt>
      <trkpt lat="45.81785" lon="13.73002">
        <ele>270.1</ele>
      </trkpt>
      <trkpt lat="45.81783" lon="13.73013">
        <ele>270.1</ele>
      </trkpt>
      <trkpt lat="45.81778" lon="13.73039">
        <ele>270.1</ele>
      </trkpt>
      <trkpt lat="45.8176" lon="13.731">
        <ele>270.7</ele>
      </trkpt>
      <trkpt lat="45.81735" lon="13.73167">
        <ele>274.6</ele>
      </trkpt>
      <trkpt lat="45.81732" lon="13.73187">
        <ele>275.0</ele>
      </trkpt>
      <trkpt lat="45.81732" lon="13.7321">
        <ele>275.4</ele>
      </trkpt>
      <trkpt lat="45.81736" lon="13.73269">
        <ele>276.7</ele>
      </trkpt>
      <trkpt lat="45.81748" lon="13.73351">
        <ele>278.8</ele>
      </trkpt>
      <trkpt lat="45.81753" lon="13.73397">
        <ele>279.2</ele>
      </trkpt>
      <trkpt lat="45.81758" lon="13.73454">
        <ele>281.3</ele>
      </trkpt>
      <trkpt lat="45.81761" lon="13.73475">
        <ele>282.5</ele>
      </trkpt>
      <trkpt lat="45.81763" lon="13.7349">
        <ele>283.3</ele>
      </trkpt>
      <trkpt lat="45.81776" lon="13.73543">
        <ele>284.9</ele>
      </trkpt>
      <trkpt lat="45.81779" lon="13.73568">
        <ele>285.3</ele>
      </trkpt>
      <trkpt lat="45.8178" lon="13.73594">
        <ele>285.7</ele>
      </trkpt>
      <trkpt lat="45.81779" lon="13.73611">
        <ele>286.2</ele>
      </trkpt>
      <trkpt lat="45.81775" lon="13.73639">
        <ele>286.8</ele>
      </trkpt>
      <trkpt lat="45.81773" lon="13.73672">
        <ele>287.5</ele>
      </trkpt>
      <trkpt lat="45.81775" lon="13.73701">
        <ele>286.9</ele>
      </trkpt>
      <trkpt lat="45.81778" lon="13.73742">
        <ele>286.2</ele>
      </trkpt>
      <trkpt lat="45.81778" lon="13.73756">
        <ele>285.7</ele>
      </trkpt>
      <trkpt lat="45.81777" lon="13.73772">
        <ele>284.9</ele>
      </trkpt>
      <trkpt lat="45.81774" lon="13.73782">
        <ele>284.3</ele>
      </trkpt>
      <trkpt lat="45.81768" lon="13.73801">
        <ele>283.2</ele>
      </trkpt>
      <trkpt lat="45.81748" lon="13.73836">
        <ele>281.1</ele>
      </trkpt>
      <trkpt lat="45.81742" lon="13.73851">
        <ele>281.5</ele>
      </trkpt>
      <trkpt lat="45.81739" lon="13.73864">
        <ele>281.8</ele>
      </trkpt>
      <trkpt lat="45.8174" lon="13.73885">
        <ele>281.9</ele>
      </trkpt>
      <trkpt lat="45.81741" lon="13.73904">
        <ele>282.0</ele>
      </trkpt>
      <trkpt lat="45.81757" lon="13.73993">
        <ele>283.4</ele>
      </trkpt>
      <trkpt lat="45.81763" lon="13.74021">
        <ele>283.5</ele>
      </trkpt>
      <trkpt lat="45.81783" lon="13.74087">
        <ele>284.2</ele>
      </trkpt>
      <trkpt lat="45.81785" lon="13.74101">
        <ele>284.5</ele>
      </trkpt>
      <trkpt lat="45.81786" lon="13.74112">
        <ele>284.8</ele>
      </trkpt>
      <trkpt lat="45.81786" lon="13.7413">
        <ele>284.9</ele>
      </trkpt>
      <trkpt lat="45.8178" lon="13.74182">
        <ele>284.7</ele>
      </trkpt>
      <trkpt lat="45.8178" lon="13.74197">
        <ele>284.7</ele>
      </trkpt>
      <trkpt lat="45.81783" lon="13.74217">
        <ele>285.2</ele>
      </trkpt>
      <trkpt lat="45.81788" lon="13.74236">
        <ele>285.9</ele>
      </trkpt>
      <trkpt lat="45.81789" lon="13.74247">
        <ele>286.1</ele>
      </trkpt>
      <trkpt lat="45.81787" lon="13.74257">
        <ele>286.2</ele>
      </trkpt>
      <trkpt lat="45.81761" lon="13.74348">
        <ele>287.3</ele>
      </trkpt>
      <trkpt lat="45.81757" lon="13.74363">
        <ele>287.3</ele>
      </trkpt>
      <trkpt lat="45.81744" lon="13.7443">
        <ele>287.8</ele>
      </trkpt>
      <trkpt lat="45.81741" lon="13.74438">
        <ele>287.7</ele>
      </trkpt>
      <trkpt lat="45.81736" lon="13.74447">
        <ele>287.5</ele>
      </trkpt>
      <trkpt lat="45.81732" lon="13.74452">
        <ele>287.2</ele>
      </trkpt>
      <trkpt lat="45.81727" lon="13.74456">
        <ele>286.9</ele>
      </trkpt>
      <trkpt lat="45.81709" lon="13.74464">
        <ele>285.4</ele>
      </trkpt>
      <trkpt lat="45.81699" lon="13.7447">
        <ele>284.6</ele>
      </trkpt>
      <trkpt lat="45.8169" lon="13.74477">
        <ele>283.9</ele>
      </trkpt>
      <trkpt lat="45.81683" lon="13.7448">
        <ele>283.3</ele>
      </trkpt>
      <trkpt lat="45.81676" lon="13.74506">
        <ele>282.9</ele>
      </trkpt>
      <trkpt lat="45.81671" lon="13.74529">
        <ele>282.4</ele>
      </trkpt>
      <trkpt lat="45.81678" lon="13.74546">
        <ele>283.0</ele>
      </trkpt>
      <trkpt lat="45.81671" lon="13.74553">
        <ele>282.4</ele>
      </trkpt>
      <trkpt lat="45.81669" lon="13.74556">
        <ele>282.2</ele>
      </trkpt>
      <trkpt lat="45.8165" lon="13.74612">
        <ele>279.5</ele>
      </trkpt>
      <trkpt lat="45.81634" lon="13.74664">
        <ele>276.0</ele>
      </trkpt>
      <trkpt lat="45.81621" lon="13.74712">
        <ele>275.2</ele>
      </trkpt>
      <trkpt lat="45.81614" lon="13.74735">
        <ele>274.8</ele>
      </trkpt>
      <trkpt lat="45.81605" lon="13.74755">
        <ele>274.2</ele>
      </trkpt>
      <trkpt lat="45.81592" lon="13.74776">
        <ele>273.5</ele>
      </trkpt>
      <trkpt lat="45.81555" lon="13.74826">
        <ele>271.5</ele>
      </trkpt>
      <trkpt lat="45.81515" lon="13.74787">
        <ele>268.1</ele>
      </trkpt>
      <trkpt lat="45.81466" lon="13.74747">
        <ele>265.4</ele>
      </trkpt>
      <trkpt lat="45.81436" lon="13.74728">
        <ele>264.0</ele>
      </trkpt>
      <trkpt lat="45.81417" lon="13.74718">
        <ele>263.0</ele>
      </trkpt>
      <trkpt lat="45.81395" lon="13.74702">
        <ele>262.6</ele>
      </trkpt>
      <trkpt lat="45.8138" lon="13.74689">
        <ele>262.2</ele>
      </trkpt>
      <trkpt lat="45.81347" lon="13.74652">
        <ele>261.7</ele>
      </trkpt>
      <trkpt lat="45.81335" lon="13.74642">
        <ele>261.6</ele>
      </trkpt>
      <trkpt lat="45.81324" lon="13.74638">
        <ele>261.9</ele>
      </trkpt>
      <trkpt lat="45.81288" lon="13.74634">
        <ele>262.8</ele>
      </trkpt>
      <trkpt lat="45.81262" lon="13.74638">
        <ele>263.1</ele>
      </trkpt>
      <trkpt lat="45.81248" lon="13.74642">
        <ele>263.1</ele>
      </trkpt>
      <trkpt lat="45.81181" lon="13.74674">
        <ele>261.1</ele>
      </trkpt>
      <trkpt lat="45.81164" lon="13.74688">
        <ele>260.8</ele>
      </trkpt>
      <trkpt lat="45.8115" lon="13.747">
        <ele>260.8</ele>
      </trkpt>
      <trkpt lat="45.81113" lon="13.74751">
        <ele>260.0</ele>
      </trkpt>
      <trkpt lat="45.81086" lon="13.74785">
        <ele>260.4</ele>
      </trkpt>
      <trkpt lat="45.81045" lon="13.74828">
        <ele>260.4</ele>
      </trkpt>
      <trkpt lat="45.81037" lon="13.74839">
        <ele>260.5</ele>
      </trkpt>
      <trkpt lat="45.81021" lon="13.74864">
        <ele>261.3</ele>
      </trkpt>
      <trkpt lat="45.81003" lon="13.74885">
        <ele>262.9</ele>
      </trkpt>
      <trkpt lat="45.80996" lon="13.74889">
        <ele>263.1</ele>
      </trkpt>
      <trkpt lat="45.80984" lon="13.74893">
        <ele>262.5</ele>
      </trkpt>
      <trkpt lat="45.80952" lon="13.74907">
        <ele>260.7</ele>
      </trkpt>
      <trkpt lat="45.80941" lon="13.74911">
        <ele>259.9</ele>
      </trkpt>
      <trkpt lat="45.80919" lon="13.74921">
        <ele>258.1</ele>
      </trkpt>
      <trkpt lat="45.80883" lon="13.74949">
        <ele>257.5</ele>
      </trkpt>
      <trkpt lat="45.80849" lon="13.74993">
        <ele>257.7</ele>
      </trkpt>
      <trkpt lat="45.80833" lon="13.75002">
        <ele>257.8</ele>
      </trkpt>
      <trkpt lat="45.80824" lon="13.75007">
        <ele>257.0</ele>
      </trkpt>
      <trkpt lat="45.8079" lon="13.7502">
        <ele>254.5</ele>
      </trkpt>
      <trkpt lat="45.80775" lon="13.75023">
        <ele>253.6</ele>
      </trkpt>
      <trkpt lat="45.80766" lon="13.75029">
        <ele>253.0</ele>
      </trkpt>
      <trkpt lat="45.80739" lon="13.7505">
        <ele>251.5</ele>
      </trkpt>
      <trkpt lat="45.80731" lon="13.7506">
        <ele>251.0</ele>
      </trkpt>
      <trkpt lat="45.80707" lon="13.75101">
        <ele>249.4</ele>
      </trkpt>
      <trkpt lat="45.80699" lon="13.75112">
        <ele>249.3</ele>
      </trkpt>
      <trkpt lat="45.80692" lon="13.75119">
        <ele>249.3</ele>
      </trkpt>
      <trkpt lat="45.80686" lon="13.75124">
        <ele>249.4</ele>
      </trkpt>
      <trkpt lat="45.80679" lon="13.75127">
        <ele>249.5</ele>
      </trkpt>
      <trkpt lat="45.80672" lon="13.75129">
        <ele>249.6</ele>
      </trkpt>
      <trkpt lat="45.80635" lon="13.75132">
        <ele>249.1</ele>
      </trkpt>
      <trkpt lat="45.80609" lon="13.75138">
        <ele>248.6</ele>
      </trkpt>
      <trkpt lat="45.806" lon="13.75142">
        <ele>248.4</ele>
      </trkpt>
      <trkpt lat="45.80551" lon="13.75176">
        <ele>246.0</ele>
      </trkpt>
      <trkpt lat="45.80542" lon="13.7518">
        <ele>245.4</ele>
      </trkpt>
      <trkpt lat="45.80535" lon="13.75181">
        <ele>244.9</ele>
      </trkpt>
      <trkpt lat="45.80526" lon="13.7518">
        <ele>244.3</ele>
      </trkpt>
      <trkpt lat="45.80489" lon="13.75171">
        <ele>242.5</ele>
      </trkpt>
      <trkpt lat="45.80418" lon="13.75158">
        <ele>240.6</ele>
      </trkpt>
      <trkpt lat="45.8038" lon="13.75147">
        <ele>245.6</ele>
      </trkpt>
      <trkpt lat="45.80364" lon="13.75141">
        <ele>247.6</ele>
      </trkpt>
      <trkpt lat="45.80346" lon="13.75135">
        <ele>249.5</ele>
      </trkpt>
      <trkpt lat="45.80319" lon="13.75129">
        <ele>251.2</ele>
      </trkpt>
      <trkpt lat="45.80303" lon="13.75127">
        <ele>251.8</ele>
      </trkpt>
      <trkpt lat="45.8028" lon="13.75123">
        <ele>252.7</ele>
      </trkpt>
      <trkpt lat="45.80255" lon="13.75116">
        <ele>253.8</ele>
      </trkpt>
      <trkpt lat="45.80251" lon="13.75114">
        <ele>254.0</ele>
      </trkpt>
      <trkpt lat="45.80243" lon="13.75108">
        <ele>254.1</ele>
      </trkpt>
      <trkpt lat="45.80219" lon="13.75086">
        <ele>254.7</ele>
      </trkpt>
      <trkpt lat="45.80206" lon="13.75079">
        <ele>255.1</ele>
      </trkpt>
      <trkpt lat="45.80183" lon="13.75064">
        <ele>255.7</ele>
      </trkpt>
      <trkpt lat="45.80134" lon="13.7503">
        <ele>254.6</ele>
      </trkpt>
      <trkpt lat="45.80131" lon="13.75026">
        <ele>254.4</ele>
      </trkpt>
      <trkpt lat="45.80126" lon="13.75028">
        <ele>254.2</ele>
      </trkpt>
      <trkpt lat="45.80118" lon="13.75035">
        <ele>253.9</ele>
      </trkpt>
      <trkpt lat="45.80114" lon="13.75041">
        <ele>253.8</ele>
      </trkpt>
      <trkpt lat="45.80113" lon="13.75048">
        <ele>253.8</ele>
      </trkpt>
      <trkpt lat="45.80106" lon="13.75062">
        <ele>253.6</ele>
      </trkpt>
      <trkpt lat="45.801" lon="13.75083">
        <ele>253.6</ele>
      </trkpt>
      <trkpt lat="45.80097" lon="13.75087">
        <ele>253.5</ele>
      </trkpt>
      <trkpt lat="45.80095" lon="13.75089">
        <ele>253.4</ele>
      </trkpt>
      <trkpt lat="45.80092" lon="13.7509">
        <ele>253.3</ele>
      </trkpt>
      <trkpt lat="45.80086" lon="13.75086">
        <ele>253.1</ele>
      </trkpt>
      <trkpt lat="45.80066" lon="13.75073">
        <ele>251.8</ele>
      </trkpt>
      <trkpt lat="45.80059" lon="13.75071">
        <ele>251.3</ele>
      </trkpt>
      <trkpt lat="45.80055" lon="13.75071">
        <ele>251.1</ele>
      </trkpt>
      <trkpt lat="45.80054" lon="13.75079">
        <ele>251.2</ele>
      </trkpt>
      <trkpt lat="45.80013" lon="13.75143">
        <ele>250.0</ele>
      </trkpt>
      <trkpt lat="45.80007" lon="13.75148">
        <ele>249.8</ele>
      </trkpt>
      <trkpt lat="45.80003" lon="13.75151">
        <ele>249.7</ele>
      </trkpt>
      <trkpt lat="45.80001" lon="13.7517">
        <ele>250.0</ele>
      </trkpt>
      <trkpt lat="45.79998" lon="13.75188">
        <ele>249.4</ele>
      </trkpt>
      <trkpt lat="45.79993" lon="13.75218">
        <ele>248.4</ele>
      </trkpt>
      <trkpt lat="45.79991" lon="13.75232">
        <ele>248.0</ele>
      </trkpt>
      <trkpt lat="45.79991" lon="13.75251">
        <ele>247.8</ele>
      </trkpt>
      <trkpt lat="45.79993" lon="13.75279">
        <ele>247.1</ele>
      </trkpt>
      <trkpt lat="45.79993" lon="13.75291">
        <ele>246.7</ele>
      </trkpt>
      <trkpt lat="45.79992" lon="13.75304">
        <ele>246.1</ele>
      </trkpt>
      <trkpt lat="45.79992" lon="13.75313">
        <ele>245.8</ele>
      </trkpt>
      <trkpt lat="45.79995" lon="13.75345">
        <ele>244.9</ele>
      </trkpt>
      <trkpt lat="45.79995" lon="13.7537">
        <ele>243.7</ele>
      </trkpt>
      <trkpt lat="45.79992" lon="13.75404">
        <ele>241.8</ele>
      </trkpt>
      <trkpt lat="45.79994" lon="13.75448">
        <ele>239.6</ele>
      </trkpt>
      <trkpt lat="45.79983" lon="13.75493">
        <ele>236.0</ele>
      </trkpt>
      <trkpt lat="45.79978" lon="13.75508">
        <ele>234.8</ele>
      </trkpt>
      <trkpt lat="45.79976" lon="13.75522">
        <ele>233.9</ele>
      </trkpt>
      <trkpt lat="45.79975" lon="13.75552">
        <ele>232.4</ele>
      </trkpt>
      <trkpt lat="45.79977" lon="13.75559">
        <ele>232.2</ele>
      </trkpt>
      <trkpt lat="45.7998" lon="13.75566">
        <ele>232.2</ele>
      </trkpt>
      <trkpt lat="45.79996" lon="13.75587">
        <ele>232.4</ele>
      </trkpt>
      <trkpt lat="45.80018" lon="13.75603">
        <ele>231.2</ele>
      </trkpt>
      <trkpt lat="45.80033" lon="13.75609">
        <ele>230.3</ele>
      </trkpt>
      <trkpt lat="45.80049" lon="13.75613">
        <ele>229.5</ele>
      </trkpt>
      <trkpt lat="45.80065" lon="13.7562">
        <ele>228.5</ele>
      </trkpt>
      <trkpt lat="45.80072" lon="13.75627">
        <ele>227.8</ele>
      </trkpt>
      <trkpt lat="45.80079" lon="13.75636">
        <ele>227.0</ele>
      </trkpt>
      <trkpt lat="45.80105" lon="13.75685">
        <ele>223.3</ele>
      </trkpt>
      <trkpt lat="45.80108" lon="13.75695">
        <ele>222.4</ele>
      </trkpt>
      <trkpt lat="45.80109" lon="13.75702">
        <ele>221.7</ele>
      </trkpt>
      <trkpt lat="45.80113" lon="13.7576">
        <ele>216.6</ele>
      </trkpt>
      <trkpt lat="45.80117" lon="13.7578">
        <ele>215.1</ele>
      </trkpt>
      <trkpt lat="45.80124" lon="13.75813">
        <ele>212.6</ele>
      </trkpt>
      <trkpt lat="45.80128" lon="13.75825">
        <ele>211.7</ele>
      </trkpt>
      <trkpt lat="45.80136" lon="13.75843">
        <ele>210.4</ele>
      </trkpt>
      <trkpt lat="45.80174" lon="13.75897">
        <ele>207.6</ele>
      </trkpt>
      <trkpt lat="45.80182" lon="13.7591">
        <ele>206.6</ele>
      </trkpt>
      <trkpt lat="45.80202" lon="13.75931">
        <ele>205.5</ele>
      </trkpt>
      <trkpt lat="45.80211" lon="13.75946">
        <ele>205.5</ele>
      </trkpt>
      <trkpt lat="45.80217" lon="13.75964">
        <ele>205.7</ele>
      </trkpt>
      <trkpt lat="45.8022" lon="13.75973">
        <ele>205.9</ele>
      </trkpt>
      <trkpt lat="45.80221" lon="13.75987">
        <ele>206.3</ele>
      </trkpt>
      <trkpt lat="45.80221" lon="13.76009">
        <ele>207.7</ele>
      </trkpt>
      <trkpt lat="45.80217" lon="13.76032">
        <ele>210.2</ele>
      </trkpt>
      <trkpt lat="45.80211" lon="13.76055">
        <ele>212.6</ele>
      </trkpt>
      <trkpt lat="45.80208" lon="13.7607">
        <ele>214.0</ele>
      </trkpt>
      <trkpt lat="45.80204" lon="13.76083">
        <ele>215.2</ele>
      </trkpt>
      <trkpt lat="45.80188" lon="13.76118">
        <ele>218.3</ele>
      </trkpt>
      <trkpt lat="45.80182" lon="13.76151">
        <ele>221.7</ele>
      </trkpt>
      <trkpt lat="45.80174" lon="13.76175">
        <ele>223.7</ele>
      </trkpt>
      <trkpt lat="45.80145" lon="13.76269">
        <ele>231.6</ele>
      </trkpt>
      <trkpt lat="45.80143" lon="13.76288">
        <ele>232.9</ele>
      </trkpt>
      <trkpt lat="45.80144" lon="13.76299">
        <ele>233.8</ele>
      </trkpt>
      <trkpt lat="45.80143" lon="13.76307">
        <ele>234.3</ele>
      </trkpt>
      <trkpt lat="45.80137" lon="13.76325">
        <ele>235.2</ele>
      </trkpt>
      <trkpt lat="45.8012" lon="13.76364">
        <ele>236.0</ele>
      </trkpt>
      <trkpt lat="45.80109" lon="13.76399">
        <ele>237.1</ele>
      </trkpt>
      <trkpt lat="45.80107" lon="13.76413">
        <ele>237.7</ele>
      </trkpt>
      <trkpt lat="45.80105" lon="13.76445">
        <ele>239.2</ele>
      </trkpt>
      <trkpt lat="45.80107" lon="13.76499">
        <ele>242.0</ele>
      </trkpt>
      <trkpt lat="45.80111" lon="13.7653">
        <ele>243.4</ele>
      </trkpt>
      <trkpt lat="45.80114" lon="13.76562">
        <ele>245.0</ele>
      </trkpt>
      <trkpt lat="45.80114" lon="13.76608">
        <ele>247.3</ele>
      </trkpt>
      <trkpt lat="45.80112" lon="13.76674">
        <ele>250.6</ele>
      </trkpt>
      <trkpt lat="45.8011" lon="13.76739">
        <ele>252.9</ele>
      </trkpt>
      <trkpt lat="45.80105" lon="13.76773">
        <ele>253.4</ele>
      </trkpt>
      <trkpt lat="45.80104" lon="13.76818">
        <ele>253.7</ele>
      </trkpt>
      <trkpt lat="45.80106" lon="13.76847">
        <ele>253.7</ele>
      </trkpt>
      <trkpt lat="45.8011" lon="13.76881">
        <ele>253.4</ele>
      </trkpt>
      <trkpt lat="45.80114" lon="13.76902">
        <ele>253.3</ele>
      </trkpt>
      <trkpt lat="45.80145" lon="13.76997">
        <ele>254.0</ele>
      </trkpt>
      <trkpt lat="45.80152" lon="13.77027">
        <ele>253.9</ele>
      </trkpt>
      <trkpt lat="45.80153" lon="13.77049">
        <ele>253.7</ele>
      </trkpt>
      <trkpt lat="45.80153" lon="13.77062">
        <ele>253.5</ele>
      </trkpt>
      <trkpt lat="45.80147" lon="13.77085">
        <ele>252.8</ele>
      </trkpt>
      <trkpt lat="45.80147" lon="13.77094">
        <ele>252.6</ele>
      </trkpt>
      <trkpt lat="45.80147" lon="13.77133">
        <ele>251.6</ele>
      </trkpt>
      <trkpt lat="45.80152" lon="13.77179">
        <ele>251.3</ele>
      </trkpt>
      <trkpt lat="45.80151" lon="13.77193">
        <ele>251.9</ele>
      </trkpt>
      <trkpt lat="45.80149" lon="13.77214">
        <ele>252.7</ele>
      </trkpt>
      <trkpt lat="45.80149" lon="13.77233">
        <ele>253.5</ele>
      </trkpt>
      <trkpt lat="45.8015" lon="13.7727">
        <ele>254.2</ele>
      </trkpt>
      <trkpt lat="45.80149" lon="13.77289">
        <ele>254.2</ele>
      </trkpt>
      <trkpt lat="45.80143" lon="13.77318">
        <ele>253.9</ele>
      </trkpt>
      <trkpt lat="45.80142" lon="13.77336">
        <ele>253.8</ele>
      </trkpt>
      <trkpt lat="45.80144" lon="13.77346">
        <ele>253.9</ele>
      </trkpt>
      <trkpt lat="45.80147" lon="13.77363">
        <ele>254.1</ele>
      </trkpt>
      <trkpt lat="45.80152" lon="13.77379">
        <ele>254.3</ele>
      </trkpt>
      <trkpt lat="45.80157" lon="13.77412">
        <ele>254.5</ele>
      </trkpt>
      <trkpt lat="45.80164" lon="13.77432">
        <ele>254.7</ele>
      </trkpt>
      <trkpt lat="45.80197" lon="13.7749">
        <ele>252.7</ele>
      </trkpt>
      <trkpt lat="45.80237" lon="13.77527">
        <ele>250.2</ele>
      </trkpt>
      <trkpt lat="45.80245" lon="13.77538">
        <ele>249.8</ele>
      </trkpt>
      <trkpt lat="45.80265" lon="13.77577">
        <ele>248.5</ele>
      </trkpt>
      <trkpt lat="45.80274" lon="13.77591">
        <ele>248.2</ele>
      </trkpt>
      <trkpt lat="45.80291" lon="13.77604">
        <ele>247.9</ele>
      </trkpt>
      <trkpt lat="45.80339" lon="13.77625">
        <ele>248.0</ele>
      </trkpt>
      <trkpt lat="45.80368" lon="13.77624">
        <ele>248.0</ele>
      </trkpt>
      <trkpt lat="45.80346" lon="13.77669">
        <ele>249.9</ele>
      </trkpt>
      <trkpt lat="45.80319" lon="13.77716">
        <ele>248.6</ele>
      </trkpt>
      <trkpt lat="45.80297" lon="13.77766">
        <ele>247.6</ele>
      </trkpt>
      <trkpt lat="45.80293" lon="13.77797">
        <ele>247.5</ele>
      </trkpt>
      <trkpt lat="45.80294" lon="13.77808">
        <ele>247.5</ele>
      </trkpt>
      <trkpt lat="45.80296" lon="13.77827">
        <ele>247.6</ele>
      </trkpt>
      <trkpt lat="45.80313" lon="13.77917">
        <ele>251.8</ele>
      </trkpt>
      <trkpt lat="45.80312" lon="13.77933">
        <ele>251.7</ele>
      </trkpt>
      <trkpt lat="45.80308" lon="13.77965">
        <ele>251.4</ele>
      </trkpt>
      <trkpt lat="45.80301" lon="13.77995">
        <ele>251.2</ele>
      </trkpt>
      <trkpt lat="45.80301" lon="13.77995">
        <ele>251.2</ele>
      </trkpt>
      <trkpt lat="45.80292" lon="13.78044">
        <ele>252.1</ele>
      </trkpt>
      <trkpt lat="45.8029" lon="13.78059">
        <ele>252.4</ele>
      </trkpt>
      <trkpt lat="45.80291" lon="13.78086">
        <ele>253.1</ele>
      </trkpt>
      <trkpt lat="45.80295" lon="13.78113">
        <ele>253.8</ele>
      </trkpt>
      <trkpt lat="45.80304" lon="13.78177">
        <ele>255.8</ele>
      </trkpt>
      <trkpt lat="45.80314" lon="13.78241">
        <ele>259.8</ele>
      </trkpt>
      <trkpt lat="45.80316" lon="13.78252">
        <ele>260.6</ele>
      </trkpt>
      <trkpt lat="45.80323" lon="13.7828">
        <ele>262.6</ele>
      </trkpt>
      <trkpt lat="45.80326" lon="13.7831">
        <ele>265.0</ele>
      </trkpt>
      <trkpt lat="45.80324" lon="13.78334">
        <ele>266.8</ele>
      </trkpt>
      <trkpt lat="45.80319" lon="13.78339">
        <ele>267.0</ele>
      </trkpt>
      <trkpt lat="45.80323" lon="13.78393">
        <ele>270.3</ele>
      </trkpt>
      <trkpt lat="45.80322" lon="13.78409">
        <ele>271.3</ele>
      </trkpt>
      <trkpt lat="45.80319" lon="13.78444">
        <ele>272.8</ele>
      </trkpt>
      <trkpt lat="45.80324" lon="13.78455">
        <ele>273.3</ele>
      </trkpt>
      <trkpt lat="45.80325" lon="13.78465">
        <ele>273.7</ele>
      </trkpt>
      <trkpt lat="45.80325" lon="13.78483">
        <ele>274.3</ele>
      </trkpt>
      <trkpt lat="45.80332" lon="13.78506">
        <ele>275.4</ele>
      </trkpt>
      <trkpt lat="45.80352" lon="13.78552">
        <ele>278.7</ele>
      </trkpt>
      <trkpt lat="45.80356" lon="13.78573">
        <ele>279.8</ele>
      </trkpt>
      <trkpt lat="45.80361" lon="13.78602">
        <ele>280.1</ele>
      </trkpt>
      <trkpt lat="45.80374" lon="13.78667">
        <ele>279.0</ele>
      </trkpt>
      <trkpt lat="45.80384" lon="13.78685">
        <ele>278.3</ele>
      </trkpt>
      <trkpt lat="45.80396" lon="13.787">
        <ele>277.5</ele>
      </trkpt>
      <trkpt lat="45.80379" lon="13.78727">
        <ele>277.4</ele>
      </trkpt>
      <trkpt lat="45.80364" lon="13.78748">
        <ele>277.6</ele>
      </trkpt>
      <trkpt lat="45.80351" lon="13.7877">
        <ele>278.0</ele>
      </trkpt>
      <trkpt lat="45.80338" lon="13.78797">
        <ele>278.3</ele>
      </trkpt>
      <trkpt lat="45.8033" lon="13.78822">
        <ele>278.2</ele>
      </trkpt>
      <trkpt lat="45.80301" lon="13.78918">
        <ele>276.0</ele>
      </trkpt>
      <trkpt lat="45.80293" lon="13.78941">
        <ele>276.4</ele>
      </trkpt>
      <trkpt lat="45.80287" lon="13.78952">
        <ele>276.7</ele>
      </trkpt>
      <trkpt lat="45.80279" lon="13.78963">
        <ele>276.9</ele>
      </trkpt>
      <trkpt lat="45.80265" lon="13.78982">
        <ele>277.4</ele>
      </trkpt>
      <trkpt lat="45.80236" lon="13.79009">
        <ele>278.2</ele>
      </trkpt>
      <trkpt lat="45.80224" lon="13.79025">
        <ele>278.6</ele>
      </trkpt>
      <trkpt lat="45.80208" lon="13.79051">
        <ele>279.2</ele>
      </trkpt>
      <trkpt lat="45.80193" lon="13.7908">
        <ele>279.9</ele>
      </trkpt>
      <trkpt lat="45.80179" lon="13.79115">
        <ele>280.8</ele>
      </trkpt>
      <trkpt lat="45.80169" lon="13.79136">
        <ele>281.3</ele>
      </trkpt>
      <trkpt lat="45.8016" lon="13.7915">
        <ele>281.2</ele>
      </trkpt>
      <trkpt lat="45.8015" lon="13.79164">
        <ele>280.7</ele>
      </trkpt>
      <trkpt lat="45.80131" lon="13.79185">
        <ele>279.5</ele>
      </trkpt>
      <trkpt lat="45.80113" lon="13.79202">
        <ele>278.5</ele>
      </trkpt>
      <trkpt lat="45.80097" lon="13.79215">
        <ele>277.9</ele>
      </trkpt>
      <trkpt lat="45.80041" lon="13.79274">
        <ele>276.7</ele>
      </trkpt>
      <trkpt lat="45.80027" lon="13.79285">
        <ele>276.4</ele>
      </trkpt>
      <trkpt lat="45.80013" lon="13.793">
        <ele>276.3</ele>
      </trkpt>
      <trkpt lat="45.79999" lon="13.79316">
        <ele>276.3</ele>
      </trkpt>
      <trkpt lat="45.79985" lon="13.79338">
        <ele>276.5</ele>
      </trkpt>
      <trkpt lat="45.79933" lon="13.79425">
        <ele>277.6</ele>
      </trkpt>
      <trkpt lat="45.79882" lon="13.79512">
        <ele>273.4</ele>
      </trkpt>
      <trkpt lat="45.7983" lon="13.79599">
        <ele>270.1</ele>
      </trkpt>
      <trkpt lat="45.79778" lon="13.79686">
        <ele>268.9</ele>
      </trkpt>
      <trkpt lat="45.79759" lon="13.7972">
        <ele>268.6</ele>
      </trkpt>
      <trkpt lat="45.79709" lon="13.79799">
        <ele>266.5</ele>
      </trkpt>
      <trkpt lat="45.79676" lon="13.79858">
        <ele>265.1</ele>
      </trkpt>
      <trkpt lat="45.79638" lon="13.7992">
        <ele>264.7</ele>
      </trkpt>
      <trkpt lat="45.79617" lon="13.79956">
        <ele>264.5</ele>
      </trkpt>
      <trkpt lat="45.79588" lon="13.80002">
        <ele>265.1</ele>
      </trkpt>
      <trkpt lat="45.79569" lon="13.80039">
        <ele>264.3</ele>
      </trkpt>
      <trkpt lat="45.79554" lon="13.8006">
        <ele>263.5</ele>
      </trkpt>
      <trkpt lat="45.79542" lon="13.80078">
        <ele>262.9</ele>
      </trkpt>
      <trkpt lat="45.79532" lon="13.80097">
        <ele>262.3</ele>
      </trkpt>
      <trkpt lat="45.79511" lon="13.80131">
        <ele>261.1</ele>
      </trkpt>
      <trkpt lat="45.79491" lon="13.80167">
        <ele>260.2</ele>
      </trkpt>
      <trkpt lat="45.7948" lon="13.80193">
        <ele>259.2</ele>
      </trkpt>
      <trkpt lat="45.79473" lon="13.80217">
        <ele>258.5</ele>
      </trkpt>
      <trkpt lat="45.79461" lon="13.80278">
        <ele>257.5</ele>
      </trkpt>
      <trkpt lat="45.79447" lon="13.80246">
        <ele>256.8</ele>
      </trkpt>
      <trkpt lat="45.79429" lon="13.80191">
        <ele>255.2</ele>
      </trkpt>
      <trkpt lat="45.79409" lon="13.80137">
        <ele>253.7</ele>
      </trkpt>
      <trkpt lat="45.79383" lon="13.80108">
        <ele>252.5</ele>
      </trkpt>
      <trkpt lat="45.79356" lon="13.80085">
        <ele>251.1</ele>
      </trkpt>
      <trkpt lat="45.79286" lon="13.80024">
        <ele>248.3</ele>
      </trkpt>
      <trkpt lat="45.79216" lon="13.79963">
        <ele>247.3</ele>
      </trkpt>
      <trkpt lat="45.79216" lon="13.79963">
        <ele>247.3</ele>
      </trkpt>
      <trkpt lat="45.79201" lon="13.79949">
        <ele>247.0</ele>
      </trkpt>
      <trkpt lat="45.79164" lon="13.79905">
        <ele>245.7</ele>
      </trkpt>
      <trkpt lat="45.79127" lon="13.7986">
        <ele>245.6</ele>
      </trkpt>
      <trkpt lat="45.79066" lon="13.79827">
        <ele>246.3</ele>
      </trkpt>
      <trkpt lat="45.79004" lon="13.79795">
        <ele>244.5</ele>
      </trkpt>
      <trkpt lat="45.78942" lon="13.79762">
        <ele>246.5</ele>
      </trkpt>
      <trkpt lat="45.78893" lon="13.79741">
        <ele>248.0</ele>
      </trkpt>
      <trkpt lat="45.7882" lon="13.79688">
        <ele>249.1</ele>
      </trkpt>
      <trkpt lat="45.78801" lon="13.79668">
        <ele>249.6</ele>
      </trkpt>
      <trkpt lat="45.78793" lon="13.79654">
        <ele>249.8</ele>
      </trkpt>
      <trkpt lat="45.78793" lon="13.79654">
        <ele>249.8</ele>
      </trkpt>
      <trkpt lat="45.78768" lon="13.79613">
        <ele>250.5</ele>
      </trkpt>
      <trkpt lat="45.7875" lon="13.79599">
        <ele>250.6</ele>
      </trkpt>
      <trkpt lat="45.78723" lon="13.79588">
        <ele>250.3</ele>
      </trkpt>
      <trkpt lat="45.78702" lon="13.79591">
        <ele>249.8</ele>
      </trkpt>
      <trkpt lat="45.78693" lon="13.79591">
        <ele>249.6</ele>
      </trkpt>
      <trkpt lat="45.78675" lon="13.79584">
        <ele>249.2</ele>
      </trkpt>
      <trkpt lat="45.78653" lon="13.79568">
        <ele>249.2</ele>
      </trkpt>
      <trkpt lat="45.78643" lon="13.79566">
        <ele>249.2</ele>
      </trkpt>
      <trkpt lat="45.78622" lon="13.79564">
        <ele>249.2</ele>
      </trkpt>
      <trkpt lat="45.7858" lon="13.79565">
        <ele>249.2</ele>
      </trkpt>
      <trkpt lat="45.78561" lon="13.79564">
        <ele>249.3</ele>
      </trkpt>
      <trkpt lat="45.78503" lon="13.79537">
        <ele>248.4</ele>
      </trkpt>
      <trkpt lat="45.7847" lon="13.79525">
        <ele>248.4</ele>
      </trkpt>
      <trkpt lat="45.78447" lon="13.79519">
        <ele>248.7</ele>
      </trkpt>
      <trkpt lat="45.78439" lon="13.79518">
        <ele>248.8</ele>
      </trkpt>
      <trkpt lat="45.78432" lon="13.7952">
        <ele>249.0</ele>
      </trkpt>
      <trkpt lat="45.78416" lon="13.79529">
        <ele>249.4</ele>
      </trkpt>
      <trkpt lat="45.78401" lon="13.7954">
        <ele>249.6</ele>
      </trkpt>
      <trkpt lat="45.78389" lon="13.79541">
        <ele>249.7</ele>
      </trkpt>
      <trkpt lat="45.78373" lon="13.79531">
        <ele>249.7</ele>
      </trkpt>
      <trkpt lat="45.78364" lon="13.79522">
        <ele>249.7</ele>
      </trkpt>
      <trkpt lat="45.78351" lon="13.79507">
        <ele>249.8</ele>
      </trkpt>
      <trkpt lat="45.78331" lon="13.79484">
        <ele>250.0</ele>
      </trkpt>
      <trkpt lat="45.78328" lon="13.79479">
        <ele>250.1</ele>
      </trkpt>
      <trkpt lat="45.78314" lon="13.79444">
        <ele>250.2</ele>
      </trkpt>
      <trkpt lat="45.78308" lon="13.79434">
        <ele>250.3</ele>
      </trkpt>
      <trkpt lat="45.78299" lon="13.7942">
        <ele>250.4</ele>
      </trkpt>
      <trkpt lat="45.78267" lon="13.79379">
        <ele>250.4</ele>
      </trkpt>
      <trkpt lat="45.78234" lon="13.79336">
        <ele>250.4</ele>
      </trkpt>
      <trkpt lat="45.78225" lon="13.79326">
        <ele>250.8</ele>
      </trkpt>
      <trkpt lat="45.78195" lon="13.79296">
        <ele>252.2</ele>
      </trkpt>
      <trkpt lat="45.78177" lon="13.79276">
        <ele>253.1</ele>
      </trkpt>
      <trkpt lat="45.78166" lon="13.79265">
        <ele>253.7</ele>
      </trkpt>
      <trkpt lat="45.78155" lon="13.79255">
        <ele>254.2</ele>
      </trkpt>
      <trkpt lat="45.78134" lon="13.79238">
        <ele>254.8</ele>
      </trkpt>
      <trkpt lat="45.78125" lon="13.7922">
        <ele>255.2</ele>
      </trkpt>
      <trkpt lat="45.78118" lon="13.79226">
        <ele>255.3</ele>
      </trkpt>
      <trkpt lat="45.7811" lon="13.7923">
        <ele>255.5</ele>
      </trkpt>
      <trkpt lat="45.78087" lon="13.79237">
        <ele>256.1</ele>
      </trkpt>
      <trkpt lat="45.7808" lon="13.79241">
        <ele>256.2</ele>
      </trkpt>
      <trkpt lat="45.78073" lon="13.79247">
        <ele>256.3</ele>
      </trkpt>
      <trkpt lat="45.78067" lon="13.79254">
        <ele>256.4</ele>
      </trkpt>
      <trkpt lat="45.78062" lon="13.79263">
        <ele>256.5</ele>
      </trkpt>
      <trkpt lat="45.78055" lon="13.79283">
        <ele>256.7</ele>
      </trkpt>
      <trkpt lat="45.78052" lon="13.79293">
        <ele>256.7</ele>
      </trkpt>
      <trkpt lat="45.78049" lon="13.79316">
        <ele>256.6</ele>
      </trkpt>
      <trkpt lat="45.78044" lon="13.79383">
        <ele>255.9</ele>
      </trkpt>
      <trkpt lat="45.78042" lon="13.79394">
        <ele>255.8</ele>
      </trkpt>
      <trkpt lat="45.78037" lon="13.79415">
        <ele>255.5</ele>
      </trkpt>
      <trkpt lat="45.78029" lon="13.79435">
        <ele>255.7</ele>
      </trkpt>
      <trkpt lat="45.78021" lon="13.79454">
        <ele>256.1</ele>
      </trkpt>
      <trkpt lat="45.78012" lon="13.79473">
        <ele>256.8</ele>
      </trkpt>
      <trkpt lat="45.78001" lon="13.79489">
        <ele>257.6</ele>
      </trkpt>
      <trkpt lat="45.77977" lon="13.79518">
        <ele>258.4</ele>
      </trkpt>
      <trkpt lat="45.77966" lon="13.79535">
        <ele>258.3</ele>
      </trkpt>
      <trkpt lat="45.77944" lon="13.79582">
        <ele>258.1</ele>
      </trkpt>
      <trkpt lat="45.77935" lon="13.79601">
        <ele>258.3</ele>
      </trkpt>
      <trkpt lat="45.77925" lon="13.79618">
        <ele>258.6</ele>
      </trkpt>
      <trkpt lat="45.77914" lon="13.79634">
        <ele>258.8</ele>
      </trkpt>
      <trkpt lat="45.77896" lon="13.79657">
        <ele>258.9</ele>
      </trkpt>
      <trkpt lat="45.7789" lon="13.79664">
        <ele>259.0</ele>
      </trkpt>
      <trkpt lat="45.77877" lon="13.79675">
        <ele>259.4</ele>
      </trkpt>
      <trkpt lat="45.77862" lon="13.79686">
        <ele>260.0</ele>
      </trkpt>
      <trkpt lat="45.77855" lon="13.7969">
        <ele>260.2</ele>
      </trkpt>
      <trkpt lat="45.77848" lon="13.79693">
        <ele>260.5</ele>
      </trkpt>
      <trkpt lat="45.77839" lon="13.79694">
        <ele>260.8</ele>
      </trkpt>
      <trkpt lat="45.7783" lon="13.79692">
        <ele>261.3</ele>
      </trkpt>
      <trkpt lat="45.77824" lon="13.79689">
        <ele>261.8</ele>
      </trkpt>
      <trkpt lat="45.77807" lon="13.79678">
        <ele>263.4</ele>
      </trkpt>
      <trkpt lat="45.77783" lon="13.7966">
        <ele>265.8</ele>
      </trkpt>
      <trkpt lat="45.77775" lon="13.79655">
        <ele>266.5</ele>
      </trkpt>
      <trkpt lat="45.77758" lon="13.79653">
        <ele>268.1</ele>
      </trkpt>
      <trkpt lat="45.77749" lon="13.79656">
        <ele>268.9</ele>
      </trkpt>
      <trkpt lat="45.77739" lon="13.7966">
        <ele>269.3</ele>
      </trkpt>
      <trkpt lat="45.77727" lon="13.79668">
        <ele>269.8</ele>
      </trkpt>
      <trkpt lat="45.7772" lon="13.79673">
        <ele>270.0</ele>
      </trkpt>
      <trkpt lat="45.77697" lon="13.79702">
        <ele>270.3</ele>
      </trkpt>
      <trkpt lat="45.7767" lon="13.79747">
        <ele>270.9</ele>
      </trkpt>
      <trkpt lat="45.77661" lon="13.79758">
        <ele>271.2</ele>
      </trkpt>
      <trkpt lat="45.77641" lon="13.79774">
        <ele>271.6</ele>
      </trkpt>
      <trkpt lat="45.77619" lon="13.79785">
        <ele>271.9</ele>
      </trkpt>
      <trkpt lat="45.77596" lon="13.79799">
        <ele>272.4</ele>
      </trkpt>
      <trkpt lat="45.7758" lon="13.79812">
        <ele>272.9</ele>
      </trkpt>
      <trkpt lat="45.77559" lon="13.79838">
        <ele>272.7</ele>
      </trkpt>
      <trkpt lat="45.77515" lon="13.79893">
        <ele>270.9</ele>
      </trkpt>
      <trkpt lat="45.77504" lon="13.79901">
        <ele>270.8</ele>
      </trkpt>
      <trkpt lat="45.77465" lon="13.79934">
        <ele>268.9</ele>
      </trkpt>
      <trkpt lat="45.7741" lon="13.79965">
        <ele>266.1</ele>
      </trkpt>
      <trkpt lat="45.77394" lon="13.79968">
        <ele>265.1</ele>
      </trkpt>
      <trkpt lat="45.77388" lon="13.79968">
        <ele>264.8</ele>
      </trkpt>
      <trkpt lat="45.77378" lon="13.79966">
        <ele>264.3</ele>
      </trkpt>
      <trkpt lat="45.77364" lon="13.7996">
        <ele>263.6</ele>
      </trkpt>
      <trkpt lat="45.77313" lon="13.79926">
        <ele>263.5</ele>
      </trkpt>
      <trkpt lat="45.77285" lon="13.79913">
        <ele>264.8</ele>
      </trkpt>
      <trkpt lat="45.77272" lon="13.79911">
        <ele>265.4</ele>
      </trkpt>
      <trkpt lat="45.77245" lon="13.79914">
        <ele>266.3</ele>
      </trkpt>
      <trkpt lat="45.77229" lon="13.79923">
        <ele>266.5</ele>
      </trkpt>
      <trkpt lat="45.77213" lon="13.7994">
        <ele>266.5</ele>
      </trkpt>
      <trkpt lat="45.77201" lon="13.79962">
        <ele>266.1</ele>
      </trkpt>
      <trkpt lat="45.77181" lon="13.80015">
        <ele>265.0</ele>
      </trkpt>
      <trkpt lat="45.77169" lon="13.80038">
        <ele>264.6</ele>
      </trkpt>
      <trkpt lat="45.77156" lon="13.80058">
        <ele>264.0</ele>
      </trkpt>
      <trkpt lat="45.77126" lon="13.80093">
        <ele>262.8</ele>
      </trkpt>
      <trkpt lat="45.77115" lon="13.8011">
        <ele>262.4</ele>
      </trkpt>
      <trkpt lat="45.7711" lon="13.80122">
        <ele>262.2</ele>
      </trkpt>
      <trkpt lat="45.77104" lon="13.80141">
        <ele>262.0</ele>
      </trkpt>
      <trkpt lat="45.77096" lon="13.80176">
        <ele>262.3</ele>
      </trkpt>
      <trkpt lat="45.7709" lon="13.80198">
        <ele>264.0</ele>
      </trkpt>
      <trkpt lat="45.77082" lon="13.80218">
        <ele>265.7</ele>
      </trkpt>
      <trkpt lat="45.77073" lon="13.80239">
        <ele>266.9</ele>
      </trkpt>
      <trkpt lat="45.77057" lon="13.80269">
        <ele>267.6</ele>
      </trkpt>
      <trkpt lat="45.77041" lon="13.80296">
        <ele>268.2</ele>
      </trkpt>
      <trkpt lat="45.77036" lon="13.80302">
        <ele>268.3</ele>
      </trkpt>
      <trkpt lat="45.77028" lon="13.8031">
        <ele>268.6</ele>
      </trkpt>
      <trkpt lat="45.7702" lon="13.80315">
        <ele>268.9</ele>
      </trkpt>
      <trkpt lat="45.77009" lon="13.80317">
        <ele>269.0</ele>
      </trkpt>
      <trkpt lat="45.7699" lon="13.80318">
        <ele>269.3</ele>
      </trkpt>
      <trkpt lat="45.76975" lon="13.80321">
        <ele>269.8</ele>
      </trkpt>
      <trkpt lat="45.76946" lon="13.80333">
        <ele>271.3</ele>
      </trkpt>
      <trkpt lat="45.76926" lon="13.80345">
        <ele>271.7</ele>
      </trkpt>
      <trkpt lat="45.76915" lon="13.8035">
        <ele>271.6</ele>
      </trkpt>
      <trkpt lat="45.76891" lon="13.80346">
        <ele>269.3</ele>
      </trkpt>
      <trkpt lat="45.76875" lon="13.80346">
        <ele>267.7</ele>
      </trkpt>
      <trkpt lat="45.76835" lon="13.80351">
        <ele>263.8</ele>
      </trkpt>
      <trkpt lat="45.76826" lon="13.80353">
        <ele>264.1</ele>
      </trkpt>
      <trkpt lat="45.76819" lon="13.80357">
        <ele>264.6</ele>
      </trkpt>
      <trkpt lat="45.76807" lon="13.80365">
        <ele>265.5</ele>
      </trkpt>
      <trkpt lat="45.76801" lon="13.80373">
        <ele>266.2</ele>
      </trkpt>
      <trkpt lat="45.76795" lon="13.80387">
        <ele>267.1</ele>
      </trkpt>
      <trkpt lat="45.7679" lon="13.80419">
        <ele>268.6</ele>
      </trkpt>
      <trkpt lat="45.76778" lon="13.80451">
        <ele>269.5</ele>
      </trkpt>
      <trkpt lat="45.76775" lon="13.80463">
        <ele>269.7</ele>
      </trkpt>
      <trkpt lat="45.76774" lon="13.80475">
        <ele>269.8</ele>
      </trkpt>
      <trkpt lat="45.7677" lon="13.80486">
        <ele>270.0</ele>
      </trkpt>
      <trkpt lat="45.76764" lon="13.80497">
        <ele>270.3</ele>
      </trkpt>
      <trkpt lat="45.76755" lon="13.80508">
        <ele>270.8</ele>
      </trkpt>
      <trkpt lat="45.76747" lon="13.80514">
        <ele>270.9</ele>
      </trkpt>
      <trkpt lat="45.76738" lon="13.80517">
        <ele>270.6</ele>
      </trkpt>
      <trkpt lat="45.7673" lon="13.80514">
        <ele>270.3</ele>
      </trkpt>
      <trkpt lat="45.7672" lon="13.80508">
        <ele>270.0</ele>
      </trkpt>
      <trkpt lat="45.7671" lon="13.80506">
        <ele>269.6</ele>
      </trkpt>
      <trkpt lat="45.76655" lon="13.80528">
        <ele>267.7</ele>
      </trkpt>
      <trkpt lat="45.76603" lon="13.80553">
        <ele>265.1</ele>
      </trkpt>
      <trkpt lat="45.766" lon="13.80553">
        <ele>264.9</ele>
      </trkpt>
      <trkpt lat="45.76588" lon="13.80577">
        <ele>264.3</ele>
      </trkpt>
      <trkpt lat="45.76569" lon="13.80587">
        <ele>264.0</ele>
      </trkpt>
      <trkpt lat="45.76548" lon="13.80602">
        <ele>264.2</ele>
      </trkpt>
      <trkpt lat="45.76539" lon="13.80612">
        <ele>264.3</ele>
      </trkpt>
      <trkpt lat="45.76528" lon="13.80633">
        <ele>264.5</ele>
      </trkpt>
      <trkpt lat="45.76521" lon="13.80644">
        <ele>264.5</ele>
      </trkpt>
      <trkpt lat="45.76513" lon="13.8065">
        <ele>264.3</ele>
      </trkpt>
      <trkpt lat="45.76497" lon="13.8066">
        <ele>264.1</ele>
      </trkpt>
      <trkpt lat="45.76493" lon="13.80665">
        <ele>264.3</ele>
      </trkpt>
      <trkpt lat="45.76487" lon="13.80674">
        <ele>264.7</ele>
      </trkpt>
      <trkpt lat="45.76477" lon="13.80684">
        <ele>265.3</ele>
      </trkpt>
      <trkpt lat="45.76467" lon="13.80696">
        <ele>266.0</ele>
      </trkpt>
      <trkpt lat="45.76446" lon="13.80717">
        <ele>267.8</ele>
      </trkpt>
      <trkpt lat="45.7644" lon="13.80725">
        <ele>268.4</ele>
      </trkpt>
      <trkpt lat="45.76434" lon="13.80736">
        <ele>269.1</ele>
      </trkpt>
      <trkpt lat="45.76407" lon="13.8078">
        <ele>271.7</ele>
      </trkpt>
      <trkpt lat="45.76387" lon="13.80814">
        <ele>273.6</ele>
      </trkpt>
      <trkpt lat="45.76371" lon="13.80845">
        <ele>275.2</ele>
      </trkpt>
      <trkpt lat="45.76353" lon="13.80888">
        <ele>276.0</ele>
      </trkpt>
      <trkpt lat="45.76348" lon="13.80905">
        <ele>276.0</ele>
      </trkpt>
      <trkpt lat="45.76344" lon="13.80912">
        <ele>276.2</ele>
      </trkpt>
      <trkpt lat="45.76339" lon="13.80917">
        <ele>276.5</ele>
      </trkpt>
      <trkpt lat="45.76339" lon="13.80917">
        <ele>276.5</ele>
      </trkpt>
      <trkpt lat="45.76332" lon="13.80922">
        <ele>276.7</ele>
      </trkpt>
      <trkpt lat="45.76323" lon="13.80926">
        <ele>276.2</ele>
      </trkpt>
      <trkpt lat="45.76297" lon="13.80926">
        <ele>275.3</ele>
      </trkpt>
      <trkpt lat="45.76268" lon="13.80923">
        <ele>274.5</ele>
      </trkpt>
      <trkpt lat="45.76259" lon="13.80923">
        <ele>274.2</ele>
      </trkpt>
      <trkpt lat="45.76248" lon="13.80924">
        <ele>274.0</ele>
      </trkpt>
      <trkpt lat="45.76243" lon="13.80926">
        <ele>274.3</ele>
      </trkpt>
      <trkpt lat="45.76236" lon="13.80931">
        <ele>274.6</ele>
      </trkpt>
      <trkpt lat="45.76227" lon="13.8094">
        <ele>275.0</ele>
      </trkpt>
      <trkpt lat="45.76217" lon="13.80954">
        <ele>275.3</ele>
      </trkpt>
      <trkpt lat="45.76173" lon="13.81029">
        <ele>276.6</ele>
      </trkpt>
      <trkpt lat="45.76162" lon="13.81054">
        <ele>277.0</ele>
      </trkpt>
      <trkpt lat="45.76154" lon="13.81074">
        <ele>276.9</ele>
      </trkpt>
      <trkpt lat="45.76149" lon="13.81095">
        <ele>276.6</ele>
      </trkpt>
      <trkpt lat="45.76139" lon="13.81116">
        <ele>275.8</ele>
      </trkpt>
      <trkpt lat="45.76127" lon="13.81134">
        <ele>274.5</ele>
      </trkpt>
      <trkpt lat="45.7611" lon="13.81144">
        <ele>272.9</ele>
      </trkpt>
      <trkpt lat="45.76059" lon="13.81166">
        <ele>269.0</ele>
      </trkpt>
      <trkpt lat="45.76003" lon="13.81197">
        <ele>266.5</ele>
      </trkpt>
      <trkpt lat="45.75965" lon="13.81212">
        <ele>262.3</ele>
      </trkpt>
      <trkpt lat="45.7592" lon="13.81225">
        <ele>257.8</ele>
      </trkpt>
      <trkpt lat="45.75887" lon="13.81239">
        <ele>256.8</ele>
      </trkpt>
      <trkpt lat="45.7588" lon="13.81247">
        <ele>256.6</ele>
      </trkpt>
      <trkpt lat="45.7587" lon="13.81262">
        <ele>256.3</ele>
      </trkpt>
      <trkpt lat="45.7585" lon="13.81288">
        <ele>256.0</ele>
      </trkpt>
      <trkpt lat="45.7584" lon="13.81296">
        <ele>255.9</ele>
      </trkpt>
      <trkpt lat="45.75829" lon="13.81297">
        <ele>255.7</ele>
      </trkpt>
      <trkpt lat="45.75818" lon="13.81293">
        <ele>255.3</ele>
      </trkpt>
      <trkpt lat="45.75812" lon="13.81285">
        <ele>255.2</ele>
      </trkpt>
      <trkpt lat="45.75802" lon="13.8127">
        <ele>255.1</ele>
      </trkpt>
      <trkpt lat="45.75788" lon="13.81255">
        <ele>254.7</ele>
      </trkpt>
      <trkpt lat="45.75765" lon="13.81238">
        <ele>254.1</ele>
      </trkpt>
      <trkpt lat="45.75752" lon="13.8123">
        <ele>253.8</ele>
      </trkpt>
      <trkpt lat="45.75744" lon="13.81227">
        <ele>253.4</ele>
      </trkpt>
      <trkpt lat="45.75735" lon="13.81226">
        <ele>252.8</ele>
      </trkpt>
      <trkpt lat="45.75719" lon="13.81229">
        <ele>251.6</ele>
      </trkpt>
      <trkpt lat="45.75701" lon="13.81234">
        <ele>250.3</ele>
      </trkpt>
      <trkpt lat="45.75679" lon="13.81242">
        <ele>248.8</ele>
      </trkpt>
      <trkpt lat="45.75668" lon="13.8124">
        <ele>248.1</ele>
      </trkpt>
      <trkpt lat="45.75662" lon="13.81238">
        <ele>248.3</ele>
      </trkpt>
      <trkpt lat="45.7564" lon="13.81216">
        <ele>250.1</ele>
      </trkpt>
      <trkpt lat="45.75608" lon="13.8118">
        <ele>252.8</ele>
      </trkpt>
      <trkpt lat="45.756" lon="13.81174">
        <ele>253.5</ele>
      </trkpt>
      <trkpt lat="45.75595" lon="13.81171">
        <ele>254.0</ele>
      </trkpt>
      <trkpt lat="45.75588" lon="13.81169">
        <ele>254.6</ele>
      </trkpt>
      <trkpt lat="45.75576" lon="13.81169">
        <ele>255.1</ele>
      </trkpt>
      <trkpt lat="45.7557" lon="13.81171">
        <ele>255.2</ele>
      </trkpt>
      <trkpt lat="45.75513" lon="13.81207">
        <ele>255.0</ele>
      </trkpt>
      <trkpt lat="45.75456" lon="13.81244">
        <ele>249.4</ele>
      </trkpt>
      <trkpt lat="45.7542" lon="13.81268">
        <ele>246.9</ele>
      </trkpt>
      <trkpt lat="45.75392" lon="13.81285">
        <ele>246.4</ele>
      </trkpt>
      <trkpt lat="45.75372" lon="13.81299">
        <ele>246.2</ele>
      </trkpt>
      <trkpt lat="45.75372" lon="13.81299">
        <ele>246.2</ele>
      </trkpt>
      <trkpt lat="45.75309" lon="13.81356">
        <ele>244.3</ele>
      </trkpt>
      <trkpt lat="45.7529" lon="13.81385">
        <ele>244.8</ele>
      </trkpt>
      <trkpt lat="45.75264" lon="13.81439">
        <ele>248.3</ele>
      </trkpt>
      <trkpt lat="45.75238" lon="13.81494">
        <ele>250.7</ele>
      </trkpt>
      <trkpt lat="45.75199" lon="13.8156">
        <ele>250.8</ele>
      </trkpt>
      <trkpt lat="45.75185" lon="13.81577">
        <ele>251.6</ele>
      </trkpt>
      <trkpt lat="45.75154" lon="13.81608">
        <ele>251.3</ele>
      </trkpt>
      <trkpt lat="45.75136" lon="13.81624">
        <ele>250.4</ele>
      </trkpt>
      <trkpt lat="45.75127" lon="13.81637">
        <ele>250.4</ele>
      </trkpt>
      <trkpt lat="45.7512" lon="13.81655">
        <ele>251.0</ele>
      </trkpt>
      <trkpt lat="45.75103" lon="13.81681">
        <ele>250.6</ele>
      </trkpt>
      <trkpt lat="45.75094" lon="13.81699">
        <ele>249.9</ele>
      </trkpt>
      <trkpt lat="45.75082" lon="13.81736">
        <ele>249.1</ele>
      </trkpt>
      <trkpt lat="45.75067" lon="13.81786">
        <ele>249.0</ele>
      </trkpt>
      <trkpt lat="45.75057" lon="13.8181">
        <ele>249.5</ele>
      </trkpt>
      <trkpt lat="45.75006" lon="13.81875">
        <ele>252.0</ele>
      </trkpt>
      <trkpt lat="45.74992" lon="13.81888">
        <ele>252.3</ele>
      </trkpt>
      <trkpt lat="45.74969" lon="13.81908">
        <ele>253.6</ele>
      </trkpt>
      <trkpt lat="45.74959" lon="13.81919">
        <ele>254.5</ele>
      </trkpt>
      <trkpt lat="45.74927" lon="13.81963">
        <ele>256.1</ele>
      </trkpt>
      <trkpt lat="45.74915" lon="13.81978">
        <ele>256.8</ele>
      </trkpt>
      <trkpt lat="45.74905" lon="13.81994">
        <ele>257.0</ele>
      </trkpt>
      <trkpt lat="45.74896" lon="13.82011">
        <ele>257.3</ele>
      </trkpt>
      <trkpt lat="45.74883" lon="13.82039">
        <ele>257.9</ele>
      </trkpt>
      <trkpt lat="45.7488" lon="13.82053">
        <ele>258.3</ele>
      </trkpt>
      <trkpt lat="45.74879" lon="13.8207">
        <ele>258.7</ele>
      </trkpt>
      <trkpt lat="45.74882" lon="13.82093">
        <ele>258.9</ele>
      </trkpt>
      <trkpt lat="45.74885" lon="13.82106">
        <ele>258.8</ele>
      </trkpt>
      <trkpt lat="45.74907" lon="13.82153">
        <ele>259.4</ele>
      </trkpt>
      <trkpt lat="45.7491" lon="13.82163">
        <ele>259.6</ele>
      </trkpt>
      <trkpt lat="45.74911" lon="13.82171">
        <ele>259.5</ele>
      </trkpt>
      <trkpt lat="45.74906" lon="13.82177">
        <ele>259.0</ele>
      </trkpt>
      <trkpt lat="45.74895" lon="13.82196">
        <ele>257.8</ele>
      </trkpt>
      <trkpt lat="45.74888" lon="13.8221">
        <ele>257.1</ele>
      </trkpt>
      <trkpt lat="45.7488" lon="13.82229">
        <ele>256.2</ele>
      </trkpt>
      <trkpt lat="45.7487" lon="13.82266">
        <ele>255.9</ele>
      </trkpt>
      <trkpt lat="45.74866" lon="13.82283">
        <ele>256.5</ele>
      </trkpt>
      <trkpt lat="45.74858" lon="13.82348">
        <ele>259.1</ele>
      </trkpt>
      <trkpt lat="45.74855" lon="13.8236">
        <ele>259.8</ele>
      </trkpt>
      <trkpt lat="45.74838" lon="13.82406">
        <ele>262.4</ele>
      </trkpt>
      <trkpt lat="45.7483" lon="13.82427">
        <ele>262.9</ele>
      </trkpt>
      <trkpt lat="45.74822" lon="13.82433">
        <ele>262.9</ele>
      </trkpt>
      <trkpt lat="45.74791" lon="13.82466">
        <ele>263.6</ele>
      </trkpt>
      <trkpt lat="45.74773" lon="13.82482">
        <ele>264.5</ele>
      </trkpt>
      <trkpt lat="45.74761" lon="13.82488">
        <ele>265.1</ele>
      </trkpt>
      <trkpt lat="45.74755" lon="13.82489">
        <ele>265.4</ele>
      </trkpt>
      <trkpt lat="45.7472" lon="13.82506">
        <ele>265.9</ele>
      </trkpt>
      <trkpt lat="45.74689" lon="13.82519">
        <ele>265.9</ele>
      </trkpt>
      <trkpt lat="45.74667" lon="13.82526">
        <ele>266.0</ele>
      </trkpt>
      <trkpt lat="45.7465" lon="13.82527">
        <ele>267.7</ele>
      </trkpt>
      <trkpt lat="45.74621" lon="13.82521">
        <ele>270.8</ele>
      </trkpt>
      <trkpt lat="45.7459" lon="13.8251">
        <ele>274.2</ele>
      </trkpt>
      <trkpt lat="45.74581" lon="13.82502">
        <ele>275.2</ele>
      </trkpt>
      <trkpt lat="45.74574" lon="13.82495">
        <ele>275.8</ele>
      </trkpt>
      <trkpt lat="45.74562" lon="13.82475">
        <ele>276.7</ele>
      </trkpt>
      <trkpt lat="45.74558" lon="13.82459">
        <ele>276.8</ele>
      </trkpt>
      <trkpt lat="45.74553" lon="13.82428">
        <ele>276.7</ele>
      </trkpt>
      <trkpt lat="45.74545" lon="13.82407">
        <ele>277.4</ele>
      </trkpt>
      <trkpt lat="45.74536" lon="13.82393">
        <ele>278.3</ele>
      </trkpt>
      <trkpt lat="45.74529" lon="13.82385">
        <ele>278.8</ele>
      </trkpt>
      <trkpt lat="45.74522" lon="13.8238">
        <ele>279.3</ele>
      </trkpt>
      <trkpt lat="45.7449" lon="13.82366">
        <ele>279.8</ele>
      </trkpt>
      <trkpt lat="45.74465" lon="13.82352">
        <ele>278.2</ele>
      </trkpt>
      <trkpt lat="45.74452" lon="13.8234">
        <ele>277.2</ele>
      </trkpt>
      <trkpt lat="45.74405" lon="13.82288">
        <ele>275.6</ele>
      </trkpt>
      <trkpt lat="45.74405" lon="13.82288">
        <ele>275.6</ele>
      </trkpt>
      <trkpt lat="45.74382" lon="13.82263">
        <ele>275.6</ele>
      </trkpt>
      <trkpt lat="45.74369" lon="13.82252">
        <ele>275.8</ele>
      </trkpt>
      <trkpt lat="45.74355" lon="13.82246">
        <ele>275.8</ele>
      </trkpt>
      <trkpt lat="45.74342" lon="13.82242">
        <ele>275.8</ele>
      </trkpt>
      <trkpt lat="45.74312" lon="13.8224">
        <ele>277.8</ele>
      </trkpt>
      <trkpt lat="45.74293" lon="13.8224">
        <ele>279.5</ele>
      </trkpt>
      <trkpt lat="45.74281" lon="13.82242">
        <ele>280.5</ele>
      </trkpt>
      <trkpt lat="45.74272" lon="13.8225">
        <ele>280.9</ele>
      </trkpt>
      <trkpt lat="45.74261" lon="13.82264">
        <ele>281.5</ele>
      </trkpt>
      <trkpt lat="45.74253" lon="13.82271">
        <ele>282.2</ele>
      </trkpt>
      <trkpt lat="45.74214" lon="13.82296">
        <ele>283.0</ele>
      </trkpt>
      <trkpt lat="45.74194" lon="13.82303">
        <ele>283.5</ele>
      </trkpt>
      <trkpt lat="45.74171" lon="13.82301">
        <ele>284.3</ele>
      </trkpt>
      <trkpt lat="45.7416" lon="13.82302">
        <ele>284.1</ele>
      </trkpt>
      <trkpt lat="45.74145" lon="13.82313">
        <ele>283.5</ele>
      </trkpt>
      <trkpt lat="45.74136" lon="13.82322">
        <ele>283.0</ele>
      </trkpt>
      <trkpt lat="45.74131" lon="13.8233">
        <ele>282.8</ele>
      </trkpt>
      <trkpt lat="45.74121" lon="13.8234">
        <ele>282.3</ele>
      </trkpt>
      <trkpt lat="45.74114" lon="13.82344">
        <ele>282.1</ele>
      </trkpt>
      <trkpt lat="45.74107" lon="13.82368">
        <ele>281.9</ele>
      </trkpt>
      <trkpt lat="45.7411" lon="13.82379">
        <ele>282.0</ele>
      </trkpt>
      <trkpt lat="45.74058" lon="13.82355">
        <ele>281.4</ele>
      </trkpt>
      <trkpt lat="45.74012" lon="13.82342">
        <ele>281.8</ele>
      </trkpt>
      <trkpt lat="45.73966" lon="13.82329">
        <ele>282.4</ele>
      </trkpt>
      <trkpt lat="45.73958" lon="13.82326">
        <ele>282.5</ele>
      </trkpt>
      <trkpt lat="45.73943" lon="13.82319">
        <ele>282.8</ele>
      </trkpt>
      <trkpt lat="45.73922" lon="13.82305">
        <ele>283.3</ele>
      </trkpt>
      <trkpt lat="45.7391" lon="13.82295">
        <ele>283.9</ele>
      </trkpt>
      <trkpt lat="45.73862" lon="13.8225">
        <ele>287.3</ele>
      </trkpt>
      <trkpt lat="45.73793" lon="13.82184">
        <ele>290.3</ele>
      </trkpt>
      <trkpt lat="45.73777" lon="13.82164">
        <ele>291.4</ele>
      </trkpt>
      <trkpt lat="45.73751" lon="13.8212">
        <ele>294.6</ele>
      </trkpt>
      <trkpt lat="45.73743" lon="13.82109">
        <ele>295.6</ele>
      </trkpt>
      <trkpt lat="45.73733" lon="13.82099">
        <ele>296.6</ele>
      </trkpt>
      <trkpt lat="45.73721" lon="13.82092">
        <ele>297.7</ele>
      </trkpt>
      <trkpt lat="45.73706" lon="13.82085">
        <ele>299.1</ele>
      </trkpt>
      <trkpt lat="45.73692" lon="13.82083">
        <ele>300.2</ele>
      </trkpt>
      <trkpt lat="45.7368" lon="13.82084">
        <ele>301.0</ele>
      </trkpt>
      <trkpt lat="45.73628" lon="13.82095">
        <ele>303.7</ele>
      </trkpt>
      <trkpt lat="45.73577" lon="13.82106">
        <ele>306.5</ele>
      </trkpt>
      <trkpt lat="45.73567" lon="13.82111">
        <ele>307.6</ele>
      </trkpt>
      <trkpt lat="45.73561" lon="13.82117">
        <ele>307.7</ele>
      </trkpt>
      <trkpt lat="45.73556" lon="13.82127">
        <ele>307.9</ele>
      </trkpt>
      <trkpt lat="45.73552" lon="13.82138">
        <ele>308.1</ele>
      </trkpt>
      <trkpt lat="45.73544" lon="13.82158">
        <ele>308.4</ele>
      </trkpt>
      <trkpt lat="45.73537" lon="13.82172">
        <ele>308.6</ele>
      </trkpt>
      <trkpt lat="45.73529" lon="13.82181">
        <ele>308.9</ele>
      </trkpt>
      <trkpt lat="45.73525" lon="13.82183">
        <ele>309.3</ele>
      </trkpt>
      <trkpt lat="45.73489" lon="13.82198">
        <ele>312.9</ele>
      </trkpt>
      <trkpt lat="45.73496" lon="13.82216">
        <ele>310.4</ele>
      </trkpt>
      <trkpt lat="45.73501" lon="13.82218">
        <ele>309.6</ele>
      </trkpt>
      <trkpt lat="45.73506" lon="13.82217">
        <ele>309.1</ele>
      </trkpt>
      <trkpt lat="45.73512" lon="13.8221">
        <ele>309.0</ele>
      </trkpt>
      <trkpt lat="45.73516" lon="13.82208">
        <ele>308.7</ele>
      </trkpt>
      <trkpt lat="45.7352" lon="13.82208">
        <ele>308.2</ele>
      </trkpt>
      <trkpt lat="45.73525" lon="13.82211">
        <ele>307.5</ele>
      </trkpt>
      <trkpt lat="45.73526" lon="13.82217">
        <ele>307.0</ele>
      </trkpt>
      <trkpt lat="45.73526" lon="13.82223">
        <ele>306.6</ele>
      </trkpt>
      <trkpt lat="45.7352" lon="13.82238">
        <ele>306.2</ele>
      </trkpt>
      <trkpt lat="45.73519" lon="13.82245">
        <ele>305.8</ele>
      </trkpt>
      <trkpt lat="45.73521" lon="13.8225">
        <ele>305.2</ele>
      </trkpt>
      <trkpt lat="45.73537" lon="13.82259">
        <ele>303.8</ele>
      </trkpt>
      <trkpt lat="45.7354" lon="13.82264">
        <ele>303.5</ele>
      </trkpt>
      <trkpt lat="45.7354" lon="13.82271">
        <ele>303.4</ele>
      </trkpt>
      <trkpt lat="45.73538" lon="13.82292">
        <ele>303.3</ele>
      </trkpt>
      <trkpt lat="45.73539" lon="13.82306">
        <ele>303.0</ele>
      </trkpt>
      <trkpt lat="45.73545" lon="13.82336">
        <ele>302.4</ele>
      </trkpt>
      <trkpt lat="45.73545" lon="13.82349">
        <ele>302.8</ele>
      </trkpt>
      <trkpt lat="45.73545" lon="13.82358">
        <ele>303.2</ele>
      </trkpt>
      <trkpt lat="45.73543" lon="13.82367">
        <ele>303.6</ele>
      </trkpt>
      <trkpt lat="45.73541" lon="13.82377">
        <ele>304.1</ele>
      </trkpt>
      <trkpt lat="45.73537" lon="13.82387">
        <ele>304.8</ele>
      </trkpt>
      <trkpt lat="45.73532" lon="13.82397">
        <ele>305.5</ele>
      </trkpt>
      <trkpt lat="45.73528" lon="13.82403">
        <ele>306.1</ele>
      </trkpt>
      <trkpt lat="45.73519" lon="13.82409">
        <ele>307.1</ele>
      </trkpt>
      <trkpt lat="45.73511" lon="13.82411">
        <ele>307.8</ele>
      </trkpt>
      <trkpt lat="45.73504" lon="13.82417">
        <ele>308.7</ele>
      </trkpt>
      <trkpt lat="45.73499" lon="13.82422">
        <ele>309.2</ele>
      </trkpt>
      <trkpt lat="45.73486" lon="13.82431">
        <ele>309.6</ele>
      </trkpt>
      <trkpt lat="45.7348" lon="13.82437">
        <ele>309.9</ele>
      </trkpt>
      <trkpt lat="45.73476" lon="13.82446">
        <ele>310.1</ele>
      </trkpt>
      <trkpt lat="45.73467" lon="13.82468">
        <ele>310.5</ele>
      </trkpt>
      <trkpt lat="45.73464" lon="13.82473">
        <ele>310.6</ele>
      </trkpt>
      <trkpt lat="45.73459" lon="13.82478">
        <ele>310.7</ele>
      </trkpt>
      <trkpt lat="45.7345" lon="13.82483">
        <ele>310.8</ele>
      </trkpt>
      <trkpt lat="45.7343" lon="13.8249">
        <ele>311.0</ele>
      </trkpt>
      <trkpt lat="45.7342" lon="13.82494">
        <ele>311.0</ele>
      </trkpt>
      <trkpt lat="45.73403" lon="13.82508">
        <ele>311.8</ele>
      </trkpt>
      <trkpt lat="45.73393" lon="13.82519">
        <ele>312.0</ele>
      </trkpt>
      <trkpt lat="45.7339" lon="13.82525">
        <ele>311.9</ele>
      </trkpt>
      <trkpt lat="45.73361" lon="13.82559">
        <ele>311.1</ele>
      </trkpt>
      <trkpt lat="45.73349" lon="13.82571">
        <ele>310.6</ele>
      </trkpt>
      <trkpt lat="45.73334" lon="13.82582">
        <ele>310.1</ele>
      </trkpt>
      <trkpt lat="45.73331" lon="13.82589">
        <ele>309.9</ele>
      </trkpt>
      <trkpt lat="45.73329" lon="13.82609">
        <ele>309.1</ele>
      </trkpt>
      <trkpt lat="45.73331" lon="13.82626">
        <ele>308.1</ele>
      </trkpt>
      <trkpt lat="45.73338" lon="13.82641">
        <ele>307.1</ele>
      </trkpt>
      <trkpt lat="45.73349" lon="13.82659">
        <ele>306.1</ele>
      </trkpt>
      <trkpt lat="45.73357" lon="13.82666">
        <ele>305.7</ele>
      </trkpt>
      <trkpt lat="45.73371" lon="13.82673">
        <ele>305.8</ele>
      </trkpt>
      <trkpt lat="45.73379" lon="13.82674">
        <ele>305.7</ele>
      </trkpt>
      <trkpt lat="45.73406" lon="13.82674">
        <ele>305.2</ele>
      </trkpt>
      <trkpt lat="45.73417" lon="13.82679">
        <ele>305.0</ele>
      </trkpt>
      <trkpt lat="45.7344" lon="13.82706">
        <ele>305.7</ele>
      </trkpt>
      <trkpt lat="45.73456" lon="13.82731">
        <ele>305.8</ele>
      </trkpt>
      <trkpt lat="45.7346" lon="13.82744">
        <ele>305.6</ele>
      </trkpt>
      <trkpt lat="45.73463" lon="13.82785">
        <ele>307.0</ele>
      </trkpt>
      <trkpt lat="45.73466" lon="13.82818">
        <ele>308.3</ele>
      </trkpt>
      <trkpt lat="45.73462" lon="13.82834">
        <ele>309.2</ele>
      </trkpt>
      <trkpt lat="45.73452" lon="13.82849">
        <ele>310.1</ele>
      </trkpt>
      <trkpt lat="45.73432" lon="13.82879">
        <ele>312.2</ele>
      </trkpt>
      <trkpt lat="45.73424" lon="13.82888">
        <ele>313.0</ele>
      </trkpt>
      <trkpt lat="45.73413" lon="13.82896">
        <ele>313.8</ele>
      </trkpt>
      <trkpt lat="45.73396" lon="13.82905">
        <ele>314.3</ele>
      </trkpt>
      <trkpt lat="45.73382" lon="13.82908">
        <ele>314.6</ele>
      </trkpt>
      <trkpt lat="45.73377" lon="13.82912">
        <ele>314.8</ele>
      </trkpt>
      <trkpt lat="45.73369" lon="13.82918">
        <ele>315.1</ele>
      </trkpt>
      <trkpt lat="45.73352" lon="13.82934">
        <ele>315.5</ele>
      </trkpt>
      <trkpt lat="45.73347" lon="13.82945">
        <ele>315.6</ele>
      </trkpt>
      <trkpt lat="45.73329" lon="13.8299">
        <ele>316.2</ele>
      </trkpt>
      <trkpt lat="45.73314" lon="13.83022">
        <ele>317.6</ele>
      </trkpt>
      <trkpt lat="45.73306" lon="13.83044">
        <ele>318.5</ele>
      </trkpt>
      <trkpt lat="45.73305" lon="13.83056">
        <ele>318.8</ele>
      </trkpt>
      <trkpt lat="45.73302" lon="13.83106">
        <ele>319.7</ele>
      </trkpt>
      <trkpt lat="45.733" lon="13.83122">
        <ele>319.9</ele>
      </trkpt>
      <trkpt lat="45.73291" lon="13.83162">
        <ele>320.5</ele>
      </trkpt>
      <trkpt lat="45.7329" lon="13.83176">
        <ele>320.5</ele>
      </trkpt>
      <trkpt lat="45.73288" lon="13.83184">
        <ele>320.5</ele>
      </trkpt>
      <trkpt lat="45.73286" lon="13.8319">
        <ele>320.5</ele>
      </trkpt>
      <trkpt lat="45.73278" lon="13.83199">
        <ele>320.9</ele>
      </trkpt>
      <trkpt lat="45.73272" lon="13.83204">
        <ele>321.2</ele>
      </trkpt>
      <trkpt lat="45.7326" lon="13.83211">
        <ele>321.9</ele>
      </trkpt>
      <trkpt lat="45.73251" lon="13.83218">
        <ele>322.6</ele>
      </trkpt>
      <trkpt lat="45.73245" lon="13.83224">
        <ele>322.6</ele>
      </trkpt>
      <trkpt lat="45.73229" lon="13.83246">
        <ele>322.3</ele>
      </trkpt>
      <trkpt lat="45.73223" lon="13.83256">
        <ele>322.0</ele>
      </trkpt>
      <trkpt lat="45.73214" lon="13.83276">
        <ele>321.7</ele>
      </trkpt>
      <trkpt lat="45.73205" lon="13.83309">
        <ele>321.4</ele>
      </trkpt>
      <trkpt lat="45.73203" lon="13.83319">
        <ele>321.3</ele>
      </trkpt>
      <trkpt lat="45.73203" lon="13.83344">
        <ele>321.7</ele>
      </trkpt>
      <trkpt lat="45.73189" lon="13.83423">
        <ele>324.5</ele>
      </trkpt>
      <trkpt lat="45.73183" lon="13.83438">
        <ele>324.9</ele>
      </trkpt>
      <trkpt lat="45.73182" lon="13.83444">
        <ele>325.0</ele>
      </trkpt>
      <trkpt lat="45.73182" lon="13.83452">
        <ele>325.2</ele>
      </trkpt>
      <trkpt lat="45.73184" lon="13.83484">
        <ele>325.5</ele>
      </trkpt>
      <trkpt lat="45.73184" lon="13.83502">
        <ele>325.8</ele>
      </trkpt>
      <trkpt lat="45.73183" lon="13.83523">
        <ele>326.1</ele>
      </trkpt>
      <trkpt lat="45.73181" lon="13.8354">
        <ele>326.4</ele>
      </trkpt>
      <trkpt lat="45.73178" lon="13.83552">
        <ele>326.9</ele>
      </trkpt>
      <trkpt lat="45.73167" lon="13.83579">
        <ele>328.8</ele>
      </trkpt>
      <trkpt lat="45.73161" lon="13.83594">
        <ele>329.1</ele>
      </trkpt>
      <trkpt lat="45.73145" lon="13.83647">
        <ele>327.0</ele>
      </trkpt>
      <trkpt lat="45.73134" lon="13.83671">
        <ele>327.7</ele>
      </trkpt>
      <trkpt lat="45.73128" lon="13.8369">
        <ele>329.5</ele>
      </trkpt>
      <trkpt lat="45.73127" lon="13.83701">
        <ele>329.9</ele>
      </trkpt>
      <trkpt lat="45.73126" lon="13.83714">
        <ele>330.3</ele>
      </trkpt>
      <trkpt lat="45.73127" lon="13.83802">
        <ele>330.4</ele>
      </trkpt>
      <trkpt lat="45.73124" lon="13.8382">
        <ele>331.3</ele>
      </trkpt>
      <trkpt lat="45.73115" lon="13.83866">
        <ele>331.1</ele>
      </trkpt>
      <trkpt lat="45.73107" lon="13.839">
        <ele>330.1</ele>
      </trkpt>
      <trkpt lat="45.73104" lon="13.83912">
        <ele>329.7</ele>
      </trkpt>
      <trkpt lat="45.73089" lon="13.83951">
        <ele>328.8</ele>
      </trkpt>
      <trkpt lat="45.73087" lon="13.83963">
        <ele>327.8</ele>
      </trkpt>
      <trkpt lat="45.73084" lon="13.83995">
        <ele>324.5</ele>
      </trkpt>
      <trkpt lat="45.73081" lon="13.84012">
        <ele>323.6</ele>
      </trkpt>
      <trkpt lat="45.73067" lon="13.84048">
        <ele>323.1</ele>
      </trkpt>
      <trkpt lat="45.73063" lon="13.84063">
        <ele>322.2</ele>
      </trkpt>
      <trkpt lat="45.73059" lon="13.84072">
        <ele>321.8</ele>
      </trkpt>
      <trkpt lat="45.73051" lon="13.84083">
        <ele>321.5</ele>
      </trkpt>
      <trkpt lat="45.73036" lon="13.84095">
        <ele>322.1</ele>
      </trkpt>
      <trkpt lat="45.73028" lon="13.84099">
        <ele>322.7</ele>
      </trkpt>
      <trkpt lat="45.73011" lon="13.84111">
        <ele>323.5</ele>
      </trkpt>
      <trkpt lat="45.73" lon="13.84113">
        <ele>324.5</ele>
      </trkpt>
      <trkpt lat="45.72989" lon="13.84114">
        <ele>324.8</ele>
      </trkpt>
      <trkpt lat="45.72982" lon="13.84113">
        <ele>325.1</ele>
      </trkpt>
      <trkpt lat="45.72974" lon="13.84109">
        <ele>325.8</ele>
      </trkpt>
      <trkpt lat="45.72967" lon="13.84103">
        <ele>326.8</ele>
      </trkpt>
      <trkpt lat="45.72942" lon="13.84086">
        <ele>330.1</ele>
      </trkpt>
      <trkpt lat="45.72928" lon="13.84082">
        <ele>331.6</ele>
      </trkpt>
      <trkpt lat="45.72903" lon="13.84077">
        <ele>333.1</ele>
      </trkpt>
      <trkpt lat="45.72884" lon="13.84072">
        <ele>333.7</ele>
      </trkpt>
      <trkpt lat="45.72876" lon="13.84069">
        <ele>334.2</ele>
      </trkpt>
      <trkpt lat="45.72869" lon="13.84063">
        <ele>335.6</ele>
      </trkpt>
      <trkpt lat="45.72863" lon="13.8406">
        <ele>336.2</ele>
      </trkpt>
      <trkpt lat="45.72856" lon="13.84057">
        <ele>336.8</ele>
      </trkpt>
      <trkpt lat="45.72828" lon="13.84055">
        <ele>336.7</ele>
      </trkpt>
      <trkpt lat="45.72782" lon="13.84056">
        <ele>336.0</ele>
      </trkpt>
      <trkpt lat="45.72773" lon="13.84055">
        <ele>336.0</ele>
      </trkpt>
      <trkpt lat="45.72766" lon="13.84052">
        <ele>336.4</ele>
      </trkpt>
      <trkpt lat="45.72752" lon="13.84045">
        <ele>337.1</ele>
      </trkpt>
      <trkpt lat="45.72736" lon="13.84033">
        <ele>337.3</ele>
      </trkpt>
      <trkpt lat="45.72716" lon="13.84017">
        <ele>337.1</ele>
      </trkpt>
      <trkpt lat="45.727" lon="13.84001">
        <ele>336.9</ele>
      </trkpt>
      <trkpt lat="45.72693" lon="13.83996">
        <ele>336.6</ele>
      </trkpt>
      <trkpt lat="45.72662" lon="13.83979">
        <ele>335.6</ele>
      </trkpt>
      <trkpt lat="45.72633" lon="13.83967">
        <ele>337.7</ele>
      </trkpt>
      <trkpt lat="45.7262" lon="13.83966">
        <ele>338.1</ele>
      </trkpt>
      <trkpt lat="45.72586" lon="13.83968">
        <ele>338.6</ele>
      </trkpt>
      <trkpt lat="45.72551" lon="13.83966">
        <ele>340.1</ele>
      </trkpt>
      <trkpt lat="45.7253" lon="13.8396">
        <ele>341.3</ele>
      </trkpt>
      <trkpt lat="45.7252" lon="13.83958">
        <ele>341.8</ele>
      </trkpt>
      <trkpt lat="45.72515" lon="13.83956">
        <ele>342.1</ele>
      </trkpt>
      <trkpt lat="45.72509" lon="13.83951">
        <ele>342.6</ele>
      </trkpt>
      <trkpt lat="45.72498" lon="13.83932">
        <ele>344.1</ele>
      </trkpt>
      <trkpt lat="45.72495" lon="13.83931">
        <ele>344.1</ele>
      </trkpt>
      <trkpt lat="45.72472" lon="13.83932">
        <ele>343.8</ele>
      </trkpt>
      <trkpt lat="45.72463" lon="13.83934">
        <ele>343.7</ele>
      </trkpt>
      <trkpt lat="45.72473" lon="13.83981">
        <ele>342.2</ele>
      </trkpt>
      <trkpt lat="45.72477" lon="13.84012">
        <ele>341.1</ele>
      </trkpt>
      <trkpt lat="45.72482" lon="13.84049">
        <ele>339.6</ele>
      </trkpt>
      <trkpt lat="45.72484" lon="13.84084">
        <ele>338.3</ele>
      </trkpt>
      <trkpt lat="45.72485" lon="13.8412">
        <ele>339.4</ele>
      </trkpt>
      <trkpt lat="45.72484" lon="13.84153">
        <ele>340.7</ele>
      </trkpt>
      <trkpt lat="45.72479" lon="13.84204">
        <ele>343.3</ele>
      </trkpt>
      <trkpt lat="45.72474" lon="13.84238">
        <ele>345.5</ele>
      </trkpt>
      <trkpt lat="45.72469" lon="13.84269">
        <ele>346.5</ele>
      </trkpt>
      <trkpt lat="45.72453" lon="13.84355">
        <ele>347.8</ele>
      </trkpt>
      <trkpt lat="45.72447" lon="13.84399">
        <ele>347.5</ele>
      </trkpt>
      <trkpt lat="45.72442" lon="13.84443">
        <ele>347.3</ele>
      </trkpt>
      <trkpt lat="45.72432" lon="13.8455">
        <ele>349.0</ele>
      </trkpt>
      <trkpt lat="45.72429" lon="13.84569">
        <ele>349.9</ele>
      </trkpt>
      <trkpt lat="45.72424" lon="13.84587">
        <ele>350.7</ele>
      </trkpt>
      <trkpt lat="45.72417" lon="13.84607">
        <ele>350.5</ele>
      </trkpt>
      <trkpt lat="45.72409" lon="13.84625">
        <ele>350.1</ele>
      </trkpt>
      <trkpt lat="45.72401" lon="13.8464">
        <ele>349.7</ele>
      </trkpt>
      <trkpt lat="45.72392" lon="13.84653">
        <ele>349.6</ele>
      </trkpt>
      <trkpt lat="45.72374" lon="13.84676">
        <ele>349.7</ele>
      </trkpt>
      <trkpt lat="45.72329" lon="13.84732">
        <ele>350.2</ele>
      </trkpt>
      <trkpt lat="45.72305" lon="13.84767">
        <ele>350.9</ele>
      </trkpt>
      <trkpt lat="45.72275" lon="13.8482">
        <ele>351.6</ele>
      </trkpt>
      <trkpt lat="45.72249" lon="13.84873">
        <ele>352.6</ele>
      </trkpt>
      <trkpt lat="45.72232" lon="13.84922">
        <ele>353.0</ele>
      </trkpt>
      <trkpt lat="45.72221" lon="13.84951">
        <ele>352.9</ele>
      </trkpt>
      <trkpt lat="45.72199" lon="13.85023">
        <ele>353.0</ele>
      </trkpt>
      <trkpt lat="45.7217" lon="13.85111">
        <ele>353.1</ele>
      </trkpt>
      <trkpt lat="45.72181" lon="13.85118">
        <ele>352.1</ele>
      </trkpt>
      <trkpt lat="45.72187" lon="13.85126">
        <ele>351.3</ele>
      </trkpt>
      <trkpt lat="45.72197" lon="13.85153">
        <ele>349.5</ele>
      </trkpt>
      <trkpt lat="45.72209" lon="13.852">
        <ele>347.9</ele>
      </trkpt>
      <trkpt lat="45.72213" lon="13.85234">
        <ele>347.1</ele>
      </trkpt>
      <trkpt lat="45.72215" lon="13.85264">
        <ele>346.7</ele>
      </trkpt>
      <trkpt lat="45.72215" lon="13.85285">
        <ele>346.6</ele>
      </trkpt>
      <trkpt lat="45.72212" lon="13.85307">
        <ele>346.8</ele>
      </trkpt>
      <trkpt lat="45.72203" lon="13.8535">
        <ele>347.1</ele>
      </trkpt>
      <trkpt lat="45.72201" lon="13.85411">
        <ele>346.2</ele>
      </trkpt>
      <trkpt lat="45.72201" lon="13.85411">
        <ele>346.2</ele>
      </trkpt>
      <trkpt lat="45.72196" lon="13.85485">
        <ele>344.4</ele>
      </trkpt>
      <trkpt lat="45.72192" lon="13.85499">
        <ele>344.2</ele>
      </trkpt>
      <trkpt lat="45.72182" lon="13.85526">
        <ele>343.4</ele>
      </trkpt>
      <trkpt lat="45.72179" lon="13.85542">
        <ele>342.7</ele>
      </trkpt>
      <trkpt lat="45.72172" lon="13.8559">
        <ele>340.7</ele>
      </trkpt>
      <trkpt lat="45.72161" lon="13.85627">
        <ele>342.0</ele>
      </trkpt>
      <trkpt lat="45.72148" lon="13.85681">
        <ele>343.9</ele>
      </trkpt>
      <trkpt lat="45.72144" lon="13.85697">
        <ele>344.2</ele>
      </trkpt>
      <trkpt lat="45.72144" lon="13.85706">
        <ele>344.1</ele>
      </trkpt>
      <trkpt lat="45.72095" lon="13.85787">
        <ele>345.6</ele>
      </trkpt>
      <trkpt lat="45.72085" lon="13.85801">
        <ele>346.0</ele>
      </trkpt>
      <trkpt lat="45.7205" lon="13.85837">
        <ele>348.5</ele>
      </trkpt>
      <trkpt lat="45.72032" lon="13.85861">
        <ele>350.1</ele>
      </trkpt>
      <trkpt lat="45.72" lon="13.85919">
        <ele>352.9</ele>
      </trkpt>
      <trkpt lat="45.71967" lon="13.85977">
        <ele>352.1</ele>
      </trkpt>
      <trkpt lat="45.71944" lon="13.86032">
        <ele>351.2</ele>
      </trkpt>
      <trkpt lat="45.7192" lon="13.86087">
        <ele>351.2</ele>
      </trkpt>
      <trkpt lat="45.7192" lon="13.86087">
        <ele>351.2</ele>
      </trkpt>
      <trkpt lat="45.71912" lon="13.86103">
        <ele>351.0</ele>
      </trkpt>
      <trkpt lat="45.71889" lon="13.8616">
        <ele>349.7</ele>
      </trkpt>
      <trkpt lat="45.71866" lon="13.86216">
        <ele>349.6</ele>
      </trkpt>
      <trkpt lat="45.71858" lon="13.86248">
        <ele>349.2</ele>
      </trkpt>
      <trkpt lat="45.71839" lon="13.86329">
        <ele>352.1</ele>
      </trkpt>
      <trkpt lat="45.71832" lon="13.86356">
        <ele>352.5</ele>
      </trkpt>
      <trkpt lat="45.71819" lon="13.86392">
        <ele>352.7</ele>
      </trkpt>
      <trkpt lat="45.7181" lon="13.86414">
        <ele>353.0</ele>
      </trkpt>
      <trkpt lat="45.71801" lon="13.86435">
        <ele>353.2</ele>
      </trkpt>
      <trkpt lat="45.7179" lon="13.86471">
        <ele>353.0</ele>
      </trkpt>
      <trkpt lat="45.71774" lon="13.86528">
        <ele>353.1</ele>
      </trkpt>
      <trkpt lat="45.71762" lon="13.86564">
        <ele>354.5</ele>
      </trkpt>
      <trkpt lat="45.71736" lon="13.8663">
        <ele>354.8</ele>
      </trkpt>
      <trkpt lat="45.71701" lon="13.86719">
        <ele>352.8</ele>
      </trkpt>
      <trkpt lat="45.71671" lon="13.86781">
        <ele>351.8</ele>
      </trkpt>
      <trkpt lat="45.71657" lon="13.86802">
        <ele>351.0</ele>
      </trkpt>
      <trkpt lat="45.71624" lon="13.8684">
        <ele>349.2</ele>
      </trkpt>
      <trkpt lat="45.71616" lon="13.86846">
        <ele>349.0</ele>
      </trkpt>
      <trkpt lat="45.71602" lon="13.8685">
        <ele>349.3</ele>
      </trkpt>
      <trkpt lat="45.71595" lon="13.8685">
        <ele>349.7</ele>
      </trkpt>
      <trkpt lat="45.71585" lon="13.86854">
        <ele>349.9</ele>
      </trkpt>
      <trkpt lat="45.7157" lon="13.86868">
        <ele>350.1</ele>
      </trkpt>
      <trkpt lat="45.71548" lon="13.86894">
        <ele>350.2</ele>
      </trkpt>
      <trkpt lat="45.71537" lon="13.86922">
        <ele>349.1</ele>
      </trkpt>
      <trkpt lat="45.71528" lon="13.86945">
        <ele>348.0</ele>
      </trkpt>
      <trkpt lat="45.71515" lon="13.86986">
        <ele>350.7</ele>
      </trkpt>
      <trkpt lat="45.71509" lon="13.86995">
        <ele>351.5</ele>
      </trkpt>
      <trkpt lat="45.71505" lon="13.86998">
        <ele>351.9</ele>
      </trkpt>
      <trkpt lat="45.71501" lon="13.86999">
        <ele>352.2</ele>
      </trkpt>
      <trkpt lat="45.71466" lon="13.8699">
        <ele>355.4</ele>
      </trkpt>
      <trkpt lat="45.71461" lon="13.86994">
        <ele>355.9</ele>
      </trkpt>
      <trkpt lat="45.71459" lon="13.87004">
        <ele>356.5</ele>
      </trkpt>
      <trkpt lat="45.71454" lon="13.8705">
        <ele>359.4</ele>
      </trkpt>
      <trkpt lat="45.7145" lon="13.87074">
        <ele>356.7</ele>
      </trkpt>
      <trkpt lat="45.71441" lon="13.8712">
        <ele>352.2</ele>
      </trkpt>
      <trkpt lat="45.71433" lon="13.87138">
        <ele>351.6</ele>
      </trkpt>
      <trkpt lat="45.71409" lon="13.87183">
        <ele>351.0</ele>
      </trkpt>
      <trkpt lat="45.71402" lon="13.872">
        <ele>350.5</ele>
      </trkpt>
      <trkpt lat="45.71389" lon="13.87223">
        <ele>350.5</ele>
      </trkpt>
      <trkpt lat="45.71378" lon="13.87244">
        <ele>349.8</ele>
      </trkpt>
      <trkpt lat="45.71365" lon="13.87268">
        <ele>349.9</ele>
      </trkpt>
      <trkpt lat="45.71355" lon="13.87282">
        <ele>350.6</ele>
      </trkpt>
      <trkpt lat="45.71311" lon="13.8733">
        <ele>351.6</ele>
      </trkpt>
      <trkpt lat="45.71296" lon="13.87345">
        <ele>352.0</ele>
      </trkpt>
      <trkpt lat="45.71287" lon="13.87354">
        <ele>352.5</ele>
      </trkpt>
      <trkpt lat="45.71255" lon="13.8738">
        <ele>354.8</ele>
      </trkpt>
      <trkpt lat="45.71227" lon="13.87396">
        <ele>356.5</ele>
      </trkpt>
      <trkpt lat="45.7122" lon="13.874">
        <ele>357.0</ele>
      </trkpt>
      <trkpt lat="45.71216" lon="13.87399">
        <ele>357.3</ele>
      </trkpt>
      <trkpt lat="45.71213" lon="13.87395">
        <ele>357.7</ele>
      </trkpt>
      <trkpt lat="45.71193" lon="13.87352">
        <ele>360.1</ele>
      </trkpt>
      <trkpt lat="45.71183" lon="13.87339">
        <ele>360.9</ele>
      </trkpt>
      <trkpt lat="45.71168" lon="13.87332">
        <ele>362.0</ele>
      </trkpt>
      <trkpt lat="45.71156" lon="13.87331">
        <ele>362.2</ele>
      </trkpt>
      <trkpt lat="45.71143" lon="13.87333">
        <ele>362.0</ele>
      </trkpt>
      <trkpt lat="45.71134" lon="13.87331">
        <ele>362.2</ele>
      </trkpt>
      <trkpt lat="45.7113" lon="13.87327">
        <ele>362.5</ele>
      </trkpt>
      <trkpt lat="45.71113" lon="13.87308">
        <ele>364.0</ele>
      </trkpt>
      <trkpt lat="45.71106" lon="13.87303">
        <ele>364.4</ele>
      </trkpt>
      <trkpt lat="45.71094" lon="13.87299">
        <ele>364.6</ele>
      </trkpt>
      <trkpt lat="45.71088" lon="13.873">
        <ele>364.4</ele>
      </trkpt>
      <trkpt lat="45.71083" lon="13.87304">
        <ele>364.1</ele>
      </trkpt>
      <trkpt lat="45.7107" lon="13.8732">
        <ele>363.5</ele>
      </trkpt>
      <trkpt lat="45.71061" lon="13.87326">
        <ele>363.6</ele>
      </trkpt>
      <trkpt lat="45.71051" lon="13.87328">
        <ele>363.9</ele>
      </trkpt>
      <trkpt lat="45.71043" lon="13.87329">
        <ele>364.2</ele>
      </trkpt>
      <trkpt lat="45.71026" lon="13.8734">
        <ele>364.8</ele>
      </trkpt>
      <trkpt lat="45.7101" lon="13.87346">
        <ele>365.5</ele>
      </trkpt>
      <trkpt lat="45.70997" lon="13.87356">
        <ele>366.1</ele>
      </trkpt>
      <trkpt lat="45.70982" lon="13.87352">
        <ele>366.8</ele>
      </trkpt>
      <trkpt lat="45.7097" lon="13.87351">
        <ele>367.4</ele>
      </trkpt>
      <trkpt lat="45.70969" lon="13.87357">
        <ele>367.4</ele>
      </trkpt>
      <trkpt lat="45.70967" lon="13.87362">
        <ele>367.4</ele>
      </trkpt>
      <trkpt lat="45.70965" lon="13.87364">
        <ele>367.5</ele>
      </trkpt>
      <trkpt lat="45.70945" lon="13.87374">
        <ele>368.3</ele>
      </trkpt>
      <trkpt lat="45.70933" lon="13.87382">
        <ele>368.7</ele>
      </trkpt>
      <trkpt lat="45.70917" lon="13.87345">
        <ele>369.8</ele>
      </trkpt>
      <trkpt lat="45.70896" lon="13.87307">
        <ele>370.2</ele>
      </trkpt>
      <trkpt lat="45.70858" lon="13.87217">
        <ele>370.0</ele>
      </trkpt>
      <trkpt lat="45.70849" lon="13.87225">
        <ele>369.9</ele>
      </trkpt>
      <trkpt lat="45.70844" lon="13.87226">
        <ele>369.9</ele>
      </trkpt>
      <trkpt lat="45.70784" lon="13.87217">
        <ele>369.0</ele>
      </trkpt>
      <trkpt lat="45.70723" lon="13.87209">
        <ele>368.3</ele>
      </trkpt>
      <trkpt lat="45.70692" lon="13.87206">
        <ele>368.1</ele>
      </trkpt>
      <trkpt lat="45.70674" lon="13.87211">
        <ele>368.0</ele>
      </trkpt>
      <trkpt lat="45.70668" lon="13.87214">
        <ele>368.0</ele>
      </trkpt>
      <trkpt lat="45.70658" lon="13.87221">
        <ele>367.8</ele>
      </trkpt>
      <trkpt lat="45.70648" lon="13.87231">
        <ele>367.6</ele>
      </trkpt>
      <trkpt lat="45.70634" lon="13.87245">
        <ele>367.4</ele>
      </trkpt>
      <trkpt lat="45.70589" lon="13.8729">
        <ele>367.2</ele>
      </trkpt>
      <trkpt lat="45.70576" lon="13.87304">
        <ele>367.1</ele>
      </trkpt>
      <trkpt lat="45.70567" lon="13.87311">
        <ele>367.1</ele>
      </trkpt>
      <trkpt lat="45.7056" lon="13.87322">
        <ele>367.1</ele>
      </trkpt>
      <trkpt lat="45.70556" lon="13.87321">
        <ele>367.1</ele>
      </trkpt>
      <trkpt lat="45.70552" lon="13.87323">
        <ele>367.2</ele>
      </trkpt>
      <trkpt lat="45.70548" lon="13.87326">
        <ele>367.3</ele>
      </trkpt>
      <trkpt lat="45.70546" lon="13.87329">
        <ele>367.3</ele>
      </trkpt>
      <trkpt lat="45.70544" lon="13.87338">
        <ele>367.6</ele>
      </trkpt>
      <trkpt lat="45.70544" lon="13.87343">
        <ele>367.8</ele>
      </trkpt>
      <trkpt lat="45.70545" lon="13.87349">
        <ele>368.0</ele>
      </trkpt>
      <trkpt lat="45.70528" lon="13.87374">
        <ele>369.3</ele>
      </trkpt>
      <trkpt lat="45.70506" lon="13.87383">
        <ele>370.2</ele>
      </trkpt>
      <trkpt lat="45.70496" lon="13.87391">
        <ele>370.7</ele>
      </trkpt>
      <trkpt lat="45.70458" lon="13.8743">
        <ele>372.0</ele>
      </trkpt>
      <trkpt lat="45.7042" lon="13.87469">
        <ele>372.9</ele>
      </trkpt>
      <trkpt lat="45.70397" lon="13.87488">
        <ele>373.8</ele>
      </trkpt>
      <trkpt lat="45.7038" lon="13.87493">
        <ele>374.2</ele>
      </trkpt>
      <trkpt lat="45.70355" lon="13.87503">
        <ele>374.9</ele>
      </trkpt>
      <trkpt lat="45.70336" lon="13.87513">
        <ele>375.7</ele>
      </trkpt>
      <trkpt lat="45.70334" lon="13.8752">
        <ele>376.2</ele>
      </trkpt>
      <trkpt lat="45.70332" lon="13.87518">
        <ele>376.1</ele>
      </trkpt>
      <trkpt lat="45.70329" lon="13.87517">
        <ele>376.1</ele>
      </trkpt>
      <trkpt lat="45.70279" lon="13.87527">
        <ele>377.3</ele>
      </trkpt>
      <trkpt lat="45.70229" lon="13.87537">
        <ele>378.5</ele>
      </trkpt>
      <trkpt lat="45.70199" lon="13.87533">
        <ele>379.3</ele>
      </trkpt>
      <trkpt lat="45.70141" lon="13.8752">
        <ele>378.9</ele>
      </trkpt>
      <trkpt lat="45.70083" lon="13.87504">
        <ele>376.2</ele>
      </trkpt>
      <trkpt lat="45.70033" lon="13.87493">
        <ele>373.8</ele>
      </trkpt>
      <trkpt lat="45.69983" lon="13.87481">
        <ele>372.0</ele>
      </trkpt>
      <trkpt lat="45.69976" lon="13.87473">
        <ele>371.6</ele>
      </trkpt>
      <trkpt lat="45.69966" lon="13.87484">
        <ele>371.9</ele>
      </trkpt>
      <trkpt lat="45.69956" lon="13.87494">
        <ele>372.2</ele>
      </trkpt>
      <trkpt lat="45.69905" lon="13.87532">
        <ele>372.4</ele>
      </trkpt>
      <trkpt lat="45.69854" lon="13.8757">
        <ele>372.1</ele>
      </trkpt>
      <trkpt lat="45.69798" lon="13.87619">
        <ele>372.3</ele>
      </trkpt>
      <trkpt lat="45.69746" lon="13.87676">
        <ele>372.2</ele>
      </trkpt>
      <trkpt lat="45.69709" lon="13.87726">
        <ele>372.5</ele>
      </trkpt>
      <trkpt lat="45.69669" lon="13.87791">
        <ele>372.2</ele>
      </trkpt>
      <trkpt lat="45.6963" lon="13.87856">
        <ele>373.0</ele>
      </trkpt>
      <trkpt lat="45.69602" lon="13.8789">
        <ele>374.1</ele>
      </trkpt>
      <trkpt lat="45.69583" lon="13.87909">
        <ele>374.4</ele>
      </trkpt>
      <trkpt lat="45.69569" lon="13.87917">
        <ele>374.3</ele>
      </trkpt>
      <trkpt lat="45.69548" lon="13.87925">
        <ele>373.6</ele>
      </trkpt>
      <trkpt lat="45.69506" lon="13.87932">
        <ele>371.7</ele>
      </trkpt>
      <trkpt lat="45.69467" lon="13.87934">
        <ele>371.0</ele>
      </trkpt>
      <trkpt lat="45.69406" lon="13.87924">
        <ele>370.7</ele>
      </trkpt>
      <trkpt lat="45.69355" lon="13.87908">
        <ele>372.6</ele>
      </trkpt>
      <trkpt lat="45.69306" lon="13.87883">
        <ele>373.5</ele>
      </trkpt>
      <trkpt lat="45.69251" lon="13.87837">
        <ele>374.1</ele>
      </trkpt>
      <trkpt lat="45.69215" lon="13.87814">
        <ele>375.0</ele>
      </trkpt>
      <trkpt lat="45.69186" lon="13.87801">
        <ele>375.9</ele>
      </trkpt>
      <trkpt lat="45.69175" lon="13.87801">
        <ele>376.3</ele>
      </trkpt>
      <trkpt lat="45.69164" lon="13.87802">
        <ele>376.6</ele>
      </trkpt>
      <trkpt lat="45.69119" lon="13.87814">
        <ele>377.0</ele>
      </trkpt>
      <trkpt lat="45.69075" lon="13.87826">
        <ele>377.1</ele>
      </trkpt>
      <trkpt lat="45.69036" lon="13.8784">
        <ele>377.0</ele>
      </trkpt>
      <trkpt lat="45.69001" lon="13.87846">
        <ele>377.3</ele>
      </trkpt>
      <trkpt lat="45.68984" lon="13.87848">
        <ele>377.3</ele>
      </trkpt>
      <trkpt lat="45.68967" lon="13.87855">
        <ele>377.4</ele>
      </trkpt>
      <trkpt lat="45.68955" lon="13.87862">
        <ele>377.5</ele>
      </trkpt>
      <trkpt lat="45.6894" lon="13.87872">
        <ele>377.6</ele>
      </trkpt>
      <trkpt lat="45.68916" lon="13.87887">
        <ele>377.7</ele>
      </trkpt>
      <trkpt lat="45.68838" lon="13.87917">
        <ele>380.8</ele>
      </trkpt>
      <trkpt lat="45.68792" lon="13.87929">
        <ele>382.5</ele>
      </trkpt>
      <trkpt lat="45.68773" lon="13.87937">
        <ele>383.2</ele>
      </trkpt>
      <trkpt lat="45.68755" lon="13.87946">
        <ele>383.8</ele>
      </trkpt>
      <trkpt lat="45.68729" lon="13.87966">
        <ele>385.0</ele>
      </trkpt>
      <trkpt lat="45.68729" lon="13.87965">
        <ele>385.0</ele>
      </trkpt>
      <trkpt lat="45.68677" lon="13.88003">
        <ele>386.5</ele>
      </trkpt>
      <trkpt lat="45.68625" lon="13.88041">
        <ele>387.3</ele>
      </trkpt>
      <trkpt lat="45.68564" lon="13.88081">
        <ele>389.0</ele>
      </trkpt>
      <trkpt lat="45.68522" lon="13.88116">
        <ele>389.9</ele>
      </trkpt>
      <trkpt lat="45.68465" lon="13.88187">
        <ele>397.8</ele>
      </trkpt>
      <trkpt lat="45.68407" lon="13.88258">
        <ele>408.3</ele>
      </trkpt>
      <trkpt lat="45.6836" lon="13.88315">
        <ele>407.4</ele>
      </trkpt>
      <trkpt lat="45.68313" lon="13.88373">
        <ele>406.8</ele>
      </trkpt>
      <trkpt lat="45.68266" lon="13.88431">
        <ele>406.2</ele>
      </trkpt>
      <trkpt lat="45.68217" lon="13.88506">
        <ele>408.6</ele>
      </trkpt>
      <trkpt lat="45.68171" lon="13.88585">
        <ele>408.3</ele>
      </trkpt>
      <trkpt lat="45.68168" lon="13.88581">
        <ele>408.0</ele>
      </trkpt>
      <trkpt lat="45.68163" lon="13.88581">
        <ele>407.7</ele>
      </trkpt>
      <trkpt lat="45.68137" lon="13.88588">
        <ele>405.9</ele>
      </trkpt>
      <trkpt lat="45.68068" lon="13.88597">
        <ele>402.6</ele>
      </trkpt>
      <trkpt lat="45.67987" lon="13.88614">
        <ele>405.1</ele>
      </trkpt>
      <trkpt lat="45.67908" lon="13.88633">
        <ele>405.8</ele>
      </trkpt>
      <trkpt lat="45.67835" lon="13.88656">
        <ele>407.0</ele>
      </trkpt>
      <trkpt lat="45.67801" lon="13.88665">
        <ele>408.9</ele>
      </trkpt>
      <trkpt lat="45.67765" lon="13.88672">
        <ele>411.0</ele>
      </trkpt>
      <trkpt lat="45.67754" lon="13.88669">
        <ele>411.7</ele>
      </trkpt>
      <trkpt lat="45.67745" lon="13.88665">
        <ele>412.2</ele>
      </trkpt>
      <trkpt lat="45.67725" lon="13.88646">
        <ele>413.0</ele>
      </trkpt>
      <trkpt lat="45.67704" lon="13.88618">
        <ele>413.6</ele>
      </trkpt>
      <trkpt lat="45.67666" lon="13.8856">
        <ele>414.4</ele>
      </trkpt>
      <trkpt lat="45.67644" lon="13.8853">
        <ele>413.4</ele>
      </trkpt>
      <trkpt lat="45.67622" lon="13.88512">
        <ele>412.8</ele>
      </trkpt>
      <trkpt lat="45.67595" lon="13.88501">
        <ele>412.2</ele>
      </trkpt>
      <trkpt lat="45.67569" lon="13.885">
        <ele>411.3</ele>
      </trkpt>
      <trkpt lat="45.67494" lon="13.885">
        <ele>408.0</ele>
      </trkpt>
      <trkpt lat="45.67419" lon="13.885">
        <ele>408.0</ele>
      </trkpt>
      <trkpt lat="45.67331" lon="13.88491">
        <ele>404.7</ele>
      </trkpt>
      <trkpt lat="45.67242" lon="13.88482">
        <ele>401.7</ele>
      </trkpt>
      <trkpt lat="45.67153" lon="13.88473">
        <ele>401.0</ele>
      </trkpt>
      <trkpt lat="45.67064" lon="13.88464">
        <ele>401.0</ele>
      </trkpt>
      <trkpt lat="45.67048" lon="13.88462">
        <ele>401.1</ele>
      </trkpt>
      <trkpt lat="45.67019" lon="13.88459">
        <ele>401.3</ele>
      </trkpt>
      <trkpt lat="45.67012" lon="13.88455">
        <ele>401.2</ele>
      </trkpt>
      <trkpt lat="45.67003" lon="13.88454">
        <ele>401.2</ele>
      </trkpt>
      <trkpt lat="45.66996" lon="13.88451">
        <ele>401.1</ele>
      </trkpt>
      <trkpt lat="45.66939" lon="13.8842">
        <ele>401.2</ele>
      </trkpt>
      <trkpt lat="45.66927" lon="13.8842">
        <ele>401.7</ele>
      </trkpt>
      <trkpt lat="45.66916" lon="13.88407">
        <ele>401.9</ele>
      </trkpt>
      <trkpt lat="45.66924" lon="13.88421">
        <ele>401.8</ele>
      </trkpt>
      <trkpt lat="45.66929" lon="13.88426">
        <ele>401.6</ele>
      </trkpt>
      <trkpt lat="45.66994" lon="13.8846">
        <ele>401.6</ele>
      </trkpt>
      <trkpt lat="45.67002" lon="13.88467">
        <ele>402.0</ele>
      </trkpt>
      <trkpt lat="45.67007" lon="13.88474">
        <ele>402.3</ele>
      </trkpt>
      <trkpt lat="45.67011" lon="13.88483">
        <ele>402.8</ele>
      </trkpt>
      <trkpt lat="45.67014" lon="13.88497">
        <ele>403.5</ele>
      </trkpt>
      <trkpt lat="45.67015" lon="13.88507">
        <ele>403.8</ele>
      </trkpt>
      <trkpt lat="45.67016" lon="13.88531">
        <ele>404.3</ele>
      </trkpt>
      <trkpt lat="45.6701" lon="13.88652">
        <ele>407.5</ele>
      </trkpt>
      <trkpt lat="45.67007" lon="13.88708">
        <ele>408.5</ele>
      </trkpt>
      <trkpt lat="45.67004" lon="13.88722">
        <ele>408.6</ele>
      </trkpt>
      <trkpt lat="45.66997" lon="13.88742">
        <ele>408.9</ele>
      </trkpt>
      <trkpt lat="45.66989" lon="13.88755">
        <ele>409.1</ele>
      </trkpt>
      <trkpt lat="45.66983" lon="13.88763">
        <ele>409.3</ele>
      </trkpt>
      <trkpt lat="45.66967" lon="13.88776">
        <ele>409.6</ele>
      </trkpt>
      <trkpt lat="45.6694" lon="13.8879">
        <ele>410.0</ele>
      </trkpt>
      <trkpt lat="45.66928" lon="13.88792">
        <ele>410.0</ele>
      </trkpt>
      <trkpt lat="45.66909" lon="13.88791">
        <ele>410.0</ele>
      </trkpt>
      <trkpt lat="45.6684" lon="13.88783">
        <ele>410.3</ele>
      </trkpt>
      <trkpt lat="45.66794" lon="13.88775">
        <ele>409.5</ele>
      </trkpt>
      <trkpt lat="45.66748" lon="13.88768">
        <ele>408.4</ele>
      </trkpt>
      <trkpt lat="45.66711" lon="13.88762">
        <ele>406.7</ele>
      </trkpt>
      <trkpt lat="45.66677" lon="13.88759">
        <ele>405.4</ele>
      </trkpt>
      <trkpt lat="45.66664" lon="13.8876">
        <ele>405.0</ele>
      </trkpt>
      <trkpt lat="45.66651" lon="13.88762">
        <ele>405.2</ele>
      </trkpt>
      <trkpt lat="45.66636" lon="13.88768">
        <ele>405.4</ele>
      </trkpt>
      <trkpt lat="45.66626" lon="13.88777">
        <ele>405.5</ele>
      </trkpt>
      <trkpt lat="45.66562" lon="13.88862">
        <ele>406.6</ele>
      </trkpt>
      <trkpt lat="45.66526" lon="13.88924">
        <ele>408.7</ele>
      </trkpt>
      <trkpt lat="45.66491" lon="13.88986">
        <ele>408.9</ele>
      </trkpt>
      <trkpt lat="45.66462" lon="13.89028">
        <ele>408.9</ele>
      </trkpt>
      <trkpt lat="45.66447" lon="13.89041">
        <ele>409.0</ele>
      </trkpt>
      <trkpt lat="45.664" lon="13.89065">
        <ele>409.1</ele>
      </trkpt>
      <trkpt lat="45.66353" lon="13.89089">
        <ele>407.7</ele>
      </trkpt>
      <trkpt lat="45.66335" lon="13.891">
        <ele>407.1</ele>
      </trkpt>
      <trkpt lat="45.66325" lon="13.89104">
        <ele>407.2</ele>
      </trkpt>
      <trkpt lat="45.66291" lon="13.89104">
        <ele>408.3</ele>
      </trkpt>
      <trkpt lat="45.66263" lon="13.89091">
        <ele>408.8</ele>
      </trkpt>
      <trkpt lat="45.66203" lon="13.89038">
        <ele>410.0</ele>
      </trkpt>
      <trkpt lat="45.66142" lon="13.88985">
        <ele>412.2</ele>
      </trkpt>
      <trkpt lat="45.66118" lon="13.88971">
        <ele>412.4</ele>
      </trkpt>
      <trkpt lat="45.66103" lon="13.88963">
        <ele>412.7</ele>
      </trkpt>
      <trkpt lat="45.66088" lon="13.88956">
        <ele>412.9</ele>
      </trkpt>
      <trkpt lat="45.66077" lon="13.88953">
        <ele>413.1</ele>
      </trkpt>
      <trkpt lat="45.66058" lon="13.88952">
        <ele>413.3</ele>
      </trkpt>
      <trkpt lat="45.66031" lon="13.88964">
        <ele>413.7</ele>
      </trkpt>
      <trkpt lat="45.66011" lon="13.88979">
        <ele>414.3</ele>
      </trkpt>
      <trkpt lat="45.65997" lon="13.88994">
        <ele>414.9</ele>
      </trkpt>
      <trkpt lat="45.65968" lon="13.89032">
        <ele>415.0</ele>
      </trkpt>
      <trkpt lat="45.65909" lon="13.89104">
        <ele>415.2</ele>
      </trkpt>
      <trkpt lat="45.65851" lon="13.89176">
        <ele>415.2</ele>
      </trkpt>
      <trkpt lat="45.65814" lon="13.89216">
        <ele>415.0</ele>
      </trkpt>
      <trkpt lat="45.65788" lon="13.89238">
        <ele>414.6</ele>
      </trkpt>
      <trkpt lat="45.65762" lon="13.89252">
        <ele>414.2</ele>
      </trkpt>
      <trkpt lat="45.65759" lon="13.89329">
        <ele>415.1</ele>
      </trkpt>
      <trkpt lat="45.65754" lon="13.89397">
        <ele>417.3</ele>
      </trkpt>
      <trkpt lat="45.6575" lon="13.89466">
        <ele>419.2</ele>
      </trkpt>
      <trkpt lat="45.6575" lon="13.89483">
        <ele>419.6</ele>
      </trkpt>
      <trkpt lat="45.65752" lon="13.89504">
        <ele>419.9</ele>
      </trkpt>
      <trkpt lat="45.65769" lon="13.89629">
        <ele>420.2</ele>
      </trkpt>
      <trkpt lat="45.65776" lon="13.89663">
        <ele>420.7</ele>
      </trkpt>
      <trkpt lat="45.65797" lon="13.89751">
        <ele>421.5</ele>
      </trkpt>
      <trkpt lat="45.65817" lon="13.8984">
        <ele>424.2</ele>
      </trkpt>
      <trkpt lat="45.65838" lon="13.89929">
        <ele>425.9</ele>
      </trkpt>
      <trkpt lat="45.65853" lon="13.90014">
        <ele>425.9</ele>
      </trkpt>
      <trkpt lat="45.65869" lon="13.90099">
        <ele>428.6</ele>
      </trkpt>
      <trkpt lat="45.65892" lon="13.9019">
        <ele>431.3</ele>
      </trkpt>
      <trkpt lat="45.65892" lon="13.9019">
        <ele>431.3</ele>
      </trkpt>
      <trkpt lat="45.65905" lon="13.90238">
        <ele>431.9</ele>
      </trkpt>
      <trkpt lat="45.65938" lon="13.90344">
        <ele>430.9</ele>
      </trkpt>
      <trkpt lat="45.6595" lon="13.90377">
        <ele>431.2</ele>
      </trkpt>
      <trkpt lat="45.65958" lon="13.90398">
        <ele>431.5</ele>
      </trkpt>
      <trkpt lat="45.6597" lon="13.90418">
        <ele>431.7</ele>
      </trkpt>
      <trkpt lat="45.65991" lon="13.90444">
        <ele>430.5</ele>
      </trkpt>
      <trkpt lat="45.66034" lon="13.90487">
        <ele>429.2</ele>
      </trkpt>
      <trkpt lat="45.66078" lon="13.9053">
        <ele>428.9</ele>
      </trkpt>
      <trkpt lat="45.66089" lon="13.90544">
        <ele>428.8</ele>
      </trkpt>
      <trkpt lat="45.66099" lon="13.90561">
        <ele>428.3</ele>
      </trkpt>
      <trkpt lat="45.66107" lon="13.90579">
        <ele>427.9</ele>
      </trkpt>
      <trkpt lat="45.66114" lon="13.90601">
        <ele>428.0</ele>
      </trkpt>
      <trkpt lat="45.66118" lon="13.9062">
        <ele>428.2</ele>
      </trkpt>
      <trkpt lat="45.6612" lon="13.90641">
        <ele>428.6</ele>
      </trkpt>
      <trkpt lat="45.66119" lon="13.90669">
        <ele>429.4</ele>
      </trkpt>
      <trkpt lat="45.6611" lon="13.90754">
        <ele>432.1</ele>
      </trkpt>
      <trkpt lat="45.66102" lon="13.90839">
        <ele>433.9</ele>
      </trkpt>
      <trkpt lat="45.66096" lon="13.90896">
        <ele>435.9</ele>
      </trkpt>
      <trkpt lat="45.66081" lon="13.90999">
        <ele>438.0</ele>
      </trkpt>
      <trkpt lat="45.66066" lon="13.91101">
        <ele>437.9</ele>
      </trkpt>
      <trkpt lat="45.66063" lon="13.91133">
        <ele>437.4</ele>
      </trkpt>
      <trkpt lat="45.66057" lon="13.91177">
        <ele>436.9</ele>
      </trkpt>
      <trkpt lat="45.66053" lon="13.91213">
        <ele>437.3</ele>
      </trkpt>
      <trkpt lat="45.66053" lon="13.9123">
        <ele>437.6</ele>
      </trkpt>
      <trkpt lat="45.66053" lon="13.91251">
        <ele>437.9</ele>
      </trkpt>
      <trkpt lat="45.66054" lon="13.91271">
        <ele>438.3</ele>
      </trkpt>
      <trkpt lat="45.6607" lon="13.91391">
        <ele>439.6</ele>
      </trkpt>
      <trkpt lat="45.66072" lon="13.91413">
        <ele>439.5</ele>
      </trkpt>
      <trkpt lat="45.66073" lon="13.91455">
        <ele>438.3</ele>
      </trkpt>
      <trkpt lat="45.66069" lon="13.91546">
        <ele>438.8</ele>
      </trkpt>
      <trkpt lat="45.66064" lon="13.91637">
        <ele>441.7</ele>
      </trkpt>
      <trkpt lat="45.66064" lon="13.91674">
        <ele>442.7</ele>
      </trkpt>
      <trkpt lat="45.66066" lon="13.91697">
        <ele>443.1</ele>
      </trkpt>
      <trkpt lat="45.66068" lon="13.91711">
        <ele>443.4</ele>
      </trkpt>
      <trkpt lat="45.66075" lon="13.91748">
        <ele>444.4</ele>
      </trkpt>
      <trkpt lat="45.66104" lon="13.91852">
        <ele>447.8</ele>
      </trkpt>
      <trkpt lat="45.66112" lon="13.91888">
        <ele>447.6</ele>
      </trkpt>
      <trkpt lat="45.66114" lon="13.91934">
        <ele>446.9</ele>
      </trkpt>
      <trkpt lat="45.6611" lon="13.92048">
        <ele>445.6</ele>
      </trkpt>
      <trkpt lat="45.66113" lon="13.92173">
        <ele>446.1</ele>
      </trkpt>
      <trkpt lat="45.66115" lon="13.92212">
        <ele>445.6</ele>
      </trkpt>
      <trkpt lat="45.6612" lon="13.92255">
        <ele>444.9</ele>
      </trkpt>
      <trkpt lat="45.66126" lon="13.92293">
        <ele>443.2</ele>
      </trkpt>
      <trkpt lat="45.66129" lon="13.92306">
        <ele>442.6</ele>
      </trkpt>
      <trkpt lat="45.66128" lon="13.92328">
        <ele>441.8</ele>
      </trkpt>
      <trkpt lat="45.66126" lon="13.92341">
        <ele>441.4</ele>
      </trkpt>
      <trkpt lat="45.66122" lon="13.92344">
        <ele>441.3</ele>
      </trkpt>
      <trkpt lat="45.66118" lon="13.9235">
        <ele>441.1</ele>
      </trkpt>
      <trkpt lat="45.66116" lon="13.92358">
        <ele>441.0</ele>
      </trkpt>
      <trkpt lat="45.66117" lon="13.92366">
        <ele>440.9</ele>
      </trkpt>
      <trkpt lat="45.66118" lon="13.9237">
        <ele>440.8</ele>
      </trkpt>
      <trkpt lat="45.66123" lon="13.92376">
        <ele>440.7</ele>
      </trkpt>
      <trkpt lat="45.6612" lon="13.92403">
        <ele>440.2</ele>
      </trkpt>
      <trkpt lat="45.66116" lon="13.92419">
        <ele>440.0</ele>
      </trkpt>
      <trkpt lat="45.661" lon="13.92468">
        <ele>440.6</ele>
      </trkpt>
      <trkpt lat="45.66086" lon="13.92527">
        <ele>441.8</ele>
      </trkpt>
      <trkpt lat="45.66081" lon="13.92555">
        <ele>442.2</ele>
      </trkpt>
      <trkpt lat="45.66081" lon="13.92577">
        <ele>442.2</ele>
      </trkpt>
      <trkpt lat="45.66082" lon="13.92588">
        <ele>442.5</ele>
      </trkpt>
      <trkpt lat="45.66087" lon="13.92612">
        <ele>444.2</ele>
      </trkpt>
      <trkpt lat="45.66101" lon="13.92658">
        <ele>447.2</ele>
      </trkpt>
      <trkpt lat="45.66123" lon="13.92704">
        <ele>448.8</ele>
      </trkpt>
      <trkpt lat="45.66127" lon="13.92715">
        <ele>449.3</ele>
      </trkpt>
      <trkpt lat="45.66128" lon="13.92722">
        <ele>449.7</ele>
      </trkpt>
      <trkpt lat="45.66129" lon="13.92728">
        <ele>450.1</ele>
      </trkpt>
      <trkpt lat="45.66128" lon="13.92737">
        <ele>450.7</ele>
      </trkpt>
      <trkpt lat="45.66123" lon="13.9275">
        <ele>451.5</ele>
      </trkpt>
      <trkpt lat="45.66107" lon="13.92776">
        <ele>452.0</ele>
      </trkpt>
      <trkpt lat="45.66097" lon="13.92795">
        <ele>452.4</ele>
      </trkpt>
      <trkpt lat="45.66095" lon="13.92803">
        <ele>452.5</ele>
      </trkpt>
      <trkpt lat="45.66093" lon="13.92818">
        <ele>452.7</ele>
      </trkpt>
      <trkpt lat="45.66091" lon="13.92841">
        <ele>452.9</ele>
      </trkpt>
      <trkpt lat="45.66091" lon="13.92869">
        <ele>452.9</ele>
      </trkpt>
      <trkpt lat="45.66092" lon="13.92961">
        <ele>453.4</ele>
      </trkpt>
      <trkpt lat="45.66091" lon="13.92987">
        <ele>453.6</ele>
      </trkpt>
      <trkpt lat="45.66088" lon="13.9301">
        <ele>453.8</ele>
      </trkpt>
      <trkpt lat="45.66077" lon="13.93072">
        <ele>454.2</ele>
      </trkpt>
      <trkpt lat="45.66072" lon="13.93107">
        <ele>454.6</ele>
      </trkpt>
      <trkpt lat="45.66072" lon="13.93117">
        <ele>454.7</ele>
      </trkpt>
      <trkpt lat="45.66072" lon="13.93135">
        <ele>454.9</ele>
      </trkpt>
      <trkpt lat="45.66075" lon="13.93157">
        <ele>455.1</ele>
      </trkpt>
      <trkpt lat="45.66087" lon="13.93225">
        <ele>455.0</ele>
      </trkpt>
      <trkpt lat="45.66089" lon="13.93256">
        <ele>454.9</ele>
      </trkpt>
      <trkpt lat="45.66089" lon="13.93292">
        <ele>454.5</ele>
      </trkpt>
      <trkpt lat="45.6609" lon="13.93312">
        <ele>454.2</ele>
      </trkpt>
      <trkpt lat="45.66084" lon="13.93318">
        <ele>454.2</ele>
      </trkpt>
      <trkpt lat="45.6608" lon="13.93323">
        <ele>454.2</ele>
      </trkpt>
      <trkpt lat="45.66068" lon="13.9335">
        <ele>454.2</ele>
      </trkpt>
      <trkpt lat="45.66053" lon="13.9339">
        <ele>453.7</ele>
      </trkpt>
      <trkpt lat="45.66024" lon="13.93483">
        <ele>452.8</ele>
      </trkpt>
      <trkpt lat="45.66011" lon="13.93509">
        <ele>453.0</ele>
      </trkpt>
      <trkpt lat="45.66003" lon="13.93521">
        <ele>453.4</ele>
      </trkpt>
      <trkpt lat="45.65995" lon="13.9354">
        <ele>454.2</ele>
      </trkpt>
      <trkpt lat="45.65984" lon="13.93585">
        <ele>455.3</ele>
      </trkpt>
      <trkpt lat="45.65972" lon="13.93648">
        <ele>453.6</ele>
      </trkpt>
      <trkpt lat="45.65963" lon="13.93718">
        <ele>451.8</ele>
      </trkpt>
      <trkpt lat="45.65954" lon="13.93789">
        <ele>450.4</ele>
      </trkpt>
      <trkpt lat="45.65949" lon="13.9383">
        <ele>449.9</ele>
      </trkpt>
      <trkpt lat="45.65948" lon="13.9385">
        <ele>450.0</ele>
      </trkpt>
      <trkpt lat="45.65949" lon="13.93868">
        <ele>450.2</ele>
      </trkpt>
      <trkpt lat="45.65954" lon="13.939">
        <ele>450.4</ele>
      </trkpt>
      <trkpt lat="45.65975" lon="13.94">
        <ele>447.9</ele>
      </trkpt>
      <trkpt lat="45.65978" lon="13.94019">
        <ele>447.8</ele>
      </trkpt>
      <trkpt lat="45.65978" lon="13.94035">
        <ele>447.8</ele>
      </trkpt>
      <trkpt lat="45.65984" lon="13.94048">
        <ele>447.4</ele>
      </trkpt>
      <trkpt lat="45.65989" lon="13.94064">
        <ele>447.0</ele>
      </trkpt>
      <trkpt lat="45.65991" lon="13.94082">
        <ele>446.8</ele>
      </trkpt>
      <trkpt lat="45.65994" lon="13.94111">
        <ele>445.9</ele>
      </trkpt>
      <trkpt lat="45.65993" lon="13.94169">
        <ele>444.6</ele>
      </trkpt>
      <trkpt lat="45.65993" lon="13.94192">
        <ele>443.4</ele>
      </trkpt>
      <trkpt lat="45.66" lon="13.94264">
        <ele>439.3</ele>
      </trkpt>
      <trkpt lat="45.66001" lon="13.94288">
        <ele>438.1</ele>
      </trkpt>
      <trkpt lat="45.65997" lon="13.94325">
        <ele>436.6</ele>
      </trkpt>
      <trkpt lat="45.65997" lon="13.94343">
        <ele>435.6</ele>
      </trkpt>
      <trkpt lat="45.65998" lon="13.94353">
        <ele>434.9</ele>
      </trkpt>
      <trkpt lat="45.66001" lon="13.94364">
        <ele>434.1</ele>
      </trkpt>
      <trkpt lat="45.66008" lon="13.94381">
        <ele>432.9</ele>
      </trkpt>
      <trkpt lat="45.66052" lon="13.94476">
        <ele>433.0</ele>
      </trkpt>
      <trkpt lat="45.66066" lon="13.9452">
        <ele>433.8</ele>
      </trkpt>
      <trkpt lat="45.66068" lon="13.94535">
        <ele>433.9</ele>
      </trkpt>
      <trkpt lat="45.66069" lon="13.94553">
        <ele>433.9</ele>
      </trkpt>
      <trkpt lat="45.66089" lon="13.94612">
        <ele>435.0</ele>
      </trkpt>
      <trkpt lat="45.66106" lon="13.94657">
        <ele>436.4</ele>
      </trkpt>
      <trkpt lat="45.6613" lon="13.94753">
        <ele>438.9</ele>
      </trkpt>
      <trkpt lat="45.66154" lon="13.94849">
        <ele>442.2</ele>
      </trkpt>
      <trkpt lat="45.66165" lon="13.94903">
        <ele>445.2</ele>
      </trkpt>
      <trkpt lat="45.66167" lon="13.94917">
        <ele>446.1</ele>
      </trkpt>
      <trkpt lat="45.66166" lon="13.94936">
        <ele>449.0</ele>
      </trkpt>
      <trkpt lat="45.66163" lon="13.94943">
        <ele>449.9</ele>
      </trkpt>
      <trkpt lat="45.66158" lon="13.94952">
        <ele>450.9</ele>
      </trkpt>
      <trkpt lat="45.66144" lon="13.94988">
        <ele>455.7</ele>
      </trkpt>
      <trkpt lat="45.66144" lon="13.95016">
        <ele>458.6</ele>
      </trkpt>
      <trkpt lat="45.66155" lon="13.95056">
        <ele>462.1</ele>
      </trkpt>
      <trkpt lat="45.66177" lon="13.95127">
        <ele>462.0</ele>
      </trkpt>
      <trkpt lat="45.66169" lon="13.95136">
        <ele>460.7</ele>
      </trkpt>
      <trkpt lat="45.66158" lon="13.95143">
        <ele>459.8</ele>
      </trkpt>
      <trkpt lat="45.66144" lon="13.9515">
        <ele>459.0</ele>
      </trkpt>
      <trkpt lat="45.66122" lon="13.95153">
        <ele>458.4</ele>
      </trkpt>
      <trkpt lat="45.66113" lon="13.9516">
        <ele>458.1</ele>
      </trkpt>
      <trkpt lat="45.66117" lon="13.95168">
        <ele>458.0</ele>
      </trkpt>
      <trkpt lat="45.66124" lon="13.95195">
        <ele>457.8</ele>
      </trkpt>
      <trkpt lat="45.66131" lon="13.95211">
        <ele>457.6</ele>
      </trkpt>
      <trkpt lat="45.66139" lon="13.95224">
        <ele>457.3</ele>
      </trkpt>
      <trkpt lat="45.66148" lon="13.95234">
        <ele>456.9</ele>
      </trkpt>
      <trkpt lat="45.66154" lon="13.95244">
        <ele>456.6</ele>
      </trkpt>
      <trkpt lat="45.66158" lon="13.95254">
        <ele>456.4</ele>
      </trkpt>
      <trkpt lat="45.66159" lon="13.95268">
        <ele>456.6</ele>
      </trkpt>
      <trkpt lat="45.66158" lon="13.95295">
        <ele>457.1</ele>
      </trkpt>
      <trkpt lat="45.66159" lon="13.95308">
        <ele>457.2</ele>
      </trkpt>
      <trkpt lat="45.66162" lon="13.95323">
        <ele>457.2</ele>
      </trkpt>
      <trkpt lat="45.66166" lon="13.95334">
        <ele>457.1</ele>
      </trkpt>
      <trkpt lat="45.66182" lon="13.95363">
        <ele>459.7</ele>
      </trkpt>
      <trkpt lat="45.662" lon="13.95388">
        <ele>461.5</ele>
      </trkpt>
      <trkpt lat="45.66227" lon="13.95424">
        <ele>463.5</ele>
      </trkpt>
      <trkpt lat="45.66241" lon="13.95445">
        <ele>465.2</ele>
      </trkpt>
      <trkpt lat="45.66271" lon="13.95513">
        <ele>467.8</ele>
      </trkpt>
      <trkpt lat="45.66282" lon="13.9554">
        <ele>468.8</ele>
      </trkpt>
      <trkpt lat="45.66289" lon="13.95567">
        <ele>470.3</ele>
      </trkpt>
      <trkpt lat="45.66296" lon="13.95609">
        <ele>473.0</ele>
      </trkpt>
      <trkpt lat="45.66298" lon="13.95632">
        <ele>474.8</ele>
      </trkpt>
      <trkpt lat="45.66298" lon="13.95658">
        <ele>477.1</ele>
      </trkpt>
      <trkpt lat="45.66298" lon="13.95694">
        <ele>478.3</ele>
      </trkpt>
      <trkpt lat="45.66296" lon="13.9572">
        <ele>479.1</ele>
      </trkpt>
      <trkpt lat="45.66292" lon="13.95738">
        <ele>480.2</ele>
      </trkpt>
      <trkpt lat="45.66281" lon="13.95773">
        <ele>481.3</ele>
      </trkpt>
      <trkpt lat="45.66268" lon="13.95805">
        <ele>481.9</ele>
      </trkpt>
      <trkpt lat="45.66261" lon="13.95827">
        <ele>481.9</ele>
      </trkpt>
      <trkpt lat="45.66261" lon="13.95827">
        <ele>481.9</ele>
      </trkpt>
      <trkpt lat="45.66252" lon="13.9586">
        <ele>482.6</ele>
      </trkpt>
      <trkpt lat="45.66246" lon="13.95895">
        <ele>482.3</ele>
      </trkpt>
      <trkpt lat="45.66241" lon="13.95931">
        <ele>481.4</ele>
      </trkpt>
      <trkpt lat="45.66239" lon="13.95966">
        <ele>480.5</ele>
      </trkpt>
      <trkpt lat="45.66246" lon="13.96077">
        <ele>477.2</ele>
      </trkpt>
      <trkpt lat="45.66248" lon="13.96121">
        <ele>476.1</ele>
      </trkpt>
      <trkpt lat="45.66269" lon="13.96216">
        <ele>472.6</ele>
      </trkpt>
      <trkpt lat="45.66289" lon="13.9631">
        <ele>469.8</ele>
      </trkpt>
      <trkpt lat="45.6631" lon="13.96404">
        <ele>468.9</ele>
      </trkpt>
      <trkpt lat="45.66322" lon="13.96431">
        <ele>468.3</ele>
      </trkpt>
      <trkpt lat="45.66345" lon="13.96466">
        <ele>467.7</ele>
      </trkpt>
      <trkpt lat="45.66356" lon="13.96489">
        <ele>467.7</ele>
      </trkpt>
      <trkpt lat="45.66361" lon="13.96503">
        <ele>467.7</ele>
      </trkpt>
      <trkpt lat="45.66363" lon="13.96511">
        <ele>467.8</ele>
      </trkpt>
      <trkpt lat="45.66365" lon="13.96529">
        <ele>467.9</ele>
      </trkpt>
      <trkpt lat="45.66365" lon="13.96536">
        <ele>468.0</ele>
      </trkpt>
      <trkpt lat="45.66365" lon="13.96536">
        <ele>468.0</ele>
      </trkpt>
      <trkpt lat="45.66364" lon="13.9655">
        <ele>468.1</ele>
      </trkpt>
      <trkpt lat="45.6636" lon="13.96574">
        <ele>468.5</ele>
      </trkpt>
      <trkpt lat="45.66349" lon="13.96618">
        <ele>469.1</ele>
      </trkpt>
      <trkpt lat="45.66345" lon="13.96637">
        <ele>469.4</ele>
      </trkpt>
      <trkpt lat="45.66343" lon="13.96657">
        <ele>469.7</ele>
      </trkpt>
      <trkpt lat="45.66343" lon="13.96678">
        <ele>469.2</ele>
      </trkpt>
      <trkpt lat="45.66347" lon="13.96695">
        <ele>467.8</ele>
      </trkpt>
      <trkpt lat="45.66354" lon="13.96715">
        <ele>465.9</ele>
      </trkpt>
      <trkpt lat="45.66378" lon="13.96753">
        <ele>461.5</ele>
      </trkpt>
      <trkpt lat="45.6639" lon="13.96774">
        <ele>459.3</ele>
      </trkpt>
      <trkpt lat="45.66397" lon="13.96798">
        <ele>458.0</ele>
      </trkpt>
      <trkpt lat="45.664" lon="13.96825">
        <ele>456.9</ele>
      </trkpt>
      <trkpt lat="45.66399" lon="13.9685">
        <ele>456.5</ele>
      </trkpt>
      <trkpt lat="45.66387" lon="13.96932">
        <ele>455.1</ele>
      </trkpt>
      <trkpt lat="45.66376" lon="13.97014">
        <ele>453.3</ele>
      </trkpt>
      <trkpt lat="45.66375" lon="13.97037">
        <ele>452.6</ele>
      </trkpt>
      <trkpt lat="45.66376" lon="13.97057">
        <ele>452.3</ele>
      </trkpt>
      <trkpt lat="45.66381" lon="13.97079">
        <ele>452.4</ele>
      </trkpt>
      <trkpt lat="45.66408" lon="13.97156">
        <ele>452.9</ele>
      </trkpt>
      <trkpt lat="45.66415" lon="13.97192">
        <ele>452.3</ele>
      </trkpt>
      <trkpt lat="45.66416" lon="13.97205">
        <ele>452.1</ele>
      </trkpt>
      <trkpt lat="45.66417" lon="13.97226">
        <ele>451.6</ele>
      </trkpt>
      <trkpt lat="45.66416" lon="13.97248">
        <ele>451.1</ele>
      </trkpt>
      <trkpt lat="45.6641" lon="13.97268">
        <ele>451.0</ele>
      </trkpt>
      <trkpt lat="45.66401" lon="13.97286">
        <ele>451.2</ele>
      </trkpt>
      <trkpt lat="45.66385" lon="13.97303">
        <ele>451.7</ele>
      </trkpt>
      <trkpt lat="45.66371" lon="13.97312">
        <ele>452.3</ele>
      </trkpt>
      <trkpt lat="45.66365" lon="13.97319">
        <ele>452.5</ele>
      </trkpt>
      <trkpt lat="45.66362" lon="13.9733">
        <ele>452.6</ele>
      </trkpt>
      <trkpt lat="45.6636" lon="13.97342">
        <ele>452.4</ele>
      </trkpt>
      <trkpt lat="45.66362" lon="13.97354">
        <ele>452.0</ele>
      </trkpt>
      <trkpt lat="45.66368" lon="13.97363">
        <ele>451.4</ele>
      </trkpt>
      <trkpt lat="45.66345" lon="13.97394">
        <ele>451.4</ele>
      </trkpt>
      <trkpt lat="45.66315" lon="13.97442">
        <ele>451.0</ele>
      </trkpt>
      <trkpt lat="45.66315" lon="13.97442">
        <ele>451.0</ele>
      </trkpt>
      <trkpt lat="45.66296" lon="13.97472">
        <ele>451.7</ele>
      </trkpt>
      <trkpt lat="45.66267" lon="13.97522">
        <ele>453.8</ele>
      </trkpt>
      <trkpt lat="45.66227" lon="13.97565">
        <ele>455.5</ele>
      </trkpt>
      <trkpt lat="45.66184" lon="13.97596">
        <ele>456.0</ele>
      </trkpt>
      <trkpt lat="45.66151" lon="13.97613">
        <ele>457.0</ele>
      </trkpt>
      <trkpt lat="45.66113" lon="13.9762">
        <ele>461.7</ele>
      </trkpt>
      <trkpt lat="45.66065" lon="13.97618">
        <ele>465.1</ele>
      </trkpt>
      <trkpt lat="45.66023" lon="13.97607">
        <ele>463.9</ele>
      </trkpt>
      <trkpt lat="45.6598" lon="13.97585">
        <ele>462.0</ele>
      </trkpt>
      <trkpt lat="45.65951" lon="13.97562">
        <ele>461.3</ele>
      </trkpt>
      <trkpt lat="45.65921" lon="13.97527">
        <ele>461.2</ele>
      </trkpt>
      <trkpt lat="45.65861" lon="13.97438">
        <ele>461.4</ele>
      </trkpt>
      <trkpt lat="45.65819" lon="13.97385">
        <ele>461.9</ele>
      </trkpt>
      <trkpt lat="45.6577" lon="13.97346">
        <ele>462.3</ele>
      </trkpt>
      <trkpt lat="45.65711" lon="13.97311">
        <ele>461.9</ele>
      </trkpt>
      <trkpt lat="45.65652" lon="13.97276">
        <ele>462.8</ele>
      </trkpt>
      <trkpt lat="45.65583" lon="13.97234">
        <ele>465.9</ele>
      </trkpt>
      <trkpt lat="45.65514" lon="13.97192">
        <ele>465.7</ele>
      </trkpt>
      <trkpt lat="45.65453" lon="13.97152">
        <ele>465.3</ele>
      </trkpt>
      <trkpt lat="45.65403" lon="13.97112">
        <ele>464.3</ele>
      </trkpt>
      <trkpt lat="45.65356" lon="13.9707">
        <ele>465.5</ele>
      </trkpt>
      <trkpt lat="45.6531" lon="13.97028">
        <ele>465.3</ele>
      </trkpt>
      <trkpt lat="45.65252" lon="13.96958">
        <ele>465.6</ele>
      </trkpt>
      <trkpt lat="45.65215" lon="13.96988">
        <ele>463.6</ele>
      </trkpt>
      <trkpt lat="45.65189" lon="13.96992">
        <ele>462.8</ele>
      </trkpt>
      <trkpt lat="45.65149" lon="13.9698">
        <ele>462.9</ele>
      </trkpt>
      <trkpt lat="45.6509" lon="13.96937">
        <ele>464.5</ele>
      </trkpt>
      <trkpt lat="45.65032" lon="13.96895">
        <ele>466.0</ele>
      </trkpt>
      <trkpt lat="45.64987" lon="13.96864">
        <ele>466.6</ele>
      </trkpt>
      <trkpt lat="45.64942" lon="13.96833">
        <ele>467.4</ele>
      </trkpt>
      <trkpt lat="45.6489" lon="13.96793">
        <ele>469.8</ele>
      </trkpt>
      <trkpt lat="45.64858" lon="13.96775">
        <ele>471.8</ele>
      </trkpt>
      <trkpt lat="45.64828" lon="13.96766">
        <ele>473.7</ele>
      </trkpt>
      <trkpt lat="45.64796" lon="13.9677">
        <ele>475.0</ele>
      </trkpt>
      <trkpt lat="45.64735" lon="13.96779">
        <ele>477.2</ele>
      </trkpt>
      <trkpt lat="45.64675" lon="13.96787">
        <ele>479.6</ele>
      </trkpt>
      <trkpt lat="45.64614" lon="13.96796">
        <ele>482.5</ele>
      </trkpt>
      <trkpt lat="45.64584" lon="13.96785">
        <ele>484.0</ele>
      </trkpt>
      <trkpt lat="45.64575" lon="13.9678">
        <ele>484.2</ele>
      </trkpt>
      <trkpt lat="45.6454" lon="13.96752">
        <ele>485.0</ele>
      </trkpt>
      <trkpt lat="45.64507" lon="13.96729">
        <ele>486.5</ele>
      </trkpt>
      <trkpt lat="45.64478" lon="13.96718">
        <ele>488.4</ele>
      </trkpt>
      <trkpt lat="45.64445" lon="13.96724">
        <ele>490.0</ele>
      </trkpt>
      <trkpt lat="45.64428" lon="13.96733">
        <ele>490.4</ele>
      </trkpt>
      <trkpt lat="45.64412" lon="13.96744">
        <ele>490.6</ele>
      </trkpt>
      <trkpt lat="45.64391" lon="13.96757">
        <ele>491.4</ele>
      </trkpt>
      <trkpt lat="45.6438" lon="13.96766">
        <ele>491.8</ele>
      </trkpt>
      <trkpt lat="45.64368" lon="13.96774">
        <ele>492.3</ele>
      </trkpt>
      <trkpt lat="45.64363" lon="13.9678">
        <ele>492.4</ele>
      </trkpt>
      <trkpt lat="45.64322" lon="13.96807">
        <ele>493.8</ele>
      </trkpt>
      <trkpt lat="45.64281" lon="13.96833">
        <ele>495.8</ele>
      </trkpt>
      <trkpt lat="45.64213" lon="13.9688">
        <ele>499.0</ele>
      </trkpt>
      <trkpt lat="45.64183" lon="13.96915">
        <ele>500.7</ele>
      </trkpt>
      <trkpt lat="45.64146" lon="13.96967">
        <ele>500.9</ele>
      </trkpt>
      <trkpt lat="45.64136" lon="13.96977">
        <ele>501.0</ele>
      </trkpt>
      <trkpt lat="45.64125" lon="13.96983">
        <ele>501.4</ele>
      </trkpt>
      <trkpt lat="45.64118" lon="13.96983">
        <ele>501.9</ele>
      </trkpt>
      <trkpt lat="45.64111" lon="13.96982">
        <ele>502.3</ele>
      </trkpt>
      <trkpt lat="45.64103" lon="13.96979">
        <ele>503.0</ele>
      </trkpt>
      <trkpt lat="45.64093" lon="13.96974">
        <ele>503.9</ele>
      </trkpt>
      <trkpt lat="45.64081" lon="13.96971">
        <ele>505.3</ele>
      </trkpt>
      <trkpt lat="45.64073" lon="13.96972">
        <ele>507.4</ele>
      </trkpt>
      <trkpt lat="45.64067" lon="13.96974">
        <ele>508.8</ele>
      </trkpt>
      <trkpt lat="45.64056" lon="13.96983">
        <ele>510.7</ele>
      </trkpt>
      <trkpt lat="45.64026" lon="13.97014">
        <ele>514.0</ele>
      </trkpt>
      <trkpt lat="45.63964" lon="13.97073">
        <ele>515.5</ele>
      </trkpt>
      <trkpt lat="45.63955" lon="13.9708">
        <ele>515.0</ele>
      </trkpt>
      <trkpt lat="45.63944" lon="13.97084">
        <ele>515.3</ele>
      </trkpt>
      <trkpt lat="45.63879" lon="13.97092">
        <ele>521.1</ele>
      </trkpt>
      <trkpt lat="45.63825" lon="13.971">
        <ele>525.3</ele>
      </trkpt>
      <trkpt lat="45.63779" lon="13.97117">
        <ele>525.6</ele>
      </trkpt>
      <trkpt lat="45.63742" lon="13.97137">
        <ele>524.2</ele>
      </trkpt>
      <trkpt lat="45.63719" lon="13.97144">
        <ele>524.4</ele>
      </trkpt>
      <trkpt lat="45.63689" lon="13.9714">
        <ele>527.0</ele>
      </trkpt>
      <trkpt lat="45.63665" lon="13.97141">
        <ele>528.6</ele>
      </trkpt>
      <trkpt lat="45.63645" lon="13.97154">
        <ele>531.3</ele>
      </trkpt>
      <trkpt lat="45.63603" lon="13.97226">
        <ele>530.3</ele>
      </trkpt>
      <trkpt lat="45.63589" lon="13.97247">
        <ele>529.5</ele>
      </trkpt>
      <trkpt lat="45.63562" lon="13.97276">
        <ele>531.4</ele>
      </trkpt>
      <trkpt lat="45.63519" lon="13.97317">
        <ele>531.3</ele>
      </trkpt>
      <trkpt lat="45.63476" lon="13.97358">
        <ele>534.0</ele>
      </trkpt>
      <trkpt lat="45.63447" lon="13.97375">
        <ele>537.5</ele>
      </trkpt>
      <trkpt lat="45.63422" lon="13.97386">
        <ele>539.8</ele>
      </trkpt>
      <trkpt lat="45.63393" lon="13.97408">
        <ele>540.9</ele>
      </trkpt>
      <trkpt lat="45.63347" lon="13.97452">
        <ele>541.3</ele>
      </trkpt>
      <trkpt lat="45.63319" lon="13.97473">
        <ele>541.1</ele>
      </trkpt>
      <trkpt lat="45.63272" lon="13.97497">
        <ele>541.9</ele>
      </trkpt>
      <trkpt lat="45.63239" lon="13.97521">
        <ele>541.3</ele>
      </trkpt>
      <trkpt lat="45.63224" lon="13.97529">
        <ele>541.0</ele>
      </trkpt>
      <trkpt lat="45.63211" lon="13.9753">
        <ele>541.7</ele>
      </trkpt>
      <trkpt lat="45.63187" lon="13.97523">
        <ele>544.9</ele>
      </trkpt>
      <trkpt lat="45.63165" lon="13.97522">
        <ele>547.0</ele>
      </trkpt>
      <trkpt lat="45.63138" lon="13.97533">
        <ele>549.5</ele>
      </trkpt>
      <trkpt lat="45.6312" lon="13.97542">
        <ele>550.9</ele>
      </trkpt>
      <trkpt lat="45.63105" lon="13.97556">
        <ele>550.7</ele>
      </trkpt>
      <trkpt lat="45.63086" lon="13.97582">
        <ele>548.7</ele>
      </trkpt>
      <trkpt lat="45.63068" lon="13.976">
        <ele>547.0</ele>
      </trkpt>
      <trkpt lat="45.63048" lon="13.97608">
        <ele>546.6</ele>
      </trkpt>
      <trkpt lat="45.63027" lon="13.97614">
        <ele>546.5</ele>
      </trkpt>
      <trkpt lat="45.63005" lon="13.97613">
        <ele>547.7</ele>
      </trkpt>
      <trkpt lat="45.62946" lon="13.97587">
        <ele>551.4</ele>
      </trkpt>
      <trkpt lat="45.62932" lon="13.97586">
        <ele>551.1</ele>
      </trkpt>
      <trkpt lat="45.6291" lon="13.97589">
        <ele>549.6</ele>
      </trkpt>
      <trkpt lat="45.6289" lon="13.97596">
        <ele>547.4</ele>
      </trkpt>
      <trkpt lat="45.62878" lon="13.97597">
        <ele>546.5</ele>
      </trkpt>
      <trkpt lat="45.62867" lon="13.97597">
        <ele>545.9</ele>
      </trkpt>
      <trkpt lat="45.62854" lon="13.97594">
        <ele>545.2</ele>
      </trkpt>
      <trkpt lat="45.62843" lon="13.97589">
        <ele>544.6</ele>
      </trkpt>
      <trkpt lat="45.62828" lon="13.97574">
        <ele>544.8</ele>
      </trkpt>
      <trkpt lat="45.62828" lon="13.97574">
        <ele>544.8</ele>
      </trkpt>
      <trkpt lat="45.62818" lon="13.97563">
        <ele>545.4</ele>
      </trkpt>
      <trkpt lat="45.62804" lon="13.97593">
        <ele>545.3</ele>
      </trkpt>
      <trkpt lat="45.62793" lon="13.97614">
        <ele>545.2</ele>
      </trkpt>
      <trkpt lat="45.62773" lon="13.97644">
        <ele>545.2</ele>
      </trkpt>
      <trkpt lat="45.62765" lon="13.97654">
        <ele>545.8</ele>
      </trkpt>
      <trkpt lat="45.6275" lon="13.97668">
        <ele>547.0</ele>
      </trkpt>
      <trkpt lat="45.62735" lon="13.97688">
        <ele>548.1</ele>
      </trkpt>
      <trkpt lat="45.62709" lon="13.97713">
        <ele>550.2</ele>
      </trkpt>
      <trkpt lat="45.6266" lon="13.97748">
        <ele>555.0</ele>
      </trkpt>
      <trkpt lat="45.62628" lon="13.97778">
        <ele>558.1</ele>
      </trkpt>
      <trkpt lat="45.62619" lon="13.9779">
        <ele>559.4</ele>
      </trkpt>
      <trkpt lat="45.62612" lon="13.97805">
        <ele>560.9</ele>
      </trkpt>
      <trkpt lat="45.62598" lon="13.97857">
        <ele>565.5</ele>
      </trkpt>
      <trkpt lat="45.62595" lon="13.97874">
        <ele>566.7</ele>
      </trkpt>
      <trkpt lat="45.62595" lon="13.97874">
        <ele>566.7</ele>
      </trkpt>
      <trkpt lat="45.62592" lon="13.97903">
        <ele>568.6</ele>
      </trkpt>
      <trkpt lat="45.62589" lon="13.98">
        <ele>572.5</ele>
      </trkpt>
      <trkpt lat="45.62589" lon="13.98011">
        <ele>573.3</ele>
      </trkpt>
      <trkpt lat="45.6259" lon="13.98049">
        <ele>575.9</ele>
      </trkpt>
      <trkpt lat="45.62589" lon="13.98057">
        <ele>576.6</ele>
      </trkpt>
      <trkpt lat="45.62587" lon="13.98063">
        <ele>577.2</ele>
      </trkpt>
      <trkpt lat="45.6258" lon="13.98068">
        <ele>578.0</ele>
      </trkpt>
      <trkpt lat="45.6256" lon="13.98078">
        <ele>579.2</ele>
      </trkpt>
      <trkpt lat="45.62552" lon="13.9808">
        <ele>579.5</ele>
      </trkpt>
      <trkpt lat="45.62546" lon="13.9808">
        <ele>579.7</ele>
      </trkpt>
      <trkpt lat="45.62541" lon="13.98078">
        <ele>579.7</ele>
      </trkpt>
      <trkpt lat="45.62535" lon="13.98077">
        <ele>579.7</ele>
      </trkpt>
      <trkpt lat="45.62527" lon="13.98078">
        <ele>580.0</ele>
      </trkpt>
      <trkpt lat="45.62516" lon="13.98082">
        <ele>580.5</ele>
      </trkpt>
      <trkpt lat="45.625" lon="13.98085">
        <ele>581.2</ele>
      </trkpt>
      <trkpt lat="45.62461" lon="13.98098">
        <ele>584.0</ele>
      </trkpt>
      <trkpt lat="45.62483" lon="13.98149">
        <ele>589.2</ele>
      </trkpt>
      <trkpt lat="45.62491" lon="13.98163">
        <ele>590.7</ele>
      </trkpt>
      <trkpt lat="45.62505" lon="13.98169">
        <ele>590.9</ele>
      </trkpt>
      <trkpt lat="45.62515" lon="13.9818">
        <ele>591.5</ele>
      </trkpt>
      <trkpt lat="45.62515" lon="13.98192">
        <ele>592.8</ele>
      </trkpt>
      <trkpt lat="45.62513" lon="13.982">
        <ele>593.7</ele>
      </trkpt>
      <trkpt lat="45.62505" lon="13.98217">
        <ele>595.7</ele>
      </trkpt>
      <trkpt lat="45.62492" lon="13.98267">
        <ele>602.9</ele>
      </trkpt>
      <trkpt lat="45.6249" lon="13.98294">
        <ele>608.2</ele>
      </trkpt>
      <trkpt lat="45.6249" lon="13.98324">
        <ele>613.8</ele>
      </trkpt>
      <trkpt lat="45.62488" lon="13.98346">
        <ele>618.5</ele>
      </trkpt>
      <trkpt lat="45.62488" lon="13.98367">
        <ele>622.5</ele>
      </trkpt>
      <trkpt lat="45.62492" lon="13.98383">
        <ele>624.4</ele>
      </trkpt>
      <trkpt lat="45.62497" lon="13.98395">
        <ele>625.0</ele>
      </trkpt>
      <trkpt lat="45.62506" lon="13.98409">
        <ele>626.7</ele>
      </trkpt>
      <trkpt lat="45.62513" lon="13.98414">
        <ele>627.8</ele>
      </trkpt>
      <trkpt lat="45.62522" lon="13.98413">
        <ele>627.8</ele>
      </trkpt>
      <trkpt lat="45.6254" lon="13.98406">
        <ele>626.9</ele>
      </trkpt>
      <trkpt lat="45.62548" lon="13.98406">
        <ele>627.0</ele>
      </trkpt>
      <trkpt lat="45.62562" lon="13.984">
        <ele>626.0</ele>
      </trkpt>
      <trkpt lat="45.62568" lon="13.98398">
        <ele>625.7</ele>
      </trkpt>
      <trkpt lat="45.62575" lon="13.98403">
        <ele>626.9</ele>
      </trkpt>
      <trkpt lat="45.62587" lon="13.98398">
        <ele>625.6</ele>
      </trkpt>
      <trkpt lat="45.62594" lon="13.98392">
        <ele>623.8</ele>
      </trkpt>
      <trkpt lat="45.62604" lon="13.98394">
        <ele>623.3</ele>
      </trkpt>
      <trkpt lat="45.62613" lon="13.98401">
        <ele>624.0</ele>
      </trkpt>
      <trkpt lat="45.62623" lon="13.98411">
        <ele>625.1</ele>
      </trkpt>
      <trkpt lat="45.62632" lon="13.98423">
        <ele>626.9</ele>
      </trkpt>
      <trkpt lat="45.62643" lon="13.98436">
        <ele>629.0</ele>
      </trkpt>
      <trkpt lat="45.62654" lon="13.98446">
        <ele>630.5</ele>
      </trkpt>
      <trkpt lat="45.62673" lon="13.98466">
        <ele>634.0</ele>
      </trkpt>
      <trkpt lat="45.6269" lon="13.98478">
        <ele>635.6</ele>
      </trkpt>
      <trkpt lat="45.62722" lon="13.98495">
        <ele>636.1</ele>
      </trkpt>
      <trkpt lat="45.6274" lon="13.98514">
        <ele>639.6</ele>
      </trkpt>
      <trkpt lat="45.62759" lon="13.98527">
        <ele>641.8</ele>
      </trkpt>
      <trkpt lat="45.62779" lon="13.98546">
        <ele>646.0</ele>
      </trkpt>
      <trkpt lat="45.62806" lon="13.98566">
        <ele>649.2</ele>
      </trkpt>
      <trkpt lat="45.6284" lon="13.98587">
        <ele>651.5</ele>
      </trkpt>
      <trkpt lat="45.62854" lon="13.98604">
        <ele>655.7</ele>
      </trkpt>
      <trkpt lat="45.62877" lon="13.98627">
        <ele>659.0</ele>
      </trkpt>
      <trkpt lat="45.62895" lon="13.98643">
        <ele>659.6</ele>
      </trkpt>
      <trkpt lat="45.62913" lon="13.98654">
        <ele>657.9</ele>
      </trkpt>
      <trkpt lat="45.62928" lon="13.98667">
        <ele>660.2</ele>
      </trkpt>
      <trkpt lat="45.62933" lon="13.98683">
        <ele>664.8</ele>
      </trkpt>
      <trkpt lat="45.62949" lon="13.98703">
        <ele>669.5</ele>
      </trkpt>
      <trkpt lat="45.62965" lon="13.98716">
        <ele>671.5</ele>
      </trkpt>
      <trkpt lat="45.62981" lon="13.98733">
        <ele>673.5</ele>
      </trkpt>
      <trkpt lat="45.6299" lon="13.98751">
        <ele>675.4</ele>
      </trkpt>
      <trkpt lat="45.62996" lon="13.98774">
        <ele>673.8</ele>
      </trkpt>
      <trkpt lat="45.62997" lon="13.98796">
        <ele>673.0</ele>
      </trkpt>
      <trkpt lat="45.62994" lon="13.98822">
        <ele>672.9</ele>
      </trkpt>
      <trkpt lat="45.62979" lon="13.98838">
        <ele>676.0</ele>
      </trkpt>
      <trkpt lat="45.62967" lon="13.98848">
        <ele>677.8</ele>
      </trkpt>
      <trkpt lat="45.62942" lon="13.98865">
        <ele>681.8</ele>
      </trkpt>
      <trkpt lat="45.62912" lon="13.98882">
        <ele>687.0</ele>
      </trkpt>
      <trkpt lat="45.62881" lon="13.98914">
        <ele>692.4</ele>
      </trkpt>
      <trkpt lat="45.62862" lon="13.98929">
        <ele>697.5</ele>
      </trkpt>
      <trkpt lat="45.62849" lon="13.98937">
        <ele>701.4</ele>
      </trkpt>
      <trkpt lat="45.62838" lon="13.98947">
        <ele>704.5</ele>
      </trkpt>
      <trkpt lat="45.62833" lon="13.98961">
        <ele>705.5</ele>
      </trkpt>
      <trkpt lat="45.62832" lon="13.98979">
        <ele>704.9</ele>
      </trkpt>
      <trkpt lat="45.6284" lon="13.99027">
        <ele>700.9</ele>
      </trkpt>
      <trkpt lat="45.62842" lon="13.99051">
        <ele>700.5</ele>
      </trkpt>
      <trkpt lat="45.62839" lon="13.99075">
        <ele>701.9</ele>
      </trkpt>
      <trkpt lat="45.62804" lon="13.9918">
        <ele>707.0</ele>
      </trkpt>
      <trkpt lat="45.62789" lon="13.99199">
        <ele>710.4</ele>
      </trkpt>
      <trkpt lat="45.62779" lon="13.99206">
        <ele>712.9</ele>
      </trkpt>
      <trkpt lat="45.62755" lon="13.99216">
        <ele>719.5</ele>
      </trkpt>
      <trkpt lat="45.62749" lon="13.99223">
        <ele>721.0</ele>
      </trkpt>
      <trkpt lat="45.62746" lon="13.99232">
        <ele>721.6</ele>
      </trkpt>
      <trkpt lat="45.62744" lon="13.99256">
        <ele>722.0</ele>
      </trkpt>
      <trkpt lat="45.62745" lon="13.99279">
        <ele>723.9</ele>
      </trkpt>
      <trkpt lat="45.62751" lon="13.99302">
        <ele>724.3</ele>
      </trkpt>
      <trkpt lat="45.62762" lon="13.99328">
        <ele>723.6</ele>
      </trkpt>
      <trkpt lat="45.62787" lon="13.99371">
        <ele>717.3</ele>
      </trkpt>
      <trkpt lat="45.62791" lon="13.99388">
        <ele>716.9</ele>
      </trkpt>
      <trkpt lat="45.6279" lon="13.99404">
        <ele>717.8</ele>
      </trkpt>
      <trkpt lat="45.62785" lon="13.99413">
        <ele>719.0</ele>
      </trkpt>
      <trkpt lat="45.62768" lon="13.99424">
        <ele>720.9</ele>
      </trkpt>
      <trkpt lat="45.62744" lon="13.99435">
        <ele>722.4</ele>
      </trkpt>
      <trkpt lat="45.62708" lon="13.99448">
        <ele>723.6</ele>
      </trkpt>
      <trkpt lat="45.62649" lon="13.99455">
        <ele>728.1</ele>
      </trkpt>
      <trkpt lat="45.6259" lon="13.99461">
        <ele>734.0</ele>
      </trkpt>
      <trkpt lat="45.62564" lon="13.99472">
        <ele>737.2</ele>
      </trkpt>
      <trkpt lat="45.62543" lon="13.99493">
        <ele>738.4</ele>
      </trkpt>
      <trkpt lat="45.62529" lon="13.99519">
        <ele>738.8</ele>
      </trkpt>
      <trkpt lat="45.62511" lon="13.99594">
        <ele>737.7</ele>
      </trkpt>
      <trkpt lat="45.62487" lon="13.99675">
        <ele>735.7</ele>
      </trkpt>
      <trkpt lat="45.62475" lon="13.99715">
        <ele>731.9</ele>
      </trkpt>
      <trkpt lat="45.62461" lon="13.99742">
        <ele>730.1</ele>
      </trkpt>
      <trkpt lat="45.62438" lon="13.99777">
        <ele>729.4</ele>
      </trkpt>
      <trkpt lat="45.62433" lon="13.99791">
        <ele>729.1</ele>
      </trkpt>
      <trkpt lat="45.6243" lon="13.99807">
        <ele>728.5</ele>
      </trkpt>
      <trkpt lat="45.62432" lon="13.99828">
        <ele>726.9</ele>
      </trkpt>
      <trkpt lat="45.62439" lon="13.99859">
        <ele>724.6</ele>
      </trkpt>
      <trkpt lat="45.62456" lon="13.99909">
        <ele>721.3</ele>
      </trkpt>
      <trkpt lat="45.62463" lon="13.99947">
        <ele>721.3</ele>
      </trkpt>
      <trkpt lat="45.62463" lon="13.99985">
        <ele>722.0</ele>
      </trkpt>
      <trkpt lat="45.6246" lon="14.00032">
        <ele>723.4</ele>
      </trkpt>
      <trkpt lat="45.62445" lon="14.00095">
        <ele>725.5</ele>
      </trkpt>
      <trkpt lat="45.62441" lon="14.00165">
        <ele>727.2</ele>
      </trkpt>
      <trkpt lat="45.6243" lon="14.00286">
        <ele>729.2</ele>
      </trkpt>
      <trkpt lat="45.62419" lon="14.00341">
        <ele>735.1</ele>
      </trkpt>
      <trkpt lat="45.6241" lon="14.00366">
        <ele>736.2</ele>
      </trkpt>
      <trkpt lat="45.6241" lon="14.00366">
        <ele>736.2</ele>
      </trkpt>
      <trkpt lat="45.62398" lon="14.00397">
        <ele>737.0</ele>
      </trkpt>
      <trkpt lat="45.62349" lon="14.00495">
        <ele>742.9</ele>
      </trkpt>
      <trkpt lat="45.62301" lon="14.00593">
        <ele>745.0</ele>
      </trkpt>
      <trkpt lat="45.62288" lon="14.00612">
        <ele>745.8</ele>
      </trkpt>
      <trkpt lat="45.6227" lon="14.00627">
        <ele>748.8</ele>
      </trkpt>
      <trkpt lat="45.62232" lon="14.00655">
        <ele>754.9</ele>
      </trkpt>
      <trkpt lat="45.62178" lon="14.00687">
        <ele>761.8</ele>
      </trkpt>
      <trkpt lat="45.62124" lon="14.00719">
        <ele>764.1</ele>
      </trkpt>
      <trkpt lat="45.62088" lon="14.0073">
        <ele>764.8</ele>
      </trkpt>
      <trkpt lat="45.62002" lon="14.0074">
        <ele>768.8</ele>
      </trkpt>
      <trkpt lat="45.61967" lon="14.00753">
        <ele>771.7</ele>
      </trkpt>
      <trkpt lat="45.61933" lon="14.00776">
        <ele>772.7</ele>
      </trkpt>
      <trkpt lat="45.619" lon="14.00812">
        <ele>773.7</ele>
      </trkpt>
      <trkpt lat="45.61872" lon="14.0083">
        <ele>777.0</ele>
      </trkpt>
      <trkpt lat="45.61853" lon="14.00855">
        <ele>778.4</ele>
      </trkpt>
      <trkpt lat="45.61824" lon="14.00901">
        <ele>780.5</ele>
      </trkpt>
      <trkpt lat="45.61801" lon="14.0093">
        <ele>781.4</ele>
      </trkpt>
      <trkpt lat="45.61779" lon="14.00952">
        <ele>783.7</ele>
      </trkpt>
      <trkpt lat="45.6173" lon="14.00997">
        <ele>789.7</ele>
      </trkpt>
      <trkpt lat="45.61675" lon="14.01054">
        <ele>790.3</ele>
      </trkpt>
      <trkpt lat="45.61651" lon="14.01088">
        <ele>787.3</ele>
      </trkpt>
      <trkpt lat="45.61634" lon="14.01125">
        <ele>779.7</ele>
      </trkpt>
      <trkpt lat="45.61621" lon="14.01162">
        <ele>776.2</ele>
      </trkpt>
      <trkpt lat="45.61609" lon="14.01181">
        <ele>774.4</ele>
      </trkpt>
      <trkpt lat="45.61589" lon="14.01217">
        <ele>775.6</ele>
      </trkpt>
      <trkpt lat="45.6157" lon="14.01242">
        <ele>776.0</ele>
      </trkpt>
      <trkpt lat="45.6156" lon="14.01256">
        <ele>775.1</ele>
      </trkpt>
      <trkpt lat="45.61543" lon="14.01299">
        <ele>772.8</ele>
      </trkpt>
      <trkpt lat="45.61531" lon="14.01331">
        <ele>773.9</ele>
      </trkpt>
      <trkpt lat="45.61522" lon="14.01366">
        <ele>772.4</ele>
      </trkpt>
      <trkpt lat="45.61517" lon="14.01392">
        <ele>771.3</ele>
      </trkpt>
      <trkpt lat="45.6151" lon="14.01412">
        <ele>771.2</ele>
      </trkpt>
      <trkpt lat="45.61493" lon="14.01431">
        <ele>770.5</ele>
      </trkpt>
      <trkpt lat="45.61484" lon="14.01436">
        <ele>768.8</ele>
      </trkpt>
      <trkpt lat="45.61476" lon="14.01435">
        <ele>767.8</ele>
      </trkpt>
      <trkpt lat="45.61465" lon="14.01432">
        <ele>766.5</ele>
      </trkpt>
      <trkpt lat="45.61462" lon="14.01435">
        <ele>765.9</ele>
      </trkpt>
      <trkpt lat="45.61435" lon="14.01501">
        <ele>763.3</ele>
      </trkpt>
      <trkpt lat="45.61409" lon="14.0157">
        <ele>766.8</ele>
      </trkpt>
      <trkpt lat="45.6137" lon="14.01643">
        <ele>764.9</ele>
      </trkpt>
      <trkpt lat="45.61345" lon="14.01696">
        <ele>766.3</ele>
      </trkpt>
      <trkpt lat="45.61324" lon="14.01785">
        <ele>766.9</ele>
      </trkpt>
      <trkpt lat="45.61302" lon="14.01874">
        <ele>763.8</ele>
      </trkpt>
      <trkpt lat="45.61273" lon="14.01985">
        <ele>767.0</ele>
      </trkpt>
      <trkpt lat="45.61264" lon="14.02035">
        <ele>769.5</ele>
      </trkpt>
      <trkpt lat="45.6126" lon="14.0206">
        <ele>771.1</ele>
      </trkpt>
      <trkpt lat="45.61259" lon="14.0208">
        <ele>772.3</ele>
      </trkpt>
      <trkpt lat="45.6126" lon="14.02099">
        <ele>773.0</ele>
      </trkpt>
      <trkpt lat="45.6127" lon="14.02154">
        <ele>772.4</ele>
      </trkpt>
      <trkpt lat="45.61273" lon="14.02186">
        <ele>771.9</ele>
      </trkpt>
      <trkpt lat="45.61272" lon="14.02216">
        <ele>772.3</ele>
      </trkpt>
      <trkpt lat="45.61268" lon="14.02255">
        <ele>774.1</ele>
      </trkpt>
      <trkpt lat="45.6126" lon="14.02292">
        <ele>777.1</ele>
      </trkpt>
      <trkpt lat="45.61237" lon="14.02376">
        <ele>786.3</ele>
      </trkpt>
      <trkpt lat="45.61236" lon="14.02386">
        <ele>786.9</ele>
      </trkpt>
      <trkpt lat="45.61238" lon="14.02395">
        <ele>786.6</ele>
      </trkpt>
      <trkpt lat="45.61238" lon="14.02395">
        <ele>786.6</ele>
      </trkpt>
      <trkpt lat="45.61238" lon="14.02395">
        <ele>786.6</ele>
      </trkpt>
      <trkpt lat="45.61239" lon="14.024">
        <ele>786.4</ele>
      </trkpt>
      <trkpt lat="45.61255" lon="14.02433">
        <ele>782.4</ele>
      </trkpt>
      <trkpt lat="45.61262" lon="14.02454">
        <ele>780.1</ele>
      </trkpt>
      <trkpt lat="45.61266" lon="14.02486">
        <ele>780.1</ele>
      </trkpt>
      <trkpt lat="45.61265" lon="14.02506">
        <ele>781.5</ele>
      </trkpt>
      <trkpt lat="45.61268" lon="14.02578">
        <ele>782.4</ele>
      </trkpt>
      <trkpt lat="45.61266" lon="14.026">
        <ele>783.6</ele>
      </trkpt>
      <trkpt lat="45.6126" lon="14.02618">
        <ele>784.9</ele>
      </trkpt>
      <trkpt lat="45.61263" lon="14.02628">
        <ele>785.0</ele>
      </trkpt>
      <trkpt lat="45.61268" lon="14.02659">
        <ele>786.3</ele>
      </trkpt>
      <trkpt lat="45.61271" lon="14.0269">
        <ele>787.1</ele>
      </trkpt>
      <trkpt lat="45.61272" lon="14.02702">
        <ele>787.2</ele>
      </trkpt>
      <trkpt lat="45.6128" lon="14.02714">
        <ele>788.3</ele>
      </trkpt>
      <trkpt lat="45.61247" lon="14.02771">
        <ele>783.4</ele>
      </trkpt>
      <trkpt lat="45.61232" lon="14.02814">
        <ele>781.7</ele>
      </trkpt>
      <trkpt lat="45.61205" lon="14.02812">
        <ele>779.3</ele>
      </trkpt>
      <trkpt lat="45.61186" lon="14.02814">
        <ele>777.7</ele>
      </trkpt>
      <trkpt lat="45.61168" lon="14.02819">
        <ele>776.4</ele>
      </trkpt>
      <trkpt lat="45.61156" lon="14.02824">
        <ele>776.1</ele>
      </trkpt>
      <trkpt lat="45.61145" lon="14.02832">
        <ele>776.1</ele>
      </trkpt>
      <trkpt lat="45.61138" lon="14.0285">
        <ele>775.3</ele>
      </trkpt>
      <trkpt lat="45.61128" lon="14.02894">
        <ele>774.2</ele>
      </trkpt>
      <trkpt lat="45.61117" lon="14.02921">
        <ele>774.4</ele>
      </trkpt>
      <trkpt lat="45.61108" lon="14.02939">
        <ele>773.7</ele>
      </trkpt>
      <trkpt lat="45.61097" lon="14.02953">
        <ele>774.0</ele>
      </trkpt>
      <trkpt lat="45.61085" lon="14.02964">
        <ele>774.9</ele>
      </trkpt>
      <trkpt lat="45.61061" lon="14.0298">
        <ele>774.5</ele>
      </trkpt>
      <trkpt lat="45.61041" lon="14.0299">
        <ele>774.4</ele>
      </trkpt>
      <trkpt lat="45.6103" lon="14.02995">
        <ele>774.5</ele>
      </trkpt>
      <trkpt lat="45.61002" lon="14.03013">
        <ele>773.8</ele>
      </trkpt>
      <trkpt lat="45.60961" lon="14.03043">
        <ele>772.6</ele>
      </trkpt>
      <trkpt lat="45.60919" lon="14.03073">
        <ele>771.7</ele>
      </trkpt>
      <trkpt lat="45.60846" lon="14.03141">
        <ele>772.0</ele>
      </trkpt>
      <trkpt lat="45.60812" lon="14.03175">
        <ele>772.0</ele>
      </trkpt>
      <trkpt lat="45.60761" lon="14.03247">
        <ele>775.3</ele>
      </trkpt>
      <trkpt lat="45.6069" lon="14.03312">
        <ele>776.7</ele>
      </trkpt>
      <trkpt lat="45.60619" lon="14.03377">
        <ele>777.2</ele>
      </trkpt>
      <trkpt lat="45.6057" lon="14.03419">
        <ele>777.0</ele>
      </trkpt>
      <trkpt lat="45.60526" lon="14.03445">
        <ele>777.9</ele>
      </trkpt>
      <trkpt lat="45.60488" lon="14.03471">
        <ele>776.9</ele>
      </trkpt>
      <trkpt lat="45.60461" lon="14.03492">
        <ele>775.5</ele>
      </trkpt>
      <trkpt lat="45.6044" lon="14.03519">
        <ele>774.4</ele>
      </trkpt>
      <trkpt lat="45.6043" lon="14.03529">
        <ele>774.3</ele>
      </trkpt>
      <trkpt lat="45.60408" lon="14.03563">
        <ele>773.6</ele>
      </trkpt>
      <trkpt lat="45.6039" lon="14.03585">
        <ele>773.1</ele>
      </trkpt>
      <trkpt lat="45.60379" lon="14.03597">
        <ele>772.2</ele>
      </trkpt>
      <trkpt lat="45.60361" lon="14.0361">
        <ele>771.5</ele>
      </trkpt>
      <trkpt lat="45.6033" lon="14.03626">
        <ele>771.1</ele>
      </trkpt>
      <trkpt lat="45.60318" lon="14.0363">
        <ele>771.5</ele>
      </trkpt>
      <trkpt lat="45.60306" lon="14.0364">
        <ele>771.4</ele>
      </trkpt>
      <trkpt lat="45.60292" lon="14.03656">
        <ele>771.0</ele>
      </trkpt>
      <trkpt lat="45.60257" lon="14.03708">
        <ele>769.1</ele>
      </trkpt>
      <trkpt lat="45.60223" lon="14.03761">
        <ele>765.5</ele>
      </trkpt>
      <trkpt lat="45.60187" lon="14.03807">
        <ele>763.1</ele>
      </trkpt>
      <trkpt lat="45.60174" lon="14.03816">
        <ele>763.4</ele>
      </trkpt>
      <trkpt lat="45.6016" lon="14.03817">
        <ele>763.1</ele>
      </trkpt>
      <trkpt lat="45.6015" lon="14.03814">
        <ele>762.0</ele>
      </trkpt>
      <trkpt lat="45.60135" lon="14.03803">
        <ele>760.8</ele>
      </trkpt>
      <trkpt lat="45.60108" lon="14.03775">
        <ele>759.2</ele>
      </trkpt>
      <trkpt lat="45.60089" lon="14.03752">
        <ele>758.5</ele>
      </trkpt>
      <trkpt lat="45.60075" lon="14.03739">
        <ele>757.4</ele>
      </trkpt>
      <trkpt lat="45.6006" lon="14.0373">
        <ele>755.6</ele>
      </trkpt>
      <trkpt lat="45.60031" lon="14.03718">
        <ele>751.8</ele>
      </trkpt>
      <trkpt lat="45.59984" lon="14.03702">
        <ele>746.7</ele>
      </trkpt>
      <trkpt lat="45.59925" lon="14.03676">
        <ele>742.0</ele>
      </trkpt>
      <trkpt lat="45.59866" lon="14.0365">
        <ele>739.8</ele>
      </trkpt>
      <trkpt lat="45.59843" lon="14.03641">
        <ele>739.4</ele>
      </trkpt>
      <trkpt lat="45.59828" lon="14.03639">
        <ele>739.5</ele>
      </trkpt>
      <trkpt lat="45.59801" lon="14.03643">
        <ele>740.3</ele>
      </trkpt>
      <trkpt lat="45.59766" lon="14.03653">
        <ele>741.0</ele>
      </trkpt>
      <trkpt lat="45.59724" lon="14.03673">
        <ele>740.8</ele>
      </trkpt>
      <trkpt lat="45.59695" lon="14.03692">
        <ele>740.4</ele>
      </trkpt>
      <trkpt lat="45.5964" lon="14.03741">
        <ele>741.8</ele>
      </trkpt>
      <trkpt lat="45.59616" lon="14.03761">
        <ele>743.1</ele>
      </trkpt>
      <trkpt lat="45.59603" lon="14.03776">
        <ele>744.4</ele>
      </trkpt>
      <trkpt lat="45.59582" lon="14.03821">
        <ele>749.1</ele>
      </trkpt>
      <trkpt lat="45.59567" lon="14.03858">
        <ele>750.6</ele>
      </trkpt>
      <trkpt lat="45.59558" lon="14.03877">
        <ele>751.1</ele>
      </trkpt>
      <trkpt lat="45.59517" lon="14.03939">
        <ele>752.9</ele>
      </trkpt>
      <trkpt lat="45.59501" lon="14.03958">
        <ele>753.0</ele>
      </trkpt>
      <trkpt lat="45.59484" lon="14.03973">
        <ele>751.4</ele>
      </trkpt>
      <trkpt lat="45.59472" lon="14.03978">
        <ele>750.3</ele>
      </trkpt>
      <trkpt lat="45.59459" lon="14.0398">
        <ele>749.3</ele>
      </trkpt>
      <trkpt lat="45.59421" lon="14.03972">
        <ele>747.9</ele>
      </trkpt>
      <trkpt lat="45.59371" lon="14.03955">
        <ele>749.1</ele>
      </trkpt>
      <trkpt lat="45.59306" lon="14.0395">
        <ele>749.2</ele>
      </trkpt>
      <trkpt lat="45.5927" lon="14.03949">
        <ele>749.6</ele>
      </trkpt>
      <trkpt lat="45.59258" lon="14.03947">
        <ele>749.9</ele>
      </trkpt>
      <trkpt lat="45.5924" lon="14.03939">
        <ele>750.7</ele>
      </trkpt>
      <trkpt lat="45.5923" lon="14.03935">
        <ele>750.8</ele>
      </trkpt>
      <trkpt lat="45.59164" lon="14.03947">
        <ele>746.6</ele>
      </trkpt>
      <trkpt lat="45.59132" lon="14.0395">
        <ele>745.4</ele>
      </trkpt>
      <trkpt lat="45.59123" lon="14.03948">
        <ele>745.5</ele>
      </trkpt>
      <trkpt lat="45.59111" lon="14.0394">
        <ele>746.2</ele>
      </trkpt>
      <trkpt lat="45.59107" lon="14.03932">
        <ele>747.0</ele>
      </trkpt>
      <trkpt lat="45.59097" lon="14.03899">
        <ele>749.5</ele>
      </trkpt>
      <trkpt lat="45.59087" lon="14.0389">
        <ele>749.5</ele>
      </trkpt>
      <trkpt lat="45.59076" lon="14.03887">
        <ele>748.6</ele>
      </trkpt>
      <trkpt lat="45.59064" lon="14.03889">
        <ele>747.3</ele>
      </trkpt>
      <trkpt lat="45.59048" lon="14.03895">
        <ele>745.6</ele>
      </trkpt>
      <trkpt lat="45.59033" lon="14.03901">
        <ele>744.2</ele>
      </trkpt>
      <trkpt lat="45.59023" lon="14.03909">
        <ele>743.5</ele>
      </trkpt>
      <trkpt lat="45.59012" lon="14.03925">
        <ele>742.6</ele>
      </trkpt>
      <trkpt lat="45.58998" lon="14.03952">
        <ele>740.7</ele>
      </trkpt>
      <trkpt lat="45.58978" lon="14.04005">
        <ele>736.4</ele>
      </trkpt>
      <trkpt lat="45.58947" lon="14.04078">
        <ele>734.1</ele>
      </trkpt>
      <trkpt lat="45.58915" lon="14.04152">
        <ele>736.5</ele>
      </trkpt>
      <trkpt lat="45.58881" lon="14.04228">
        <ele>733.8</ele>
      </trkpt>
      <trkpt lat="45.58844" lon="14.04302">
        <ele>734.3</ele>
      </trkpt>
      <trkpt lat="45.58827" lon="14.04329">
        <ele>735.2</ele>
      </trkpt>
      <trkpt lat="45.58817" lon="14.04336">
        <ele>734.7</ele>
      </trkpt>
      <trkpt lat="45.58802" lon="14.04339">
        <ele>733.6</ele>
      </trkpt>
      <trkpt lat="45.58736" lon="14.04335">
        <ele>728.1</ele>
      </trkpt>
      <trkpt lat="45.58701" lon="14.04336">
        <ele>725.5</ele>
      </trkpt>
      <trkpt lat="45.58668" lon="14.04346">
        <ele>723.0</ele>
      </trkpt>
      <trkpt lat="45.58654" lon="14.04343">
        <ele>722.5</ele>
      </trkpt>
      <trkpt lat="45.58626" lon="14.04344">
        <ele>721.6</ele>
      </trkpt>
      <trkpt lat="45.58618" lon="14.04345">
        <ele>721.3</ele>
      </trkpt>
      <trkpt lat="45.58582" lon="14.04361">
        <ele>719.0</ele>
      </trkpt>
      <trkpt lat="45.58557" lon="14.04377">
        <ele>717.9</ele>
      </trkpt>
      <trkpt lat="45.58543" lon="14.04394">
        <ele>717.7</ele>
      </trkpt>
      <trkpt lat="45.58534" lon="14.0441">
        <ele>718.0</ele>
      </trkpt>
      <trkpt lat="45.58515" lon="14.04448">
        <ele>716.2</ele>
      </trkpt>
      <trkpt lat="45.58444" lon="14.04508">
        <ele>715.9</ele>
      </trkpt>
      <trkpt lat="45.58419" lon="14.0454">
        <ele>716.3</ele>
      </trkpt>
      <trkpt lat="45.58396" lon="14.04571">
        <ele>713.9</ele>
      </trkpt>
      <trkpt lat="45.58381" lon="14.04601">
        <ele>712.5</ele>
      </trkpt>
      <trkpt lat="45.5837" lon="14.0464">
        <ele>711.9</ele>
      </trkpt>
      <trkpt lat="45.58367" lon="14.04661">
        <ele>712.0</ele>
      </trkpt>
      <trkpt lat="45.58364" lon="14.04702">
        <ele>712.1</ele>
      </trkpt>
      <trkpt lat="45.58367" lon="14.04791">
        <ele>712.6</ele>
      </trkpt>
      <trkpt lat="45.58367" lon="14.04826">
        <ele>713.3</ele>
      </trkpt>
      <trkpt lat="45.58342" lon="14.04906">
        <ele>714.9</ele>
      </trkpt>
      <trkpt lat="45.58332" lon="14.04946">
        <ele>715.8</ele>
      </trkpt>
      <trkpt lat="45.58329" lon="14.04977">
        <ele>716.5</ele>
      </trkpt>
      <trkpt lat="45.58333" lon="14.05038">
        <ele>717.9</ele>
      </trkpt>
      <trkpt lat="45.58345" lon="14.05114">
        <ele>717.8</ele>
      </trkpt>
      <trkpt lat="45.58357" lon="14.0519">
        <ele>715.0</ele>
      </trkpt>
      <trkpt lat="45.5837" lon="14.05253">
        <ele>711.4</ele>
      </trkpt>
      <trkpt lat="45.58383" lon="14.05316">
        <ele>711.2</ele>
      </trkpt>
      <trkpt lat="45.5839" lon="14.05355">
        <ele>711.9</ele>
      </trkpt>
      <trkpt lat="45.58397" lon="14.0541">
        <ele>713.7</ele>
      </trkpt>
      <trkpt lat="45.58398" lon="14.05441">
        <ele>714.5</ele>
      </trkpt>
      <trkpt lat="45.58396" lon="14.05464">
        <ele>714.9</ele>
      </trkpt>
      <trkpt lat="45.58382" lon="14.0553">
        <ele>718.2</ele>
      </trkpt>
      <trkpt lat="45.58378" lon="14.0558">
        <ele>722.2</ele>
      </trkpt>
      <trkpt lat="45.5838" lon="14.0561">
        <ele>725.9</ele>
      </trkpt>
      <trkpt lat="45.58391" lon="14.05651">
        <ele>730.0</ele>
      </trkpt>
      <trkpt lat="45.58402" lon="14.05674">
        <ele>731.0</ele>
      </trkpt>
      <trkpt lat="45.58417" lon="14.05703">
        <ele>731.4</ele>
      </trkpt>
      <trkpt lat="45.58428" lon="14.05739">
        <ele>732.0</ele>
      </trkpt>
      <trkpt lat="45.58433" lon="14.05771">
        <ele>731.7</ele>
      </trkpt>
      <trkpt lat="45.58436" lon="14.05855">
        <ele>731.1</ele>
      </trkpt>
      <trkpt lat="45.58439" lon="14.0594">
        <ele>729.7</ele>
      </trkpt>
      <trkpt lat="45.58442" lon="14.05968">
        <ele>728.6</ele>
      </trkpt>
      <trkpt lat="45.58448" lon="14.06002">
        <ele>727.6</ele>
      </trkpt>
      <trkpt lat="45.58459" lon="14.06065">
        <ele>726.8</ele>
      </trkpt>
      <trkpt lat="45.5846" lon="14.06156">
        <ele>727.1</ele>
      </trkpt>
      <trkpt lat="45.58454" lon="14.06178">
        <ele>728.0</ele>
      </trkpt>
      <trkpt lat="45.58436" lon="14.06209">
        <ele>730.8</ele>
      </trkpt>
      <trkpt lat="45.58397" lon="14.06288">
        <ele>736.0</ele>
      </trkpt>
      <trkpt lat="45.58359" lon="14.06367">
        <ele>732.1</ele>
      </trkpt>
      <trkpt lat="45.58348" lon="14.06399">
        <ele>730.9</ele>
      </trkpt>
      <trkpt lat="45.58345" lon="14.06419">
        <ele>731.0</ele>
      </trkpt>
      <trkpt lat="45.58346" lon="14.06456">
        <ele>730.1</ele>
      </trkpt>
      <trkpt lat="45.58348" lon="14.06498">
        <ele>729.2</ele>
      </trkpt>
      <trkpt lat="45.58355" lon="14.06537">
        <ele>726.0</ele>
      </trkpt>
      <trkpt lat="45.58364" lon="14.06556">
        <ele>725.4</ele>
      </trkpt>
      <trkpt lat="45.58375" lon="14.06565">
        <ele>726.4</ele>
      </trkpt>
      <trkpt lat="45.58387" lon="14.06571">
        <ele>727.9</ele>
      </trkpt>
      <trkpt lat="45.58402" lon="14.06582">
        <ele>729.5</ele>
      </trkpt>
      <trkpt lat="45.58433" lon="14.06624">
        <ele>725.7</ele>
      </trkpt>
      <trkpt lat="45.58463" lon="14.06661">
        <ele>721.6</ele>
      </trkpt>
      <trkpt lat="45.58478" lon="14.06675">
        <ele>720.7</ele>
      </trkpt>
      <trkpt lat="45.58496" lon="14.06689">
        <ele>720.2</ele>
      </trkpt>
      <trkpt lat="45.58552" lon="14.06722">
        <ele>712.4</ele>
      </trkpt>
      <trkpt lat="45.58576" lon="14.06734">
        <ele>709.7</ele>
      </trkpt>
      <trkpt lat="45.58587" lon="14.06737">
        <ele>708.6</ele>
      </trkpt>
      <trkpt lat="45.586" lon="14.06734">
        <ele>707.2</ele>
      </trkpt>
      <trkpt lat="45.58612" lon="14.0672">
        <ele>706.1</ele>
      </trkpt>
      <trkpt lat="45.58624" lon="14.06697">
        <ele>705.4</ele>
      </trkpt>
      <trkpt lat="45.58636" lon="14.0668">
        <ele>704.8</ele>
      </trkpt>
      <trkpt lat="45.58644" lon="14.06674">
        <ele>704.4</ele>
      </trkpt>
      <trkpt lat="45.58655" lon="14.06671">
        <ele>703.7</ele>
      </trkpt>
      <trkpt lat="45.58686" lon="14.06665">
        <ele>702.0</ele>
      </trkpt>
      <trkpt lat="45.58704" lon="14.06659">
        <ele>700.9</ele>
      </trkpt>
      <trkpt lat="45.58732" lon="14.06644">
        <ele>699.5</ele>
      </trkpt>
      <trkpt lat="45.58776" lon="14.06625">
        <ele>699.5</ele>
      </trkpt>
      <trkpt lat="45.58815" lon="14.06616">
        <ele>700.1</ele>
      </trkpt>
      <trkpt lat="45.58822" lon="14.06617">
        <ele>700.2</ele>
      </trkpt>
      <trkpt lat="45.58836" lon="14.06621">
        <ele>700.3</ele>
      </trkpt>
      <trkpt lat="45.58847" lon="14.06631">
        <ele>700.0</ele>
      </trkpt>
      <trkpt lat="45.58889" lon="14.06686">
        <ele>701.1</ele>
      </trkpt>
      <trkpt lat="45.58915" lon="14.06717">
        <ele>701.9</ele>
      </trkpt>
      <trkpt lat="45.58956" lon="14.06754">
        <ele>701.7</ele>
      </trkpt>
      <trkpt lat="45.58975" lon="14.06766">
        <ele>701.1</ele>
      </trkpt>
      <trkpt lat="45.59023" lon="14.06788">
        <ele>703.1</ele>
      </trkpt>
      <trkpt lat="45.59047" lon="14.06806">
        <ele>705.4</ele>
      </trkpt>
      <trkpt lat="45.59066" lon="14.0683">
        <ele>707.7</ele>
      </trkpt>
      <trkpt lat="45.59109" lon="14.0689">
        <ele>710.0</ele>
      </trkpt>
      <trkpt lat="45.59117" lon="14.06915">
        <ele>709.8</ele>
      </trkpt>
      <trkpt lat="45.59122" lon="14.06944">
        <ele>710.5</ele>
      </trkpt>
      <trkpt lat="45.59123" lon="14.06975">
        <ele>711.1</ele>
      </trkpt>
      <trkpt lat="45.59122" lon="14.07003">
        <ele>711.7</ele>
      </trkpt>
      <trkpt lat="45.59118" lon="14.07033">
        <ele>712.6</ele>
      </trkpt>
      <trkpt lat="45.59096" lon="14.07124">
        <ele>714.9</ele>
      </trkpt>
      <trkpt lat="45.59074" lon="14.07215">
        <ele>712.8</ele>
      </trkpt>
      <trkpt lat="45.59052" lon="14.07307">
        <ele>708.2</ele>
      </trkpt>
      <trkpt lat="45.5903" lon="14.07398">
        <ele>705.5</ele>
      </trkpt>
      <trkpt lat="45.59018" lon="14.07424">
        <ele>705.6</ele>
      </trkpt>
      <trkpt lat="45.59005" lon="14.07442">
        <ele>706.6</ele>
      </trkpt>
      <trkpt lat="45.58946" lon="14.07499">
        <ele>706.0</ele>
      </trkpt>
      <trkpt lat="45.58938" lon="14.07515">
        <ele>705.0</ele>
      </trkpt>
      <trkpt lat="45.58929" lon="14.07534">
        <ele>703.5</ele>
      </trkpt>
      <trkpt lat="45.58927" lon="14.07557">
        <ele>702.3</ele>
      </trkpt>
      <trkpt lat="45.58929" lon="14.07579">
        <ele>701.7</ele>
      </trkpt>
      <trkpt lat="45.58944" lon="14.07607">
        <ele>699.8</ele>
      </trkpt>
      <trkpt lat="45.58967" lon="14.07639">
        <ele>698.7</ele>
      </trkpt>
      <trkpt lat="45.58983" lon="14.07665">
        <ele>698.1</ele>
      </trkpt>
      <trkpt lat="45.59026" lon="14.07742">
        <ele>693.9</ele>
      </trkpt>
      <trkpt lat="45.59031" lon="14.07761">
        <ele>693.1</ele>
      </trkpt>
      <trkpt lat="45.59033" lon="14.07781">
        <ele>693.3</ele>
      </trkpt>
      <trkpt lat="45.59031" lon="14.07806">
        <ele>693.6</ele>
      </trkpt>
      <trkpt lat="45.59009" lon="14.0787">
        <ele>695.9</ele>
      </trkpt>
      <trkpt lat="45.58987" lon="14.07934">
        <ele>698.1</ele>
      </trkpt>
      <trkpt lat="45.58951" lon="14.08026">
        <ele>700.1</ele>
      </trkpt>
      <trkpt lat="45.58945" lon="14.08051">
        <ele>700.8</ele>
      </trkpt>
      <trkpt lat="45.58945" lon="14.08069">
        <ele>701.3</ele>
      </trkpt>
      <trkpt lat="45.58947" lon="14.08086">
        <ele>701.8</ele>
      </trkpt>
      <trkpt lat="45.5895" lon="14.08101">
        <ele>702.7</ele>
      </trkpt>
      <trkpt lat="45.58962" lon="14.08126">
        <ele>704.3</ele>
      </trkpt>
      <trkpt lat="45.58984" lon="14.08165">
        <ele>706.9</ele>
      </trkpt>
      <trkpt lat="45.59003" lon="14.08208">
        <ele>707.5</ele>
      </trkpt>
      <trkpt lat="45.59018" lon="14.08255">
        <ele>706.9</ele>
      </trkpt>
      <trkpt lat="45.59022" lon="14.08275">
        <ele>706.8</ele>
      </trkpt>
      <trkpt lat="45.59023" lon="14.08304">
        <ele>707.3</ele>
      </trkpt>
      <trkpt lat="45.5903" lon="14.08328">
        <ele>707.4</ele>
      </trkpt>
      <trkpt lat="45.59037" lon="14.08342">
        <ele>706.9</ele>
      </trkpt>
      <trkpt lat="45.59065" lon="14.08374">
        <ele>705.2</ele>
      </trkpt>
      <trkpt lat="45.59072" lon="14.08386">
        <ele>705.0</ele>
      </trkpt>
      <trkpt lat="45.59086" lon="14.08422">
        <ele>705.2</ele>
      </trkpt>
      <trkpt lat="45.59093" lon="14.08443">
        <ele>705.8</ele>
      </trkpt>
      <trkpt lat="45.59098" lon="14.08466">
        <ele>706.5</ele>
      </trkpt>
      <trkpt lat="45.59106" lon="14.08512">
        <ele>707.9</ele>
      </trkpt>
      <trkpt lat="45.59121" lon="14.08549">
        <ele>709.2</ele>
      </trkpt>
      <trkpt lat="45.5914" lon="14.08571">
        <ele>710.7</ele>
      </trkpt>
      <trkpt lat="45.59163" lon="14.08588">
        <ele>712.3</ele>
      </trkpt>
      <trkpt lat="45.59206" lon="14.08605">
        <ele>708.3</ele>
      </trkpt>
      <trkpt lat="45.59217" lon="14.08614">
        <ele>707.1</ele>
      </trkpt>
      <trkpt lat="45.5924" lon="14.08648">
        <ele>705.3</ele>
      </trkpt>
      <trkpt lat="45.59265" lon="14.0868">
        <ele>707.4</ele>
      </trkpt>
      <trkpt lat="45.59282" lon="14.08692">
        <ele>710.4</ele>
      </trkpt>
      <trkpt lat="45.59297" lon="14.08692">
        <ele>713.4</ele>
      </trkpt>
      <trkpt lat="45.59309" lon="14.08686">
        <ele>715.7</ele>
      </trkpt>
      <trkpt lat="45.59322" lon="14.08666">
        <ele>717.9</ele>
      </trkpt>
      <trkpt lat="45.59342" lon="14.08632">
        <ele>716.0</ele>
      </trkpt>
      <trkpt lat="45.5936" lon="14.08616">
        <ele>716.1</ele>
      </trkpt>
      <trkpt lat="45.59379" lon="14.0861">
        <ele>717.7</ele>
      </trkpt>
      <trkpt lat="45.59399" lon="14.0861">
        <ele>720.6</ele>
      </trkpt>
      <trkpt lat="45.5943" lon="14.08625">
        <ele>727.9</ele>
      </trkpt>
      <trkpt lat="45.59443" lon="14.08622">
        <ele>728.8</ele>
      </trkpt>
      <trkpt lat="45.59462" lon="14.08609">
        <ele>728.6</ele>
      </trkpt>
      <trkpt lat="45.59475" lon="14.08584">
        <ele>726.2</ele>
      </trkpt>
      <trkpt lat="45.59483" lon="14.08531">
        <ele>722.7</ele>
      </trkpt>
      <trkpt lat="45.59489" lon="14.08504">
        <ele>721.7</ele>
      </trkpt>
      <trkpt lat="45.59497" lon="14.0848">
        <ele>720.9</ele>
      </trkpt>
      <trkpt lat="45.59511" lon="14.08466">
        <ele>720.0</ele>
      </trkpt>
      <trkpt lat="45.59525" lon="14.08463">
        <ele>719.6</ele>
      </trkpt>
      <trkpt lat="45.59541" lon="14.0847">
        <ele>720.7</ele>
      </trkpt>
      <trkpt lat="45.59555" lon="14.0848">
        <ele>722.3</ele>
      </trkpt>
      <trkpt lat="45.59588" lon="14.0851">
        <ele>727.8</ele>
      </trkpt>
      <trkpt lat="45.59645" lon="14.08547">
        <ele>736.4</ele>
      </trkpt>
      <trkpt lat="45.59707" lon="14.08598">
        <ele>743.7</ele>
      </trkpt>
      <trkpt lat="45.5972" lon="14.0861">
        <ele>744.3</ele>
      </trkpt>
      <trkpt lat="45.5972" lon="14.08617">
        <ele>744.4</ele>
      </trkpt>
      <trkpt lat="45.59719" lon="14.08621">
        <ele>744.4</ele>
      </trkpt>
      <trkpt lat="45.59717" lon="14.08623">
        <ele>744.4</ele>
      </trkpt>
      <trkpt lat="45.59679" lon="14.08641">
        <ele>744.2</ele>
      </trkpt>
      <trkpt lat="45.59671" lon="14.08648">
        <ele>744.4</ele>
      </trkpt>
      <trkpt lat="45.59661" lon="14.08661">
        <ele>744.8</ele>
      </trkpt>
      <trkpt lat="45.59653" lon="14.0868">
        <ele>744.4</ele>
      </trkpt>
      <trkpt lat="45.59625" lon="14.08784">
        <ele>743.9</ele>
      </trkpt>
      <trkpt lat="45.59619" lon="14.08803">
        <ele>744.4</ele>
      </trkpt>
      <trkpt lat="45.59605" lon="14.08881">
        <ele>747.9</ele>
      </trkpt>
      <trkpt lat="45.5958" lon="14.08962">
        <ele>751.1</ele>
      </trkpt>
      <trkpt lat="45.59549" lon="14.09028">
        <ele>747.2</ele>
      </trkpt>
      <trkpt lat="45.59518" lon="14.09095">
        <ele>748.6</ele>
      </trkpt>
      <trkpt lat="45.59491" lon="14.09149">
        <ele>753.1</ele>
      </trkpt>
      <trkpt lat="45.59463" lon="14.09201">
        <ele>755.4</ele>
      </trkpt>
      <trkpt lat="45.59438" lon="14.09257">
        <ele>757.8</ele>
      </trkpt>
      <trkpt lat="45.59417" lon="14.09318">
        <ele>756.7</ele>
      </trkpt>
      <trkpt lat="45.59385" lon="14.09401">
        <ele>755.0</ele>
      </trkpt>
      <trkpt lat="45.59356" lon="14.09491">
        <ele>756.9</ele>
      </trkpt>
      <trkpt lat="45.59324" lon="14.09576">
        <ele>755.3</ele>
      </trkpt>
      <trkpt lat="45.59293" lon="14.09661">
        <ele>749.2</ele>
      </trkpt>
      <trkpt lat="45.59263" lon="14.09724">
        <ele>748.4</ele>
      </trkpt>
      <trkpt lat="45.5925" lon="14.09752">
        <ele>749.1</ele>
      </trkpt>
      <trkpt lat="45.59242" lon="14.09779">
        <ele>750.0</ele>
      </trkpt>
      <trkpt lat="45.59236" lon="14.09812">
        <ele>751.5</ele>
      </trkpt>
      <trkpt lat="45.59236" lon="14.09826">
        <ele>752.2</ele>
      </trkpt>
      <trkpt lat="45.59235" lon="14.09852">
        <ele>752.4</ele>
      </trkpt>
      <trkpt lat="45.59234" lon="14.09874">
        <ele>752.3</ele>
      </trkpt>
      <trkpt lat="45.59231" lon="14.09897">
        <ele>752.2</ele>
      </trkpt>
      <trkpt lat="45.59227" lon="14.0992">
        <ele>752.0</ele>
      </trkpt>
      <trkpt lat="45.5922" lon="14.09945">
        <ele>751.9</ele>
      </trkpt>
      <trkpt lat="45.59208" lon="14.09985">
        <ele>752.0</ele>
      </trkpt>
      <trkpt lat="45.59169" lon="14.10087">
        <ele>749.8</ele>
      </trkpt>
      <trkpt lat="45.59154" lon="14.10122">
        <ele>748.9</ele>
      </trkpt>
      <trkpt lat="45.59134" lon="14.10158">
        <ele>749.4</ele>
      </trkpt>
      <trkpt lat="45.59101" lon="14.10197">
        <ele>753.4</ele>
      </trkpt>
      <trkpt lat="45.59062" lon="14.10228">
        <ele>756.7</ele>
      </trkpt>
      <trkpt lat="45.58993" lon="14.10304">
        <ele>761.0</ele>
      </trkpt>
      <trkpt lat="45.58972" lon="14.10344">
        <ele>762.5</ele>
      </trkpt>
      <trkpt lat="45.58962" lon="14.10354">
        <ele>761.8</ele>
      </trkpt>
      <trkpt lat="45.58938" lon="14.10393">
        <ele>761.2</ele>
      </trkpt>
      <trkpt lat="45.58894" lon="14.10491">
        <ele>750.6</ele>
      </trkpt>
      <trkpt lat="45.5885" lon="14.10589">
        <ele>748.4</ele>
      </trkpt>
      <trkpt lat="45.58832" lon="14.10662">
        <ele>756.5</ele>
      </trkpt>
      <trkpt lat="45.58814" lon="14.10741">
        <ele>757.4</ele>
      </trkpt>
      <trkpt lat="45.58797" lon="14.10777">
        <ele>756.0</ele>
      </trkpt>
      <trkpt lat="45.58769" lon="14.1082">
        <ele>754.6</ele>
      </trkpt>
      <trkpt lat="45.58718" lon="14.10904">
        <ele>749.7</ele>
      </trkpt>
      <trkpt lat="45.58693" lon="14.10934">
        <ele>747.5</ele>
      </trkpt>
      <trkpt lat="45.58675" lon="14.10948">
        <ele>746.6</ele>
      </trkpt>
      <trkpt lat="45.58596" lon="14.10997">
        <ele>740.5</ele>
      </trkpt>
      <trkpt lat="45.58575" lon="14.11028">
        <ele>737.9</ele>
      </trkpt>
      <trkpt lat="45.5854" lon="14.1107">
        <ele>736.1</ele>
      </trkpt>
      <trkpt lat="45.58476" lon="14.11112">
        <ele>735.5</ele>
      </trkpt>
      <trkpt lat="45.58413" lon="14.11153">
        <ele>732.9</ele>
      </trkpt>
      <trkpt lat="45.58381" lon="14.11185">
        <ele>727.6</ele>
      </trkpt>
      <trkpt lat="45.58335" lon="14.11268">
        <ele>729.7</ele>
      </trkpt>
      <trkpt lat="45.58324" lon="14.11295">
        <ele>732.6</ele>
      </trkpt>
      <trkpt lat="45.58324" lon="14.11325">
        <ele>735.6</ele>
      </trkpt>
      <trkpt lat="45.58328" lon="14.11352">
        <ele>737.4</ele>
      </trkpt>
      <trkpt lat="45.58351" lon="14.11386">
        <ele>736.6</ele>
      </trkpt>
      <trkpt lat="45.58359" lon="14.11409">
        <ele>736.6</ele>
      </trkpt>
      <trkpt lat="45.58357" lon="14.11435">
        <ele>736.3</ele>
      </trkpt>
      <trkpt lat="45.58345" lon="14.11466">
        <ele>736.4</ele>
      </trkpt>
      <trkpt lat="45.58316" lon="14.11503">
        <ele>738.4</ele>
      </trkpt>
      <trkpt lat="45.58288" lon="14.11543">
        <ele>742.1</ele>
      </trkpt>
      <trkpt lat="45.58243" lon="14.11627">
        <ele>749.2</ele>
      </trkpt>
      <trkpt lat="45.58224" lon="14.11653">
        <ele>748.8</ele>
      </trkpt>
      <trkpt lat="45.5821" lon="14.11676">
        <ele>749.2</ele>
      </trkpt>
      <trkpt lat="45.58197" lon="14.11704">
        <ele>750.1</ele>
      </trkpt>
      <trkpt lat="45.58162" lon="14.1181">
        <ele>754.4</ele>
      </trkpt>
      <trkpt lat="45.58128" lon="14.11924">
        <ele>751.3</ele>
      </trkpt>
      <trkpt lat="45.58126" lon="14.11956">
        <ele>749.9</ele>
      </trkpt>
      <trkpt lat="45.58125" lon="14.1201">
        <ele>749.0</ele>
      </trkpt>
      <trkpt lat="45.58116" lon="14.12081">
        <ele>755.3</ele>
      </trkpt>
      <trkpt lat="45.58108" lon="14.12195">
        <ele>756.4</ele>
      </trkpt>
      <trkpt lat="45.58107" lon="14.1221">
        <ele>756.1</ele>
      </trkpt>
      <trkpt lat="45.58107" lon="14.12227">
        <ele>755.9</ele>
      </trkpt>
      <trkpt lat="45.58108" lon="14.12243">
        <ele>755.9</ele>
      </trkpt>
      <trkpt lat="45.58111" lon="14.1226">
        <ele>756.0</ele>
      </trkpt>
      <trkpt lat="45.58128" lon="14.12316">
        <ele>757.2</ele>
      </trkpt>
      <trkpt lat="45.58133" lon="14.12329">
        <ele>757.4</ele>
      </trkpt>
      <trkpt lat="45.58137" lon="14.12373">
        <ele>757.1</ele>
      </trkpt>
      <trkpt lat="45.58136" lon="14.12429">
        <ele>756.1</ele>
      </trkpt>
      <trkpt lat="45.5813" lon="14.12492">
        <ele>752.7</ele>
      </trkpt>
      <trkpt lat="45.58119" lon="14.12554">
        <ele>743.9</ele>
      </trkpt>
      <trkpt lat="45.58107" lon="14.12616">
        <ele>734.8</ele>
      </trkpt>
      <trkpt lat="45.58082" lon="14.12715">
        <ele>724.4</ele>
      </trkpt>
      <trkpt lat="45.58062" lon="14.12774">
        <ele>716.4</ele>
      </trkpt>
      <trkpt lat="45.58043" lon="14.12834">
        <ele>710.1</ele>
      </trkpt>
      <trkpt lat="45.58041" lon="14.12856">
        <ele>710.1</ele>
      </trkpt>
      <trkpt lat="45.58033" lon="14.12861">
        <ele>709.9</ele>
      </trkpt>
      <trkpt lat="45.58024" lon="14.12879">
        <ele>710.3</ele>
      </trkpt>
      <trkpt lat="45.58019" lon="14.12887">
        <ele>710.8</ele>
      </trkpt>
      <trkpt lat="45.57999" lon="14.12914">
        <ele>713.6</ele>
      </trkpt>
      <trkpt lat="45.57974" lon="14.12942">
        <ele>710.6</ele>
      </trkpt>
      <trkpt lat="45.5796" lon="14.12959">
        <ele>709.5</ele>
      </trkpt>
      <trkpt lat="45.57949" lon="14.12983">
        <ele>709.6</ele>
      </trkpt>
      <trkpt lat="45.57936" lon="14.13019">
        <ele>708.2</ele>
      </trkpt>
      <trkpt lat="45.57929" lon="14.13046">
        <ele>705.8</ele>
      </trkpt>
      <trkpt lat="45.57919" lon="14.13092">
        <ele>703.0</ele>
      </trkpt>
      <trkpt lat="45.57912" lon="14.13116">
        <ele>702.5</ele>
      </trkpt>
      <trkpt lat="45.57904" lon="14.13132">
        <ele>701.8</ele>
      </trkpt>
      <trkpt lat="45.57877" lon="14.13189">
        <ele>701.5</ele>
      </trkpt>
      <trkpt lat="45.57855" lon="14.1323">
        <ele>703.0</ele>
      </trkpt>
      <trkpt lat="45.57842" lon="14.13265">
        <ele>704.0</ele>
      </trkpt>
      <trkpt lat="45.57833" lon="14.13311">
        <ele>702.3</ele>
      </trkpt>
      <trkpt lat="45.5782" lon="14.13352">
        <ele>699.5</ele>
      </trkpt>
      <trkpt lat="45.57812" lon="14.13374">
        <ele>697.9</ele>
      </trkpt>
      <trkpt lat="45.57809" lon="14.13398">
        <ele>696.3</ele>
      </trkpt>
      <trkpt lat="45.57807" lon="14.13509">
        <ele>697.6</ele>
      </trkpt>
      <trkpt lat="45.57808" lon="14.13547">
        <ele>699.9</ele>
      </trkpt>
      <trkpt lat="45.57818" lon="14.13579">
        <ele>703.3</ele>
      </trkpt>
      <trkpt lat="45.57822" lon="14.136">
        <ele>703.8</ele>
      </trkpt>
      <trkpt lat="45.57823" lon="14.1361">
        <ele>703.8</ele>
      </trkpt>
      <trkpt lat="45.57824" lon="14.13634">
        <ele>703.4</ele>
      </trkpt>
      <trkpt lat="45.57822" lon="14.13666">
        <ele>702.2</ele>
      </trkpt>
      <trkpt lat="45.57803" lon="14.13781">
        <ele>697.0</ele>
      </trkpt>
      <trkpt lat="45.57798" lon="14.13803">
        <ele>696.2</ele>
      </trkpt>
      <trkpt lat="45.57785" lon="14.13836">
        <ele>694.2</ele>
      </trkpt>
      <trkpt lat="45.57778" lon="14.13848">
        <ele>692.7</ele>
      </trkpt>
      <trkpt lat="45.57773" lon="14.13852">
        <ele>691.9</ele>
      </trkpt>
      <trkpt lat="45.57768" lon="14.13853">
        <ele>691.2</ele>
      </trkpt>
      <trkpt lat="45.57763" lon="14.13852">
        <ele>690.5</ele>
      </trkpt>
      <trkpt lat="45.57749" lon="14.13847">
        <ele>688.5</ele>
      </trkpt>
      <trkpt lat="45.57742" lon="14.13843">
        <ele>688.5</ele>
      </trkpt>
      <trkpt lat="45.57736" lon="14.13836">
        <ele>688.4</ele>
      </trkpt>
      <trkpt lat="45.57712" lon="14.13799">
        <ele>686.5</ele>
      </trkpt>
      <trkpt lat="45.57706" lon="14.13793">
        <ele>686.1</ele>
      </trkpt>
      <trkpt lat="45.57699" lon="14.13789">
        <ele>685.8</ele>
      </trkpt>
      <trkpt lat="45.57692" lon="14.13787">
        <ele>685.6</ele>
      </trkpt>
      <trkpt lat="45.57663" lon="14.13779">
        <ele>684.5</ele>
      </trkpt>
      <trkpt lat="45.57645" lon="14.13768">
        <ele>682.6</ele>
      </trkpt>
      <trkpt lat="45.57628" lon="14.1376">
        <ele>681.4</ele>
      </trkpt>
      <trkpt lat="45.5762" lon="14.13759">
        <ele>681.1</ele>
      </trkpt>
      <trkpt lat="45.57606" lon="14.13764">
        <ele>680.5</ele>
      </trkpt>
      <trkpt lat="45.57601" lon="14.13769">
        <ele>680.3</ele>
      </trkpt>
      <trkpt lat="45.57597" lon="14.13776">
        <ele>680.0</ele>
      </trkpt>
      <trkpt lat="45.57594" lon="14.13784">
        <ele>679.6</ele>
      </trkpt>
      <trkpt lat="45.57591" lon="14.13794">
        <ele>679.1</ele>
      </trkpt>
      <trkpt lat="45.5758" lon="14.13882">
        <ele>673.4</ele>
      </trkpt>
      <trkpt lat="45.57579" lon="14.13896">
        <ele>672.4</ele>
      </trkpt>
      <trkpt lat="45.5758" lon="14.13913">
        <ele>671.5</ele>
      </trkpt>
      <trkpt lat="45.57584" lon="14.13928">
        <ele>672.3</ele>
      </trkpt>
      <trkpt lat="45.57597" lon="14.13966">
        <ele>675.8</ele>
      </trkpt>
      <trkpt lat="45.576" lon="14.13978">
        <ele>676.7</ele>
      </trkpt>
      <trkpt lat="45.576" lon="14.13988">
        <ele>676.8</ele>
      </trkpt>
      <trkpt lat="45.57599" lon="14.13997">
        <ele>676.7</ele>
      </trkpt>
      <trkpt lat="45.57597" lon="14.14005">
        <ele>676.7</ele>
      </trkpt>
      <trkpt lat="45.57593" lon="14.14014">
        <ele>676.5</ele>
      </trkpt>
      <trkpt lat="45.57588" lon="14.14021">
        <ele>676.1</ele>
      </trkpt>
      <trkpt lat="45.57583" lon="14.14026">
        <ele>675.4</ele>
      </trkpt>
      <trkpt lat="45.57575" lon="14.14029">
        <ele>673.9</ele>
      </trkpt>
      <trkpt lat="45.57549" lon="14.14033">
        <ele>668.3</ele>
      </trkpt>
      <trkpt lat="45.57537" lon="14.14037">
        <ele>666.0</ele>
      </trkpt>
      <trkpt lat="45.57527" lon="14.14042">
        <ele>664.2</ele>
      </trkpt>
      <trkpt lat="45.57515" lon="14.14052">
        <ele>662.4</ele>
      </trkpt>
      <trkpt lat="45.57506" lon="14.14063">
        <ele>661.4</ele>
      </trkpt>
      <trkpt lat="45.57499" lon="14.14076">
        <ele>661.1</ele>
      </trkpt>
      <trkpt lat="45.57472" lon="14.14126">
        <ele>657.2</ele>
      </trkpt>
      <trkpt lat="45.57428" lon="14.14213">
        <ele>651.5</ele>
      </trkpt>
      <trkpt lat="45.57416" lon="14.14233">
        <ele>650.7</ele>
      </trkpt>
      <trkpt lat="45.57376" lon="14.14285">
        <ele>645.3</ele>
      </trkpt>
      <trkpt lat="45.57363" lon="14.1431">
        <ele>644.4</ele>
      </trkpt>
      <trkpt lat="45.5736" lon="14.1432">
        <ele>644.3</ele>
      </trkpt>
      <trkpt lat="45.57356" lon="14.14337">
        <ele>644.4</ele>
      </trkpt>
      <trkpt lat="45.57351" lon="14.14379">
        <ele>644.1</ele>
      </trkpt>
      <trkpt lat="45.5735" lon="14.14397">
        <ele>644.2</ele>
      </trkpt>
      <trkpt lat="45.5735" lon="14.14415">
        <ele>644.2</ele>
      </trkpt>
      <trkpt lat="45.57352" lon="14.1443">
        <ele>643.8</ele>
      </trkpt>
      <trkpt lat="45.57361" lon="14.14474">
        <ele>641.8</ele>
      </trkpt>
      <trkpt lat="45.57364" lon="14.14495">
        <ele>640.7</ele>
      </trkpt>
      <trkpt lat="45.57366" lon="14.14518">
        <ele>639.9</ele>
      </trkpt>
      <trkpt lat="45.5737" lon="14.14586">
        <ele>638.0</ele>
      </trkpt>
      <trkpt lat="45.57368" lon="14.14598">
        <ele>637.4</ele>
      </trkpt>
      <trkpt lat="45.57366" lon="14.14608">
        <ele>637.0</ele>
      </trkpt>
      <trkpt lat="45.57363" lon="14.14617">
        <ele>636.8</ele>
      </trkpt>
      <trkpt lat="45.57358" lon="14.14624">
        <ele>637.0</ele>
      </trkpt>
      <trkpt lat="45.57351" lon="14.14631">
        <ele>637.4</ele>
      </trkpt>
      <trkpt lat="45.57328" lon="14.1465">
        <ele>637.8</ele>
      </trkpt>
      <trkpt lat="45.57318" lon="14.14662">
        <ele>636.2</ele>
      </trkpt>
      <trkpt lat="45.57311" lon="14.14672">
        <ele>634.8</ele>
      </trkpt>
      <trkpt lat="45.57307" lon="14.14681">
        <ele>633.5</ele>
      </trkpt>
      <trkpt lat="45.573" lon="14.14702">
        <ele>631.0</ele>
      </trkpt>
      <trkpt lat="45.57284" lon="14.14765">
        <ele>625.1</ele>
      </trkpt>
      <trkpt lat="45.57267" lon="14.14829">
        <ele>619.8</ele>
      </trkpt>
      <trkpt lat="45.57262" lon="14.14841">
        <ele>619.3</ele>
      </trkpt>
      <trkpt lat="45.57258" lon="14.14848">
        <ele>619.2</ele>
      </trkpt>
      <trkpt lat="45.57253" lon="14.14853">
        <ele>619.3</ele>
      </trkpt>
      <trkpt lat="45.57248" lon="14.14856">
        <ele>619.1</ele>
      </trkpt>
      <trkpt lat="45.57242" lon="14.14857">
        <ele>618.1</ele>
      </trkpt>
      <trkpt lat="45.57236" lon="14.14856">
        <ele>617.2</ele>
      </trkpt>
      <trkpt lat="45.57231" lon="14.14853">
        <ele>616.7</ele>
      </trkpt>
      <trkpt lat="45.57225" lon="14.14847">
        <ele>616.2</ele>
      </trkpt>
      <trkpt lat="45.5722" lon="14.14838">
        <ele>616.0</ele>
      </trkpt>
      <trkpt lat="45.57217" lon="14.1483">
        <ele>616.1</ele>
      </trkpt>
      <trkpt lat="45.57212" lon="14.14809">
        <ele>617.2</ele>
      </trkpt>
      <trkpt lat="45.57209" lon="14.14799">
        <ele>617.7</ele>
      </trkpt>
      <trkpt lat="45.57206" lon="14.14791">
        <ele>618.0</ele>
      </trkpt>
      <trkpt lat="45.57202" lon="14.14785">
        <ele>617.9</ele>
      </trkpt>
      <trkpt lat="45.57196" lon="14.14781">
        <ele>617.4</ele>
      </trkpt>
      <trkpt lat="45.57176" lon="14.14773">
        <ele>615.2</ele>
      </trkpt>
      <trkpt lat="45.57168" lon="14.14768">
        <ele>614.5</ele>
      </trkpt>
      <trkpt lat="45.57162" lon="14.14763">
        <ele>613.8</ele>
      </trkpt>
      <trkpt lat="45.57158" lon="14.14757">
        <ele>613.5</ele>
      </trkpt>
      <trkpt lat="45.57154" lon="14.14743">
        <ele>613.2</ele>
      </trkpt>
      <trkpt lat="45.57153" lon="14.14733">
        <ele>612.8</ele>
      </trkpt>
      <trkpt lat="45.57153" lon="14.14722">
        <ele>612.7</ele>
      </trkpt>
      <trkpt lat="45.57159" lon="14.14666">
        <ele>612.9</ele>
      </trkpt>
      <trkpt lat="45.57159" lon="14.14652">
        <ele>613.2</ele>
      </trkpt>
      <trkpt lat="45.57158" lon="14.14643">
        <ele>613.3</ele>
      </trkpt>
      <trkpt lat="45.57155" lon="14.14634">
        <ele>613.2</ele>
      </trkpt>
      <trkpt lat="45.57151" lon="14.14627">
        <ele>612.9</ele>
      </trkpt>
      <trkpt lat="45.57144" lon="14.14619">
        <ele>612.6</ele>
      </trkpt>
      <trkpt lat="45.5714" lon="14.14616">
        <ele>612.3</ele>
      </trkpt>
      <trkpt lat="45.5713" lon="14.14614">
        <ele>611.6</ele>
      </trkpt>
      <trkpt lat="45.57125" lon="14.14615">
        <ele>611.1</ele>
      </trkpt>
      <trkpt lat="45.5712" lon="14.14617">
        <ele>610.5</ele>
      </trkpt>
      <trkpt lat="45.57107" lon="14.14627">
        <ele>608.6</ele>
      </trkpt>
      <trkpt lat="45.5708" lon="14.14653">
        <ele>603.1</ele>
      </trkpt>
      <trkpt lat="45.57045" lon="14.14694">
        <ele>597.3</ele>
      </trkpt>
      <trkpt lat="45.57026" lon="14.1472">
        <ele>594.2</ele>
      </trkpt>
      <trkpt lat="45.57014" lon="14.14738">
        <ele>592.0</ele>
      </trkpt>
      <trkpt lat="45.56997" lon="14.14772">
        <ele>587.9</ele>
      </trkpt>
      <trkpt lat="45.56987" lon="14.14796">
        <ele>585.2</ele>
      </trkpt>
      <trkpt lat="45.56979" lon="14.14812">
        <ele>583.6</ele>
      </trkpt>
      <trkpt lat="45.56962" lon="14.14834">
        <ele>581.6</ele>
      </trkpt>
      <trkpt lat="45.56938" lon="14.14856">
        <ele>578.2</ele>
      </trkpt>
      <trkpt lat="45.56925" lon="14.14866">
        <ele>576.5</ele>
      </trkpt>
      <trkpt lat="45.56915" lon="14.14872">
        <ele>575.2</ele>
      </trkpt>
      <trkpt lat="45.56907" lon="14.14874">
        <ele>574.4</ele>
      </trkpt>
      <trkpt lat="45.569" lon="14.14874">
        <ele>573.8</ele>
      </trkpt>
      <trkpt lat="45.56893" lon="14.14871">
        <ele>573.6</ele>
      </trkpt>
      <trkpt lat="45.56887" lon="14.14868">
        <ele>573.4</ele>
      </trkpt>
      <trkpt lat="45.56881" lon="14.14863">
        <ele>573.5</ele>
      </trkpt>
      <trkpt lat="45.56876" lon="14.14855">
        <ele>573.9</ele>
      </trkpt>
      <trkpt lat="45.56865" lon="14.14827">
        <ele>574.8</ele>
      </trkpt>
      <trkpt lat="45.56859" lon="14.14817">
        <ele>573.8</ele>
      </trkpt>
      <trkpt lat="45.56854" lon="14.14812">
        <ele>573.0</ele>
      </trkpt>
      <trkpt lat="45.56847" lon="14.14809">
        <ele>572.1</ele>
      </trkpt>
      <trkpt lat="45.56839" lon="14.14807">
        <ele>571.1</ele>
      </trkpt>
      <trkpt lat="45.5683" lon="14.14808">
        <ele>570.5</ele>
      </trkpt>
      <trkpt lat="45.56823" lon="14.14811">
        <ele>570.9</ele>
      </trkpt>
      <trkpt lat="45.56817" lon="14.14817">
        <ele>571.6</ele>
      </trkpt>
      <trkpt lat="45.568" lon="14.14842">
        <ele>573.5</ele>
      </trkpt>
      <trkpt lat="45.56776" lon="14.14899">
        <ele>572.6</ele>
      </trkpt>
      <trkpt lat="45.56753" lon="14.14956">
        <ele>568.6</ele>
      </trkpt>
      <trkpt lat="45.56727" lon="14.1501">
        <ele>563.4</ele>
      </trkpt>
      <trkpt lat="45.56714" lon="14.15031">
        <ele>562.4</ele>
      </trkpt>
      <trkpt lat="45.56701" lon="14.15051">
        <ele>561.4</ele>
      </trkpt>
      <trkpt lat="45.56657" lon="14.15105">
        <ele>559.1</ele>
      </trkpt>
      <trkpt lat="45.56595" lon="14.15175">
        <ele>553.1</ele>
      </trkpt>
      <trkpt lat="45.56582" lon="14.15191">
        <ele>553.3</ele>
      </trkpt>
      <trkpt lat="45.56567" lon="14.15215">
        <ele>552.4</ele>
      </trkpt>
      <trkpt lat="45.5656" lon="14.1523">
        <ele>552.1</ele>
      </trkpt>
      <trkpt lat="45.56552" lon="14.15254">
        <ele>551.8</ele>
      </trkpt>
      <trkpt lat="45.5653" lon="14.15336">
        <ele>549.9</ele>
      </trkpt>
      <trkpt lat="45.56524" lon="14.15365">
        <ele>549.0</ele>
      </trkpt>
      <trkpt lat="45.56519" lon="14.15399">
        <ele>549.0</ele>
      </trkpt>
      <trkpt lat="45.56511" lon="14.1549">
        <ele>546.8</ele>
      </trkpt>
      <trkpt lat="45.56506" lon="14.1553">
        <ele>545.7</ele>
      </trkpt>
      <trkpt lat="45.56494" lon="14.15593">
        <ele>543.7</ele>
      </trkpt>
      <trkpt lat="45.56488" lon="14.15616">
        <ele>543.7</ele>
      </trkpt>
      <trkpt lat="45.56481" lon="14.15638">
        <ele>543.8</ele>
      </trkpt>
      <trkpt lat="45.56472" lon="14.15657">
        <ele>544.0</ele>
      </trkpt>
      <trkpt lat="45.56447" lon="14.15702">
        <ele>543.6</ele>
      </trkpt>
      <trkpt lat="45.56435" lon="14.15732">
        <ele>544.0</ele>
      </trkpt>
      <trkpt lat="45.56424" lon="14.15761">
        <ele>543.4</ele>
      </trkpt>
      <trkpt lat="45.56412" lon="14.15787">
        <ele>541.1</ele>
      </trkpt>
      <trkpt lat="45.56407" lon="14.15797">
        <ele>540.3</ele>
      </trkpt>
      <trkpt lat="45.5639" lon="14.15824">
        <ele>538.9</ele>
      </trkpt>
      <trkpt lat="45.56382" lon="14.15838">
        <ele>538.8</ele>
      </trkpt>
      <trkpt lat="45.56376" lon="14.15853">
        <ele>538.9</ele>
      </trkpt>
      <trkpt lat="45.56373" lon="14.15866">
        <ele>538.9</ele>
      </trkpt>
      <trkpt lat="45.56369" lon="14.15886">
        <ele>538.9</ele>
      </trkpt>
      <trkpt lat="45.56364" lon="14.1592">
        <ele>538.8</ele>
      </trkpt>
      <trkpt lat="45.56352" lon="14.1599">
        <ele>535.0</ele>
      </trkpt>
      <trkpt lat="45.56341" lon="14.1606">
        <ele>529.3</ele>
      </trkpt>
      <trkpt lat="45.56336" lon="14.16093">
        <ele>526.6</ele>
      </trkpt>
      <trkpt lat="45.56332" lon="14.1614">
        <ele>523.5</ele>
      </trkpt>
      <trkpt lat="45.56325" lon="14.16188">
        <ele>520.4</ele>
      </trkpt>
      <trkpt lat="45.56319" lon="14.16215">
        <ele>519.1</ele>
      </trkpt>
      <trkpt lat="45.56297" lon="14.16289">
        <ele>516.1</ele>
      </trkpt>
      <trkpt lat="45.56293" lon="14.16308">
        <ele>515.8</ele>
      </trkpt>
      <trkpt lat="45.5629" lon="14.16324">
        <ele>515.7</ele>
      </trkpt>
      <trkpt lat="45.5628" lon="14.1641">
        <ele>518.3</ele>
      </trkpt>
      <trkpt lat="45.56271" lon="14.16497">
        <ele>521.7</ele>
      </trkpt>
      <trkpt lat="45.5627" lon="14.16509">
        <ele>522.2</ele>
      </trkpt>
      <trkpt lat="45.5627" lon="14.1653">
        <ele>523.3</ele>
      </trkpt>
      <trkpt lat="45.56271" lon="14.16549">
        <ele>524.4</ele>
      </trkpt>
      <trkpt lat="45.56273" lon="14.16567">
        <ele>525.6</ele>
      </trkpt>
      <trkpt lat="45.56283" lon="14.16633">
        <ele>529.1</ele>
      </trkpt>
      <trkpt lat="45.56291" lon="14.1669">
        <ele>531.9</ele>
      </trkpt>
      <trkpt lat="45.56293" lon="14.16717">
        <ele>533.0</ele>
      </trkpt>
      <trkpt lat="45.56294" lon="14.16756">
        <ele>534.5</ele>
      </trkpt>
      <trkpt lat="45.56294" lon="14.1682">
        <ele>539.5</ele>
      </trkpt>
      <trkpt lat="45.56291" lon="14.16841">
        <ele>540.3</ele>
      </trkpt>
      <trkpt lat="45.56288" lon="14.16866">
        <ele>540.9</ele>
      </trkpt>
      <trkpt lat="45.56282" lon="14.16896">
        <ele>541.2</ele>
      </trkpt>
      <trkpt lat="45.5627" lon="14.16944">
        <ele>540.3</ele>
      </trkpt>
      <trkpt lat="45.56268" lon="14.16957">
        <ele>540.4</ele>
      </trkpt>
      <trkpt lat="45.56268" lon="14.16976">
        <ele>541.0</ele>
      </trkpt>
      <trkpt lat="45.56271" lon="14.16986">
        <ele>541.6</ele>
      </trkpt>
      <trkpt lat="45.56279" lon="14.17001">
        <ele>542.8</ele>
      </trkpt>
      <trkpt lat="45.56284" lon="14.17006">
        <ele>543.0</ele>
      </trkpt>
      <trkpt lat="45.56291" lon="14.1701">
        <ele>543.5</ele>
      </trkpt>
      <trkpt lat="45.56305" lon="14.17015">
        <ele>544.3</ele>
      </trkpt>
      <trkpt lat="45.56314" lon="14.17016">
        <ele>545.0</ele>
      </trkpt>
      <trkpt lat="45.56334" lon="14.17014">
        <ele>546.7</ele>
      </trkpt>
      <trkpt lat="45.56344" lon="14.17011">
        <ele>548.4</ele>
      </trkpt>
      <trkpt lat="45.56377" lon="14.16997">
        <ele>553.5</ele>
      </trkpt>
      <trkpt lat="45.56383" lon="14.16997">
        <ele>554.2</ele>
      </trkpt>
      <trkpt lat="45.56389" lon="14.16999">
        <ele>554.8</ele>
      </trkpt>
      <trkpt lat="45.56399" lon="14.17008">
        <ele>555.7</ele>
      </trkpt>
      <trkpt lat="45.56407" lon="14.1703">
        <ele>556.5</ele>
      </trkpt>
      <trkpt lat="45.56408" lon="14.17065">
        <ele>556.3</ele>
      </trkpt>
      <trkpt lat="45.56408" lon="14.17084">
        <ele>556.2</ele>
      </trkpt>
      <trkpt lat="45.56406" lon="14.17098">
        <ele>556.9</ele>
      </trkpt>
      <trkpt lat="45.56404" lon="14.17112">
        <ele>557.5</ele>
      </trkpt>
      <trkpt lat="45.564" lon="14.17126">
        <ele>557.6</ele>
      </trkpt>
      <trkpt lat="45.56384" lon="14.17167">
        <ele>555.4</ele>
      </trkpt>
      <trkpt lat="45.56373" lon="14.17204">
        <ele>553.1</ele>
      </trkpt>
      <trkpt lat="45.56359" lon="14.17272">
        <ele>553.3</ele>
      </trkpt>
      <trkpt lat="45.56354" lon="14.17289">
        <ele>554.1</ele>
      </trkpt>
      <trkpt lat="45.56349" lon="14.17308">
        <ele>555.5</ele>
      </trkpt>
      <trkpt lat="45.56342" lon="14.17325">
        <ele>557.1</ele>
      </trkpt>
      <trkpt lat="45.56331" lon="14.17349">
        <ele>559.3</ele>
      </trkpt>
      <trkpt lat="45.56318" lon="14.17369">
        <ele>559.1</ele>
      </trkpt>
      <trkpt lat="45.56308" lon="14.17384">
        <ele>559.4</ele>
      </trkpt>
      <trkpt lat="45.56291" lon="14.17404">
        <ele>559.7</ele>
      </trkpt>
      <trkpt lat="45.56276" lon="14.17419">
        <ele>560.0</ele>
      </trkpt>
      <trkpt lat="45.56271" lon="14.17427">
        <ele>560.1</ele>
      </trkpt>
      <trkpt lat="45.56271" lon="14.17427">
        <ele>560.1</ele>
      </trkpt>
      <trkpt lat="45.56248" lon="14.17441">
        <ele>559.1</ele>
      </trkpt>
      <trkpt lat="45.56215" lon="14.17453">
        <ele>559.2</ele>
      </trkpt>
      <trkpt lat="45.56203" lon="14.17459">
        <ele>559.6</ele>
      </trkpt>
      <trkpt lat="45.56191" lon="14.17469">
        <ele>560.7</ele>
      </trkpt>
      <trkpt lat="45.56183" lon="14.17477">
        <ele>561.7</ele>
      </trkpt>
      <trkpt lat="45.56176" lon="14.17486">
        <ele>562.9</ele>
      </trkpt>
      <trkpt lat="45.5614" lon="14.17544">
        <ele>561.5</ele>
      </trkpt>
      <trkpt lat="45.56129" lon="14.17559">
        <ele>560.7</ele>
      </trkpt>
      <trkpt lat="45.56095" lon="14.17591">
        <ele>559.8</ele>
      </trkpt>
      <trkpt lat="45.56086" lon="14.17603">
        <ele>559.2</ele>
      </trkpt>
      <trkpt lat="45.56075" lon="14.1762">
        <ele>557.1</ele>
      </trkpt>
      <trkpt lat="45.5606" lon="14.17646">
        <ele>554.6</ele>
      </trkpt>
      <trkpt lat="45.56037" lon="14.17686">
        <ele>552.9</ele>
      </trkpt>
      <trkpt lat="45.55976" lon="14.17778">
        <ele>553.9</ele>
      </trkpt>
      <trkpt lat="45.55955" lon="14.17823">
        <ele>557.5</ele>
      </trkpt>
      <trkpt lat="45.55946" lon="14.17841">
        <ele>558.5</ele>
      </trkpt>
      <trkpt lat="45.55937" lon="14.17854">
        <ele>558.7</ele>
      </trkpt>
      <trkpt lat="45.55895" lon="14.17905">
        <ele>558.2</ele>
      </trkpt>
      <trkpt lat="45.55888" lon="14.17915">
        <ele>558.0</ele>
      </trkpt>
      <trkpt lat="45.55881" lon="14.17927">
        <ele>557.7</ele>
      </trkpt>
      <trkpt lat="45.5587" lon="14.1795">
        <ele>557.4</ele>
      </trkpt>
      <trkpt lat="45.55844" lon="14.18012">
        <ele>559.4</ele>
      </trkpt>
      <trkpt lat="45.55818" lon="14.18074">
        <ele>561.6</ele>
      </trkpt>
      <trkpt lat="45.55808" lon="14.18101">
        <ele>562.1</ele>
      </trkpt>
      <trkpt lat="45.558" lon="14.18133">
        <ele>563.4</ele>
      </trkpt>
      <trkpt lat="45.55798" lon="14.18156">
        <ele>564.6</ele>
      </trkpt>
      <trkpt lat="45.55793" lon="14.18235">
        <ele>566.2</ele>
      </trkpt>
      <trkpt lat="45.5579" lon="14.18258">
        <ele>566.5</ele>
      </trkpt>
      <trkpt lat="45.55787" lon="14.18272">
        <ele>566.6</ele>
      </trkpt>
      <trkpt lat="45.55773" lon="14.18313">
        <ele>567.5</ele>
      </trkpt>
      <trkpt lat="45.5576" lon="14.18344">
        <ele>568.9</ele>
      </trkpt>
      <trkpt lat="45.55753" lon="14.18367">
        <ele>569.7</ele>
      </trkpt>
      <trkpt lat="45.55744" lon="14.18405">
        <ele>569.5</ele>
      </trkpt>
      <trkpt lat="45.55729" lon="14.18454">
        <ele>568.6</ele>
      </trkpt>
      <trkpt lat="45.55716" lon="14.1849">
        <ele>567.4</ele>
      </trkpt>
      <trkpt lat="45.55692" lon="14.18551">
        <ele>564.3</ele>
      </trkpt>
      <trkpt lat="45.55668" lon="14.18611">
        <ele>562.8</ele>
      </trkpt>
      <trkpt lat="45.55656" lon="14.18635">
        <ele>562.6</ele>
      </trkpt>
      <trkpt lat="45.55646" lon="14.18649">
        <ele>562.1</ele>
      </trkpt>
      <trkpt lat="45.5561" lon="14.18678">
        <ele>559.2</ele>
      </trkpt>
      <trkpt lat="45.556" lon="14.18688">
        <ele>558.5</ele>
      </trkpt>
      <trkpt lat="45.5559" lon="14.187">
        <ele>558.2</ele>
      </trkpt>
      <trkpt lat="45.5558" lon="14.18712">
        <ele>557.8</ele>
      </trkpt>
      <trkpt lat="45.5557" lon="14.18729">
        <ele>557.5</ele>
      </trkpt>
      <trkpt lat="45.55561" lon="14.18746">
        <ele>557.0</ele>
      </trkpt>
      <trkpt lat="45.55554" lon="14.18762">
        <ele>555.7</ele>
      </trkpt>
      <trkpt lat="45.55549" lon="14.18778">
        <ele>554.4</ele>
      </trkpt>
      <trkpt lat="45.55546" lon="14.18791">
        <ele>553.6</ele>
      </trkpt>
      <trkpt lat="45.55539" lon="14.1885">
        <ele>549.8</ele>
      </trkpt>
      <trkpt lat="45.55535" lon="14.18869">
        <ele>547.4</ele>
      </trkpt>
      <trkpt lat="45.55517" lon="14.18925">
        <ele>541.7</ele>
      </trkpt>
      <trkpt lat="45.55501" lon="14.18966">
        <ele>540.2</ele>
      </trkpt>
      <trkpt lat="45.55482" lon="14.19008">
        <ele>537.8</ele>
      </trkpt>
      <trkpt lat="45.55441" lon="14.1909">
        <ele>537.2</ele>
      </trkpt>
      <trkpt lat="45.55423" lon="14.1913">
        <ele>537.1</ele>
      </trkpt>
      <trkpt lat="45.55415" lon="14.19151">
        <ele>537.0</ele>
      </trkpt>
      <trkpt lat="45.55405" lon="14.1918">
        <ele>535.9</ele>
      </trkpt>
      <trkpt lat="45.55401" lon="14.19197">
        <ele>535.8</ele>
      </trkpt>
      <trkpt lat="45.55398" lon="14.19238">
        <ele>536.4</ele>
      </trkpt>
      <trkpt lat="45.55397" lon="14.19285">
        <ele>534.6</ele>
      </trkpt>
      <trkpt lat="45.55398" lon="14.19306">
        <ele>533.4</ele>
      </trkpt>
      <trkpt lat="45.55398" lon="14.19319">
        <ele>532.6</ele>
      </trkpt>
      <trkpt lat="45.55396" lon="14.19332">
        <ele>531.8</ele>
      </trkpt>
      <trkpt lat="45.55393" lon="14.19345">
        <ele>530.6</ele>
      </trkpt>
      <trkpt lat="45.55389" lon="14.19353">
        <ele>529.8</ele>
      </trkpt>
      <trkpt lat="45.55382" lon="14.19372">
        <ele>528.0</ele>
      </trkpt>
      <trkpt lat="45.55361" lon="14.19417">
        <ele>524.3</ele>
      </trkpt>
      <trkpt lat="45.55355" lon="14.19435">
        <ele>523.6</ele>
      </trkpt>
      <trkpt lat="45.55351" lon="14.19451">
        <ele>523.1</ele>
      </trkpt>
      <trkpt lat="45.55344" lon="14.19505">
        <ele>521.6</ele>
      </trkpt>
      <trkpt lat="45.55337" lon="14.19548">
        <ele>523.6</ele>
      </trkpt>
      <trkpt lat="45.55324" lon="14.19589">
        <ele>523.1</ele>
      </trkpt>
      <trkpt lat="45.55323" lon="14.19603">
        <ele>523.0</ele>
      </trkpt>
      <trkpt lat="45.55323" lon="14.19618">
        <ele>523.0</ele>
      </trkpt>
      <trkpt lat="45.55327" lon="14.19662">
        <ele>523.9</ele>
      </trkpt>
      <trkpt lat="45.55335" lon="14.19693">
        <ele>524.7</ele>
      </trkpt>
      <trkpt lat="45.55337" lon="14.19702">
        <ele>524.6</ele>
      </trkpt>
      <trkpt lat="45.55339" lon="14.19716">
        <ele>524.5</ele>
      </trkpt>
      <trkpt lat="45.55341" lon="14.19754">
        <ele>523.9</ele>
      </trkpt>
      <trkpt lat="45.55347" lon="14.19788">
        <ele>522.9</ele>
      </trkpt>
      <trkpt lat="45.5535" lon="14.19803">
        <ele>522.3</ele>
      </trkpt>
      <trkpt lat="45.55359" lon="14.19822">
        <ele>521.5</ele>
      </trkpt>
      <trkpt lat="45.55377" lon="14.19851">
        <ele>520.0</ele>
      </trkpt>
      <trkpt lat="45.55387" lon="14.19871">
        <ele>519.7</ele>
      </trkpt>
      <trkpt lat="45.55392" lon="14.19881">
        <ele>519.7</ele>
      </trkpt>
      <trkpt lat="45.55396" lon="14.19892">
        <ele>519.8</ele>
      </trkpt>
      <trkpt lat="45.55398" lon="14.19901">
        <ele>519.8</ele>
      </trkpt>
      <trkpt lat="45.55399" lon="14.19911">
        <ele>519.9</ele>
      </trkpt>
      <trkpt lat="45.55399" lon="14.19967">
        <ele>516.4</ele>
      </trkpt>
      <trkpt lat="45.55399" lon="14.19977">
        <ele>515.7</ele>
      </trkpt>
      <trkpt lat="45.55405" lon="14.19983">
        <ele>515.2</ele>
      </trkpt>
      <trkpt lat="45.55414" lon="14.19999">
        <ele>514.3</ele>
      </trkpt>
      <trkpt lat="45.55417" lon="14.20005">
        <ele>513.9</ele>
      </trkpt>
      <trkpt lat="45.55419" lon="14.20012">
        <ele>513.6</ele>
      </trkpt>
      <trkpt lat="45.55421" lon="14.20027">
        <ele>512.9</ele>
      </trkpt>
      <trkpt lat="45.55421" lon="14.20074">
        <ele>510.9</ele>
      </trkpt>
      <trkpt lat="45.55419" lon="14.20091">
        <ele>509.5</ele>
      </trkpt>
      <trkpt lat="45.55406" lon="14.20132">
        <ele>504.4</ele>
      </trkpt>
      <trkpt lat="45.55395" lon="14.20172">
        <ele>499.2</ele>
      </trkpt>
      <trkpt lat="45.55391" lon="14.2019">
        <ele>497.3</ele>
      </trkpt>
      <trkpt lat="45.55393" lon="14.20211">
        <ele>495.9</ele>
      </trkpt>
      <trkpt lat="45.55402" lon="14.20235">
        <ele>494.6</ele>
      </trkpt>
      <trkpt lat="45.55407" lon="14.20254">
        <ele>493.5</ele>
      </trkpt>
      <trkpt lat="45.55406" lon="14.20281">
        <ele>493.4</ele>
      </trkpt>
      <trkpt lat="45.55402" lon="14.2031">
        <ele>493.5</ele>
      </trkpt>
      <trkpt lat="45.55398" lon="14.20332">
        <ele>493.7</ele>
      </trkpt>
      <trkpt lat="45.55381" lon="14.20334">
        <ele>494.4</ele>
      </trkpt>
      <trkpt lat="45.5537" lon="14.20328">
        <ele>494.5</ele>
      </trkpt>
      <trkpt lat="45.5536" lon="14.20319">
        <ele>494.4</ele>
      </trkpt>
      <trkpt lat="45.55351" lon="14.20319">
        <ele>494.6</ele>
      </trkpt>
      <trkpt lat="45.55344" lon="14.20325">
        <ele>495.1</ele>
      </trkpt>
      <trkpt lat="45.55301" lon="14.20376">
        <ele>499.6</ele>
      </trkpt>
      <trkpt lat="45.5529" lon="14.20383">
        <ele>500.1</ele>
      </trkpt>
      <trkpt lat="45.55245" lon="14.20412">
        <ele>501.4</ele>
      </trkpt>
      <trkpt lat="45.55229" lon="14.20424">
        <ele>500.7</ele>
      </trkpt>
      <trkpt lat="45.55215" lon="14.20443">
        <ele>500.2</ele>
      </trkpt>
      <trkpt lat="45.55185" lon="14.205">
        <ele>498.8</ele>
      </trkpt>
      <trkpt lat="45.55168" lon="14.20525">
        <ele>496.2</ele>
      </trkpt>
      <trkpt lat="45.55153" lon="14.20539">
        <ele>494.6</ele>
      </trkpt>
      <trkpt lat="45.5514" lon="14.20546">
        <ele>493.5</ele>
      </trkpt>
      <trkpt lat="45.55051" lon="14.2054">
        <ele>488.9</ele>
      </trkpt>
      <trkpt lat="45.55024" lon="14.20542">
        <ele>488.4</ele>
      </trkpt>
      <trkpt lat="45.55008" lon="14.20546">
        <ele>488.1</ele>
      </trkpt>
      <trkpt lat="45.54995" lon="14.20557">
        <ele>488.1</ele>
      </trkpt>
      <trkpt lat="45.54986" lon="14.20571">
        <ele>488.2</ele>
      </trkpt>
      <trkpt lat="45.54951" lon="14.20667">
        <ele>490.5</ele>
      </trkpt>
      <trkpt lat="45.54921" lon="14.20742">
        <ele>493.5</ele>
      </trkpt>
      <trkpt lat="45.54897" lon="14.20785">
        <ele>491.7</ele>
      </trkpt>
      <trkpt lat="45.54859" lon="14.20843">
        <ele>490.9</ele>
      </trkpt>
      <trkpt lat="45.54822" lon="14.20902">
        <ele>493.9</ele>
      </trkpt>
      <trkpt lat="45.548" lon="14.20933">
        <ele>496.9</ele>
      </trkpt>
      <trkpt lat="45.54765" lon="14.20977">
        <ele>500.7</ele>
      </trkpt>
      <trkpt lat="45.54752" lon="14.20996">
        <ele>501.8</ele>
      </trkpt>
      <trkpt lat="45.54726" lon="14.21063">
        <ele>504.1</ele>
      </trkpt>
      <trkpt lat="45.54716" lon="14.21106">
        <ele>504.7</ele>
      </trkpt>
      <trkpt lat="45.54695" lon="14.21176">
        <ele>503.7</ele>
      </trkpt>
      <trkpt lat="45.54684" lon="14.21204">
        <ele>502.5</ele>
      </trkpt>
      <trkpt lat="45.54678" lon="14.21223">
        <ele>501.9</ele>
      </trkpt>
      <trkpt lat="45.54676" lon="14.21242">
        <ele>501.8</ele>
      </trkpt>
      <trkpt lat="45.54677" lon="14.21321">
        <ele>502.4</ele>
      </trkpt>
      <trkpt lat="45.54674" lon="14.21386">
        <ele>500.9</ele>
      </trkpt>
      <trkpt lat="45.54666" lon="14.21445">
        <ele>500.3</ele>
      </trkpt>
      <trkpt lat="45.54661" lon="14.21473">
        <ele>500.2</ele>
      </trkpt>
      <trkpt lat="45.54661" lon="14.21473">
        <ele>500.2</ele>
      </trkpt>
      <trkpt lat="45.54653" lon="14.2152">
        <ele>499.3</ele>
      </trkpt>
      <trkpt lat="45.54651" lon="14.21548">
        <ele>498.4</ele>
      </trkpt>
      <trkpt lat="45.54654" lon="14.21576">
        <ele>498.0</ele>
      </trkpt>
      <trkpt lat="45.54658" lon="14.2161">
        <ele>497.8</ele>
      </trkpt>
      <trkpt lat="45.54667" lon="14.21661">
        <ele>498.0</ele>
      </trkpt>
      <trkpt lat="45.54682" lon="14.21737">
        <ele>495.7</ele>
      </trkpt>
      <trkpt lat="45.54685" lon="14.21766">
        <ele>494.5</ele>
      </trkpt>
      <trkpt lat="45.54685" lon="14.21816">
        <ele>492.2</ele>
      </trkpt>
      <trkpt lat="45.54682" lon="14.21852">
        <ele>491.2</ele>
      </trkpt>
      <trkpt lat="45.54677" lon="14.2188">
        <ele>491.1</ele>
      </trkpt>
      <trkpt lat="45.54659" lon="14.21926">
        <ele>490.8</ele>
      </trkpt>
      <trkpt lat="45.54631" lon="14.21987">
        <ele>488.6</ele>
      </trkpt>
      <trkpt lat="45.54594" lon="14.22078">
        <ele>487.0</ele>
      </trkpt>
      <trkpt lat="45.54569" lon="14.22136">
        <ele>484.4</ele>
      </trkpt>
      <trkpt lat="45.54545" lon="14.22194">
        <ele>482.2</ele>
      </trkpt>
      <trkpt lat="45.5453" lon="14.22224">
        <ele>481.1</ele>
      </trkpt>
      <trkpt lat="45.54523" lon="14.22243">
        <ele>480.5</ele>
      </trkpt>
      <trkpt lat="45.54521" lon="14.22258">
        <ele>480.0</ele>
      </trkpt>
      <trkpt lat="45.54522" lon="14.22309">
        <ele>478.5</ele>
      </trkpt>
      <trkpt lat="45.5452" lon="14.22377">
        <ele>478.6</ele>
      </trkpt>
      <trkpt lat="45.54522" lon="14.22385">
        <ele>478.9</ele>
      </trkpt>
      <trkpt lat="45.54521" lon="14.22392">
        <ele>479.0</ele>
      </trkpt>
      <trkpt lat="45.54515" lon="14.22418">
        <ele>479.4</ele>
      </trkpt>
      <trkpt lat="45.54509" lon="14.22434">
        <ele>479.2</ele>
      </trkpt>
      <trkpt lat="45.54504" lon="14.22447">
        <ele>479.1</ele>
      </trkpt>
      <trkpt lat="45.54501" lon="14.22462">
        <ele>479.0</ele>
      </trkpt>
      <trkpt lat="45.54503" lon="14.22478">
        <ele>479.0</ele>
      </trkpt>
      <trkpt lat="45.5451" lon="14.22502">
        <ele>478.9</ele>
      </trkpt>
      <trkpt lat="45.54537" lon="14.22527">
        <ele>477.6</ele>
      </trkpt>
      <trkpt lat="45.54566" lon="14.22557">
        <ele>475.7</ele>
      </trkpt>
      <trkpt lat="45.54605" lon="14.22605">
        <ele>470.5</ele>
      </trkpt>
      <trkpt lat="45.54616" lon="14.22614">
        <ele>469.0</ele>
      </trkpt>
      <trkpt lat="45.54625" lon="14.22614">
        <ele>468.3</ele>
      </trkpt>
      <trkpt lat="45.54635" lon="14.22612">
        <ele>467.7</ele>
      </trkpt>
      <trkpt lat="45.54665" lon="14.22596">
        <ele>466.4</ele>
      </trkpt>
      <trkpt lat="45.54679" lon="14.22593">
        <ele>465.2</ele>
      </trkpt>
      <trkpt lat="45.54689" lon="14.22599">
        <ele>463.9</ele>
      </trkpt>
      <trkpt lat="45.54704" lon="14.22621">
        <ele>461.9</ele>
      </trkpt>
      <trkpt lat="45.54745" lon="14.22703">
        <ele>456.9</ele>
      </trkpt>
      <trkpt lat="45.54757" lon="14.22725">
        <ele>454.8</ele>
      </trkpt>
      <trkpt lat="45.54758" lon="14.22789">
        <ele>448.7</ele>
      </trkpt>
      <trkpt lat="45.54763" lon="14.22847">
        <ele>442.5</ele>
      </trkpt>
      <trkpt lat="45.54766" lon="14.22877">
        <ele>440.5</ele>
      </trkpt>
      <trkpt lat="45.54774" lon="14.22908">
        <ele>437.9</ele>
      </trkpt>
      <trkpt lat="45.54812" lon="14.22923">
        <ele>432.7</ele>
      </trkpt>
      <trkpt lat="45.54839" lon="14.22929">
        <ele>429.3</ele>
      </trkpt>
      <trkpt lat="45.54862" lon="14.22924">
        <ele>427.2</ele>
      </trkpt>
      <trkpt lat="45.5489" lon="14.22911">
        <ele>425.6</ele>
      </trkpt>
      <trkpt lat="45.54952" lon="14.22869">
        <ele>423.6</ele>
      </trkpt>
      <trkpt lat="45.54976" lon="14.2285">
        <ele>423.0</ele>
      </trkpt>
      <trkpt lat="45.54991" lon="14.22842">
        <ele>422.0</ele>
      </trkpt>
      <trkpt lat="45.55017" lon="14.22833">
        <ele>419.0</ele>
      </trkpt>
      <trkpt lat="45.55059" lon="14.22811">
        <ele>413.4</ele>
      </trkpt>
      <trkpt lat="45.55082" lon="14.22795">
        <ele>410.9</ele>
      </trkpt>
      <trkpt lat="45.55089" lon="14.22793">
        <ele>410.5</ele>
      </trkpt>
      <trkpt lat="45.55094" lon="14.22793">
        <ele>410.1</ele>
      </trkpt>
      <trkpt lat="45.55099" lon="14.22795">
        <ele>409.6</ele>
      </trkpt>
      <trkpt lat="45.55104" lon="14.22801">
        <ele>408.8</ele>
      </trkpt>
      <trkpt lat="45.55108" lon="14.22808">
        <ele>408.0</ele>
      </trkpt>
      <trkpt lat="45.55112" lon="14.22826">
        <ele>406.5</ele>
      </trkpt>
      <trkpt lat="45.55117" lon="14.22874">
        <ele>406.7</ele>
      </trkpt>
      <trkpt lat="45.55123" lon="14.2292">
        <ele>406.9</ele>
      </trkpt>
      <trkpt lat="45.55136" lon="14.23025">
        <ele>407.5</ele>
      </trkpt>
      <trkpt lat="45.55142" lon="14.23061">
        <ele>409.6</ele>
      </trkpt>
      <trkpt lat="45.55147" lon="14.23081">
        <ele>410.9</ele>
      </trkpt>
      <trkpt lat="45.55156" lon="14.23101">
        <ele>411.9</ele>
      </trkpt>
      <trkpt lat="45.55195" lon="14.23174">
        <ele>414.1</ele>
      </trkpt>
      <trkpt lat="45.55207" lon="14.23203">
        <ele>414.4</ele>
      </trkpt>
      <trkpt lat="45.55217" lon="14.23241">
        <ele>415.1</ele>
      </trkpt>
      <trkpt lat="45.55221" lon="14.23265">
        <ele>415.3</ele>
      </trkpt>
      <trkpt lat="45.55224" lon="14.23301">
        <ele>415.4</ele>
      </trkpt>
      <trkpt lat="45.55229" lon="14.23404">
        <ele>416.8</ele>
      </trkpt>
      <trkpt lat="45.55229" lon="14.23423">
        <ele>417.0</ele>
      </trkpt>
      <trkpt lat="45.55227" lon="14.23465">
        <ele>416.8</ele>
      </trkpt>
      <trkpt lat="45.55229" lon="14.23477">
        <ele>416.8</ele>
      </trkpt>
      <trkpt lat="45.55231" lon="14.2349">
        <ele>416.8</ele>
      </trkpt>
      <trkpt lat="45.55236" lon="14.23503">
        <ele>416.7</ele>
      </trkpt>
      <trkpt lat="45.55247" lon="14.23527">
        <ele>416.0</ele>
      </trkpt>
      <trkpt lat="45.5525" lon="14.23535">
        <ele>415.8</ele>
      </trkpt>
      <trkpt lat="45.55251" lon="14.23545">
        <ele>415.5</ele>
      </trkpt>
      <trkpt lat="45.55251" lon="14.23551">
        <ele>415.4</ele>
      </trkpt>
      <trkpt lat="45.55235" lon="14.23598">
        <ele>414.2</ele>
      </trkpt>
      <trkpt lat="45.55234" lon="14.23604">
        <ele>414.1</ele>
      </trkpt>
      <trkpt lat="45.55235" lon="14.23615">
        <ele>413.8</ele>
      </trkpt>
      <trkpt lat="45.55241" lon="14.23646">
        <ele>413.1</ele>
      </trkpt>
      <trkpt lat="45.55242" lon="14.23661">
        <ele>413.0</ele>
      </trkpt>
      <trkpt lat="45.55245" lon="14.23749">
        <ele>412.0</ele>
      </trkpt>
      <trkpt lat="45.55246" lon="14.23773">
        <ele>411.2</ele>
      </trkpt>
      <trkpt lat="45.55244" lon="14.23826">
        <ele>409.5</ele>
      </trkpt>
      <trkpt lat="45.55244" lon="14.23842">
        <ele>409.1</ele>
      </trkpt>
      <trkpt lat="45.55245" lon="14.23854">
        <ele>408.8</ele>
      </trkpt>
      <trkpt lat="45.55247" lon="14.23864">
        <ele>408.4</ele>
      </trkpt>
      <trkpt lat="45.55249" lon="14.23871">
        <ele>408.2</ele>
      </trkpt>
      <trkpt lat="45.55254" lon="14.2388">
        <ele>407.7</ele>
      </trkpt>
      <trkpt lat="45.5526" lon="14.23889">
        <ele>407.3</ele>
      </trkpt>
      <trkpt lat="45.55272" lon="14.239">
        <ele>406.6</ele>
      </trkpt>
      <trkpt lat="45.55298" lon="14.23916">
        <ele>405.3</ele>
      </trkpt>
      <trkpt lat="45.55339" lon="14.23939">
        <ele>404.4</ele>
      </trkpt>
      <trkpt lat="45.55351" lon="14.23948">
        <ele>404.3</ele>
      </trkpt>
      <trkpt lat="45.55371" lon="14.23972">
        <ele>404.4</ele>
      </trkpt>
      <trkpt lat="45.5538" lon="14.23985">
        <ele>404.5</ele>
      </trkpt>
      <trkpt lat="45.55395" lon="14.24009">
        <ele>404.5</ele>
      </trkpt>
      <trkpt lat="45.55395" lon="14.24009">
        <ele>404.5</ele>
      </trkpt>
      <trkpt lat="45.55404" lon="14.24024">
        <ele>404.3</ele>
      </trkpt>
      <trkpt lat="45.55415" lon="14.24048">
        <ele>404.0</ele>
      </trkpt>
      <trkpt lat="45.55418" lon="14.24056">
        <ele>404.0</ele>
      </trkpt>
      <trkpt lat="45.55421" lon="14.24068">
        <ele>404.0</ele>
      </trkpt>
      <trkpt lat="45.55475" lon="14.24098">
        <ele>404.1</ele>
      </trkpt>
      <trkpt lat="45.55534" lon="14.24128">
        <ele>404.1</ele>
      </trkpt>
      <trkpt lat="45.55592" lon="14.24157">
        <ele>402.8</ele>
      </trkpt>
      <trkpt lat="45.5564" lon="14.24188">
        <ele>401.1</ele>
      </trkpt>
      <trkpt lat="45.55693" lon="14.24228">
        <ele>400.7</ele>
      </trkpt>
      <trkpt lat="45.55747" lon="14.24268">
        <ele>401.1</ele>
      </trkpt>
      <trkpt lat="45.558" lon="14.24307">
        <ele>401.6</ele>
      </trkpt>
      <trkpt lat="45.55853" lon="14.24346">
        <ele>402.1</ele>
      </trkpt>
      <trkpt lat="45.55869" lon="14.24356">
        <ele>402.2</ele>
      </trkpt>
      <trkpt lat="45.5593" lon="14.2439">
        <ele>402.2</ele>
      </trkpt>
      <trkpt lat="45.5597" lon="14.24409">
        <ele>402.0</ele>
      </trkpt>
      <trkpt lat="45.55995" lon="14.24419">
        <ele>402.0</ele>
      </trkpt>
      <trkpt lat="45.56079" lon="14.2446">
        <ele>403.4</ele>
      </trkpt>
      <trkpt lat="45.5609" lon="14.24463">
        <ele>403.7</ele>
      </trkpt>
      <trkpt lat="45.561" lon="14.24465">
        <ele>404.0</ele>
      </trkpt>
      <trkpt lat="45.56101" lon="14.2447">
        <ele>404.1</ele>
      </trkpt>
      <trkpt lat="45.56102" lon="14.24475">
        <ele>404.1</ele>
      </trkpt>
      <trkpt lat="45.56105" lon="14.24479">
        <ele>404.3</ele>
      </trkpt>
      <trkpt lat="45.56108" lon="14.24482">
        <ele>404.4</ele>
      </trkpt>
      <trkpt lat="45.56112" lon="14.24483">
        <ele>404.5</ele>
      </trkpt>
      <trkpt lat="45.56107" lon="14.24506">
        <ele>404.7</ele>
      </trkpt>
      <trkpt lat="45.56104" lon="14.24517">
        <ele>404.8</ele>
      </trkpt>
      <trkpt lat="45.56074" lon="14.24597">
        <ele>404.7</ele>
      </trkpt>
      <trkpt lat="45.5604" lon="14.2468">
        <ele>404.5</ele>
      </trkpt>
      <trkpt lat="45.5604" lon="14.2468">
        <ele>404.5</ele>
      </trkpt>
      <trkpt lat="45.56005" lon="14.24767">
        <ele>403.4</ele>
      </trkpt>
      <trkpt lat="45.55971" lon="14.24854">
        <ele>404.2</ele>
      </trkpt>
      <trkpt lat="45.55936" lon="14.24941">
        <ele>406.5</ele>
      </trkpt>
      <trkpt lat="45.55901" lon="14.25028">
        <ele>408.2</ele>
      </trkpt>
      <trkpt lat="45.55869" lon="14.25112">
        <ele>410.3</ele>
      </trkpt>
      <trkpt lat="45.55854" lon="14.25159">
        <ele>411.6</ele>
      </trkpt>
      <trkpt lat="45.55837" lon="14.25237">
        <ele>412.9</ele>
      </trkpt>
      <trkpt lat="45.55825" lon="14.25327">
        <ele>410.4</ele>
      </trkpt>
      <trkpt lat="45.55814" lon="14.25416">
        <ele>407.4</ele>
      </trkpt>
      <trkpt lat="45.55806" lon="14.2549">
        <ele>407.6</ele>
      </trkpt>
      <trkpt lat="45.55795" lon="14.2557">
        <ele>409.4</ele>
      </trkpt>
      <trkpt lat="45.55792" lon="14.25605">
        <ele>409.8</ele>
      </trkpt>
      <trkpt lat="45.55787" lon="14.25693">
        <ele>410.2</ele>
      </trkpt>
      <trkpt lat="45.55785" lon="14.25772">
        <ele>411.6</ele>
      </trkpt>
      <trkpt lat="45.55782" lon="14.25851">
        <ele>413.5</ele>
      </trkpt>
      <trkpt lat="45.55779" lon="14.25888">
        <ele>413.3</ele>
      </trkpt>
      <trkpt lat="45.55775" lon="14.25926">
        <ele>412.9</ele>
      </trkpt>
      <trkpt lat="45.5577" lon="14.25967">
        <ele>412.1</ele>
      </trkpt>
      <trkpt lat="45.55749" lon="14.26068">
        <ele>411.6</ele>
      </trkpt>
      <trkpt lat="45.55729" lon="14.2617">
        <ele>410.0</ele>
      </trkpt>
      <trkpt lat="45.55709" lon="14.26272">
        <ele>410.5</ele>
      </trkpt>
      <trkpt lat="45.55688" lon="14.26374">
        <ele>413.1</ele>
      </trkpt>
      <trkpt lat="45.5567" lon="14.26466">
        <ele>414.1</ele>
      </trkpt>
      <trkpt lat="45.55651" lon="14.26557">
        <ele>412.1</ele>
      </trkpt>
      <trkpt lat="45.55633" lon="14.26649">
        <ele>414.8</ele>
      </trkpt>
      <trkpt lat="45.55617" lon="14.26716">
        <ele>417.2</ele>
      </trkpt>
      <trkpt lat="45.55605" lon="14.26762">
        <ele>418.3</ele>
      </trkpt>
      <trkpt lat="45.55583" lon="14.26823">
        <ele>419.4</ele>
      </trkpt>
      <trkpt lat="45.55552" lon="14.26898">
        <ele>421.2</ele>
      </trkpt>
      <trkpt lat="45.5552" lon="14.26973">
        <ele>422.3</ele>
      </trkpt>
      <trkpt lat="45.55479" lon="14.27068">
        <ele>421.6</ele>
      </trkpt>
      <trkpt lat="45.55436" lon="14.27172">
        <ele>419.1</ele>
      </trkpt>
      <trkpt lat="45.55407" lon="14.27239">
        <ele>417.5</ele>
      </trkpt>
      <trkpt lat="45.55377" lon="14.27306">
        <ele>418.4</ele>
      </trkpt>
      <trkpt lat="45.55346" lon="14.27376">
        <ele>420.2</ele>
      </trkpt>
      <trkpt lat="45.55322" lon="14.27418">
        <ele>420.5</ele>
      </trkpt>
      <trkpt lat="45.55293" lon="14.27461">
        <ele>420.1</ele>
      </trkpt>
      <trkpt lat="45.55255" lon="14.27517">
        <ele>420.1</ele>
      </trkpt>
      <trkpt lat="45.55217" lon="14.27572">
        <ele>421.3</ele>
      </trkpt>
      <trkpt lat="45.55159" lon="14.27649">
        <ele>422.5</ele>
      </trkpt>
      <trkpt lat="45.55098" lon="14.27731">
        <ele>419.8</ele>
      </trkpt>
      <trkpt lat="45.55053" lon="14.27794">
        <ele>418.3</ele>
      </trkpt>
      <trkpt lat="45.55009" lon="14.27858">
        <ele>419.0</ele>
      </trkpt>
      <trkpt lat="45.54964" lon="14.27923">
        <ele>419.4</ele>
      </trkpt>
      <trkpt lat="45.5492" lon="14.27988">
        <ele>418.0</ele>
      </trkpt>
      <trkpt lat="45.54873" lon="14.28055">
        <ele>421.4</ele>
      </trkpt>
      <trkpt lat="45.54826" lon="14.28121">
        <ele>423.0</ele>
      </trkpt>
      <trkpt lat="45.54779" lon="14.28188">
        <ele>424.2</ele>
      </trkpt>
      <trkpt lat="45.54726" lon="14.28262">
        <ele>424.7</ele>
      </trkpt>
      <trkpt lat="45.54674" lon="14.28336">
        <ele>422.5</ele>
      </trkpt>
      <trkpt lat="45.54622" lon="14.28411">
        <ele>421.2</ele>
      </trkpt>
      <trkpt lat="45.54569" lon="14.28485">
        <ele>423.5</ele>
      </trkpt>
      <trkpt lat="45.54517" lon="14.28559">
        <ele>424.2</ele>
      </trkpt>
      <trkpt lat="45.54455" lon="14.28645">
        <ele>424.0</ele>
      </trkpt>
      <trkpt lat="45.54422" lon="14.28695">
        <ele>424.5</ele>
      </trkpt>
      <trkpt lat="45.54399" lon="14.2874">
        <ele>425.5</ele>
      </trkpt>
      <trkpt lat="45.54377" lon="14.2879">
        <ele>426.3</ele>
      </trkpt>
      <trkpt lat="45.54337" lon="14.28898">
        <ele>426.6</ele>
      </trkpt>
      <trkpt lat="45.54297" lon="14.29006">
        <ele>426.5</ele>
      </trkpt>
      <trkpt lat="45.54257" lon="14.29114">
        <ele>424.8</ele>
      </trkpt>
      <trkpt lat="45.54218" lon="14.29222">
        <ele>427.0</ele>
      </trkpt>
      <trkpt lat="45.54184" lon="14.29312">
        <ele>427.1</ele>
      </trkpt>
      <trkpt lat="45.5415" lon="14.29402">
        <ele>428.6</ele>
      </trkpt>
      <trkpt lat="45.54129" lon="14.29455">
        <ele>428.1</ele>
      </trkpt>
      <trkpt lat="45.54092" lon="14.29556">
        <ele>424.7</ele>
      </trkpt>
      <trkpt lat="45.54055" lon="14.29655">
        <ele>428.8</ele>
      </trkpt>
      <trkpt lat="45.54018" lon="14.29755">
        <ele>428.0</ele>
      </trkpt>
      <trkpt lat="45.53981" lon="14.29854">
        <ele>424.0</ele>
      </trkpt>
      <trkpt lat="45.53943" lon="14.29954">
        <ele>426.0</ele>
      </trkpt>
      <trkpt lat="45.53917" lon="14.30015">
        <ele>425.8</ele>
      </trkpt>
      <trkpt lat="45.539" lon="14.30045">
        <ele>426.7</ele>
      </trkpt>
      <trkpt lat="45.53885" lon="14.30069">
        <ele>427.2</ele>
      </trkpt>
      <trkpt lat="45.53866" lon="14.30093">
        <ele>427.8</ele>
      </trkpt>
      <trkpt lat="45.53833" lon="14.3013">
        <ele>427.7</ele>
      </trkpt>
      <trkpt lat="45.53789" lon="14.30169">
        <ele>429.1</ele>
      </trkpt>
      <trkpt lat="45.53745" lon="14.30208">
        <ele>429.5</ele>
      </trkpt>
      <trkpt lat="45.53672" lon="14.30265">
        <ele>428.9</ele>
      </trkpt>
      <trkpt lat="45.53601" lon="14.3032">
        <ele>427.1</ele>
      </trkpt>
      <trkpt lat="45.53531" lon="14.30376">
        <ele>426.9</ele>
      </trkpt>
      <trkpt lat="45.5346" lon="14.30432">
        <ele>427.3</ele>
      </trkpt>
      <trkpt lat="45.5339" lon="14.30488">
        <ele>424.5</ele>
      </trkpt>
      <trkpt lat="45.53319" lon="14.30544">
        <ele>422.1</ele>
      </trkpt>
      <trkpt lat="45.53249" lon="14.30599">
        <ele>423.7</ele>
      </trkpt>
      <trkpt lat="45.53198" lon="14.30645">
        <ele>425.2</ele>
      </trkpt>
      <trkpt lat="45.53183" lon="14.30665">
        <ele>426.1</ele>
      </trkpt>
      <trkpt lat="45.5316" lon="14.30702">
        <ele>428.8</ele>
      </trkpt>
      <trkpt lat="45.53105" lon="14.30795">
        <ele>426.6</ele>
      </trkpt>
      <trkpt lat="45.53051" lon="14.30888">
        <ele>428.5</ele>
      </trkpt>
      <trkpt lat="45.52997" lon="14.30981">
        <ele>432.4</ele>
      </trkpt>
      <trkpt lat="45.52966" lon="14.3104">
        <ele>434.9</ele>
      </trkpt>
      <trkpt lat="45.52923" lon="14.31134">
        <ele>434.3</ele>
      </trkpt>
      <trkpt lat="45.52891" lon="14.31219">
        <ele>432.3</ele>
      </trkpt>
      <trkpt lat="45.52867" lon="14.31303">
        <ele>431.5</ele>
      </trkpt>
      <trkpt lat="45.52843" lon="14.31387">
        <ele>428.7</ele>
      </trkpt>
      <trkpt lat="45.52819" lon="14.31471">
        <ele>426.2</ele>
      </trkpt>
      <trkpt lat="45.5281" lon="14.31517">
        <ele>426.4</ele>
      </trkpt>
      <trkpt lat="45.52803" lon="14.31554">
        <ele>427.0</ele>
      </trkpt>
      <trkpt lat="45.52791" lon="14.31654">
        <ele>429.9</ele>
      </trkpt>
      <trkpt lat="45.52782" lon="14.31708">
        <ele>433.2</ele>
      </trkpt>
      <trkpt lat="45.52774" lon="14.3174">
        <ele>434.3</ele>
      </trkpt>
      <trkpt lat="45.52769" lon="14.31753">
        <ele>434.2</ele>
      </trkpt>
      <trkpt lat="45.52724" lon="14.3185">
        <ele>437.1</ele>
      </trkpt>
      <trkpt lat="45.52687" lon="14.31918">
        <ele>435.3</ele>
      </trkpt>
      <trkpt lat="45.5265" lon="14.31987">
        <ele>436.6</ele>
      </trkpt>
      <trkpt lat="45.52642" lon="14.32001">
        <ele>436.6</ele>
      </trkpt>
      <trkpt lat="45.5259" lon="14.32075">
        <ele>429.0</ele>
      </trkpt>
      <trkpt lat="45.52538" lon="14.32149">
        <ele>426.9</ele>
      </trkpt>
      <trkpt lat="45.52516" lon="14.32183">
        <ele>426.2</ele>
      </trkpt>
      <trkpt lat="45.52506" lon="14.322">
        <ele>426.1</ele>
      </trkpt>
      <trkpt lat="45.52501" lon="14.32216">
        <ele>426.2</ele>
      </trkpt>
      <trkpt lat="45.52495" lon="14.32241">
        <ele>426.6</ele>
      </trkpt>
      <trkpt lat="45.52493" lon="14.32267">
        <ele>426.8</ele>
      </trkpt>
      <trkpt lat="45.52493" lon="14.32302">
        <ele>426.8</ele>
      </trkpt>
      <trkpt lat="45.52493" lon="14.32343">
        <ele>426.8</ele>
      </trkpt>
      <trkpt lat="45.52492" lon="14.32422">
        <ele>427.0</ele>
      </trkpt>
      <trkpt lat="45.52488" lon="14.32471">
        <ele>427.6</ele>
      </trkpt>
      <trkpt lat="45.52486" lon="14.32487">
        <ele>427.8</ele>
      </trkpt>
      <trkpt lat="45.52482" lon="14.32511">
        <ele>428.2</ele>
      </trkpt>
      <trkpt lat="45.52468" lon="14.32551">
        <ele>429.0</ele>
      </trkpt>
      <trkpt lat="45.52432" lon="14.3263">
        <ele>429.3</ele>
      </trkpt>
      <trkpt lat="45.52397" lon="14.32709">
        <ele>430.0</ele>
      </trkpt>
      <trkpt lat="45.52378" lon="14.32765">
        <ele>431.6</ele>
      </trkpt>
      <trkpt lat="45.52357" lon="14.32841">
        <ele>434.5</ele>
      </trkpt>
      <trkpt lat="45.52336" lon="14.32917">
        <ele>437.0</ele>
      </trkpt>
      <trkpt lat="45.52325" lon="14.32944">
        <ele>437.7</ele>
      </trkpt>
      <trkpt lat="45.52288" lon="14.33025">
        <ele>437.5</ele>
      </trkpt>
      <trkpt lat="45.52283" lon="14.3304">
        <ele>437.2</ele>
      </trkpt>
      <trkpt lat="45.52264" lon="14.33114">
        <ele>436.5</ele>
      </trkpt>
      <trkpt lat="45.52245" lon="14.33188">
        <ele>436.5</ele>
      </trkpt>
      <trkpt lat="45.5223" lon="14.3323">
        <ele>436.4</ele>
      </trkpt>
      <trkpt lat="45.52188" lon="14.3332">
        <ele>436.4</ele>
      </trkpt>
      <trkpt lat="45.52155" lon="14.33379">
        <ele>436.3</ele>
      </trkpt>
      <trkpt lat="45.52139" lon="14.334">
        <ele>436.6</ele>
      </trkpt>
      <trkpt lat="45.52121" lon="14.33427">
        <ele>437.0</ele>
      </trkpt>
      <trkpt lat="45.52093" lon="14.33464">
        <ele>437.0</ele>
      </trkpt>
      <trkpt lat="45.52053" lon="14.33513">
        <ele>438.7</ele>
      </trkpt>
      <trkpt lat="45.52031" lon="14.33536">
        <ele>439.8</ele>
      </trkpt>
      <trkpt lat="45.51977" lon="14.33574">
        <ele>441.6</ele>
      </trkpt>
      <trkpt lat="45.51935" lon="14.33612">
        <ele>441.5</ele>
      </trkpt>
      <trkpt lat="45.51877" lon="14.33676">
        <ele>442.8</ele>
      </trkpt>
      <trkpt lat="45.51818" lon="14.33741">
        <ele>441.4</ele>
      </trkpt>
      <trkpt lat="45.5176" lon="14.33806">
        <ele>440.9</ele>
      </trkpt>
      <trkpt lat="45.5172" lon="14.33857">
        <ele>439.9</ele>
      </trkpt>
      <trkpt lat="45.5168" lon="14.33909">
        <ele>438.9</ele>
      </trkpt>
      <trkpt lat="45.51661" lon="14.33938">
        <ele>439.7</ele>
      </trkpt>
      <trkpt lat="45.51633" lon="14.33985">
        <ele>440.9</ele>
      </trkpt>
      <trkpt lat="45.51619" lon="14.34025">
        <ele>440.3</ele>
      </trkpt>
      <trkpt lat="45.51608" lon="14.34085">
        <ele>438.7</ele>
      </trkpt>
      <trkpt lat="45.516" lon="14.34113">
        <ele>438.1</ele>
      </trkpt>
      <trkpt lat="45.51589" lon="14.34137">
        <ele>437.6</ele>
      </trkpt>
      <trkpt lat="45.5158" lon="14.34153">
        <ele>437.4</ele>
      </trkpt>
      <trkpt lat="45.51566" lon="14.34165">
        <ele>437.7</ele>
      </trkpt>
      <trkpt lat="45.51519" lon="14.34193">
        <ele>439.1</ele>
      </trkpt>
      <trkpt lat="45.51505" lon="14.34202">
        <ele>439.4</ele>
      </trkpt>
      <trkpt lat="45.51501" lon="14.34207">
        <ele>439.5</ele>
      </trkpt>
      <trkpt lat="45.51496" lon="14.34214">
        <ele>439.6</ele>
      </trkpt>
      <trkpt lat="45.51493" lon="14.34224">
        <ele>439.5</ele>
      </trkpt>
      <trkpt lat="45.5149" lon="14.34237">
        <ele>439.4</ele>
      </trkpt>
      <trkpt lat="45.51489" lon="14.34253">
        <ele>439.6</ele>
      </trkpt>
      <trkpt lat="45.5149" lon="14.34268">
        <ele>439.8</ele>
      </trkpt>
      <trkpt lat="45.51501" lon="14.34311">
        <ele>440.4</ele>
      </trkpt>
      <trkpt lat="45.51513" lon="14.34355">
        <ele>441.1</ele>
      </trkpt>
      <trkpt lat="45.51521" lon="14.34373">
        <ele>441.9</ele>
      </trkpt>
      <trkpt lat="45.5153" lon="14.3438">
        <ele>442.2</ele>
      </trkpt>
      <trkpt lat="45.51532" lon="14.34385">
        <ele>442.4</ele>
      </trkpt>
      <trkpt lat="45.5153" lon="14.34391">
        <ele>442.6</ele>
      </trkpt>
      <trkpt lat="45.51506" lon="14.34408">
        <ele>443.5</ele>
      </trkpt>
      <trkpt lat="45.51485" lon="14.34434">
        <ele>444.5</ele>
      </trkpt>
      <trkpt lat="45.51464" lon="14.34446">
        <ele>444.8</ele>
      </trkpt>
      <trkpt lat="45.51438" lon="14.34458">
        <ele>445.2</ele>
      </trkpt>
      <trkpt lat="45.51421" lon="14.3446">
        <ele>445.2</ele>
      </trkpt>
      <trkpt lat="45.51379" lon="14.34459">
        <ele>445.0</ele>
      </trkpt>
      <trkpt lat="45.51337" lon="14.34463">
        <ele>445.2</ele>
      </trkpt>
      <trkpt lat="45.5127" lon="14.34474">
        <ele>445.7</ele>
      </trkpt>
      <trkpt lat="45.51225" lon="14.34483">
        <ele>446.3</ele>
      </trkpt>
      <trkpt lat="45.51184" lon="14.34495">
        <ele>447.5</ele>
      </trkpt>
      <trkpt lat="45.51141" lon="14.34525">
        <ele>448.7</ele>
      </trkpt>
      <trkpt lat="45.51098" lon="14.34555">
        <ele>449.5</ele>
      </trkpt>
      <trkpt lat="45.51054" lon="14.34578">
        <ele>450.4</ele>
      </trkpt>
      <trkpt lat="45.50993" lon="14.34602">
        <ele>450.3</ele>
      </trkpt>
      <trkpt lat="45.50933" lon="14.34627">
        <ele>449.0</ele>
      </trkpt>
      <trkpt lat="45.50899" lon="14.34627">
        <ele>448.7</ele>
      </trkpt>
      <trkpt lat="45.50837" lon="14.34603">
        <ele>449.7</ele>
      </trkpt>
      <trkpt lat="45.50798" lon="14.34605">
        <ele>450.2</ele>
      </trkpt>
      <trkpt lat="45.50748" lon="14.34621">
        <ele>450.8</ele>
      </trkpt>
      <trkpt lat="45.50683" lon="14.34647">
        <ele>458.3</ele>
      </trkpt>
      <trkpt lat="45.50663" lon="14.34658">
        <ele>460.4</ele>
      </trkpt>
      <trkpt lat="45.50639" lon="14.34679">
        <ele>461.4</ele>
      </trkpt>
      <trkpt lat="45.50574" lon="14.34762">
        <ele>456.1</ele>
      </trkpt>
      <trkpt lat="45.50545" lon="14.34782">
        <ele>456.6</ele>
      </trkpt>
      <trkpt lat="45.50517" lon="14.34799">
        <ele>456.8</ele>
      </trkpt>
      <trkpt lat="45.50486" lon="14.34806">
        <ele>457.9</ele>
      </trkpt>
      <trkpt lat="45.50477" lon="14.34807">
        <ele>458.3</ele>
      </trkpt>
      <trkpt lat="45.5041" lon="14.348">
        <ele>463.9</ele>
      </trkpt>
      <trkpt lat="45.50391" lon="14.34788">
        <ele>468.0</ele>
      </trkpt>
      <trkpt lat="45.50378" lon="14.34776">
        <ele>471.5</ele>
      </trkpt>
      <trkpt lat="45.50369" lon="14.34771">
        <ele>473.5</ele>
      </trkpt>
      <trkpt lat="45.50363" lon="14.34772">
        <ele>474.2</ele>
      </trkpt>
      <trkpt lat="45.50357" lon="14.34779">
        <ele>474.1</ele>
      </trkpt>
      <trkpt lat="45.50341" lon="14.34793">
        <ele>474.2</ele>
      </trkpt>
      <trkpt lat="45.50333" lon="14.34798">
        <ele>474.6</ele>
      </trkpt>
      <trkpt lat="45.50321" lon="14.34799">
        <ele>477.3</ele>
      </trkpt>
      <trkpt lat="45.50304" lon="14.34802">
        <ele>480.9</ele>
      </trkpt>
      <trkpt lat="45.50288" lon="14.34808">
        <ele>483.8</ele>
      </trkpt>
      <trkpt lat="45.50272" lon="14.34828">
        <ele>484.5</ele>
      </trkpt>
      <trkpt lat="45.50266" lon="14.3484">
        <ele>483.9</ele>
      </trkpt>
      <trkpt lat="45.50256" lon="14.34854">
        <ele>483.5</ele>
      </trkpt>
      <trkpt lat="45.50249" lon="14.34858">
        <ele>484.2</ele>
      </trkpt>
      <trkpt lat="45.50234" lon="14.34865">
        <ele>486.0</ele>
      </trkpt>
      <trkpt lat="45.50222" lon="14.34869">
        <ele>487.8</ele>
      </trkpt>
      <trkpt lat="45.50192" lon="14.34869">
        <ele>494.3</ele>
      </trkpt>
      <trkpt lat="45.50187" lon="14.34872">
        <ele>494.8</ele>
      </trkpt>
      <trkpt lat="45.50177" lon="14.34882">
        <ele>494.7</ele>
      </trkpt>
      <trkpt lat="45.50167" lon="14.34896">
        <ele>493.6</ele>
      </trkpt>
      <trkpt lat="45.5016" lon="14.34904">
        <ele>493.7</ele>
      </trkpt>
      <trkpt lat="45.50153" lon="14.34907">
        <ele>494.9</ele>
      </trkpt>
      <trkpt lat="45.50139" lon="14.34895">
        <ele>501.4</ele>
      </trkpt>
      <trkpt lat="45.5013" lon="14.34891">
        <ele>504.7</ele>
      </trkpt>
      <trkpt lat="45.50124" lon="14.34893">
        <ele>505.9</ele>
      </trkpt>
      <trkpt lat="45.50119" lon="14.34901">
        <ele>505.5</ele>
      </trkpt>
      <trkpt lat="45.50115" lon="14.34917">
        <ele>503.2</ele>
      </trkpt>
      <trkpt lat="45.50115" lon="14.34921">
        <ele>502.6</ele>
      </trkpt>
      <trkpt lat="45.50115" lon="14.34921">
        <ele>502.6</ele>
      </trkpt>
      <trkpt lat="45.50114" lon="14.34936">
        <ele>500.4</ele>
      </trkpt>
      <trkpt lat="45.50111" lon="14.34947">
        <ele>499.5</ele>
      </trkpt>
      <trkpt lat="45.50099" lon="14.3496">
        <ele>500.8</ele>
      </trkpt>
      <trkpt lat="45.5009" lon="14.34972">
        <ele>501.5</ele>
      </trkpt>
      <trkpt lat="45.5008" lon="14.34987">
        <ele>501.7</ele>
      </trkpt>
      <trkpt lat="45.50072" lon="14.34998">
        <ele>501.4</ele>
      </trkpt>
      <trkpt lat="45.50063" lon="14.35004">
        <ele>501.6</ele>
      </trkpt>
      <trkpt lat="45.50052" lon="14.35004">
        <ele>503.6</ele>
      </trkpt>
      <trkpt lat="45.50043" lon="14.35001">
        <ele>506.0</ele>
      </trkpt>
      <trkpt lat="45.50034" lon="14.34993">
        <ele>509.2</ele>
      </trkpt>
      <trkpt lat="45.50023" lon="14.34991">
        <ele>511.7</ele>
      </trkpt>
      <trkpt lat="45.50013" lon="14.34996">
        <ele>512.5</ele>
      </trkpt>
      <trkpt lat="45.49987" lon="14.35021">
        <ele>509.0</ele>
      </trkpt>
      <trkpt lat="45.49976" lon="14.35024">
        <ele>508.5</ele>
      </trkpt>
      <trkpt lat="45.49956" lon="14.3502">
        <ele>509.9</ele>
      </trkpt>
      <trkpt lat="45.49944" lon="14.35013">
        <ele>511.7</ele>
      </trkpt>
      <trkpt lat="45.49935" lon="14.35005">
        <ele>513.7</ele>
      </trkpt>
      <trkpt lat="45.49923" lon="14.3499">
        <ele>517.0</ele>
      </trkpt>
      <trkpt lat="45.49919" lon="14.34972">
        <ele>520.7</ele>
      </trkpt>
      <trkpt lat="45.49921" lon="14.3494">
        <ele>527.2</ele>
      </trkpt>
      <trkpt lat="45.49913" lon="14.34921">
        <ele>531.6</ele>
      </trkpt>
      <trkpt lat="45.49907" lon="14.34919">
        <ele>532.8</ele>
      </trkpt>
      <trkpt lat="45.49898" lon="14.3492">
        <ele>533.7</ele>
      </trkpt>
      <trkpt lat="45.49885" lon="14.34932">
        <ele>532.8</ele>
      </trkpt>
      <trkpt lat="45.49867" lon="14.34951">
        <ele>530.6</ele>
      </trkpt>
      <trkpt lat="45.49855" lon="14.34958">
        <ele>530.2</ele>
      </trkpt>
      <trkpt lat="45.49838" lon="14.34963">
        <ele>530.8</ele>
      </trkpt>
      <trkpt lat="45.49821" lon="14.34965">
        <ele>531.6</ele>
      </trkpt>
      <trkpt lat="45.49811" lon="14.3496">
        <ele>533.4</ele>
      </trkpt>
      <trkpt lat="45.49793" lon="14.34936">
        <ele>540.0</ele>
      </trkpt>
      <trkpt lat="45.49787" lon="14.34929">
        <ele>541.9</ele>
      </trkpt>
      <trkpt lat="45.49778" lon="14.34931">
        <ele>541.8</ele>
      </trkpt>
      <trkpt lat="45.4972" lon="14.34956">
        <ele>538.7</ele>
      </trkpt>
      <trkpt lat="45.49709" lon="14.34956">
        <ele>538.9</ele>
      </trkpt>
      <trkpt lat="45.49697" lon="14.34948">
        <ele>540.6</ele>
      </trkpt>
      <trkpt lat="45.49669" lon="14.34925">
        <ele>544.7</ele>
      </trkpt>
      <trkpt lat="45.49663" lon="14.34917">
        <ele>546.6</ele>
      </trkpt>
      <trkpt lat="45.49658" lon="14.34898">
        <ele>550.6</ele>
      </trkpt>
      <trkpt lat="45.49659" lon="14.34881">
        <ele>553.0</ele>
      </trkpt>
      <trkpt lat="45.49662" lon="14.34865">
        <ele>555.0</ele>
      </trkpt>
      <trkpt lat="45.49684" lon="14.34815">
        <ele>562.5</ele>
      </trkpt>
      <trkpt lat="45.49703" lon="14.34752">
        <ele>568.9</ele>
      </trkpt>
      <trkpt lat="45.49706" lon="14.34738">
        <ele>571.1</ele>
      </trkpt>
      <trkpt lat="45.49703" lon="14.34727">
        <ele>572.5</ele>
      </trkpt>
      <trkpt lat="45.49698" lon="14.3472">
        <ele>573.4</ele>
      </trkpt>
      <trkpt lat="45.49689" lon="14.34716">
        <ele>573.7</ele>
      </trkpt>
      <trkpt lat="45.4968" lon="14.34723">
        <ele>572.1</ele>
      </trkpt>
      <trkpt lat="45.49672" lon="14.34738">
        <ele>568.8</ele>
      </trkpt>
      <trkpt lat="45.49626" lon="14.34798">
        <ele>572.7</ele>
      </trkpt>
      <trkpt lat="45.49581" lon="14.34859">
        <ele>571.4</ele>
      </trkpt>
      <trkpt lat="45.49564" lon="14.34876">
        <ele>571.4</ele>
      </trkpt>
      <trkpt lat="45.49546" lon="14.34885">
        <ele>572.7</ele>
      </trkpt>
      <trkpt lat="45.49526" lon="14.34884">
        <ele>575.9</ele>
      </trkpt>
      <trkpt lat="45.49506" lon="14.34876">
        <ele>580.4</ele>
      </trkpt>
      <trkpt lat="45.49489" lon="14.34862">
        <ele>584.6</ele>
      </trkpt>
      <trkpt lat="45.49453" lon="14.34823">
        <ele>590.7</ele>
      </trkpt>
      <trkpt lat="45.4942" lon="14.34781">
        <ele>589.5</ele>
      </trkpt>
      <trkpt lat="45.49394" lon="14.34745">
        <ele>588.9</ele>
      </trkpt>
      <trkpt lat="45.49369" lon="14.34706">
        <ele>589.7</ele>
      </trkpt>
      <trkpt lat="45.49353" lon="14.34679">
        <ele>588.1</ele>
      </trkpt>
      <trkpt lat="45.49339" lon="14.34662">
        <ele>585.7</ele>
      </trkpt>
      <trkpt lat="45.49289" lon="14.34634">
        <ele>580.0</ele>
      </trkpt>
      <trkpt lat="45.49239" lon="14.34605">
        <ele>574.1</ele>
      </trkpt>
      <trkpt lat="45.49199" lon="14.34561">
        <ele>572.1</ele>
      </trkpt>
      <trkpt lat="45.49158" lon="14.34517">
        <ele>569.8</ele>
      </trkpt>
      <trkpt lat="45.49129" lon="14.34467">
        <ele>571.2</ele>
      </trkpt>
      <trkpt lat="45.491" lon="14.34417">
        <ele>567.4</ele>
      </trkpt>
      <trkpt lat="45.49089" lon="14.34404">
        <ele>567.2</ele>
      </trkpt>
      <trkpt lat="45.49074" lon="14.34388">
        <ele>568.0</ele>
      </trkpt>
      <trkpt lat="45.49049" lon="14.34367">
        <ele>568.7</ele>
      </trkpt>
      <trkpt lat="45.49039" lon="14.34355">
        <ele>568.1</ele>
      </trkpt>
      <trkpt lat="45.48976" lon="14.34264">
        <ele>565.6</ele>
      </trkpt>
      <trkpt lat="45.48969" lon="14.34249">
        <ele>565.1</ele>
      </trkpt>
      <trkpt lat="45.4896" lon="14.34194">
        <ele>564.9</ele>
      </trkpt>
      <trkpt lat="45.48946" lon="14.34161">
        <ele>564.0</ele>
      </trkpt>
      <trkpt lat="45.4894" lon="14.34128">
        <ele>564.6</ele>
      </trkpt>
      <trkpt lat="45.48936" lon="14.34094">
        <ele>565.0</ele>
      </trkpt>
      <trkpt lat="45.48919" lon="14.34013">
        <ele>555.1</ele>
      </trkpt>
      <trkpt lat="45.48912" lon="14.33971">
        <ele>551.5</ele>
      </trkpt>
      <trkpt lat="45.48907" lon="14.33927">
        <ele>548.8</ele>
      </trkpt>
      <trkpt lat="45.48898" lon="14.33836">
        <ele>544.8</ele>
      </trkpt>
      <trkpt lat="45.48898" lon="14.33797">
        <ele>541.3</ele>
      </trkpt>
      <trkpt lat="45.48899" lon="14.33746">
        <ele>537.0</ele>
      </trkpt>
      <trkpt lat="45.48896" lon="14.33711">
        <ele>537.1</ele>
      </trkpt>
      <trkpt lat="45.48889" lon="14.33679">
        <ele>536.9</ele>
      </trkpt>
      <trkpt lat="45.48861" lon="14.336">
        <ele>539.3</ele>
      </trkpt>
      <trkpt lat="45.48833" lon="14.33521">
        <ele>536.8</ele>
      </trkpt>
      <trkpt lat="45.4883" lon="14.33502">
        <ele>537.9</ele>
      </trkpt>
      <trkpt lat="45.48831" lon="14.33478">
        <ele>538.0</ele>
      </trkpt>
      <trkpt lat="45.48829" lon="14.33457">
        <ele>538.7</ele>
      </trkpt>
      <trkpt lat="45.48816" lon="14.33413">
        <ele>540.3</ele>
      </trkpt>
      <trkpt lat="45.48802" lon="14.33366">
        <ele>540.0</ele>
      </trkpt>
      <trkpt lat="45.48778" lon="14.33275">
        <ele>533.8</ele>
      </trkpt>
      <trkpt lat="45.48754" lon="14.33185">
        <ele>526.0</ele>
      </trkpt>
      <trkpt lat="45.48745" lon="14.33145">
        <ele>524.1</ele>
      </trkpt>
      <trkpt lat="45.4874" lon="14.33111">
        <ele>522.8</ele>
      </trkpt>
      <trkpt lat="45.48733" lon="14.33048">
        <ele>520.8</ele>
      </trkpt>
      <trkpt lat="45.48726" lon="14.3298">
        <ele>518.8</ele>
      </trkpt>
      <trkpt lat="45.48719" lon="14.32913">
        <ele>518.0</ele>
      </trkpt>
      <trkpt lat="45.48712" lon="14.32834">
        <ele>515.9</ele>
      </trkpt>
      <trkpt lat="45.48701" lon="14.32756">
        <ele>513.6</ele>
      </trkpt>
      <trkpt lat="45.487" lon="14.32729">
        <ele>513.0</ele>
      </trkpt>
      <trkpt lat="45.487" lon="14.32701">
        <ele>512.6</ele>
      </trkpt>
      <trkpt lat="45.48711" lon="14.32652">
        <ele>512.4</ele>
      </trkpt>
      <trkpt lat="45.48726" lon="14.32603">
        <ele>510.7</ele>
      </trkpt>
      <trkpt lat="45.48741" lon="14.32553">
        <ele>509.8</ele>
      </trkpt>
      <trkpt lat="45.48745" lon="14.32539">
        <ele>509.7</ele>
      </trkpt>
      <trkpt lat="45.48748" lon="14.32522">
        <ele>509.5</ele>
      </trkpt>
      <trkpt lat="45.4875" lon="14.32504">
        <ele>509.1</ele>
      </trkpt>
      <trkpt lat="45.48751" lon="14.32485">
        <ele>508.8</ele>
      </trkpt>
      <trkpt lat="45.48751" lon="14.32456">
        <ele>508.1</ele>
      </trkpt>
      <trkpt lat="45.48753" lon="14.32372">
        <ele>506.9</ele>
      </trkpt>
      <trkpt lat="45.48759" lon="14.32323">
        <ele>507.1</ele>
      </trkpt>
      <trkpt lat="45.48765" lon="14.32286">
        <ele>506.9</ele>
      </trkpt>
      <trkpt lat="45.48771" lon="14.32266">
        <ele>506.8</ele>
      </trkpt>
      <trkpt lat="45.48779" lon="14.32248">
        <ele>506.7</ele>
      </trkpt>
      <trkpt lat="45.48805" lon="14.32211">
        <ele>506.6</ele>
      </trkpt>
      <trkpt lat="45.48852" lon="14.32147">
        <ele>504.1</ele>
      </trkpt>
      <trkpt lat="45.48868" lon="14.32121">
        <ele>504.3</ele>
      </trkpt>
      <trkpt lat="45.48902" lon="14.32046">
        <ele>502.9</ele>
      </trkpt>
      <trkpt lat="45.48936" lon="14.31971">
        <ele>501.5</ele>
      </trkpt>
      <trkpt lat="45.4897" lon="14.31896">
        <ele>501.3</ele>
      </trkpt>
      <trkpt lat="45.49006" lon="14.31824">
        <ele>499.5</ele>
      </trkpt>
      <trkpt lat="45.49016" lon="14.31794">
        <ele>500.0</ele>
      </trkpt>
      <trkpt lat="45.4904" lon="14.31699">
        <ele>500.5</ele>
      </trkpt>
      <trkpt lat="45.49046" lon="14.31678">
        <ele>500.4</ele>
      </trkpt>
      <trkpt lat="45.49057" lon="14.31652">
        <ele>499.1</ele>
      </trkpt>
      <trkpt lat="45.49062" lon="14.3164">
        <ele>498.5</ele>
      </trkpt>
      <trkpt lat="45.491" lon="14.31559">
        <ele>494.5</ele>
      </trkpt>
      <trkpt lat="45.49113" lon="14.31526">
        <ele>494.7</ele>
      </trkpt>
      <trkpt lat="45.49132" lon="14.31465">
        <ele>495.1</ele>
      </trkpt>
      <trkpt lat="45.4915" lon="14.31404">
        <ele>495.9</ele>
      </trkpt>
      <trkpt lat="45.4917" lon="14.31327">
        <ele>497.5</ele>
      </trkpt>
      <trkpt lat="45.49189" lon="14.31251">
        <ele>500.7</ele>
      </trkpt>
      <trkpt lat="45.49208" lon="14.31174">
        <ele>499.6</ele>
      </trkpt>
      <trkpt lat="45.4923" lon="14.311">
        <ele>495.8</ele>
      </trkpt>
      <trkpt lat="45.49233" lon="14.31083">
        <ele>494.2</ele>
      </trkpt>
      <trkpt lat="45.49234" lon="14.31068">
        <ele>493.7</ele>
      </trkpt>
      <trkpt lat="45.49234" lon="14.31068">
        <ele>493.7</ele>
      </trkpt>
      <trkpt lat="45.49238" lon="14.31022">
        <ele>492.3</ele>
      </trkpt>
      <trkpt lat="45.4925" lon="14.30945">
        <ele>490.7</ele>
      </trkpt>
      <trkpt lat="45.49262" lon="14.30899">
        <ele>491.2</ele>
      </trkpt>
      <trkpt lat="45.49269" lon="14.30883">
        <ele>491.8</ele>
      </trkpt>
      <trkpt lat="45.49251" lon="14.30876">
        <ele>490.6</ele>
      </trkpt>
      <trkpt lat="45.49211" lon="14.30875">
        <ele>489.1</ele>
      </trkpt>
      <trkpt lat="45.49199" lon="14.30866">
        <ele>488.8</ele>
      </trkpt>
      <trkpt lat="45.49144" lon="14.30799">
        <ele>487.5</ele>
      </trkpt>
      <trkpt lat="45.49075" lon="14.30776">
        <ele>488.5</ele>
      </trkpt>
      <trkpt lat="45.49003" lon="14.30764">
        <ele>502.7</ele>
      </trkpt>
      <trkpt lat="45.48979" lon="14.30712">
        <ele>502.7</ele>
      </trkpt>
      <trkpt lat="45.48968" lon="14.30692">
        <ele>501.7</ele>
      </trkpt>
      <trkpt lat="45.48954" lon="14.30671">
        <ele>499.8</ele>
      </trkpt>
      <trkpt lat="45.48937" lon="14.30648">
        <ele>499.2</ele>
      </trkpt>
      <trkpt lat="45.48918" lon="14.30628">
        <ele>498.9</ele>
      </trkpt>
      <trkpt lat="45.48899" lon="14.30612">
        <ele>496.0</ele>
      </trkpt>
      <trkpt lat="45.48878" lon="14.306">
        <ele>494.1</ele>
      </trkpt>
      <trkpt lat="45.48868" lon="14.30592">
        <ele>493.1</ele>
      </trkpt>
      <trkpt lat="45.48862" lon="14.30585">
        <ele>492.2</ele>
      </trkpt>
      <trkpt lat="45.48849" lon="14.30555">
        <ele>493.5</ele>
      </trkpt>
      <trkpt lat="45.48836" lon="14.30522">
        <ele>495.7</ele>
      </trkpt>
      <trkpt lat="45.48807" lon="14.30469">
        <ele>500.6</ele>
      </trkpt>
      <trkpt lat="45.48777" lon="14.30415">
        <ele>502.6</ele>
      </trkpt>
      <trkpt lat="45.48699" lon="14.30377">
        <ele>505.6</ele>
      </trkpt>
      <trkpt lat="45.48661" lon="14.30359">
        <ele>511.1</ele>
      </trkpt>
      <trkpt lat="45.4865" lon="14.30355">
        <ele>511.9</ele>
      </trkpt>
      <trkpt lat="45.4862" lon="14.3035">
        <ele>513.1</ele>
      </trkpt>
      <trkpt lat="45.48585" lon="14.30329">
        <ele>518.4</ele>
      </trkpt>
      <trkpt lat="45.48551" lon="14.3031">
        <ele>521.8</ele>
      </trkpt>
      <trkpt lat="45.48528" lon="14.30302">
        <ele>522.1</ele>
      </trkpt>
      <trkpt lat="45.48499" lon="14.30302">
        <ele>519.3</ele>
      </trkpt>
      <trkpt lat="45.48442" lon="14.30254">
        <ele>529.7</ele>
      </trkpt>
      <trkpt lat="45.48378" lon="14.30241">
        <ele>535.7</ele>
      </trkpt>
      <trkpt lat="45.4834" lon="14.30259">
        <ele>535.3</ele>
      </trkpt>
      <trkpt lat="45.48272" lon="14.30281">
        <ele>538.7</ele>
      </trkpt>
      <trkpt lat="45.4824" lon="14.30326">
        <ele>540.0</ele>
      </trkpt>
      <trkpt lat="45.48226" lon="14.3034">
        <ele>539.4</ele>
      </trkpt>
      <trkpt lat="45.48216" lon="14.30338">
        <ele>540.4</ele>
      </trkpt>
      <trkpt lat="45.48207" lon="14.30326">
        <ele>542.0</ele>
      </trkpt>
      <trkpt lat="45.48206" lon="14.30208">
        <ele>547.5</ele>
      </trkpt>
      <trkpt lat="45.48194" lon="14.30169">
        <ele>548.6</ele>
      </trkpt>
      <trkpt lat="45.48163" lon="14.30086">
        <ele>549.0</ele>
      </trkpt>
      <trkpt lat="45.4814" lon="14.30022">
        <ele>545.4</ele>
      </trkpt>
      <trkpt lat="45.48117" lon="14.29959">
        <ele>540.3</ele>
      </trkpt>
      <trkpt lat="45.48107" lon="14.29938">
        <ele>538.5</ele>
      </trkpt>
      <trkpt lat="45.48065" lon="14.29892">
        <ele>535.0</ele>
      </trkpt>
      <trkpt lat="45.48024" lon="14.29847">
        <ele>533.4</ele>
      </trkpt>
      <trkpt lat="45.47984" lon="14.29768">
        <ele>531.2</ele>
      </trkpt>
      <trkpt lat="45.47946" lon="14.29685">
        <ele>533.6</ele>
      </trkpt>
      <trkpt lat="45.47909" lon="14.29603">
        <ele>532.9</ele>
      </trkpt>
      <trkpt lat="45.47871" lon="14.29521">
        <ele>528.1</ele>
      </trkpt>
      <trkpt lat="45.47826" lon="14.29445">
        <ele>524.6</ele>
      </trkpt>
      <trkpt lat="45.4778" lon="14.2936">
        <ele>521.2</ele>
      </trkpt>
      <trkpt lat="45.47764" lon="14.29253">
        <ele>517.4</ele>
      </trkpt>
      <trkpt lat="45.47758" lon="14.292">
        <ele>514.4</ele>
      </trkpt>
      <trkpt lat="45.47743" lon="14.29174">
        <ele>511.5</ele>
      </trkpt>
      <trkpt lat="45.47689" lon="14.29178">
        <ele>504.7</ele>
      </trkpt>
      <trkpt lat="45.47626" lon="14.29207">
        <ele>500.9</ele>
      </trkpt>
      <trkpt lat="45.47551" lon="14.29267">
        <ele>501.3</ele>
      </trkpt>
      <trkpt lat="45.47538" lon="14.29274">
        <ele>500.4</ele>
      </trkpt>
      <trkpt lat="45.47527" lon="14.29276">
        <ele>498.7</ele>
      </trkpt>
      <trkpt lat="45.47518" lon="14.29275">
        <ele>496.7</ele>
      </trkpt>
      <trkpt lat="45.47491" lon="14.29262">
        <ele>489.7</ele>
      </trkpt>
      <trkpt lat="45.47466" lon="14.29256">
        <ele>486.8</ele>
      </trkpt>
      <trkpt lat="45.4743" lon="14.29254">
        <ele>484.1</ele>
      </trkpt>
      <trkpt lat="45.47415" lon="14.29245">
        <ele>482.3</ele>
      </trkpt>
      <trkpt lat="45.47405" lon="14.29235">
        <ele>480.3</ele>
      </trkpt>
      <trkpt lat="45.47402" lon="14.29228">
        <ele>479.3</ele>
      </trkpt>
      <trkpt lat="45.47402" lon="14.29228">
        <ele>479.3</ele>
      </trkpt>
      <trkpt lat="45.47397" lon="14.29217">
        <ele>477.7</ele>
      </trkpt>
      <trkpt lat="45.47376" lon="14.29246">
        <ele>479.2</ele>
      </trkpt>
      <trkpt lat="45.47356" lon="14.29279">
        <ele>479.9</ele>
      </trkpt>
      <trkpt lat="45.47327" lon="14.29331">
        <ele>481.7</ele>
      </trkpt>
      <trkpt lat="45.47303" lon="14.29363">
        <ele>484.1</ele>
      </trkpt>
      <trkpt lat="45.47285" lon="14.29384">
        <ele>485.7</ele>
      </trkpt>
      <trkpt lat="45.47264" lon="14.29403">
        <ele>487.0</ele>
      </trkpt>
      <trkpt lat="45.47209" lon="14.2944">
        <ele>488.2</ele>
      </trkpt>
      <trkpt lat="45.47188" lon="14.29458">
        <ele>488.7</ele>
      </trkpt>
      <trkpt lat="45.47169" lon="14.29481">
        <ele>489.7</ele>
      </trkpt>
      <trkpt lat="45.47132" lon="14.2953">
        <ele>491.4</ele>
      </trkpt>
      <trkpt lat="45.47096" lon="14.29579">
        <ele>492.4</ele>
      </trkpt>
      <trkpt lat="45.47053" lon="14.29634">
        <ele>492.9</ele>
      </trkpt>
      <trkpt lat="45.47004" lon="14.29698">
        <ele>495.3</ele>
      </trkpt>
      <trkpt lat="45.46956" lon="14.29762">
        <ele>499.0</ele>
      </trkpt>
      <trkpt lat="45.46908" lon="14.29827">
        <ele>500.4</ele>
      </trkpt>
      <trkpt lat="45.46854" lon="14.29904">
        <ele>505.2</ele>
      </trkpt>
      <trkpt lat="45.46852" lon="14.29928">
        <ele>505.9</ele>
      </trkpt>
      <trkpt lat="45.46852" lon="14.29944">
        <ele>506.3</ele>
      </trkpt>
      <trkpt lat="45.46854" lon="14.29965">
        <ele>506.8</ele>
      </trkpt>
      <trkpt lat="45.46862" lon="14.30016">
        <ele>508.7</ele>
      </trkpt>
      <trkpt lat="45.46862" lon="14.30031">
        <ele>509.7</ele>
      </trkpt>
      <trkpt lat="45.46861" lon="14.30045">
        <ele>510.5</ele>
      </trkpt>
      <trkpt lat="45.46859" lon="14.30063">
        <ele>511.6</ele>
      </trkpt>
      <trkpt lat="45.46843" lon="14.30131">
        <ele>513.9</ele>
      </trkpt>
      <trkpt lat="45.46831" lon="14.30169">
        <ele>514.1</ele>
      </trkpt>
      <trkpt lat="45.46818" lon="14.30198">
        <ele>516.2</ele>
      </trkpt>
      <trkpt lat="45.46804" lon="14.30222">
        <ele>517.7</ele>
      </trkpt>
      <trkpt lat="45.46789" lon="14.30243">
        <ele>519.0</ele>
      </trkpt>
      <trkpt lat="45.46726" lon="14.30315">
        <ele>524.5</ele>
      </trkpt>
      <trkpt lat="45.46715" lon="14.30325">
        <ele>525.6</ele>
      </trkpt>
      <trkpt lat="45.46706" lon="14.30331">
        <ele>526.3</ele>
      </trkpt>
      <trkpt lat="45.46699" lon="14.30332">
        <ele>526.5</ele>
      </trkpt>
      <trkpt lat="45.46679" lon="14.30331">
        <ele>526.7</ele>
      </trkpt>
      <trkpt lat="45.46666" lon="14.30335">
        <ele>527.1</ele>
      </trkpt>
      <trkpt lat="45.4666" lon="14.30342">
        <ele>527.9</ele>
      </trkpt>
      <trkpt lat="45.46657" lon="14.30347">
        <ele>528.3</ele>
      </trkpt>
      <trkpt lat="45.46651" lon="14.3036">
        <ele>529.2</ele>
      </trkpt>
      <trkpt lat="45.46648" lon="14.30372">
        <ele>529.9</ele>
      </trkpt>
      <trkpt lat="45.46648" lon="14.30372">
        <ele>529.9</ele>
      </trkpt>
      <trkpt lat="45.46648" lon="14.30372">
        <ele>529.9</ele>
      </trkpt>
      <trkpt lat="45.46647" lon="14.30373">
        <ele>530.0</ele>
      </trkpt>
      <trkpt lat="45.4664" lon="14.30395">
        <ele>531.2</ele>
      </trkpt>
      <trkpt lat="45.46637" lon="14.30419">
        <ele>532.2</ele>
      </trkpt>
      <trkpt lat="45.46635" lon="14.3045">
        <ele>533.3</ele>
      </trkpt>
      <trkpt lat="45.46623" lon="14.30487">
        <ele>534.1</ele>
      </trkpt>
      <trkpt lat="45.46607" lon="14.30511">
        <ele>534.2</ele>
      </trkpt>
      <trkpt lat="45.46568" lon="14.3054">
        <ele>534.3</ele>
      </trkpt>
      <trkpt lat="45.46545" lon="14.30559">
        <ele>535.2</ele>
      </trkpt>
      <trkpt lat="45.46509" lon="14.30633">
        <ele>538.3</ele>
      </trkpt>
      <trkpt lat="45.46487" lon="14.30648">
        <ele>538.3</ele>
      </trkpt>
      <trkpt lat="45.46455" lon="14.30666">
        <ele>539.0</ele>
      </trkpt>
      <trkpt lat="45.46432" lon="14.30704">
        <ele>541.0</ele>
      </trkpt>
      <trkpt lat="45.46396" lon="14.30742">
        <ele>540.7</ele>
      </trkpt>
      <trkpt lat="45.46362" lon="14.3076">
        <ele>541.2</ele>
      </trkpt>
      <trkpt lat="45.46329" lon="14.3078">
        <ele>541.0</ele>
      </trkpt>
      <trkpt lat="45.46304" lon="14.30808">
        <ele>541.7</ele>
      </trkpt>
      <trkpt lat="45.46287" lon="14.30827">
        <ele>542.2</ele>
      </trkpt>
      <trkpt lat="45.46251" lon="14.30841">
        <ele>542.0</ele>
      </trkpt>
      <trkpt lat="45.46216" lon="14.30869">
        <ele>541.0</ele>
      </trkpt>
      <trkpt lat="45.46153" lon="14.30948">
        <ele>540.2</ele>
      </trkpt>
      <trkpt lat="45.4614" lon="14.30961">
        <ele>540.2</ele>
      </trkpt>
      <trkpt lat="45.46075" lon="14.30987">
        <ele>540.5</ele>
      </trkpt>
      <trkpt lat="45.46035" lon="14.30997">
        <ele>540.9</ele>
      </trkpt>
      <trkpt lat="45.45998" lon="14.31013">
        <ele>541.6</ele>
      </trkpt>
      <trkpt lat="45.45957" lon="14.31045">
        <ele>542.4</ele>
      </trkpt>
      <trkpt lat="45.45921" lon="14.31085">
        <ele>544.1</ele>
      </trkpt>
      <trkpt lat="45.45885" lon="14.31127">
        <ele>544.9</ele>
      </trkpt>
      <trkpt lat="45.45832" lon="14.31192">
        <ele>545.7</ele>
      </trkpt>
      <trkpt lat="45.45806" lon="14.3123">
        <ele>546.8</ele>
      </trkpt>
      <trkpt lat="45.45769" lon="14.31279">
        <ele>548.4</ele>
      </trkpt>
      <trkpt lat="45.45739" lon="14.31305">
        <ele>548.2</ele>
      </trkpt>
      <trkpt lat="45.45704" lon="14.31322">
        <ele>546.9</ele>
      </trkpt>
      <trkpt lat="45.45665" lon="14.31353">
        <ele>546.6</ele>
      </trkpt>
      <trkpt lat="45.45632" lon="14.31391">
        <ele>548.3</ele>
      </trkpt>
      <trkpt lat="45.45576" lon="14.31428">
        <ele>548.5</ele>
      </trkpt>
      <trkpt lat="45.45529" lon="14.31461">
        <ele>548.2</ele>
      </trkpt>
      <trkpt lat="45.45496" lon="14.31481">
        <ele>547.5</ele>
      </trkpt>
      <trkpt lat="45.45461" lon="14.3152">
        <ele>546.0</ele>
      </trkpt>
      <trkpt lat="45.45396" lon="14.316">
        <ele>547.3</ele>
      </trkpt>
      <trkpt lat="45.45366" lon="14.31671">
        <ele>549.4</ele>
      </trkpt>
      <trkpt lat="45.45337" lon="14.3172">
        <ele>550.7</ele>
      </trkpt>
      <trkpt lat="45.45304" lon="14.31784">
        <ele>553.0</ele>
      </trkpt>
      <trkpt lat="45.45285" lon="14.31812">
        <ele>553.7</ele>
      </trkpt>
      <trkpt lat="45.45263" lon="14.31835">
        <ele>553.7</ele>
      </trkpt>
      <trkpt lat="45.45228" lon="14.31869">
        <ele>554.6</ele>
      </trkpt>
      <trkpt lat="45.45209" lon="14.31885">
        <ele>554.6</ele>
      </trkpt>
      <trkpt lat="45.45181" lon="14.3194">
        <ele>554.0</ele>
      </trkpt>
      <trkpt lat="45.45167" lon="14.31987">
        <ele>553.0</ele>
      </trkpt>
      <trkpt lat="45.4516" lon="14.32022">
        <ele>554.3</ele>
      </trkpt>
      <trkpt lat="45.4515" lon="14.32059">
        <ele>556.5</ele>
      </trkpt>
      <trkpt lat="45.45136" lon="14.32087">
        <ele>557.8</ele>
      </trkpt>
      <trkpt lat="45.45122" lon="14.32103">
        <ele>558.1</ele>
      </trkpt>
      <trkpt lat="45.45086" lon="14.32141">
        <ele>556.7</ele>
      </trkpt>
      <trkpt lat="45.45041" lon="14.32179">
        <ele>556.0</ele>
      </trkpt>
      <trkpt lat="45.45009" lon="14.32208">
        <ele>555.5</ele>
      </trkpt>
      <trkpt lat="45.4496" lon="14.32275">
        <ele>555.2</ele>
      </trkpt>
      <trkpt lat="45.44943" lon="14.32294">
        <ele>554.4</ele>
      </trkpt>
      <trkpt lat="45.44892" lon="14.32333">
        <ele>549.6</ele>
      </trkpt>
      <trkpt lat="45.44841" lon="14.32372">
        <ele>546.7</ele>
      </trkpt>
      <trkpt lat="45.44803" lon="14.32417">
        <ele>545.8</ele>
      </trkpt>
      <trkpt lat="45.44784" lon="14.32455">
        <ele>545.3</ele>
      </trkpt>
      <trkpt lat="45.44756" lon="14.32489">
        <ele>542.0</ele>
      </trkpt>
      <trkpt lat="45.44712" lon="14.32509">
        <ele>541.1</ele>
      </trkpt>
      <trkpt lat="45.44691" lon="14.32537">
        <ele>541.8</ele>
      </trkpt>
      <trkpt lat="45.44681" lon="14.32562">
        <ele>542.3</ele>
      </trkpt>
      <trkpt lat="45.44672" lon="14.32592">
        <ele>542.7</ele>
      </trkpt>
      <trkpt lat="45.44648" lon="14.32625">
        <ele>542.7</ele>
      </trkpt>
      <trkpt lat="45.44601" lon="14.32697">
        <ele>541.0</ele>
      </trkpt>
      <trkpt lat="45.44547" lon="14.32772">
        <ele>539.3</ele>
      </trkpt>
      <trkpt lat="45.44525" lon="14.32799">
        <ele>540.2</ele>
      </trkpt>
      <trkpt lat="45.44507" lon="14.32842">
        <ele>541.7</ele>
      </trkpt>
      <trkpt lat="45.44501" lon="14.32859">
        <ele>541.7</ele>
      </trkpt>
      <trkpt lat="45.44494" lon="14.32912">
        <ele>541.1</ele>
      </trkpt>
      <trkpt lat="45.4449" lon="14.32928">
        <ele>541.4</ele>
      </trkpt>
      <trkpt lat="45.44482" lon="14.32943">
        <ele>541.8</ele>
      </trkpt>
      <trkpt lat="45.4446" lon="14.32972">
        <ele>542.5</ele>
      </trkpt>
      <trkpt lat="45.44439" lon="14.33012">
        <ele>543.1</ele>
      </trkpt>
      <trkpt lat="45.44426" lon="14.33053">
        <ele>543.6</ele>
      </trkpt>
      <trkpt lat="45.44423" lon="14.33072">
        <ele>543.8</ele>
      </trkpt>
      <trkpt lat="45.44423" lon="14.33089">
        <ele>543.9</ele>
      </trkpt>
      <trkpt lat="45.44425" lon="14.33115">
        <ele>543.6</ele>
      </trkpt>
      <trkpt lat="45.44428" lon="14.33135">
        <ele>543.5</ele>
      </trkpt>
      <trkpt lat="45.44436" lon="14.33162">
        <ele>543.5</ele>
      </trkpt>
      <trkpt lat="45.44454" lon="14.33194">
        <ele>545.6</ele>
      </trkpt>
      <trkpt lat="45.44467" lon="14.33215">
        <ele>547.0</ele>
      </trkpt>
      <trkpt lat="45.44477" lon="14.33234">
        <ele>548.1</ele>
      </trkpt>
      <trkpt lat="45.44506" lon="14.3331">
        <ele>552.1</ele>
      </trkpt>
      <trkpt lat="45.44516" lon="14.3334">
        <ele>553.9</ele>
      </trkpt>
      <trkpt lat="45.4452" lon="14.33364">
        <ele>555.3</ele>
      </trkpt>
      <trkpt lat="45.44522" lon="14.33401">
        <ele>557.3</ele>
      </trkpt>
      <trkpt lat="45.44522" lon="14.33515">
        <ele>560.0</ele>
      </trkpt>
      <trkpt lat="45.44518" lon="14.33582">
        <ele>561.7</ele>
      </trkpt>
      <trkpt lat="45.44514" lon="14.33607">
        <ele>562.1</ele>
      </trkpt>
      <trkpt lat="45.44507" lon="14.33638">
        <ele>562.6</ele>
      </trkpt>
      <trkpt lat="45.44503" lon="14.33668">
        <ele>563.3</ele>
      </trkpt>
      <trkpt lat="45.44504" lon="14.33677">
        <ele>563.7</ele>
      </trkpt>
      <trkpt lat="45.44506" lon="14.33685">
        <ele>564.1</ele>
      </trkpt>
      <trkpt lat="45.4452" lon="14.33715">
        <ele>566.1</ele>
      </trkpt>
      <trkpt lat="45.44532" lon="14.33737">
        <ele>567.6</ele>
      </trkpt>
      <trkpt lat="45.44552" lon="14.33787">
        <ele>569.1</ele>
      </trkpt>
      <trkpt lat="45.44566" lon="14.33827">
        <ele>570.3</ele>
      </trkpt>
      <trkpt lat="45.4457" lon="14.33844">
        <ele>571.2</ele>
      </trkpt>
      <trkpt lat="45.4458" lon="14.33871">
        <ele>573.5</ele>
      </trkpt>
      <trkpt lat="45.44592" lon="14.33903">
        <ele>576.6</ele>
      </trkpt>
      <trkpt lat="45.44606" lon="14.33937">
        <ele>579.0</ele>
      </trkpt>
      <trkpt lat="45.44614" lon="14.3396">
        <ele>579.7</ele>
      </trkpt>
      <trkpt lat="45.44619" lon="14.33982">
        <ele>579.8</ele>
      </trkpt>
      <trkpt lat="45.4462" lon="14.34005">
        <ele>579.4</ele>
      </trkpt>
      <trkpt lat="45.44619" lon="14.34035">
        <ele>578.4</ele>
      </trkpt>
      <trkpt lat="45.44606" lon="14.34124">
        <ele>574.0</ele>
      </trkpt>
      <trkpt lat="45.44593" lon="14.34213">
        <ele>569.7</ele>
      </trkpt>
      <trkpt lat="45.4459" lon="14.34231">
        <ele>568.9</ele>
      </trkpt>
      <trkpt lat="45.4458" lon="14.34276">
        <ele>567.0</ele>
      </trkpt>
      <trkpt lat="45.44547" lon="14.3436">
        <ele>565.7</ele>
      </trkpt>
      <trkpt lat="45.4452" lon="14.34418">
        <ele>566.8</ele>
      </trkpt>
      <trkpt lat="45.44489" lon="14.34475">
        <ele>569.4</ele>
      </trkpt>
      <trkpt lat="45.44451" lon="14.34527">
        <ele>574.8</ele>
      </trkpt>
      <trkpt lat="45.44414" lon="14.34571">
        <ele>577.1</ele>
      </trkpt>
      <trkpt lat="45.44394" lon="14.34602">
        <ele>574.9</ele>
      </trkpt>
      <trkpt lat="45.44373" lon="14.3465">
        <ele>571.6</ele>
      </trkpt>
      <trkpt lat="45.44356" lon="14.34701">
        <ele>568.6</ele>
      </trkpt>
      <trkpt lat="45.44342" lon="14.34756">
        <ele>565.7</ele>
      </trkpt>
      <trkpt lat="45.44323" lon="14.34807">
        <ele>563.4</ele>
      </trkpt>
      <trkpt lat="45.44297" lon="14.34859">
        <ele>559.7</ele>
      </trkpt>
      <trkpt lat="45.44283" lon="14.34882">
        <ele>557.9</ele>
      </trkpt>
      <trkpt lat="45.44273" lon="14.34894">
        <ele>556.9</ele>
      </trkpt>
      <trkpt lat="45.44252" lon="14.34911">
        <ele>555.2</ele>
      </trkpt>
      <trkpt lat="45.44228" lon="14.34927">
        <ele>553.8</ele>
      </trkpt>
      <trkpt lat="45.44193" lon="14.34958">
        <ele>552.5</ele>
      </trkpt>
      <trkpt lat="45.44173" lon="14.34997">
        <ele>552.6</ele>
      </trkpt>
      <trkpt lat="45.44156" lon="14.35061">
        <ele>549.9</ele>
      </trkpt>
      <trkpt lat="45.44149" lon="14.35092">
        <ele>548.7</ele>
      </trkpt>
      <trkpt lat="45.44139" lon="14.35124">
        <ele>548.5</ele>
      </trkpt>
      <trkpt lat="45.44126" lon="14.35151">
        <ele>548.5</ele>
      </trkpt>
      <trkpt lat="45.44093" lon="14.35193">
        <ele>548.0</ele>
      </trkpt>
      <trkpt lat="45.44078" lon="14.35221">
        <ele>547.1</ele>
      </trkpt>
      <trkpt lat="45.44074" lon="14.35251">
        <ele>546.2</ele>
      </trkpt>
      <trkpt lat="45.44074" lon="14.35285">
        <ele>546.6</ele>
      </trkpt>
      <trkpt lat="45.44073" lon="14.35337">
        <ele>546.9</ele>
      </trkpt>
      <trkpt lat="45.44062" lon="14.35381">
        <ele>544.8</ele>
      </trkpt>
      <trkpt lat="45.44053" lon="14.35405">
        <ele>544.0</ele>
      </trkpt>
      <trkpt lat="45.4403" lon="14.35441">
        <ele>543.3</ele>
      </trkpt>
      <trkpt lat="45.43995" lon="14.35477">
        <ele>542.6</ele>
      </trkpt>
      <trkpt lat="45.43982" lon="14.35495">
        <ele>542.1</ele>
      </trkpt>
      <trkpt lat="45.43968" lon="14.35532">
        <ele>541.9</ele>
      </trkpt>
      <trkpt lat="45.43965" lon="14.35553">
        <ele>541.7</ele>
      </trkpt>
      <trkpt lat="45.43955" lon="14.35602">
        <ele>540.8</ele>
      </trkpt>
      <trkpt lat="45.43939" lon="14.35657">
        <ele>539.1</ele>
      </trkpt>
      <trkpt lat="45.43915" lon="14.35694">
        <ele>539.1</ele>
      </trkpt>
      <trkpt lat="45.4388" lon="14.35752">
        <ele>536.9</ele>
      </trkpt>
      <trkpt lat="45.43855" lon="14.35807">
        <ele>533.1</ele>
      </trkpt>
      <trkpt lat="45.4383" lon="14.35862">
        <ele>531.5</ele>
      </trkpt>
      <trkpt lat="45.4381" lon="14.35909">
        <ele>530.2</ele>
      </trkpt>
      <trkpt lat="45.43802" lon="14.35937">
        <ele>530.2</ele>
      </trkpt>
      <trkpt lat="45.438" lon="14.3598">
        <ele>532.2</ele>
      </trkpt>
      <trkpt lat="45.438" lon="14.36017">
        <ele>533.1</ele>
      </trkpt>
      <trkpt lat="45.43798" lon="14.3605">
        <ele>533.0</ele>
      </trkpt>
      <trkpt lat="45.43786" lon="14.36086">
        <ele>533.3</ele>
      </trkpt>
      <trkpt lat="45.43752" lon="14.36153">
        <ele>533.3</ele>
      </trkpt>
      <trkpt lat="45.43716" lon="14.36219">
        <ele>535.7</ele>
      </trkpt>
      <trkpt lat="45.43681" lon="14.36289">
        <ele>539.1</ele>
      </trkpt>
      <trkpt lat="45.43638" lon="14.36355">
        <ele>536.9</ele>
      </trkpt>
      <trkpt lat="45.43616" lon="14.3638">
        <ele>536.4</ele>
      </trkpt>
      <trkpt lat="45.43609" lon="14.36392">
        <ele>536.0</ele>
      </trkpt>
      <trkpt lat="45.43586" lon="14.36451">
        <ele>536.3</ele>
      </trkpt>
      <trkpt lat="45.43551" lon="14.36525">
        <ele>541.1</ele>
      </trkpt>
      <trkpt lat="45.43534" lon="14.36553">
        <ele>542.3</ele>
      </trkpt>
      <trkpt lat="45.43519" lon="14.36576">
        <ele>543.1</ele>
      </trkpt>
      <trkpt lat="45.43473" lon="14.36634">
        <ele>550.6</ele>
      </trkpt>
      <trkpt lat="45.43427" lon="14.36691">
        <ele>550.2</ele>
      </trkpt>
      <trkpt lat="45.4338" lon="14.36749">
        <ele>548.2</ele>
      </trkpt>
      <trkpt lat="45.4337" lon="14.36774">
        <ele>547.7</ele>
      </trkpt>
      <trkpt lat="45.43348" lon="14.36818">
        <ele>546.4</ele>
      </trkpt>
      <trkpt lat="45.43326" lon="14.36853">
        <ele>548.9</ele>
      </trkpt>
      <trkpt lat="45.43307" lon="14.36873">
        <ele>551.4</ele>
      </trkpt>
      <trkpt lat="45.4329" lon="14.36878">
        <ele>550.6</ele>
      </trkpt>
      <trkpt lat="45.43245" lon="14.36874">
        <ele>545.6</ele>
      </trkpt>
      <trkpt lat="45.43216" lon="14.36875">
        <ele>544.2</ele>
      </trkpt>
      <trkpt lat="45.43193" lon="14.36887">
        <ele>543.5</ele>
      </trkpt>
      <trkpt lat="45.43174" lon="14.36903">
        <ele>542.5</ele>
      </trkpt>
      <trkpt lat="45.43137" lon="14.36947">
        <ele>542.5</ele>
      </trkpt>
      <trkpt lat="45.43108" lon="14.36986">
        <ele>542.9</ele>
      </trkpt>
      <trkpt lat="45.43086" lon="14.37036">
        <ele>543.5</ele>
      </trkpt>
      <trkpt lat="45.43071" lon="14.37068">
        <ele>543.2</ele>
      </trkpt>
      <trkpt lat="45.43062" lon="14.37091">
        <ele>542.3</ele>
      </trkpt>
      <trkpt lat="45.43056" lon="14.37116">
        <ele>541.2</ele>
      </trkpt>
      <trkpt lat="45.4305" lon="14.37181">
        <ele>539.3</ele>
      </trkpt>
      <trkpt lat="45.43043" lon="14.37216">
        <ele>537.5</ele>
      </trkpt>
      <trkpt lat="45.43031" lon="14.37247">
        <ele>535.2</ele>
      </trkpt>
      <trkpt lat="45.43012" lon="14.37263">
        <ele>532.2</ele>
      </trkpt>
      <trkpt lat="45.43008" lon="14.37277">
        <ele>531.0</ele>
      </trkpt>
      <trkpt lat="45.42991" lon="14.37286">
        <ele>529.0</ele>
      </trkpt>
      <trkpt lat="45.42945" lon="14.37303">
        <ele>527.1</ele>
      </trkpt>
      <trkpt lat="45.42925" lon="14.37313">
        <ele>526.4</ele>
      </trkpt>
      <trkpt lat="45.42907" lon="14.37323">
        <ele>525.6</ele>
      </trkpt>
      <trkpt lat="45.42889" lon="14.37335">
        <ele>524.4</ele>
      </trkpt>
      <trkpt lat="45.4286" lon="14.37357">
        <ele>522.7</ele>
      </trkpt>
      <trkpt lat="45.42824" lon="14.37389">
        <ele>519.8</ele>
      </trkpt>
      <trkpt lat="45.42804" lon="14.37408">
        <ele>518.7</ele>
      </trkpt>
      <trkpt lat="45.4279" lon="14.37425">
        <ele>518.9</ele>
      </trkpt>
      <trkpt lat="45.4277" lon="14.37445">
        <ele>519.9</ele>
      </trkpt>
      <trkpt lat="45.42748" lon="14.37467">
        <ele>520.6</ele>
      </trkpt>
      <trkpt lat="45.42726" lon="14.37487">
        <ele>519.9</ele>
      </trkpt>
      <trkpt lat="45.42706" lon="14.37508">
        <ele>519.5</ele>
      </trkpt>
      <trkpt lat="45.42689" lon="14.3753">
        <ele>519.8</ele>
      </trkpt>
      <trkpt lat="45.42676" lon="14.37544">
        <ele>519.8</ele>
      </trkpt>
      <trkpt lat="45.42662" lon="14.37557">
        <ele>520.1</ele>
      </trkpt>
      <trkpt lat="45.42644" lon="14.37566">
        <ele>520.9</ele>
      </trkpt>
      <trkpt lat="45.42621" lon="14.37572">
        <ele>521.2</ele>
      </trkpt>
      <trkpt lat="45.426" lon="14.3758">
        <ele>521.8</ele>
      </trkpt>
      <trkpt lat="45.42555" lon="14.3759">
        <ele>520.0</ele>
      </trkpt>
      <trkpt lat="45.42535" lon="14.37597">
        <ele>518.9</ele>
      </trkpt>
      <trkpt lat="45.42514" lon="14.37603">
        <ele>517.6</ele>
      </trkpt>
      <trkpt lat="45.42463" lon="14.37624">
        <ele>517.1</ele>
      </trkpt>
      <trkpt lat="45.42429" lon="14.37644">
        <ele>516.7</ele>
      </trkpt>
      <trkpt lat="45.4238" lon="14.3769">
        <ele>517.4</ele>
      </trkpt>
      <trkpt lat="45.4234" lon="14.37731">
        <ele>516.6</ele>
      </trkpt>
      <trkpt lat="45.42324" lon="14.37743">
        <ele>516.2</ele>
      </trkpt>
      <trkpt lat="45.42309" lon="14.37753">
        <ele>516.0</ele>
      </trkpt>
      <trkpt lat="45.42287" lon="14.3776">
        <ele>516.1</ele>
      </trkpt>
      <trkpt lat="45.42229" lon="14.3776">
        <ele>514.9</ele>
      </trkpt>
      <trkpt lat="45.42206" lon="14.37764">
        <ele>513.5</ele>
      </trkpt>
      <trkpt lat="45.42183" lon="14.37773">
        <ele>512.3</ele>
      </trkpt>
      <trkpt lat="45.42167" lon="14.37782">
        <ele>511.4</ele>
      </trkpt>
      <trkpt lat="45.4214" lon="14.37803">
        <ele>508.8</ele>
      </trkpt>
      <trkpt lat="45.42113" lon="14.37828">
        <ele>506.1</ele>
      </trkpt>
      <trkpt lat="45.42095" lon="14.37839">
        <ele>504.5</ele>
      </trkpt>
      <trkpt lat="45.42071" lon="14.37858">
        <ele>502.8</ele>
      </trkpt>
      <trkpt lat="45.42028" lon="14.37885">
        <ele>499.7</ele>
      </trkpt>
      <trkpt lat="45.41996" lon="14.37909">
        <ele>498.2</ele>
      </trkpt>
      <trkpt lat="45.41955" lon="14.37943">
        <ele>498.8</ele>
      </trkpt>
      <trkpt lat="45.41913" lon="14.37976">
        <ele>497.4</ele>
      </trkpt>
      <trkpt lat="45.41871" lon="14.3801">
        <ele>497.0</ele>
      </trkpt>
      <trkpt lat="45.41828" lon="14.38041">
        <ele>495.6</ele>
      </trkpt>
      <trkpt lat="45.41784" lon="14.38072">
        <ele>493.5</ele>
      </trkpt>
      <trkpt lat="45.41737" lon="14.38098">
        <ele>491.7</ele>
      </trkpt>
      <trkpt lat="45.41691" lon="14.38115">
        <ele>490.1</ele>
      </trkpt>
      <trkpt lat="45.41649" lon="14.38135">
        <ele>489.6</ele>
      </trkpt>
      <trkpt lat="45.41618" lon="14.38151">
        <ele>490.5</ele>
      </trkpt>
      <trkpt lat="45.41593" lon="14.38162">
        <ele>490.9</ele>
      </trkpt>
      <trkpt lat="45.41536" lon="14.38179">
        <ele>491.2</ele>
      </trkpt>
      <trkpt lat="45.41506" lon="14.3819">
        <ele>490.4</ele>
      </trkpt>
      <trkpt lat="45.41454" lon="14.38223">
        <ele>486.5</ele>
      </trkpt>
      <trkpt lat="45.41401" lon="14.38256">
        <ele>483.7</ele>
      </trkpt>
      <trkpt lat="45.41339" lon="14.38301">
        <ele>481.6</ele>
      </trkpt>
      <trkpt lat="45.41308" lon="14.38322">
        <ele>479.8</ele>
      </trkpt>
      <trkpt lat="45.41281" lon="14.38338">
        <ele>478.1</ele>
      </trkpt>
      <trkpt lat="45.41228" lon="14.38358">
        <ele>476.3</ele>
      </trkpt>
      <trkpt lat="45.41174" lon="14.38379">
        <ele>475.1</ele>
      </trkpt>
      <trkpt lat="45.41135" lon="14.38398">
        <ele>473.7</ele>
      </trkpt>
      <trkpt lat="45.41112" lon="14.38412">
        <ele>472.4</ele>
      </trkpt>
      <trkpt lat="45.4104" lon="14.38468">
        <ele>470.8</ele>
      </trkpt>
      <trkpt lat="45.41005" lon="14.38489">
        <ele>470.4</ele>
      </trkpt>
      <trkpt lat="45.40989" lon="14.38498">
        <ele>470.3</ele>
      </trkpt>
      <trkpt lat="45.40977" lon="14.38502">
        <ele>470.5</ele>
      </trkpt>
      <trkpt lat="45.40948" lon="14.38509">
        <ele>470.9</ele>
      </trkpt>
      <trkpt lat="45.40929" lon="14.38511">
        <ele>471.2</ele>
      </trkpt>
      <trkpt lat="45.40844" lon="14.3851">
        <ele>467.6</ele>
      </trkpt>
      <trkpt lat="45.40798" lon="14.38511">
        <ele>464.9</ele>
      </trkpt>
      <trkpt lat="45.40755" lon="14.3852">
        <ele>461.7</ele>
      </trkpt>
      <trkpt lat="45.40707" lon="14.38535">
        <ele>460.9</ele>
      </trkpt>
      <trkpt lat="45.40669" lon="14.38554">
        <ele>461.0</ele>
      </trkpt>
      <trkpt lat="45.40635" lon="14.38573">
        <ele>460.2</ele>
      </trkpt>
      <trkpt lat="45.40592" lon="14.38599">
        <ele>461.5</ele>
      </trkpt>
      <trkpt lat="45.40549" lon="14.38625">
        <ele>463.5</ele>
      </trkpt>
      <trkpt lat="45.40528" lon="14.38639">
        <ele>463.3</ele>
      </trkpt>
      <trkpt lat="45.40506" lon="14.38656">
        <ele>462.4</ele>
      </trkpt>
      <trkpt lat="45.40493" lon="14.38668">
        <ele>461.8</ele>
      </trkpt>
      <trkpt lat="45.4048" lon="14.38681">
        <ele>461.1</ele>
      </trkpt>
      <trkpt lat="45.40452" lon="14.38695">
        <ele>459.5</ele>
      </trkpt>
      <trkpt lat="45.40446" lon="14.38696">
        <ele>459.2</ele>
      </trkpt>
      <trkpt lat="45.4044" lon="14.38694">
        <ele>459.1</ele>
      </trkpt>
      <trkpt lat="45.40436" lon="14.3869">
        <ele>459.1</ele>
      </trkpt>
      <trkpt lat="45.40428" lon="14.38685">
        <ele>459.1</ele>
      </trkpt>
      <trkpt lat="45.40411" lon="14.38681">
        <ele>459.0</ele>
      </trkpt>
      <trkpt lat="45.40401" lon="14.38681">
        <ele>458.9</ele>
      </trkpt>
      <trkpt lat="45.40349" lon="14.38692">
        <ele>457.9</ele>
      </trkpt>
      <trkpt lat="45.40332" lon="14.38699">
        <ele>457.3</ele>
      </trkpt>
      <trkpt lat="45.40316" lon="14.38708">
        <ele>456.8</ele>
      </trkpt>
      <trkpt lat="45.40239" lon="14.38764">
        <ele>453.2</ele>
      </trkpt>
      <trkpt lat="45.40221" lon="14.38779">
        <ele>451.0</ele>
      </trkpt>
      <trkpt lat="45.40203" lon="14.38796">
        <ele>449.0</ele>
      </trkpt>
      <trkpt lat="45.40188" lon="14.38812">
        <ele>447.5</ele>
      </trkpt>
      <trkpt lat="45.40175" lon="14.38832">
        <ele>446.3</ele>
      </trkpt>
      <trkpt lat="45.40163" lon="14.38853">
        <ele>445.3</ele>
      </trkpt>
      <trkpt lat="45.40146" lon="14.38893">
        <ele>443.4</ele>
      </trkpt>
      <trkpt lat="45.40135" lon="14.38932">
        <ele>440.7</ele>
      </trkpt>
      <trkpt lat="45.40132" lon="14.38955">
        <ele>439.3</ele>
      </trkpt>
      <trkpt lat="45.4013" lon="14.38967">
        <ele>438.5</ele>
      </trkpt>
      <trkpt lat="45.4013" lon="14.38984">
        <ele>437.5</ele>
      </trkpt>
      <trkpt lat="45.40129" lon="14.39073">
        <ele>432.0</ele>
      </trkpt>
      <trkpt lat="45.40128" lon="14.39089">
        <ele>431.6</ele>
      </trkpt>
      <trkpt lat="45.40123" lon="14.39113">
        <ele>433.6</ele>
      </trkpt>
      <trkpt lat="45.40116" lon="14.39129">
        <ele>435.0</ele>
      </trkpt>
      <trkpt lat="45.40109" lon="14.3914">
        <ele>436.0</ele>
      </trkpt>
      <trkpt lat="45.40102" lon="14.3915">
        <ele>437.0</ele>
      </trkpt>
      <trkpt lat="45.40092" lon="14.39157">
        <ele>437.8</ele>
      </trkpt>
      <trkpt lat="45.40042" lon="14.39182">
        <ele>438.2</ele>
      </trkpt>
      <trkpt lat="45.40034" lon="14.3919">
        <ele>438.6</ele>
      </trkpt>
      <trkpt lat="45.40025" lon="14.39205">
        <ele>439.7</ele>
      </trkpt>
      <trkpt lat="45.40001" lon="14.39279">
        <ele>445.0</ele>
      </trkpt>
      <trkpt lat="45.39992" lon="14.39302">
        <ele>445.3</ele>
      </trkpt>
      <trkpt lat="45.39985" lon="14.39316">
        <ele>445.4</ele>
      </trkpt>
      <trkpt lat="45.39957" lon="14.39347">
        <ele>444.9</ele>
      </trkpt>
      <trkpt lat="45.39933" lon="14.39376">
        <ele>444.8</ele>
      </trkpt>
      <trkpt lat="45.3992" lon="14.39396">
        <ele>445.1</ele>
      </trkpt>
      <trkpt lat="45.39909" lon="14.39419">
        <ele>445.2</ele>
      </trkpt>
      <trkpt lat="45.39894" lon="14.39457">
        <ele>443.7</ele>
      </trkpt>
      <trkpt lat="45.39887" lon="14.39476">
        <ele>443.0</ele>
      </trkpt>
      <trkpt lat="45.39868" lon="14.39518">
        <ele>442.4</ele>
      </trkpt>
      <trkpt lat="45.39855" lon="14.39542">
        <ele>442.8</ele>
      </trkpt>
      <trkpt lat="45.398" lon="14.39631">
        <ele>444.7</ele>
      </trkpt>
      <trkpt lat="45.3977" lon="14.39674">
        <ele>442.5</ele>
      </trkpt>
      <trkpt lat="45.39729" lon="14.39727">
        <ele>442.0</ele>
      </trkpt>
      <trkpt lat="45.39689" lon="14.3978">
        <ele>442.3</ele>
      </trkpt>
      <trkpt lat="45.39668" lon="14.39806">
        <ele>443.5</ele>
      </trkpt>
      <trkpt lat="45.39645" lon="14.39828">
        <ele>443.6</ele>
      </trkpt>
      <trkpt lat="45.39617" lon="14.39849">
        <ele>441.9</ele>
      </trkpt>
      <trkpt lat="45.39603" lon="14.39863">
        <ele>441.5</ele>
      </trkpt>
      <trkpt lat="45.39591" lon="14.39877">
        <ele>441.6</ele>
      </trkpt>
      <trkpt lat="45.39551" lon="14.39933">
        <ele>442.5</ele>
      </trkpt>
      <trkpt lat="45.39541" lon="14.39943">
        <ele>442.4</ele>
      </trkpt>
      <trkpt lat="45.39528" lon="14.39952">
        <ele>441.8</ele>
      </trkpt>
      <trkpt lat="45.39485" lon="14.39974">
        <ele>439.7</ele>
      </trkpt>
      <trkpt lat="45.39471" lon="14.39982">
        <ele>439.2</ele>
      </trkpt>
      <trkpt lat="45.3946" lon="14.39991">
        <ele>439.1</ele>
      </trkpt>
      <trkpt lat="45.39418" lon="14.40033">
        <ele>437.9</ele>
      </trkpt>
      <trkpt lat="45.39377" lon="14.40076">
        <ele>436.3</ele>
      </trkpt>
      <trkpt lat="45.39337" lon="14.40118">
        <ele>433.6</ele>
      </trkpt>
      <trkpt lat="45.39318" lon="14.4014">
        <ele>432.4</ele>
      </trkpt>
      <trkpt lat="45.39301" lon="14.40162">
        <ele>431.5</ele>
      </trkpt>
      <trkpt lat="45.39286" lon="14.40178">
        <ele>430.4</ele>
      </trkpt>
      <trkpt lat="45.39271" lon="14.40191">
        <ele>429.2</ele>
      </trkpt>
      <trkpt lat="45.39263" lon="14.40201">
        <ele>428.8</ele>
      </trkpt>
      <trkpt lat="45.39255" lon="14.40218">
        <ele>428.7</ele>
      </trkpt>
      <trkpt lat="45.39253" lon="14.40226">
        <ele>429.0</ele>
      </trkpt>
      <trkpt lat="45.39252" lon="14.40236">
        <ele>429.4</ele>
      </trkpt>
      <trkpt lat="45.39255" lon="14.40307">
        <ele>431.5</ele>
      </trkpt>
      <trkpt lat="45.39255" lon="14.40342">
        <ele>433.2</ele>
      </trkpt>
      <trkpt lat="45.39253" lon="14.40359">
        <ele>435.5</ele>
      </trkpt>
      <trkpt lat="45.39248" lon="14.40374">
        <ele>436.9</ele>
      </trkpt>
      <trkpt lat="45.39245" lon="14.4038">
        <ele>437.2</ele>
      </trkpt>
      <trkpt lat="45.39245" lon="14.4038">
        <ele>437.2</ele>
      </trkpt>
      <trkpt lat="45.39247" lon="14.40377">
        <ele>437.2</ele>
      </trkpt>
      <trkpt lat="45.39248" lon="14.40382">
        <ele>438.2</ele>
      </trkpt>
      <trkpt lat="45.39249" lon="14.40388">
        <ele>439.3</ele>
      </trkpt>
      <trkpt lat="45.39247" lon="14.40391">
        <ele>439.4</ele>
      </trkpt>
      <trkpt lat="45.3924" lon="14.40401">
        <ele>439.4</ele>
      </trkpt>
      <trkpt lat="45.39223" lon="14.40431">
        <ele>439.5</ele>
      </trkpt>
      <trkpt lat="45.39212" lon="14.40457">
        <ele>440.5</ele>
      </trkpt>
      <trkpt lat="45.39198" lon="14.40482">
        <ele>441.5</ele>
      </trkpt>
      <trkpt lat="45.39164" lon="14.40526">
        <ele>441.2</ele>
      </trkpt>
      <trkpt lat="45.39156" lon="14.40539">
        <ele>441.0</ele>
      </trkpt>
      <trkpt lat="45.39149" lon="14.40557">
        <ele>441.4</ele>
      </trkpt>
      <trkpt lat="45.39141" lon="14.40581">
        <ele>442.4</ele>
      </trkpt>
      <trkpt lat="45.39136" lon="14.40605">
        <ele>441.4</ele>
      </trkpt>
      <trkpt lat="45.39135" lon="14.40628">
        <ele>440.6</ele>
      </trkpt>
      <trkpt lat="45.39138" lon="14.40656">
        <ele>439.9</ele>
      </trkpt>
      <trkpt lat="45.39134" lon="14.40677">
        <ele>438.9</ele>
      </trkpt>
      <trkpt lat="45.39131" lon="14.40689">
        <ele>438.2</ele>
      </trkpt>
      <trkpt lat="45.39125" lon="14.40701">
        <ele>437.3</ele>
      </trkpt>
      <trkpt lat="45.39112" lon="14.40733">
        <ele>435.3</ele>
      </trkpt>
      <trkpt lat="45.391" lon="14.40777">
        <ele>433.4</ele>
      </trkpt>
      <trkpt lat="45.39123" lon="14.40819">
        <ele>434.1</ele>
      </trkpt>
      <trkpt lat="45.39131" lon="14.40834">
        <ele>434.5</ele>
      </trkpt>
      <trkpt lat="45.39137" lon="14.40855">
        <ele>437.0</ele>
      </trkpt>
      <trkpt lat="45.3914" lon="14.40872">
        <ele>439.0</ele>
      </trkpt>
      <trkpt lat="45.39142" lon="14.40892">
        <ele>441.3</ele>
      </trkpt>
      <trkpt lat="45.39144" lon="14.40913">
        <ele>443.8</ele>
      </trkpt>
      <trkpt lat="45.39146" lon="14.40927">
        <ele>445.8</ele>
      </trkpt>
      <trkpt lat="45.39144" lon="14.40942">
        <ele>447.3</ele>
      </trkpt>
      <trkpt lat="45.39108" lon="14.40976">
        <ele>447.1</ele>
      </trkpt>
      <trkpt lat="45.39092" lon="14.4099">
        <ele>447.3</ele>
      </trkpt>
      <trkpt lat="45.39085" lon="14.40998">
        <ele>447.8</ele>
      </trkpt>
      <trkpt lat="45.39074" lon="14.4102">
        <ele>447.6</ele>
      </trkpt>
      <trkpt lat="45.39062" lon="14.4104">
        <ele>447.2</ele>
      </trkpt>
      <trkpt lat="45.39048" lon="14.41061">
        <ele>447.1</ele>
      </trkpt>
      <trkpt lat="45.39039" lon="14.41069">
        <ele>446.8</ele>
      </trkpt>
      <trkpt lat="45.39027" lon="14.41073">
        <ele>446.2</ele>
      </trkpt>
      <trkpt lat="45.39011" lon="14.41071">
        <ele>444.7</ele>
      </trkpt>
      <trkpt lat="45.38998" lon="14.41111">
        <ele>447.5</ele>
      </trkpt>
      <trkpt lat="45.38969" lon="14.41154">
        <ele>449.4</ele>
      </trkpt>
      <trkpt lat="45.38948" lon="14.41179">
        <ele>450.9</ele>
      </trkpt>
      <trkpt lat="45.38937" lon="14.41193">
        <ele>452.1</ele>
      </trkpt>
      <trkpt lat="45.38926" lon="14.41213">
        <ele>454.2</ele>
      </trkpt>
      <trkpt lat="45.38918" lon="14.41229">
        <ele>456.1</ele>
      </trkpt>
      <trkpt lat="45.38911" lon="14.41252">
        <ele>458.4</ele>
      </trkpt>
      <trkpt lat="45.38905" lon="14.41276">
        <ele>460.6</ele>
      </trkpt>
      <trkpt lat="45.38889" lon="14.41352">
        <ele>466.6</ele>
      </trkpt>
      <trkpt lat="45.38882" lon="14.41393">
        <ele>469.1</ele>
      </trkpt>
      <trkpt lat="45.38879" lon="14.41401">
        <ele>469.5</ele>
      </trkpt>
      <trkpt lat="45.38876" lon="14.41408">
        <ele>469.8</ele>
      </trkpt>
      <trkpt lat="45.38871" lon="14.41417">
        <ele>470.1</ele>
      </trkpt>
      <trkpt lat="45.38861" lon="14.41431">
        <ele>471.3</ele>
      </trkpt>
      <trkpt lat="45.38844" lon="14.41447">
        <ele>472.6</ele>
      </trkpt>
      <trkpt lat="45.38822" lon="14.41466">
        <ele>475.3</ele>
      </trkpt>
      <trkpt lat="45.38815" lon="14.41475">
        <ele>476.9</ele>
      </trkpt>
      <trkpt lat="45.38795" lon="14.41509">
        <ele>483.0</ele>
      </trkpt>
      <trkpt lat="45.38786" lon="14.4153">
        <ele>485.3</ele>
      </trkpt>
      <trkpt lat="45.3878" lon="14.41546">
        <ele>487.1</ele>
      </trkpt>
      <trkpt lat="45.38777" lon="14.4157">
        <ele>489.9</ele>
      </trkpt>
      <trkpt lat="45.3877" lon="14.41671">
        <ele>490.0</ele>
      </trkpt>
      <trkpt lat="45.38771" lon="14.41688">
        <ele>488.8</ele>
      </trkpt>
      <trkpt lat="45.38773" lon="14.41696">
        <ele>488.1</ele>
      </trkpt>
      <trkpt lat="45.38781" lon="14.41715">
        <ele>486.1</ele>
      </trkpt>
      <trkpt lat="45.38795" lon="14.41726">
        <ele>483.8</ele>
      </trkpt>
      <trkpt lat="45.38808" lon="14.4173">
        <ele>482.2</ele>
      </trkpt>
      <trkpt lat="45.38867" lon="14.41737">
        <ele>480.7</ele>
      </trkpt>
      <trkpt lat="45.3888" lon="14.41742">
        <ele>480.9</ele>
      </trkpt>
      <trkpt lat="45.38892" lon="14.41749">
        <ele>480.6</ele>
      </trkpt>
      <trkpt lat="45.38923" lon="14.41776">
        <ele>475.1</ele>
      </trkpt>
      <trkpt lat="45.38947" lon="14.418">
        <ele>472.2</ele>
      </trkpt>
      <trkpt lat="45.38994" lon="14.41861">
        <ele>465.0</ele>
      </trkpt>
      <trkpt lat="45.3901" lon="14.41877">
        <ele>462.4</ele>
      </trkpt>
      <trkpt lat="45.39019" lon="14.41883">
        <ele>461.5</ele>
      </trkpt>
      <trkpt lat="45.39028" lon="14.41887">
        <ele>461.1</ele>
      </trkpt>
      <trkpt lat="45.39063" lon="14.41898">
        <ele>460.8</ele>
      </trkpt>
      <trkpt lat="45.39119" lon="14.41908">
        <ele>454.7</ele>
      </trkpt>
      <trkpt lat="45.3915" lon="14.41908">
        <ele>450.9</ele>
      </trkpt>
      <trkpt lat="45.39161" lon="14.41907">
        <ele>449.8</ele>
      </trkpt>
      <trkpt lat="45.3918" lon="14.41895">
        <ele>451.0</ele>
      </trkpt>
      <trkpt lat="45.39185" lon="14.41888">
        <ele>452.4</ele>
      </trkpt>
      <trkpt lat="45.39186" lon="14.41882">
        <ele>454.2</ele>
      </trkpt>
      <trkpt lat="45.39187" lon="14.4185">
        <ele>464.1</ele>
      </trkpt>
      <trkpt lat="45.39189" lon="14.41834">
        <ele>468.8</ele>
      </trkpt>
      <trkpt lat="45.39191" lon="14.41825">
        <ele>470.4</ele>
      </trkpt>
      <trkpt lat="45.39195" lon="14.41817">
        <ele>471.4</ele>
      </trkpt>
      <trkpt lat="45.39201" lon="14.41807">
        <ele>472.6</ele>
      </trkpt>
      <trkpt lat="45.39206" lon="14.41802">
        <ele>472.8</ele>
      </trkpt>
      <trkpt lat="45.39213" lon="14.418">
        <ele>472.1</ele>
      </trkpt>
      <trkpt lat="45.39218" lon="14.41802">
        <ele>470.8</ele>
      </trkpt>
      <trkpt lat="45.39222" lon="14.41804">
        <ele>469.7</ele>
      </trkpt>
      <trkpt lat="45.39228" lon="14.41816">
        <ele>466.0</ele>
      </trkpt>
      <trkpt lat="45.39235" lon="14.41853">
        <ele>454.9</ele>
      </trkpt>
      <trkpt lat="45.39239" lon="14.41861">
        <ele>451.9</ele>
      </trkpt>
      <trkpt lat="45.39243" lon="14.41865">
        <ele>450.0</ele>
      </trkpt>
      <trkpt lat="45.3925" lon="14.41867">
        <ele>448.3</ele>
      </trkpt>
      <trkpt lat="45.3926" lon="14.41867">
        <ele>446.8</ele>
      </trkpt>
      <trkpt lat="45.39275" lon="14.41865">
        <ele>445.1</ele>
      </trkpt>
      <trkpt lat="45.39301" lon="14.41859">
        <ele>443.4</ele>
      </trkpt>
      <trkpt lat="45.39308" lon="14.41859">
        <ele>442.5</ele>
      </trkpt>
      <trkpt lat="45.39316" lon="14.41854">
        <ele>443.3</ele>
      </trkpt>
      <trkpt lat="45.39349" lon="14.41835">
        <ele>446.3</ele>
      </trkpt>
      <trkpt lat="45.3936" lon="14.41832">
        <ele>445.4</ele>
      </trkpt>
      <trkpt lat="45.39408" lon="14.41827">
        <ele>438.4</ele>
      </trkpt>
      <trkpt lat="45.39419" lon="14.41823">
        <ele>438.1</ele>
      </trkpt>
      <trkpt lat="45.39451" lon="14.41803">
        <ele>440.7</ele>
      </trkpt>
      <trkpt lat="45.39478" lon="14.41789">
        <ele>441.1</ele>
      </trkpt>
      <trkpt lat="45.39486" lon="14.41787">
        <ele>440.2</ele>
      </trkpt>
      <trkpt lat="45.39496" lon="14.41786">
        <ele>438.6</ele>
      </trkpt>
      <trkpt lat="45.39509" lon="14.41789">
        <ele>434.6</ele>
      </trkpt>
      <trkpt lat="45.39518" lon="14.41789">
        <ele>432.7</ele>
      </trkpt>
      <trkpt lat="45.39525" lon="14.41789">
        <ele>431.2</ele>
      </trkpt>
      <trkpt lat="45.39532" lon="14.41787">
        <ele>430.5</ele>
      </trkpt>
      <trkpt lat="45.3954" lon="14.41783">
        <ele>430.2</ele>
      </trkpt>
      <trkpt lat="45.39574" lon="14.41756">
        <ele>431.4</ele>
      </trkpt>
      <trkpt lat="45.39596" lon="14.41734">
        <ele>433.7</ele>
      </trkpt>
      <trkpt lat="45.39603" lon="14.41728">
        <ele>434.0</ele>
      </trkpt>
      <trkpt lat="45.39614" lon="14.41722">
        <ele>433.1</ele>
      </trkpt>
      <trkpt lat="45.39664" lon="14.41707">
        <ele>423.6</ele>
      </trkpt>
      <trkpt lat="45.39698" lon="14.4169">
        <ele>420.3</ele>
      </trkpt>
      <trkpt lat="45.39716" lon="14.41675">
        <ele>419.6</ele>
      </trkpt>
      <trkpt lat="45.3974" lon="14.41647">
        <ele>419.0</ele>
      </trkpt>
      <trkpt lat="45.3976" lon="14.41616">
        <ele>418.1</ele>
      </trkpt>
      <trkpt lat="45.39773" lon="14.41588">
        <ele>418.7</ele>
      </trkpt>
      <trkpt lat="45.39791" lon="14.41551">
        <ele>422.6</ele>
      </trkpt>
      <trkpt lat="45.39798" lon="14.41549">
        <ele>420.6</ele>
      </trkpt>
      <trkpt lat="45.39811" lon="14.41549">
        <ele>415.9</ele>
      </trkpt>
      <trkpt lat="45.39816" lon="14.41546">
        <ele>414.7</ele>
      </trkpt>
      <trkpt lat="45.3982" lon="14.41538">
        <ele>414.8</ele>
      </trkpt>
      <trkpt lat="45.39829" lon="14.41496">
        <ele>419.6</ele>
      </trkpt>
      <trkpt lat="45.39832" lon="14.41489">
        <ele>420.8</ele>
      </trkpt>
      <trkpt lat="45.39838" lon="14.41486">
        <ele>420.5</ele>
      </trkpt>
      <trkpt lat="45.39843" lon="14.41484">
        <ele>420.2</ele>
      </trkpt>
      <trkpt lat="45.39846" lon="14.41486">
        <ele>418.9</ele>
      </trkpt>
      <trkpt lat="45.39852" lon="14.41493">
        <ele>415.3</ele>
      </trkpt>
      <trkpt lat="45.39853" lon="14.41498">
        <ele>413.4</ele>
      </trkpt>
      <trkpt lat="45.39854" lon="14.41508">
        <ele>411.0</ele>
      </trkpt>
      <trkpt lat="45.39853" lon="14.41514">
        <ele>410.0</ele>
      </trkpt>
      <trkpt lat="45.3985" lon="14.41521">
        <ele>409.3</ele>
      </trkpt>
      <trkpt lat="45.39837" lon="14.41562">
        <ele>404.7</ele>
      </trkpt>
      <trkpt lat="45.39832" lon="14.41567">
        <ele>405.2</ele>
      </trkpt>
      <trkpt lat="45.39813" lon="14.41575">
        <ele>409.6</ele>
      </trkpt>
      <trkpt lat="45.39806" lon="14.41579">
        <ele>410.9</ele>
      </trkpt>
      <trkpt lat="45.39802" lon="14.41585">
        <ele>410.8</ele>
      </trkpt>
      <trkpt lat="45.39795" lon="14.41612">
        <ele>408.9</ele>
      </trkpt>
      <trkpt lat="45.3979" lon="14.41627">
        <ele>408.2</ele>
      </trkpt>
      <trkpt lat="45.39784" lon="14.41657">
        <ele>405.4</ele>
      </trkpt>
      <trkpt lat="45.3978" lon="14.41685">
        <ele>400.7</ele>
      </trkpt>
      <trkpt lat="45.39775" lon="14.417">
        <ele>398.6</ele>
      </trkpt>
      <trkpt lat="45.3977" lon="14.41712">
        <ele>397.4</ele>
      </trkpt>
      <trkpt lat="45.39756" lon="14.4173">
        <ele>398.1</ele>
      </trkpt>
      <trkpt lat="45.39741" lon="14.41753">
        <ele>396.7</ele>
      </trkpt>
      <trkpt lat="45.39732" lon="14.41769">
        <ele>393.3</ele>
      </trkpt>
      <trkpt lat="45.39706" lon="14.41799">
        <ele>388.6</ele>
      </trkpt>
      <trkpt lat="45.39691" lon="14.41824">
        <ele>383.5</ele>
      </trkpt>
      <trkpt lat="45.39682" lon="14.41845">
        <ele>378.9</ele>
      </trkpt>
      <trkpt lat="45.39677" lon="14.4185">
        <ele>378.4</ele>
      </trkpt>
      <trkpt lat="45.39671" lon="14.41852">
        <ele>379.0</ele>
      </trkpt>
      <trkpt lat="45.39663" lon="14.41849">
        <ele>381.6</ele>
      </trkpt>
      <trkpt lat="45.39644" lon="14.4183">
        <ele>391.5</ele>
      </trkpt>
      <trkpt lat="45.39637" lon="14.41827">
        <ele>394.1</ele>
      </trkpt>
      <trkpt lat="45.39628" lon="14.41828">
        <ele>395.9</ele>
      </trkpt>
      <trkpt lat="45.39621" lon="14.41834">
        <ele>395.8</ele>
      </trkpt>
      <trkpt lat="45.3961" lon="14.41849">
        <ele>394.8</ele>
      </trkpt>
      <trkpt lat="45.39604" lon="14.4186">
        <ele>393.6</ele>
      </trkpt>
      <trkpt lat="45.39599" lon="14.41876">
        <ele>391.1</ele>
      </trkpt>
      <trkpt lat="45.39594" lon="14.41915">
        <ele>383.3</ele>
      </trkpt>
      <trkpt lat="45.39593" lon="14.41937">
        <ele>376.7</ele>
      </trkpt>
      <trkpt lat="45.3959" lon="14.4195">
        <ele>373.4</ele>
      </trkpt>
      <trkpt lat="45.39583" lon="14.41964">
        <ele>370.7</ele>
      </trkpt>
      <trkpt lat="45.39573" lon="14.41971">
        <ele>370.2</ele>
      </trkpt>
      <trkpt lat="45.3956" lon="14.41969">
        <ele>373.2</ele>
      </trkpt>
      <trkpt lat="45.39546" lon="14.41963">
        <ele>377.6</ele>
      </trkpt>
      <trkpt lat="45.39537" lon="14.41964">
        <ele>378.8</ele>
      </trkpt>
      <trkpt lat="45.39525" lon="14.41971">
        <ele>378.9</ele>
      </trkpt>
      <trkpt lat="45.39519" lon="14.41971">
        <ele>379.9</ele>
      </trkpt>
      <trkpt lat="45.39513" lon="14.41969">
        <ele>381.6</ele>
      </trkpt>
      <trkpt lat="45.39495" lon="14.41945">
        <ele>391.3</ele>
      </trkpt>
      <trkpt lat="45.3949" lon="14.41944">
        <ele>392.0</ele>
      </trkpt>
      <trkpt lat="45.39487" lon="14.41947">
        <ele>391.4</ele>
      </trkpt>
      <trkpt lat="45.39485" lon="14.41953">
        <ele>389.8</ele>
      </trkpt>
      <trkpt lat="45.39485" lon="14.41971">
        <ele>384.6</ele>
      </trkpt>
      <trkpt lat="45.39483" lon="14.42003">
        <ele>375.4</ele>
      </trkpt>
      <trkpt lat="45.39481" lon="14.42014">
        <ele>372.0</ele>
      </trkpt>
      <trkpt lat="45.39473" lon="14.42028">
        <ele>368.3</ele>
      </trkpt>
      <trkpt lat="45.39466" lon="14.42032">
        <ele>367.8</ele>
      </trkpt>
      <trkpt lat="45.39452" lon="14.42036">
        <ele>368.2</ele>
      </trkpt>
      <trkpt lat="45.39441" lon="14.42037">
        <ele>369.3</ele>
      </trkpt>
      <trkpt lat="45.39414" lon="14.4203">
        <ele>374.4</ele>
      </trkpt>
      <trkpt lat="45.39394" lon="14.42019">
        <ele>379.7</ele>
      </trkpt>
      <trkpt lat="45.39386" lon="14.42017">
        <ele>381.1</ele>
      </trkpt>
      <trkpt lat="45.39378" lon="14.42017">
        <ele>382.1</ele>
      </trkpt>
      <trkpt lat="45.39341" lon="14.42027">
        <ele>384.2</ele>
      </trkpt>
      <trkpt lat="45.39332" lon="14.42033">
        <ele>384.1</ele>
      </trkpt>
      <trkpt lat="45.39325" lon="14.42039">
        <ele>384.1</ele>
      </trkpt>
      <trkpt lat="45.39323" lon="14.42045">
        <ele>383.1</ele>
      </trkpt>
      <trkpt lat="45.39323" lon="14.42054">
        <ele>381.2</ele>
      </trkpt>
      <trkpt lat="45.39324" lon="14.42064">
        <ele>378.9</ele>
      </trkpt>
      <trkpt lat="45.39328" lon="14.42078">
        <ele>375.2</ele>
      </trkpt>
      <trkpt lat="45.39343" lon="14.42114">
        <ele>366.4</ele>
      </trkpt>
      <trkpt lat="45.39349" lon="14.42134">
        <ele>361.7</ele>
      </trkpt>
      <trkpt lat="45.3935" lon="14.42148">
        <ele>359.1</ele>
      </trkpt>
      <trkpt lat="45.39348" lon="14.42158">
        <ele>357.8</ele>
      </trkpt>
      <trkpt lat="45.39344" lon="14.42165">
        <ele>357.6</ele>
      </trkpt>
      <trkpt lat="45.39324" lon="14.42176">
        <ele>358.5</ele>
      </trkpt>
      <trkpt lat="45.39317" lon="14.42182">
        <ele>357.7</ele>
      </trkpt>
      <trkpt lat="45.39309" lon="14.42192">
        <ele>355.9</ele>
      </trkpt>
      <trkpt lat="45.39303" lon="14.42209">
        <ele>352.1</ele>
      </trkpt>
      <trkpt lat="45.39293" lon="14.42242">
        <ele>344.5</ele>
      </trkpt>
      <trkpt lat="45.39282" lon="14.42263">
        <ele>340.5</ele>
      </trkpt>
      <trkpt lat="45.39276" lon="14.42271">
        <ele>339.3</ele>
      </trkpt>
      <trkpt lat="45.39271" lon="14.42272">
        <ele>339.6</ele>
      </trkpt>
      <trkpt lat="45.3926" lon="14.42271">
        <ele>341.1</ele>
      </trkpt>
      <trkpt lat="45.39245" lon="14.42264">
        <ele>343.6</ele>
      </trkpt>
      <trkpt lat="45.39239" lon="14.42258">
        <ele>344.7</ele>
      </trkpt>
      <trkpt lat="45.3923" lon="14.42243">
        <ele>348.2</ele>
      </trkpt>
      <trkpt lat="45.39222" lon="14.42233">
        <ele>350.6</ele>
      </trkpt>
      <trkpt lat="45.39214" lon="14.42228">
        <ele>351.7</ele>
      </trkpt>
      <trkpt lat="45.39206" lon="14.42228">
        <ele>351.5</ele>
      </trkpt>
      <trkpt lat="45.39198" lon="14.42232">
        <ele>350.1</ele>
      </trkpt>
      <trkpt lat="45.39177" lon="14.4225">
        <ele>344.4</ele>
      </trkpt>
      <trkpt lat="45.39166" lon="14.42275">
        <ele>337.1</ele>
      </trkpt>
      <trkpt lat="45.39158" lon="14.42298">
        <ele>331.2</ele>
      </trkpt>
      <trkpt lat="45.39154" lon="14.42307">
        <ele>329.2</ele>
      </trkpt>
      <trkpt lat="45.39146" lon="14.42313">
        <ele>328.2</ele>
      </trkpt>
      <trkpt lat="45.39129" lon="14.42317">
        <ele>328.7</ele>
      </trkpt>
      <trkpt lat="45.39111" lon="14.42318">
        <ele>330.0</ele>
      </trkpt>
      <trkpt lat="45.39104" lon="14.42314">
        <ele>331.4</ele>
      </trkpt>
      <trkpt lat="45.39092" lon="14.42301">
        <ele>334.5</ele>
      </trkpt>
      <trkpt lat="45.39073" lon="14.42276">
        <ele>340.1</ele>
      </trkpt>
      <trkpt lat="45.39064" lon="14.42259">
        <ele>342.8</ele>
      </trkpt>
      <trkpt lat="45.39059" lon="14.42255">
        <ele>343.4</ele>
      </trkpt>
      <trkpt lat="45.39053" lon="14.42253">
        <ele>343.9</ele>
      </trkpt>
      <trkpt lat="45.39041" lon="14.42252">
        <ele>344.5</ele>
      </trkpt>
      <trkpt lat="45.39021" lon="14.42253">
        <ele>345.3</ele>
      </trkpt>
      <trkpt lat="45.38992" lon="14.42247">
        <ele>349.5</ele>
      </trkpt>
      <trkpt lat="45.38985" lon="14.42252">
        <ele>351.6</ele>
      </trkpt>
      <trkpt lat="45.38982" lon="14.42258">
        <ele>353.1</ele>
      </trkpt>
      <trkpt lat="45.38982" lon="14.42268">
        <ele>353.8</ele>
      </trkpt>
      <trkpt lat="45.38986" lon="14.42276">
        <ele>353.0</ele>
      </trkpt>
      <trkpt lat="45.39005" lon="14.42277">
        <ele>347.7</ele>
      </trkpt>
      <trkpt lat="45.39014" lon="14.42275">
        <ele>346.6</ele>
      </trkpt>
      <trkpt lat="45.39023" lon="14.4227">
        <ele>345.5</ele>
      </trkpt>
      <trkpt lat="45.39032" lon="14.42269">
        <ele>344.7</ele>
      </trkpt>
      <trkpt lat="45.39041" lon="14.42271">
        <ele>343.8</ele>
      </trkpt>
      <trkpt lat="45.39048" lon="14.42277">
        <ele>342.8</ele>
      </trkpt>
      <trkpt lat="45.39073" lon="14.42319">
        <ele>334.7</ele>
      </trkpt>
      <trkpt lat="45.39103" lon="14.42365">
        <ele>325.9</ele>
      </trkpt>
      <trkpt lat="45.39128" lon="14.42399">
        <ele>318.1</ele>
      </trkpt>
      <trkpt lat="45.39142" lon="14.42413">
        <ele>313.0</ele>
      </trkpt>
      <trkpt lat="45.39155" lon="14.42423">
        <ele>311.0</ele>
      </trkpt>
      <trkpt lat="45.39164" lon="14.42427">
        <ele>309.7</ele>
      </trkpt>
      <trkpt lat="45.39173" lon="14.42431">
        <ele>308.5</ele>
      </trkpt>
      <trkpt lat="45.39182" lon="14.42435">
        <ele>307.2</ele>
      </trkpt>
      <trkpt lat="45.39198" lon="14.42439">
        <ele>305.1</ele>
      </trkpt>
      <trkpt lat="45.39223" lon="14.42436">
        <ele>305.2</ele>
      </trkpt>
      <trkpt lat="45.39268" lon="14.42416">
        <ele>306.6</ele>
      </trkpt>
      <trkpt lat="45.39313" lon="14.42396">
        <ele>307.1</ele>
      </trkpt>
      <trkpt lat="45.39323" lon="14.42396">
        <ele>306.2</ele>
      </trkpt>
      <trkpt lat="45.39334" lon="14.42398">
        <ele>304.7</ele>
      </trkpt>
      <trkpt lat="45.39383" lon="14.42427">
        <ele>296.4</ele>
      </trkpt>
      <trkpt lat="45.39421" lon="14.4245">
        <ele>293.5</ele>
      </trkpt>
      <trkpt lat="45.39466" lon="14.42476">
        <ele>291.7</ele>
      </trkpt>
      <trkpt lat="45.39492" lon="14.42503">
        <ele>290.2</ele>
      </trkpt>
      <trkpt lat="45.39522" lon="14.42526">
        <ele>289.6</ele>
      </trkpt>
      <trkpt lat="45.39529" lon="14.4254">
        <ele>289.8</ele>
      </trkpt>
      <trkpt lat="45.39537" lon="14.42551">
        <ele>290.2</ele>
      </trkpt>
      <trkpt lat="45.39547" lon="14.42567">
        <ele>291.5</ele>
      </trkpt>
      <trkpt lat="45.39552" lon="14.42587">
        <ele>292.8</ele>
      </trkpt>
      <trkpt lat="45.39554" lon="14.42612">
        <ele>294.3</ele>
      </trkpt>
      <trkpt lat="45.39555" lon="14.42617">
        <ele>294.7</ele>
      </trkpt>
      <trkpt lat="45.39541" lon="14.42627">
        <ele>296.1</ele>
      </trkpt>
      <trkpt lat="45.39515" lon="14.4264">
        <ele>292.5</ele>
      </trkpt>
      <trkpt lat="45.39498" lon="14.42652">
        <ele>289.8</ele>
      </trkpt>
      <trkpt lat="45.39479" lon="14.4267">
        <ele>290.0</ele>
      </trkpt>
      <trkpt lat="45.39466" lon="14.42686">
        <ele>290.7</ele>
      </trkpt>
      <trkpt lat="45.39457" lon="14.42704">
        <ele>291.5</ele>
      </trkpt>
      <trkpt lat="45.39452" lon="14.4272">
        <ele>292.1</ele>
      </trkpt>
      <trkpt lat="45.39447" lon="14.4274">
        <ele>292.7</ele>
      </trkpt>
      <trkpt lat="45.39443" lon="14.42756">
        <ele>293.2</ele>
      </trkpt>
      <trkpt lat="45.3943" lon="14.42784">
        <ele>292.9</ele>
      </trkpt>
      <trkpt lat="45.39409" lon="14.4282">
        <ele>291.4</ele>
      </trkpt>
      <trkpt lat="45.39391" lon="14.42864">
        <ele>294.8</ele>
      </trkpt>
      <trkpt lat="45.39382" lon="14.42875">
        <ele>295.3</ele>
      </trkpt>
      <trkpt lat="45.39368" lon="14.42889">
        <ele>295.2</ele>
      </trkpt>
      <trkpt lat="45.39345" lon="14.42905">
        <ele>293.2</ele>
      </trkpt>
      <trkpt lat="45.39332" lon="14.4292">
        <ele>292.3</ele>
      </trkpt>
      <trkpt lat="45.39315" lon="14.42944">
        <ele>293.4</ele>
      </trkpt>
      <trkpt lat="45.39294" lon="14.42975">
        <ele>293.1</ele>
      </trkpt>
      <trkpt lat="45.39284" lon="14.42995">
        <ele>292.4</ele>
      </trkpt>
      <trkpt lat="45.39278" lon="14.4301">
        <ele>291.7</ele>
      </trkpt>
      <trkpt lat="45.39275" lon="14.43026">
        <ele>291.3</ele>
      </trkpt>
      <trkpt lat="45.39273" lon="14.43045">
        <ele>291.0</ele>
      </trkpt>
      <trkpt lat="45.39276" lon="14.43092">
        <ele>291.7</ele>
      </trkpt>
      <trkpt lat="45.39274" lon="14.43106">
        <ele>291.8</ele>
      </trkpt>
      <trkpt lat="45.39272" lon="14.43115">
        <ele>291.8</ele>
      </trkpt>
      <trkpt lat="45.3926" lon="14.4314">
        <ele>291.6</ele>
      </trkpt>
      <trkpt lat="45.39239" lon="14.43178">
        <ele>291.1</ele>
      </trkpt>
      <trkpt lat="45.39235" lon="14.43189">
        <ele>290.7</ele>
      </trkpt>
      <trkpt lat="45.39232" lon="14.432">
        <ele>290.3</ele>
      </trkpt>
      <trkpt lat="45.39229" lon="14.43233">
        <ele>289.5</ele>
      </trkpt>
      <trkpt lat="45.39224" lon="14.43265">
        <ele>289.1</ele>
      </trkpt>
      <trkpt lat="45.39213" lon="14.43302">
        <ele>288.7</ele>
      </trkpt>
      <trkpt lat="45.392" lon="14.43331">
        <ele>288.2</ele>
      </trkpt>
      <trkpt lat="45.39181" lon="14.43363">
        <ele>287.4</ele>
      </trkpt>
      <trkpt lat="45.39144" lon="14.43423">
        <ele>285.9</ele>
      </trkpt>
      <trkpt lat="45.39114" lon="14.43489">
        <ele>284.5</ele>
      </trkpt>
      <trkpt lat="45.39114" lon="14.43489">
        <ele>284.5</ele>
      </trkpt>
      <trkpt lat="45.39114" lon="14.43489">
        <ele>284.5</ele>
      </trkpt>
      <trkpt lat="45.39096" lon="14.43529">
        <ele>283.2</ele>
      </trkpt>
      <trkpt lat="45.39094" lon="14.43539">
        <ele>283.0</ele>
      </trkpt>
      <trkpt lat="45.39094" lon="14.43558">
        <ele>282.7</ele>
      </trkpt>
      <trkpt lat="45.39096" lon="14.43578">
        <ele>282.5</ele>
      </trkpt>
      <trkpt lat="45.39127" lon="14.43683">
        <ele>280.3</ele>
      </trkpt>
      <trkpt lat="45.39139" lon="14.43718">
        <ele>279.0</ele>
      </trkpt>
      <trkpt lat="45.39141" lon="14.43732">
        <ele>278.3</ele>
      </trkpt>
      <trkpt lat="45.39141" lon="14.43747">
        <ele>277.5</ele>
      </trkpt>
      <trkpt lat="45.39135" lon="14.43768">
        <ele>277.2</ele>
      </trkpt>
      <trkpt lat="45.39123" lon="14.43791">
        <ele>276.7</ele>
      </trkpt>
      <trkpt lat="45.39089" lon="14.4387">
        <ele>277.7</ele>
      </trkpt>
      <trkpt lat="45.39075" lon="14.43887">
        <ele>278.7</ele>
      </trkpt>
      <trkpt lat="45.39054" lon="14.43895">
        <ele>280.0</ele>
      </trkpt>
      <trkpt lat="45.3902" lon="14.43911">
        <ele>282.1</ele>
      </trkpt>
      <trkpt lat="45.38982" lon="14.43938">
        <ele>285.5</ele>
      </trkpt>
      <trkpt lat="45.38954" lon="14.43965">
        <ele>287.6</ele>
      </trkpt>
      <trkpt lat="45.38941" lon="14.43999">
        <ele>288.6</ele>
      </trkpt>
      <trkpt lat="45.38933" lon="14.44024">
        <ele>288.8</ele>
      </trkpt>
      <trkpt lat="45.38899" lon="14.44139">
        <ele>290.3</ele>
      </trkpt>
      <trkpt lat="45.38872" lon="14.44219">
        <ele>295.3</ele>
      </trkpt>
      <trkpt lat="45.3884" lon="14.4428">
        <ele>296.5</ele>
      </trkpt>
      <trkpt lat="45.38819" lon="14.44306">
        <ele>296.7</ele>
      </trkpt>
      <trkpt lat="45.38812" lon="14.44311">
        <ele>296.4</ele>
      </trkpt>
      <trkpt lat="45.38804" lon="14.44313">
        <ele>295.8</ele>
      </trkpt>
      <trkpt lat="45.38796" lon="14.44313">
        <ele>295.0</ele>
      </trkpt>
      <trkpt lat="45.38789" lon="14.44314">
        <ele>294.3</ele>
      </trkpt>
      <trkpt lat="45.38774" lon="14.44318">
        <ele>293.0</ele>
      </trkpt>
      <trkpt lat="45.38772" lon="14.44328">
        <ele>293.3</ele>
      </trkpt>
      <trkpt lat="45.3876" lon="14.44347">
        <ele>294.4</ele>
      </trkpt>
      <trkpt lat="45.38757" lon="14.44356">
        <ele>295.4</ele>
      </trkpt>
      <trkpt lat="45.3874" lon="14.44429">
        <ele>303.6</ele>
      </trkpt>
      <trkpt lat="45.38735" lon="14.4446">
        <ele>306.7</ele>
      </trkpt>
      <trkpt lat="45.38733" lon="14.44502">
        <ele>311.8</ele>
      </trkpt>
      <trkpt lat="45.38736" lon="14.44563">
        <ele>318.6</ele>
      </trkpt>
      <trkpt lat="45.38734" lon="14.44573">
        <ele>319.6</ele>
      </trkpt>
      <trkpt lat="45.38732" lon="14.44613">
        <ele>319.5</ele>
      </trkpt>
      <trkpt lat="45.38738" lon="14.44652">
        <ele>317.0</ele>
      </trkpt>
      <trkpt lat="45.38751" lon="14.44699">
        <ele>312.3</ele>
      </trkpt>
      <trkpt lat="45.38754" lon="14.44744">
        <ele>308.4</ele>
      </trkpt>
      <trkpt lat="45.38762" lon="14.44805">
        <ele>303.6</ele>
      </trkpt>
      <trkpt lat="45.38759" lon="14.44903">
        <ele>299.2</ele>
      </trkpt>
      <trkpt lat="45.3876" lon="14.44935">
        <ele>299.1</ele>
      </trkpt>
      <trkpt lat="45.38745" lon="14.44952">
        <ele>300.2</ele>
      </trkpt>
      <trkpt lat="45.38749" lon="14.45005">
        <ele>300.2</ele>
      </trkpt>
      <trkpt lat="45.3875" lon="14.4504">
        <ele>300.0</ele>
      </trkpt>
      <trkpt lat="45.38747" lon="14.45067">
        <ele>300.7</ele>
      </trkpt>
      <trkpt lat="45.38734" lon="14.45094">
        <ele>303.3</ele>
      </trkpt>
      <trkpt lat="45.38725" lon="14.45108">
        <ele>304.7</ele>
      </trkpt>
      <trkpt lat="45.38708" lon="14.45141">
        <ele>305.2</ele>
      </trkpt>
      <trkpt lat="45.38692" lon="14.45162">
        <ele>304.6</ele>
      </trkpt>
      <trkpt lat="45.3868" lon="14.45174">
        <ele>304.1</ele>
      </trkpt>
      <trkpt lat="45.38664" lon="14.45183">
        <ele>304.0</ele>
      </trkpt>
      <trkpt lat="45.3867" lon="14.45203">
        <ele>302.8</ele>
      </trkpt>
      <trkpt lat="45.38674" lon="14.45215">
        <ele>302.1</ele>
      </trkpt>
      <trkpt lat="45.38671" lon="14.45228">
        <ele>301.4</ele>
      </trkpt>
      <trkpt lat="45.38668" lon="14.45238">
        <ele>300.7</ele>
      </trkpt>
      <trkpt lat="45.38668" lon="14.45245">
        <ele>300.3</ele>
      </trkpt>
      <trkpt lat="45.38669" lon="14.45255">
        <ele>299.7</ele>
      </trkpt>
      <trkpt lat="45.38674" lon="14.45269">
        <ele>298.7</ele>
      </trkpt>
      <trkpt lat="45.38676" lon="14.4528">
        <ele>297.9</ele>
      </trkpt>
      <trkpt lat="45.38664" lon="14.45307">
        <ele>295.7</ele>
      </trkpt>
      <trkpt lat="45.38655" lon="14.45348">
        <ele>291.8</ele>
      </trkpt>
      <trkpt lat="45.38647" lon="14.4536">
        <ele>290.3</ele>
      </trkpt>
      <trkpt lat="45.3865" lon="14.45373">
        <ele>289.4</ele>
      </trkpt>
      <trkpt lat="45.38651" lon="14.45393">
        <ele>287.7</ele>
      </trkpt>
      <trkpt lat="45.38649" lon="14.45412">
        <ele>286.0</ele>
      </trkpt>
      <trkpt lat="45.38642" lon="14.45455">
        <ele>283.6</ele>
      </trkpt>
      <trkpt lat="45.38641" lon="14.45473">
        <ele>282.7</ele>
      </trkpt>
      <trkpt lat="45.3864" lon="14.45493">
        <ele>281.7</ele>
      </trkpt>
      <trkpt lat="45.38648" lon="14.45591">
        <ele>282.0</ele>
      </trkpt>
      <trkpt lat="45.38651" lon="14.4563">
        <ele>282.2</ele>
      </trkpt>
      <trkpt lat="45.38655" lon="14.45695">
        <ele>282.5</ele>
      </trkpt>
      <trkpt lat="45.38659" lon="14.4576">
        <ele>285.9</ele>
      </trkpt>
      <trkpt lat="45.38663" lon="14.45785">
        <ele>286.4</ele>
      </trkpt>
      <trkpt lat="45.3867" lon="14.45812">
        <ele>286.8</ele>
      </trkpt>
      <trkpt lat="45.38676" lon="14.45833">
        <ele>287.2</ele>
      </trkpt>
      <trkpt lat="45.38678" lon="14.45868">
        <ele>287.6</ele>
      </trkpt>
      <trkpt lat="45.38687" lon="14.4593">
        <ele>288.4</ele>
      </trkpt>
      <trkpt lat="45.38688" lon="14.45945">
        <ele>288.5</ele>
      </trkpt>
      <trkpt lat="45.38687" lon="14.45972">
        <ele>288.7</ele>
      </trkpt>
      <trkpt lat="45.38686" lon="14.45981">
        <ele>288.8</ele>
      </trkpt>
      <trkpt lat="45.38684" lon="14.45999">
        <ele>289.0</ele>
      </trkpt>
      <trkpt lat="45.38679" lon="14.46022">
        <ele>289.0</ele>
      </trkpt>
      <trkpt lat="45.38657" lon="14.46052">
        <ele>288.6</ele>
      </trkpt>
      <trkpt lat="45.38642" lon="14.46068">
        <ele>288.0</ele>
      </trkpt>
      <trkpt lat="45.38629" lon="14.46068">
        <ele>287.5</ele>
      </trkpt>
      <trkpt lat="45.38632" lon="14.46089">
        <ele>287.8</ele>
      </trkpt>
      <trkpt lat="45.38639" lon="14.4612">
        <ele>288.2</ele>
      </trkpt>
      <trkpt lat="45.38627" lon="14.46145">
        <ele>287.9</ele>
      </trkpt>
      <trkpt lat="45.38621" lon="14.46155">
        <ele>287.8</ele>
      </trkpt>
      <trkpt lat="45.38616" lon="14.46164">
        <ele>287.8</ele>
      </trkpt>
      <trkpt lat="45.38587" lon="14.46236">
        <ele>288.7</ele>
      </trkpt>
      <trkpt lat="45.38556" lon="14.46287">
        <ele>288.5</ele>
      </trkpt>
      <trkpt lat="45.38551" lon="14.4631">
        <ele>288.5</ele>
      </trkpt>
      <trkpt lat="45.38513" lon="14.46391">
        <ele>288.0</ele>
      </trkpt>
      <trkpt lat="45.38494" lon="14.46429">
        <ele>287.9</ele>
      </trkpt>
      <trkpt lat="45.38487" lon="14.46456">
        <ele>287.9</ele>
      </trkpt>
      <trkpt lat="45.38479" lon="14.46502">
        <ele>287.7</ele>
      </trkpt>
      <trkpt lat="45.38473" lon="14.46543">
        <ele>286.2</ele>
      </trkpt>
      <trkpt lat="45.38473" lon="14.46558">
        <ele>285.7</ele>
      </trkpt>
      <trkpt lat="45.38477" lon="14.46568">
        <ele>285.6</ele>
      </trkpt>
      <trkpt lat="45.38491" lon="14.46587">
        <ele>285.7</ele>
      </trkpt>
      <trkpt lat="45.38498" lon="14.46603">
        <ele>285.9</ele>
      </trkpt>
      <trkpt lat="45.38501" lon="14.46618">
        <ele>286.0</ele>
      </trkpt>
      <trkpt lat="45.38499" lon="14.46641">
        <ele>286.0</ele>
      </trkpt>
      <trkpt lat="45.38491" lon="14.46668">
        <ele>286.0</ele>
      </trkpt>
      <trkpt lat="45.38487" lon="14.46689">
        <ele>286.4</ele>
      </trkpt>
      <trkpt lat="45.3848" lon="14.4671">
        <ele>286.5</ele>
      </trkpt>
      <trkpt lat="45.38463" lon="14.46746">
        <ele>286.2</ele>
      </trkpt>
      <trkpt lat="45.38466" lon="14.46761">
        <ele>286.6</ele>
      </trkpt>
      <trkpt lat="45.38465" lon="14.46775">
        <ele>286.7</ele>
      </trkpt>
      <trkpt lat="45.38461" lon="14.46795">
        <ele>286.9</ele>
      </trkpt>
      <trkpt lat="45.38445" lon="14.46918">
        <ele>288.3</ele>
      </trkpt>
      <trkpt lat="45.38444" lon="14.46954">
        <ele>287.4</ele>
      </trkpt>
      <trkpt lat="45.38445" lon="14.46991">
        <ele>286.6</ele>
      </trkpt>
      <trkpt lat="45.38447" lon="14.47011">
        <ele>286.4</ele>
      </trkpt>
      <trkpt lat="45.38425" lon="14.47051">
        <ele>286.2</ele>
      </trkpt>
      <trkpt lat="45.38415" lon="14.47063">
        <ele>286.0</ele>
      </trkpt>
      <trkpt lat="45.38407" lon="14.47069">
        <ele>285.9</ele>
      </trkpt>
      <trkpt lat="45.38399" lon="14.47073">
        <ele>285.8</ele>
      </trkpt>
      <trkpt lat="45.38384" lon="14.47076">
        <ele>285.6</ele>
      </trkpt>
      <trkpt lat="45.38371" lon="14.47075">
        <ele>285.4</ele>
      </trkpt>
      <trkpt lat="45.38349" lon="14.47066">
        <ele>285.0</ele>
      </trkpt>
      <trkpt lat="45.38293" lon="14.47041">
        <ele>282.6</ele>
      </trkpt>
      <trkpt lat="45.38243" lon="14.4702">
        <ele>280.5</ele>
      </trkpt>
      <trkpt lat="45.38192" lon="14.46999">
        <ele>278.9</ele>
      </trkpt>
      <trkpt lat="45.38145" lon="14.46994">
        <ele>278.3</ele>
      </trkpt>
      <trkpt lat="45.38091" lon="14.47004">
        <ele>279.0</ele>
      </trkpt>
      <trkpt lat="45.38041" lon="14.47025">
        <ele>280.3</ele>
      </trkpt>
      <trkpt lat="45.37962" lon="14.47069">
        <ele>280.7</ele>
      </trkpt>
      <trkpt lat="45.37884" lon="14.47124">
        <ele>279.3</ele>
      </trkpt>
      <trkpt lat="45.37806" lon="14.47179">
        <ele>279.8</ele>
      </trkpt>
      <trkpt lat="45.37727" lon="14.47234">
        <ele>280.6</ele>
      </trkpt>
      <trkpt lat="45.37682" lon="14.47259">
        <ele>280.2</ele>
      </trkpt>
      <trkpt lat="45.37646" lon="14.47273">
        <ele>280.4</ele>
      </trkpt>
      <trkpt lat="45.37585" lon="14.47291">
        <ele>280.5</ele>
      </trkpt>
      <trkpt lat="45.37539" lon="14.47307">
        <ele>281.4</ele>
      </trkpt>
      <trkpt lat="45.37495" lon="14.4733">
        <ele>282.0</ele>
      </trkpt>
      <trkpt lat="45.37451" lon="14.47353">
        <ele>281.2</ele>
      </trkpt>
      <trkpt lat="45.37399" lon="14.47385">
        <ele>281.3</ele>
      </trkpt>
      <trkpt lat="45.37329" lon="14.47437">
        <ele>284.2</ele>
      </trkpt>
      <trkpt lat="45.37281" lon="14.47475">
        <ele>284.7</ele>
      </trkpt>
      <trkpt lat="45.3723" lon="14.47507">
        <ele>284.7</ele>
      </trkpt>
      <trkpt lat="45.37164" lon="14.47566">
        <ele>284.7</ele>
      </trkpt>
      <trkpt lat="45.37097" lon="14.47625">
        <ele>284.2</ele>
      </trkpt>
      <trkpt lat="45.37044" lon="14.47665">
        <ele>285.0</ele>
      </trkpt>
      <trkpt lat="45.36981" lon="14.47707">
        <ele>288.0</ele>
      </trkpt>
      <trkpt lat="45.36918" lon="14.47749">
        <ele>293.8</ele>
      </trkpt>
      <trkpt lat="45.36876" lon="14.47779">
        <ele>295.0</ele>
      </trkpt>
      <trkpt lat="45.36835" lon="14.47809">
        <ele>294.7</ele>
      </trkpt>
      <trkpt lat="45.36824" lon="14.47818">
        <ele>294.7</ele>
      </trkpt>
      <trkpt lat="45.3681" lon="14.47835">
        <ele>295.0</ele>
      </trkpt>
      <trkpt lat="45.36775" lon="14.47883">
        <ele>296.5</ele>
      </trkpt>
      <trkpt lat="45.36723" lon="14.47962">
        <ele>298.7</ele>
      </trkpt>
      <trkpt lat="45.3667" lon="14.48041">
        <ele>301.1</ele>
      </trkpt>
      <trkpt lat="45.36657" lon="14.48057">
        <ele>301.7</ele>
      </trkpt>
      <trkpt lat="45.36645" lon="14.48067">
        <ele>301.9</ele>
      </trkpt>
      <trkpt lat="45.36634" lon="14.48071">
        <ele>301.9</ele>
      </trkpt>
      <trkpt lat="45.36623" lon="14.4807">
        <ele>301.6</ele>
      </trkpt>
      <trkpt lat="45.36606" lon="14.48066">
        <ele>301.3</ele>
      </trkpt>
      <trkpt lat="45.36552" lon="14.48046">
        <ele>302.5</ele>
      </trkpt>
      <trkpt lat="45.36531" lon="14.48044">
        <ele>303.5</ele>
      </trkpt>
      <trkpt lat="45.36513" lon="14.48047">
        <ele>304.5</ele>
      </trkpt>
      <trkpt lat="45.36494" lon="14.48057">
        <ele>305.6</ele>
      </trkpt>
      <trkpt lat="45.36439" lon="14.48092">
        <ele>308.1</ele>
      </trkpt>
      <trkpt lat="45.36396" lon="14.48116">
        <ele>308.3</ele>
      </trkpt>
      <trkpt lat="45.36344" lon="14.48143">
        <ele>306.8</ele>
      </trkpt>
      <trkpt lat="45.36308" lon="14.48171">
        <ele>306.3</ele>
      </trkpt>
      <trkpt lat="45.3628" lon="14.48202">
        <ele>306.6</ele>
      </trkpt>
      <trkpt lat="45.36268" lon="14.4825">
        <ele>306.8</ele>
      </trkpt>
      <trkpt lat="45.36247" lon="14.48354">
        <ele>303.3</ele>
      </trkpt>
      <trkpt lat="45.36227" lon="14.48459">
        <ele>304.6</ele>
      </trkpt>
      <trkpt lat="45.36201" lon="14.48543">
        <ele>306.5</ele>
      </trkpt>
      <trkpt lat="45.36189" lon="14.48575">
        <ele>307.1</ele>
      </trkpt>
      <trkpt lat="45.36182" lon="14.48587">
        <ele>307.4</ele>
      </trkpt>
      <trkpt lat="45.36171" lon="14.48597">
        <ele>307.7</ele>
      </trkpt>
      <trkpt lat="45.36158" lon="14.48604">
        <ele>308.0</ele>
      </trkpt>
      <trkpt lat="45.36141" lon="14.48609">
        <ele>308.3</ele>
      </trkpt>
      <trkpt lat="45.36141" lon="14.48609">
        <ele>308.3</ele>
      </trkpt>
      <trkpt lat="45.36118" lon="14.48617">
        <ele>308.9</ele>
      </trkpt>
      <trkpt lat="45.36101" lon="14.48624">
        <ele>309.3</ele>
      </trkpt>
      <trkpt lat="45.36069" lon="14.48647">
        <ele>310.8</ele>
      </trkpt>
      <trkpt lat="45.36054" lon="14.48661">
        <ele>311.4</ele>
      </trkpt>
      <trkpt lat="45.3604" lon="14.4868">
        <ele>311.8</ele>
      </trkpt>
      <trkpt lat="45.36026" lon="14.48702">
        <ele>312.2</ele>
      </trkpt>
      <trkpt lat="45.36018" lon="14.48721">
        <ele>312.5</ele>
      </trkpt>
      <trkpt lat="45.3601" lon="14.48746">
        <ele>313.0</ele>
      </trkpt>
      <trkpt lat="45.36006" lon="14.48768">
        <ele>313.7</ele>
      </trkpt>
      <trkpt lat="45.36004" lon="14.48793">
        <ele>314.6</ele>
      </trkpt>
      <trkpt lat="45.36003" lon="14.48821">
        <ele>315.6</ele>
      </trkpt>
      <trkpt lat="45.35989" lon="14.48823">
        <ele>315.1</ele>
      </trkpt>
      <trkpt lat="45.35949" lon="14.48832">
        <ele>313.5</ele>
      </trkpt>
      <trkpt lat="45.35881" lon="14.48859">
        <ele>311.1</ele>
      </trkpt>
      <trkpt lat="45.35814" lon="14.48885">
        <ele>308.2</ele>
      </trkpt>
      <trkpt lat="45.35791" lon="14.48888">
        <ele>307.3</ele>
      </trkpt>
      <trkpt lat="45.3577" lon="14.48925">
        <ele>305.9</ele>
      </trkpt>
      <trkpt lat="45.35758" lon="14.4897">
        <ele>306.1</ele>
      </trkpt>
      <trkpt lat="45.35756" lon="14.48982">
        <ele>306.1</ele>
      </trkpt>
      <trkpt lat="45.35738" lon="14.48998">
        <ele>305.8</ele>
      </trkpt>
      <trkpt lat="45.35719" lon="14.49006">
        <ele>305.9</ele>
      </trkpt>
      <trkpt lat="45.3568" lon="14.49012">
        <ele>305.9</ele>
      </trkpt>
      <trkpt lat="45.3567" lon="14.4902">
        <ele>306.2</ele>
      </trkpt>
      <trkpt lat="45.35636" lon="14.49046">
        <ele>307.8</ele>
      </trkpt>
      <trkpt lat="45.35582" lon="14.49062">
        <ele>308.0</ele>
      </trkpt>
      <trkpt lat="45.35537" lon="14.49056">
        <ele>308.9</ele>
      </trkpt>
      <trkpt lat="45.3553" lon="14.49054">
        <ele>309.1</ele>
      </trkpt>
      <trkpt lat="45.35523" lon="14.4905">
        <ele>309.2</ele>
      </trkpt>
      <trkpt lat="45.35519" lon="14.49046">
        <ele>309.2</ele>
      </trkpt>
      <trkpt lat="45.35489" lon="14.49096">
        <ele>309.6</ele>
      </trkpt>
      <trkpt lat="45.35471" lon="14.49131">
        <ele>309.9</ele>
      </trkpt>
      <trkpt lat="45.35448" lon="14.49183">
        <ele>311.3</ele>
      </trkpt>
      <trkpt lat="45.35431" lon="14.49225">
        <ele>312.0</ele>
      </trkpt>
      <trkpt lat="45.35411" lon="14.4927">
        <ele>312.8</ele>
      </trkpt>
      <trkpt lat="45.35403" lon="14.49282">
        <ele>313.1</ele>
      </trkpt>
      <trkpt lat="45.35394" lon="14.49291">
        <ele>313.4</ele>
      </trkpt>
      <trkpt lat="45.35368" lon="14.49302">
        <ele>312.7</ele>
      </trkpt>
      <trkpt lat="45.3532" lon="14.49319">
        <ele>311.7</ele>
      </trkpt>
      <trkpt lat="45.35297" lon="14.49332">
        <ele>311.6</ele>
      </trkpt>
      <trkpt lat="45.35265" lon="14.49357">
        <ele>312.4</ele>
      </trkpt>
      <trkpt lat="45.35246" lon="14.49373">
        <ele>313.1</ele>
      </trkpt>
      <trkpt lat="45.35235" lon="14.49382">
        <ele>313.2</ele>
      </trkpt>
      <trkpt lat="45.35222" lon="14.49389">
        <ele>313.0</ele>
      </trkpt>
      <trkpt lat="45.35193" lon="14.49398">
        <ele>312.0</ele>
      </trkpt>
      <trkpt lat="45.35157" lon="14.49405">
        <ele>310.0</ele>
      </trkpt>
      <trkpt lat="45.35144" lon="14.49405">
        <ele>308.6</ele>
      </trkpt>
      <trkpt lat="45.35101" lon="14.49399">
        <ele>303.8</ele>
      </trkpt>
      <trkpt lat="45.35093" lon="14.494">
        <ele>303.0</ele>
      </trkpt>
      <trkpt lat="45.35085" lon="14.49403">
        <ele>302.4</ele>
      </trkpt>
      <trkpt lat="45.35077" lon="14.49411">
        <ele>302.1</ele>
      </trkpt>
      <trkpt lat="45.3507" lon="14.4942">
        <ele>301.9</ele>
      </trkpt>
      <trkpt lat="45.35036" lon="14.49482">
        <ele>302.4</ele>
      </trkpt>
      <trkpt lat="45.35024" lon="14.49518">
        <ele>303.2</ele>
      </trkpt>
      <trkpt lat="45.35023" lon="14.49529">
        <ele>303.7</ele>
      </trkpt>
      <trkpt lat="45.35022" lon="14.49559">
        <ele>305.1</ele>
      </trkpt>
      <trkpt lat="45.35016" lon="14.4958">
        <ele>305.6</ele>
      </trkpt>
      <trkpt lat="45.3499" lon="14.49632">
        <ele>306.0</ele>
      </trkpt>
      <trkpt lat="45.34971" lon="14.49665">
        <ele>306.5</ele>
      </trkpt>
      <trkpt lat="45.34953" lon="14.49699">
        <ele>305.8</ele>
      </trkpt>
      <trkpt lat="45.34949" lon="14.49709">
        <ele>305.7</ele>
      </trkpt>
      <trkpt lat="45.34948" lon="14.49719">
        <ele>305.9</ele>
      </trkpt>
      <trkpt lat="45.34947" lon="14.49729">
        <ele>306.0</ele>
      </trkpt>
      <trkpt lat="45.34944" lon="14.49739">
        <ele>306.0</ele>
      </trkpt>
      <trkpt lat="45.34934" lon="14.49764">
        <ele>305.5</ele>
      </trkpt>
      <trkpt lat="45.34916" lon="14.49798">
        <ele>303.9</ele>
      </trkpt>
      <trkpt lat="45.34902" lon="14.49822">
        <ele>302.6</ele>
      </trkpt>
      <trkpt lat="45.34861" lon="14.49903">
        <ele>298.7</ele>
      </trkpt>
      <trkpt lat="45.34847" lon="14.49932">
        <ele>297.4</ele>
      </trkpt>
      <trkpt lat="45.34836" lon="14.49964">
        <ele>296.0</ele>
      </trkpt>
      <trkpt lat="45.34826" lon="14.49985">
        <ele>295.4</ele>
      </trkpt>
      <trkpt lat="45.34813" lon="14.50006">
        <ele>295.3</ele>
      </trkpt>
      <trkpt lat="45.34805" lon="14.50013">
        <ele>295.4</ele>
      </trkpt>
      <trkpt lat="45.34797" lon="14.50019">
        <ele>295.5</ele>
      </trkpt>
      <trkpt lat="45.34786" lon="14.50023">
        <ele>295.5</ele>
      </trkpt>
      <trkpt lat="45.34771" lon="14.50026">
        <ele>295.6</ele>
      </trkpt>
      <trkpt lat="45.34737" lon="14.50027">
        <ele>295.4</ele>
      </trkpt>
      <trkpt lat="45.34724" lon="14.50029">
        <ele>295.0</ele>
      </trkpt>
      <trkpt lat="45.34706" lon="14.50035">
        <ele>294.5</ele>
      </trkpt>
      <trkpt lat="45.34697" lon="14.50041">
        <ele>294.2</ele>
      </trkpt>
      <trkpt lat="45.34682" lon="14.50054">
        <ele>293.7</ele>
      </trkpt>
      <trkpt lat="45.34665" lon="14.50069">
        <ele>293.1</ele>
      </trkpt>
      <trkpt lat="45.34647" lon="14.50088">
        <ele>292.0</ele>
      </trkpt>
      <trkpt lat="45.34638" lon="14.50098">
        <ele>291.6</ele>
      </trkpt>
      <trkpt lat="45.34632" lon="14.50107">
        <ele>291.3</ele>
      </trkpt>
      <trkpt lat="45.34596" lon="14.50162">
        <ele>290.3</ele>
      </trkpt>
      <trkpt lat="45.34586" lon="14.50171">
        <ele>290.2</ele>
      </trkpt>
      <trkpt lat="45.34574" lon="14.50178">
        <ele>290.2</ele>
      </trkpt>
      <trkpt lat="45.34559" lon="14.50184">
        <ele>290.0</ele>
      </trkpt>
      <trkpt lat="45.34489" lon="14.50217">
        <ele>288.6</ele>
      </trkpt>
      <trkpt lat="45.34479" lon="14.50222">
        <ele>288.2</ele>
      </trkpt>
      <trkpt lat="45.34465" lon="14.50233">
        <ele>287.8</ele>
      </trkpt>
      <trkpt lat="45.34455" lon="14.50244">
        <ele>287.7</ele>
      </trkpt>
      <trkpt lat="45.34436" lon="14.50267">
        <ele>287.1</ele>
      </trkpt>
      <trkpt lat="45.34406" lon="14.5032">
        <ele>285.1</ele>
      </trkpt>
      <trkpt lat="45.34358" lon="14.50398">
        <ele>282.4</ele>
      </trkpt>
      <trkpt lat="45.34321" lon="14.50466">
        <ele>281.2</ele>
      </trkpt>
      <trkpt lat="45.34311" lon="14.50487">
        <ele>281.1</ele>
      </trkpt>
      <trkpt lat="45.34297" lon="14.50511">
        <ele>280.7</ele>
      </trkpt>
      <trkpt lat="45.34285" lon="14.50525">
        <ele>280.2</ele>
      </trkpt>
      <trkpt lat="45.34277" lon="14.50533">
        <ele>279.8</ele>
      </trkpt>
      <trkpt lat="45.34265" lon="14.50542">
        <ele>279.2</ele>
      </trkpt>
      <trkpt lat="45.34239" lon="14.50566">
        <ele>279.7</ele>
      </trkpt>
      <trkpt lat="45.34178" lon="14.50633">
        <ele>285.4</ele>
      </trkpt>
      <trkpt lat="45.34163" lon="14.50648">
        <ele>285.8</ele>
      </trkpt>
      <trkpt lat="45.34147" lon="14.50663">
        <ele>286.6</ele>
      </trkpt>
      <trkpt lat="45.34115" lon="14.50688">
        <ele>288.5</ele>
      </trkpt>
      <trkpt lat="45.34109" lon="14.50695">
        <ele>288.8</ele>
      </trkpt>
      <trkpt lat="45.34104" lon="14.50702">
        <ele>289.0</ele>
      </trkpt>
      <trkpt lat="45.34096" lon="14.50717">
        <ele>289.1</ele>
      </trkpt>
      <trkpt lat="45.34082" lon="14.50748">
        <ele>289.4</ele>
      </trkpt>
      <trkpt lat="45.3407" lon="14.50767">
        <ele>289.3</ele>
      </trkpt>
      <trkpt lat="45.34021" lon="14.50827">
        <ele>290.3</ele>
      </trkpt>
      <trkpt lat="45.33973" lon="14.50886">
        <ele>290.7</ele>
      </trkpt>
      <trkpt lat="45.33953" lon="14.50916">
        <ele>290.1</ele>
      </trkpt>
      <trkpt lat="45.33916" lon="14.50961">
        <ele>288.7</ele>
      </trkpt>
      <trkpt lat="45.33876" lon="14.51">
        <ele>288.4</ele>
      </trkpt>
      <trkpt lat="45.33836" lon="14.51039">
        <ele>291.3</ele>
      </trkpt>
      <trkpt lat="45.33821" lon="14.51057">
        <ele>291.8</ele>
      </trkpt>
      <trkpt lat="45.33808" lon="14.51077">
        <ele>292.0</ele>
      </trkpt>
      <trkpt lat="45.33797" lon="14.51101">
        <ele>291.4</ele>
      </trkpt>
      <trkpt lat="45.33764" lon="14.51197">
        <ele>286.8</ele>
      </trkpt>
      <trkpt lat="45.33748" lon="14.51239">
        <ele>283.3</ele>
      </trkpt>
      <trkpt lat="45.33725" lon="14.51306">
        <ele>281.3</ele>
      </trkpt>
      <trkpt lat="45.33717" lon="14.51335">
        <ele>280.6</ele>
      </trkpt>
      <trkpt lat="45.33714" lon="14.51354">
        <ele>280.9</ele>
      </trkpt>
      <trkpt lat="45.33712" lon="14.51389">
        <ele>281.2</ele>
      </trkpt>
      <trkpt lat="45.33709" lon="14.51455">
        <ele>281.3</ele>
      </trkpt>
      <trkpt lat="45.33707" lon="14.51465">
        <ele>281.2</ele>
      </trkpt>
      <trkpt lat="45.33701" lon="14.51482">
        <ele>281.3</ele>
      </trkpt>
      <trkpt lat="45.33698" lon="14.5149">
        <ele>281.3</ele>
      </trkpt>
      <trkpt lat="45.33684" lon="14.51507">
        <ele>281.6</ele>
      </trkpt>
      <trkpt lat="45.33657" lon="14.5154">
        <ele>282.3</ele>
      </trkpt>
      <trkpt lat="45.33609" lon="14.51603">
        <ele>284.1</ele>
      </trkpt>
      <trkpt lat="45.33561" lon="14.51666">
        <ele>284.6</ele>
      </trkpt>
      <trkpt lat="45.33533" lon="14.51705">
        <ele>285.5</ele>
      </trkpt>
      <trkpt lat="45.33517" lon="14.51721">
        <ele>286.3</ele>
      </trkpt>
      <trkpt lat="45.33504" lon="14.51732">
        <ele>287.1</ele>
      </trkpt>
      <trkpt lat="45.33494" lon="14.51738">
        <ele>287.9</ele>
      </trkpt>
      <trkpt lat="45.33484" lon="14.51743">
        <ele>288.8</ele>
      </trkpt>
      <trkpt lat="45.33453" lon="14.51753">
        <ele>292.1</ele>
      </trkpt>
      <trkpt lat="45.33396" lon="14.51764">
        <ele>299.2</ele>
      </trkpt>
      <trkpt lat="45.33323" lon="14.51772">
        <ele>307.9</ele>
      </trkpt>
      <trkpt lat="45.33296" lon="14.5178">
        <ele>309.1</ele>
      </trkpt>
      <trkpt lat="45.33249" lon="14.51801">
        <ele>310.6</ele>
      </trkpt>
      <trkpt lat="45.33207" lon="14.51822">
        <ele>309.2</ele>
      </trkpt>
      <trkpt lat="45.3318" lon="14.51838">
        <ele>308.8</ele>
      </trkpt>
      <trkpt lat="45.33172" lon="14.51844">
        <ele>308.9</ele>
      </trkpt>
      <trkpt lat="45.33149" lon="14.51868">
        <ele>309.3</ele>
      </trkpt>
      <trkpt lat="45.3314" lon="14.51872">
        <ele>308.9</ele>
      </trkpt>
      <trkpt lat="45.33117" lon="14.51878">
        <ele>307.6</ele>
      </trkpt>
      <trkpt lat="45.33062" lon="14.51887">
        <ele>304.2</ele>
      </trkpt>
      <trkpt lat="45.33048" lon="14.51887">
        <ele>303.3</ele>
      </trkpt>
      <trkpt lat="45.33039" lon="14.51883">
        <ele>302.5</ele>
      </trkpt>
      <trkpt lat="45.33016" lon="14.51864">
        <ele>299.9</ele>
      </trkpt>
      <trkpt lat="45.33009" lon="14.51861">
        <ele>299.3</ele>
      </trkpt>
      <trkpt lat="45.32981" lon="14.5186">
        <ele>297.7</ele>
      </trkpt>
      <trkpt lat="45.32969" lon="14.51857">
        <ele>296.9</ele>
      </trkpt>
      <trkpt lat="45.32959" lon="14.51852">
        <ele>296.2</ele>
      </trkpt>
      <trkpt lat="45.32936" lon="14.51845">
        <ele>294.6</ele>
      </trkpt>
      <trkpt lat="45.32912" lon="14.51842">
        <ele>293.2</ele>
      </trkpt>
      <trkpt lat="45.32899" lon="14.51844">
        <ele>292.4</ele>
      </trkpt>
      <trkpt lat="45.32868" lon="14.51853">
        <ele>290.7</ele>
      </trkpt>
      <trkpt lat="45.32864" lon="14.51853">
        <ele>290.4</ele>
      </trkpt>
      <trkpt lat="45.32858" lon="14.51852">
        <ele>289.9</ele>
      </trkpt>
      <trkpt lat="45.32843" lon="14.51845">
        <ele>288.4</ele>
      </trkpt>
      <trkpt lat="45.32825" lon="14.51831">
        <ele>287.3</ele>
      </trkpt>
      <trkpt lat="45.32806" lon="14.51813">
        <ele>287.7</ele>
      </trkpt>
      <trkpt lat="45.32778" lon="14.51782">
        <ele>288.0</ele>
      </trkpt>
      <trkpt lat="45.32767" lon="14.51772">
        <ele>288.1</ele>
      </trkpt>
      <trkpt lat="45.32753" lon="14.51764">
        <ele>288.3</ele>
      </trkpt>
      <trkpt lat="45.32742" lon="14.51764">
        <ele>288.7</ele>
      </trkpt>
      <trkpt lat="45.32735" lon="14.51766">
        <ele>289.0</ele>
      </trkpt>
      <trkpt lat="45.32731" lon="14.51769">
        <ele>289.3</ele>
      </trkpt>
      <trkpt lat="45.32725" lon="14.51776">
        <ele>289.6</ele>
      </trkpt>
      <trkpt lat="45.32716" lon="14.51788">
        <ele>290.2</ele>
      </trkpt>
      <trkpt lat="45.32699" lon="14.51822">
        <ele>291.1</ele>
      </trkpt>
      <trkpt lat="45.32668" lon="14.51898">
        <ele>292.0</ele>
      </trkpt>
      <trkpt lat="45.32637" lon="14.51973">
        <ele>292.0</ele>
      </trkpt>
      <trkpt lat="45.32612" lon="14.52041">
        <ele>291.7</ele>
      </trkpt>
      <trkpt lat="45.32586" lon="14.52109">
        <ele>290.2</ele>
      </trkpt>
      <trkpt lat="45.32576" lon="14.52132">
        <ele>289.8</ele>
      </trkpt>
      <trkpt lat="45.32571" lon="14.52143">
        <ele>289.7</ele>
      </trkpt>
      <trkpt lat="45.32557" lon="14.52166">
        <ele>289.4</ele>
      </trkpt>
      <trkpt lat="45.32545" lon="14.52182">
        <ele>289.3</ele>
      </trkpt>
      <trkpt lat="45.32505" lon="14.52229">
        <ele>287.6</ele>
      </trkpt>
      <trkpt lat="45.32495" lon="14.52243">
        <ele>286.9</ele>
      </trkpt>
      <trkpt lat="45.32477" lon="14.52273">
        <ele>286.4</ele>
      </trkpt>
      <trkpt lat="45.32466" lon="14.52295">
        <ele>286.3</ele>
      </trkpt>
      <trkpt lat="45.32462" lon="14.52306">
        <ele>286.3</ele>
      </trkpt>
      <trkpt lat="45.32437" lon="14.52402">
        <ele>288.2</ele>
      </trkpt>
      <trkpt lat="45.32433" lon="14.52412">
        <ele>288.2</ele>
      </trkpt>
      <trkpt lat="45.32427" lon="14.52422">
        <ele>288.1</ele>
      </trkpt>
      <trkpt lat="45.32421" lon="14.52428">
        <ele>287.8</ele>
      </trkpt>
      <trkpt lat="45.32409" lon="14.52436">
        <ele>287.1</ele>
      </trkpt>
      <trkpt lat="45.32359" lon="14.52458">
        <ele>284.0</ele>
      </trkpt>
      <trkpt lat="45.32309" lon="14.52481">
        <ele>280.4</ele>
      </trkpt>
      <trkpt lat="45.32288" lon="14.52494">
        <ele>278.6</ele>
      </trkpt>
      <trkpt lat="45.32275" lon="14.52507">
        <ele>277.5</ele>
      </trkpt>
      <trkpt lat="45.3226" lon="14.52523">
        <ele>276.3</ele>
      </trkpt>
      <trkpt lat="45.32213" lon="14.52581">
        <ele>273.3</ele>
      </trkpt>
      <trkpt lat="45.32217" lon="14.52591">
        <ele>273.5</ele>
      </trkpt>
      <trkpt lat="45.32232" lon="14.52626">
        <ele>274.4</ele>
      </trkpt>
      <trkpt lat="45.32246" lon="14.52671">
        <ele>276.5</ele>
      </trkpt>
      <trkpt lat="45.32254" lon="14.52691">
        <ele>278.5</ele>
      </trkpt>
      <trkpt lat="45.32268" lon="14.52715">
        <ele>281.4</ele>
      </trkpt>
      <trkpt lat="45.32271" lon="14.52721">
        <ele>282.1</ele>
      </trkpt>
      <trkpt lat="45.32274" lon="14.52732">
        <ele>282.9</ele>
      </trkpt>
      <trkpt lat="45.32277" lon="14.52748">
        <ele>283.8</ele>
      </trkpt>
      <trkpt lat="45.32276" lon="14.52773">
        <ele>284.2</ele>
      </trkpt>
      <trkpt lat="45.32265" lon="14.52825">
        <ele>283.8</ele>
      </trkpt>
      <trkpt lat="45.32246" lon="14.52882">
        <ele>281.4</ele>
      </trkpt>
      <trkpt lat="45.32239" lon="14.52902">
        <ele>280.3</ele>
      </trkpt>
      <trkpt lat="45.32228" lon="14.52924">
        <ele>278.7</ele>
      </trkpt>
      <trkpt lat="45.32212" lon="14.52951">
        <ele>276.7</ele>
      </trkpt>
      <trkpt lat="45.32197" lon="14.52969">
        <ele>274.6</ele>
      </trkpt>
      <trkpt lat="45.3219" lon="14.52974">
        <ele>273.5</ele>
      </trkpt>
      <trkpt lat="45.32182" lon="14.52978">
        <ele>272.3</ele>
      </trkpt>
      <trkpt lat="45.32167" lon="14.5298">
        <ele>269.8</ele>
      </trkpt>
      <trkpt lat="45.32158" lon="14.52983">
        <ele>269.1</ele>
      </trkpt>
      <trkpt lat="45.32154" lon="14.52986">
        <ele>268.8</ele>
      </trkpt>
      <trkpt lat="45.32148" lon="14.52992">
        <ele>268.3</ele>
      </trkpt>
      <trkpt lat="45.32145" lon="14.53001">
        <ele>268.2</ele>
      </trkpt>
      <trkpt lat="45.32142" lon="14.53015">
        <ele>267.9</ele>
      </trkpt>
      <trkpt lat="45.32143" lon="14.53128">
        <ele>267.6</ele>
      </trkpt>
      <trkpt lat="45.32141" lon="14.53139">
        <ele>267.3</ele>
      </trkpt>
      <trkpt lat="45.32118" lon="14.5321">
        <ele>265.3</ele>
      </trkpt>
      <trkpt lat="45.32113" lon="14.53236">
        <ele>265.0</ele>
      </trkpt>
      <trkpt lat="45.32112" lon="14.53246">
        <ele>265.0</ele>
      </trkpt>
      <trkpt lat="45.32111" lon="14.53267">
        <ele>264.6</ele>
      </trkpt>
      <trkpt lat="45.32117" lon="14.5336">
        <ele>262.7</ele>
      </trkpt>
      <trkpt lat="45.32116" lon="14.53381">
        <ele>261.8</ele>
      </trkpt>
      <trkpt lat="45.32112" lon="14.53408">
        <ele>260.7</ele>
      </trkpt>
      <trkpt lat="45.32101" lon="14.53445">
        <ele>259.0</ele>
      </trkpt>
      <trkpt lat="45.32096" lon="14.53459">
        <ele>258.4</ele>
      </trkpt>
      <trkpt lat="45.32093" lon="14.53463">
        <ele>258.2</ele>
      </trkpt>
      <trkpt lat="45.3209" lon="14.53466">
        <ele>258.0</ele>
      </trkpt>
      <trkpt lat="45.32081" lon="14.5347">
        <ele>257.7</ele>
      </trkpt>
      <trkpt lat="45.32081" lon="14.53486">
        <ele>257.4</ele>
      </trkpt>
      <trkpt lat="45.32071" lon="14.53551">
        <ele>254.4</ele>
      </trkpt>
      <trkpt lat="45.32062" lon="14.53605">
        <ele>251.6</ele>
      </trkpt>
      <trkpt lat="45.32056" lon="14.53646">
        <ele>249.3</ele>
      </trkpt>
      <trkpt lat="45.32047" lon="14.53709">
        <ele>245.1</ele>
      </trkpt>
      <trkpt lat="45.32025" lon="14.53768">
        <ele>241.5</ele>
      </trkpt>
      <trkpt lat="45.32018" lon="14.53794">
        <ele>239.6</ele>
      </trkpt>
      <trkpt lat="45.3201" lon="14.5383">
        <ele>236.7</ele>
      </trkpt>
      <trkpt lat="45.31998" lon="14.53869">
        <ele>233.0</ele>
      </trkpt>
      <trkpt lat="45.31967" lon="14.53963">
        <ele>228.8</ele>
      </trkpt>
      <trkpt lat="45.31957" lon="14.53987">
        <ele>227.8</ele>
      </trkpt>
      <trkpt lat="45.31943" lon="14.54015">
        <ele>226.2</ele>
      </trkpt>
      <trkpt lat="45.31912" lon="14.54094">
        <ele>219.9</ele>
      </trkpt>
      <trkpt lat="45.3188" lon="14.5417">
        <ele>217.2</ele>
      </trkpt>
      <trkpt lat="45.31854" lon="14.54225">
        <ele>211.5</ele>
      </trkpt>
      <trkpt lat="45.31836" lon="14.54257">
        <ele>208.1</ele>
      </trkpt>
      <trkpt lat="45.31826" lon="14.54272">
        <ele>207.4</ele>
      </trkpt>
      <trkpt lat="45.31794" lon="14.54328">
        <ele>204.4</ele>
      </trkpt>
      <trkpt lat="45.31772" lon="14.54355">
        <ele>202.8</ele>
      </trkpt>
      <trkpt lat="45.31732" lon="14.54396">
        <ele>199.4</ele>
      </trkpt>
      <trkpt lat="45.31692" lon="14.54437">
        <ele>195.8</ele>
      </trkpt>
      <trkpt lat="45.31638" lon="14.54486">
        <ele>191.9</ele>
      </trkpt>
      <trkpt lat="45.31585" lon="14.54534">
        <ele>190.5</ele>
      </trkpt>
      <trkpt lat="45.31562" lon="14.54557">
        <ele>190.6</ele>
      </trkpt>
      <trkpt lat="45.31549" lon="14.54574">
        <ele>190.0</ele>
      </trkpt>
      <trkpt lat="45.31539" lon="14.5459">
        <ele>189.7</ele>
      </trkpt>
      <trkpt lat="45.31529" lon="14.54613">
        <ele>190.2</ele>
      </trkpt>
      <trkpt lat="45.31503" lon="14.54686">
        <ele>192.3</ele>
      </trkpt>
      <trkpt lat="45.31495" lon="14.54716">
        <ele>194.5</ele>
      </trkpt>
      <trkpt lat="45.3149" lon="14.54727">
        <ele>195.2</ele>
      </trkpt>
      <trkpt lat="45.31485" lon="14.54729">
        <ele>195.2</ele>
      </trkpt>
      <trkpt lat="45.31476" lon="14.54727">
        <ele>194.9</ele>
      </trkpt>
      <trkpt lat="45.31471" lon="14.54744">
        <ele>195.7</ele>
      </trkpt>
      <trkpt lat="45.31464" lon="14.54759">
        <ele>196.1</ele>
      </trkpt>
      <trkpt lat="45.31457" lon="14.54774">
        <ele>196.5</ele>
      </trkpt>
      <trkpt lat="45.31448" lon="14.54789">
        <ele>196.8</ele>
      </trkpt>
      <trkpt lat="45.31437" lon="14.54803">
        <ele>197.1</ele>
      </trkpt>
      <trkpt lat="45.31384" lon="14.54868">
        <ele>196.7</ele>
      </trkpt>
      <trkpt lat="45.31367" lon="14.54882">
        <ele>195.8</ele>
      </trkpt>
      <trkpt lat="45.31358" lon="14.54892">
        <ele>195.4</ele>
      </trkpt>
      <trkpt lat="45.31309" lon="14.54961">
        <ele>194.7</ele>
      </trkpt>
      <trkpt lat="45.31298" lon="14.54978">
        <ele>194.8</ele>
      </trkpt>
      <trkpt lat="45.3129" lon="14.54993">
        <ele>195.1</ele>
      </trkpt>
      <trkpt lat="45.31269" lon="14.55024">
        <ele>195.1</ele>
      </trkpt>
      <trkpt lat="45.31257" lon="14.55036">
        <ele>194.8</ele>
      </trkpt>
      <trkpt lat="45.31218" lon="14.55091">
        <ele>194.7</ele>
      </trkpt>
      <trkpt lat="45.31179" lon="14.55141">
        <ele>193.5</ele>
      </trkpt>
      <trkpt lat="45.3115" lon="14.55184">
        <ele>192.2</ele>
      </trkpt>
      <trkpt lat="45.31133" lon="14.55212">
        <ele>191.3</ele>
      </trkpt>
      <trkpt lat="45.31107" lon="14.55251">
        <ele>189.7</ele>
      </trkpt>
      <trkpt lat="45.31079" lon="14.55297">
        <ele>187.9</ele>
      </trkpt>
      <trkpt lat="45.31041" lon="14.55365">
        <ele>187.0</ele>
      </trkpt>
      <trkpt lat="45.31026" lon="14.5539">
        <ele>186.1</ele>
      </trkpt>
      <trkpt lat="45.30992" lon="14.55435">
        <ele>184.6</ele>
      </trkpt>
      <trkpt lat="45.30949" lon="14.555">
        <ele>185.8</ele>
      </trkpt>
      <trkpt lat="45.30937" lon="14.55519">
        <ele>185.9</ele>
      </trkpt>
      <trkpt lat="45.30913" lon="14.55551">
        <ele>185.7</ele>
      </trkpt>
      <trkpt lat="45.30874" lon="14.55587">
        <ele>186.6</ele>
      </trkpt>
      <trkpt lat="45.30864" lon="14.55598">
        <ele>186.7</ele>
      </trkpt>
      <trkpt lat="45.30853" lon="14.55612">
        <ele>186.6</ele>
      </trkpt>
      <trkpt lat="45.30842" lon="14.55632">
        <ele>186.1</ele>
      </trkpt>
      <trkpt lat="45.30835" lon="14.55643">
        <ele>185.6</ele>
      </trkpt>
      <trkpt lat="45.30813" lon="14.55679">
        <ele>183.7</ele>
      </trkpt>
      <trkpt lat="45.30753" lon="14.55761">
        <ele>179.5</ele>
      </trkpt>
      <trkpt lat="45.30742" lon="14.55781">
        <ele>179.0</ele>
      </trkpt>
      <trkpt lat="45.30711" lon="14.55828">
        <ele>177.2</ele>
      </trkpt>
      <trkpt lat="45.30703" lon="14.55838">
        <ele>176.6</ele>
      </trkpt>
      <trkpt lat="45.30682" lon="14.55862">
        <ele>174.9</ele>
      </trkpt>
      <trkpt lat="45.30665" lon="14.55877">
        <ele>173.5</ele>
      </trkpt>
      <trkpt lat="45.30609" lon="14.55911">
        <ele>170.9</ele>
      </trkpt>
      <trkpt lat="45.30589" lon="14.5592">
        <ele>169.1</ele>
      </trkpt>
      <trkpt lat="45.30545" lon="14.55931">
        <ele>170.2</ele>
      </trkpt>
      <trkpt lat="45.30534" lon="14.55937">
        <ele>170.4</ele>
      </trkpt>
      <trkpt lat="45.30519" lon="14.55947">
        <ele>170.6</ele>
      </trkpt>
      <trkpt lat="45.30507" lon="14.55961">
        <ele>170.3</ele>
      </trkpt>
      <trkpt lat="45.30496" lon="14.5598">
        <ele>170.1</ele>
      </trkpt>
      <trkpt lat="45.30489" lon="14.56">
        <ele>169.8</ele>
      </trkpt>
      <trkpt lat="45.30465" lon="14.56071">
        <ele>170.1</ele>
      </trkpt>
      <trkpt lat="45.30456" lon="14.5609">
        <ele>170.5</ele>
      </trkpt>
      <trkpt lat="45.30446" lon="14.56108">
        <ele>171.1</ele>
      </trkpt>
      <trkpt lat="45.30434" lon="14.5613">
        <ele>172.1</ele>
      </trkpt>
      <trkpt lat="45.30425" lon="14.56152">
        <ele>172.9</ele>
      </trkpt>
      <trkpt lat="45.30419" lon="14.56175">
        <ele>173.3</ele>
      </trkpt>
      <trkpt lat="45.30416" lon="14.56196">
        <ele>173.4</ele>
      </trkpt>
      <trkpt lat="45.30414" lon="14.56246">
        <ele>172.5</ele>
      </trkpt>
      <trkpt lat="45.30412" lon="14.56267">
        <ele>173.6</ele>
      </trkpt>
      <trkpt lat="45.30409" lon="14.56289">
        <ele>175.1</ele>
      </trkpt>
      <trkpt lat="45.30404" lon="14.56308">
        <ele>176.5</ele>
      </trkpt>
      <trkpt lat="45.30386" lon="14.56366">
        <ele>178.9</ele>
      </trkpt>
      <trkpt lat="45.30375" lon="14.56392">
        <ele>179.4</ele>
      </trkpt>
      <trkpt lat="45.3034" lon="14.56498">
        <ele>181.3</ele>
      </trkpt>
      <trkpt lat="45.30313" lon="14.56571">
        <ele>183.1</ele>
      </trkpt>
      <trkpt lat="45.30286" lon="14.56645">
        <ele>184.5</ele>
      </trkpt>
      <trkpt lat="45.30275" lon="14.56665">
        <ele>184.3</ele>
      </trkpt>
      <trkpt lat="45.30263" lon="14.56679">
        <ele>185.0</ele>
      </trkpt>
      <trkpt lat="45.30251" lon="14.56692">
        <ele>185.7</ele>
      </trkpt>
      <trkpt lat="45.30236" lon="14.56703">
        <ele>187.6</ele>
      </trkpt>
      <trkpt lat="45.30221" lon="14.5671">
        <ele>189.1</ele>
      </trkpt>
      <trkpt lat="45.30197" lon="14.56716">
        <ele>190.9</ele>
      </trkpt>
      <trkpt lat="45.30173" lon="14.56727">
        <ele>193.6</ele>
      </trkpt>
      <trkpt lat="45.30163" lon="14.56734">
        <ele>195.1</ele>
      </trkpt>
      <trkpt lat="45.30132" lon="14.56764">
        <ele>199.8</ele>
      </trkpt>
      <trkpt lat="45.30099" lon="14.56802">
        <ele>204.6</ele>
      </trkpt>
      <trkpt lat="45.30084" lon="14.56821">
        <ele>206.3</ele>
      </trkpt>
      <trkpt lat="45.30068" lon="14.56846">
        <ele>208.6</ele>
      </trkpt>
      <trkpt lat="45.30054" lon="14.56874">
        <ele>210.9</ele>
      </trkpt>
      <trkpt lat="45.30034" lon="14.56922">
        <ele>214.2</ele>
      </trkpt>
      <trkpt lat="45.30016" lon="14.56962">
        <ele>216.9</ele>
      </trkpt>
      <trkpt lat="45.30005" lon="14.56994">
        <ele>219.1</ele>
      </trkpt>
      <trkpt lat="45.29995" lon="14.57027">
        <ele>220.7</ele>
      </trkpt>
      <trkpt lat="45.29987" lon="14.57061">
        <ele>222.5</ele>
      </trkpt>
      <trkpt lat="45.29984" lon="14.57086">
        <ele>224.0</ele>
      </trkpt>
      <trkpt lat="45.29974" lon="14.57112">
        <ele>223.6</ele>
      </trkpt>
      <trkpt lat="45.29955" lon="14.57159">
        <ele>222.2</ele>
      </trkpt>
      <trkpt lat="45.29937" lon="14.5721">
        <ele>220.2</ele>
      </trkpt>
      <trkpt lat="45.29922" lon="14.5726">
        <ele>218.7</ele>
      </trkpt>
      <trkpt lat="45.29914" lon="14.57284">
        <ele>216.9</ele>
      </trkpt>
      <trkpt lat="45.29911" lon="14.57303">
        <ele>215.8</ele>
      </trkpt>
      <trkpt lat="45.29911" lon="14.57322">
        <ele>215.6</ele>
      </trkpt>
      <trkpt lat="45.29907" lon="14.57342">
        <ele>214.9</ele>
      </trkpt>
      <trkpt lat="45.29896" lon="14.57394">
        <ele>215.0</ele>
      </trkpt>
      <trkpt lat="45.2989" lon="14.57412">
        <ele>214.6</ele>
      </trkpt>
      <trkpt lat="45.29882" lon="14.57428">
        <ele>215.3</ele>
      </trkpt>
      <trkpt lat="45.29871" lon="14.57444">
        <ele>215.6</ele>
      </trkpt>
      <trkpt lat="45.29849" lon="14.57464">
        <ele>213.1</ele>
      </trkpt>
      <trkpt lat="45.2984" lon="14.57474">
        <ele>212.2</ele>
      </trkpt>
      <trkpt lat="45.29829" lon="14.57493">
        <ele>211.6</ele>
      </trkpt>
      <trkpt lat="45.29822" lon="14.57509">
        <ele>211.1</ele>
      </trkpt>
      <trkpt lat="45.29807" lon="14.57557">
        <ele>210.8</ele>
      </trkpt>
      <trkpt lat="45.29801" lon="14.57583">
        <ele>211.5</ele>
      </trkpt>
      <trkpt lat="45.29799" lon="14.57606">
        <ele>214.1</ele>
      </trkpt>
      <trkpt lat="45.29798" lon="14.57642">
        <ele>219.0</ele>
      </trkpt>
      <trkpt lat="45.29796" lon="14.57662">
        <ele>221.2</ele>
      </trkpt>
      <trkpt lat="45.29792" lon="14.57679">
        <ele>223.0</ele>
      </trkpt>
      <trkpt lat="45.29784" lon="14.57689">
        <ele>222.4</ele>
      </trkpt>
      <trkpt lat="45.29766" lon="14.5771">
        <ele>220.8</ele>
      </trkpt>
      <trkpt lat="45.29757" lon="14.57722">
        <ele>220.4</ele>
      </trkpt>
      <trkpt lat="45.29722" lon="14.57775">
        <ele>224.5</ele>
      </trkpt>
      <trkpt lat="45.29684" lon="14.57825">
        <ele>226.6</ele>
      </trkpt>
      <trkpt lat="45.29674" lon="14.5784">
        <ele>226.9</ele>
      </trkpt>
      <trkpt lat="45.29661" lon="14.57862">
        <ele>227.0</ele>
      </trkpt>
      <trkpt lat="45.29636" lon="14.5791">
        <ele>227.9</ele>
      </trkpt>
      <trkpt lat="45.29616" lon="14.57954">
        <ele>229.3</ele>
      </trkpt>
      <trkpt lat="45.29604" lon="14.57982">
        <ele>229.9</ele>
      </trkpt>
      <trkpt lat="45.29595" lon="14.58008">
        <ele>230.1</ele>
      </trkpt>
      <trkpt lat="45.2956" lon="14.58123">
        <ele>226.1</ele>
      </trkpt>
      <trkpt lat="45.29549" lon="14.58164">
        <ele>226.2</ele>
      </trkpt>
      <trkpt lat="45.29545" lon="14.5819">
        <ele>225.5</ele>
      </trkpt>
      <trkpt lat="45.29537" lon="14.58266">
        <ele>224.8</ele>
      </trkpt>
      <trkpt lat="45.29534" lon="14.58289">
        <ele>225.6</ele>
      </trkpt>
      <trkpt lat="45.2953" lon="14.58305">
        <ele>225.8</ele>
      </trkpt>
      <trkpt lat="45.29525" lon="14.58322">
        <ele>226.0</ele>
      </trkpt>
      <trkpt lat="45.2952" lon="14.58332">
        <ele>225.7</ele>
      </trkpt>
      <trkpt lat="45.29509" lon="14.58346">
        <ele>225.2</ele>
      </trkpt>
      <trkpt lat="45.29462" lon="14.58389">
        <ele>228.4</ele>
      </trkpt>
      <trkpt lat="45.29448" lon="14.584">
        <ele>229.3</ele>
      </trkpt>
      <trkpt lat="45.29399" lon="14.58444">
        <ele>233.5</ele>
      </trkpt>
      <trkpt lat="45.29377" lon="14.58465">
        <ele>236.3</ele>
      </trkpt>
      <trkpt lat="45.29364" lon="14.58481">
        <ele>237.9</ele>
      </trkpt>
      <trkpt lat="45.29359" lon="14.58488">
        <ele>238.5</ele>
      </trkpt>
      <trkpt lat="45.29349" lon="14.58498">
        <ele>239.3</ele>
      </trkpt>
      <trkpt lat="45.29342" lon="14.58503">
        <ele>239.7</ele>
      </trkpt>
      <trkpt lat="45.29339" lon="14.58503">
        <ele>239.8</ele>
      </trkpt>
      <trkpt lat="45.29334" lon="14.58506">
        <ele>240.0</ele>
      </trkpt>
      <trkpt lat="45.2933" lon="14.58512">
        <ele>240.0</ele>
      </trkpt>
      <trkpt lat="45.29329" lon="14.58519">
        <ele>240.0</ele>
      </trkpt>
      <trkpt lat="45.29323" lon="14.58531">
        <ele>240.1</ele>
      </trkpt>
      <trkpt lat="45.29312" lon="14.58548">
        <ele>240.1</ele>
      </trkpt>
      <trkpt lat="45.29267" lon="14.58608">
        <ele>238.9</ele>
      </trkpt>
      <trkpt lat="45.29201" lon="14.58678">
        <ele>232.1</ele>
      </trkpt>
      <trkpt lat="45.29134" lon="14.58747">
        <ele>229.2</ele>
      </trkpt>
      <trkpt lat="45.29115" lon="14.58767">
        <ele>228.4</ele>
      </trkpt>
      <trkpt lat="45.29103" lon="14.58782">
        <ele>227.9</ele>
      </trkpt>
      <trkpt lat="45.2905" lon="14.58836">
        <ele>225.7</ele>
      </trkpt>
      <trkpt lat="45.29032" lon="14.58853">
        <ele>225.3</ele>
      </trkpt>
      <trkpt lat="45.28998" lon="14.58882">
        <ele>224.7</ele>
      </trkpt>
      <trkpt lat="45.28982" lon="14.58895">
        <ele>224.6</ele>
      </trkpt>
      <trkpt lat="45.28965" lon="14.58913">
        <ele>224.8</ele>
      </trkpt>
      <trkpt lat="45.28946" lon="14.58945">
        <ele>223.8</ele>
      </trkpt>
      <trkpt lat="45.28924" lon="14.58987">
        <ele>222.4</ele>
      </trkpt>
      <trkpt lat="45.28924" lon="14.58987">
        <ele>222.4</ele>
      </trkpt>
      <trkpt lat="45.28914" lon="14.59001">
        <ele>222.3</ele>
      </trkpt>
      <trkpt lat="45.28893" lon="14.59027">
        <ele>223.2</ele>
      </trkpt>
      <trkpt lat="45.28861" lon="14.5905">
        <ele>224.7</ele>
      </trkpt>
      <trkpt lat="45.2883" lon="14.59066">
        <ele>225.8</ele>
      </trkpt>
      <trkpt lat="45.28772" lon="14.59093">
        <ele>226.3</ele>
      </trkpt>
      <trkpt lat="45.28715" lon="14.59121">
        <ele>225.4</ele>
      </trkpt>
      <trkpt lat="45.28657" lon="14.59149">
        <ele>225.0</ele>
      </trkpt>
      <trkpt lat="45.28613" lon="14.5917">
        <ele>224.4</ele>
      </trkpt>
      <trkpt lat="45.28569" lon="14.59192">
        <ele>225.1</ele>
      </trkpt>
      <trkpt lat="45.28535" lon="14.59209">
        <ele>226.8</ele>
      </trkpt>
      <trkpt lat="45.28505" lon="14.59229">
        <ele>228.0</ele>
      </trkpt>
      <trkpt lat="45.28501" lon="14.5923">
        <ele>228.2</ele>
      </trkpt>
      <trkpt lat="45.28501" lon="14.5923">
        <ele>228.2</ele>
      </trkpt>
      <trkpt lat="45.28487" lon="14.59235">
        <ele>229.3</ele>
      </trkpt>
      <trkpt lat="45.28438" lon="14.5924">
        <ele>233.1</ele>
      </trkpt>
      <trkpt lat="45.28416" lon="14.59246">
        <ele>234.4</ele>
      </trkpt>
      <trkpt lat="45.28364" lon="14.59268">
        <ele>240.4</ele>
      </trkpt>
      <trkpt lat="45.28331" lon="14.59285">
        <ele>244.2</ele>
      </trkpt>
      <trkpt lat="45.2831" lon="14.59298">
        <ele>246.1</ele>
      </trkpt>
      <trkpt lat="45.28289" lon="14.59316">
        <ele>247.8</ele>
      </trkpt>
      <trkpt lat="45.28258" lon="14.59348">
        <ele>250.7</ele>
      </trkpt>
      <trkpt lat="45.28248" lon="14.59363">
        <ele>251.8</ele>
      </trkpt>
      <trkpt lat="45.28242" lon="14.5937">
        <ele>252.3</ele>
      </trkpt>
      <trkpt lat="45.2823" lon="14.59375">
        <ele>253.0</ele>
      </trkpt>
      <trkpt lat="45.2822" lon="14.59375">
        <ele>253.4</ele>
      </trkpt>
      <trkpt lat="45.28199" lon="14.59372">
        <ele>254.5</ele>
      </trkpt>
      <trkpt lat="45.28187" lon="14.59377">
        <ele>255.0</ele>
      </trkpt>
      <trkpt lat="45.28175" lon="14.59386">
        <ele>255.2</ele>
      </trkpt>
      <trkpt lat="45.28126" lon="14.59428">
        <ele>256.1</ele>
      </trkpt>
      <trkpt lat="45.28075" lon="14.59476">
        <ele>252.1</ele>
      </trkpt>
      <trkpt lat="45.2806" lon="14.59492">
        <ele>248.5</ele>
      </trkpt>
      <trkpt lat="45.28045" lon="14.59512">
        <ele>245.4</ele>
      </trkpt>
      <trkpt lat="45.28036" lon="14.59528">
        <ele>243.6</ele>
      </trkpt>
      <trkpt lat="45.28027" lon="14.59551">
        <ele>241.2</ele>
      </trkpt>
      <trkpt lat="45.28018" lon="14.59579">
        <ele>238.3</ele>
      </trkpt>
      <trkpt lat="45.27991" lon="14.597">
        <ele>235.4</ele>
      </trkpt>
      <trkpt lat="45.27964" lon="14.5982">
        <ele>239.3</ele>
      </trkpt>
      <trkpt lat="45.27964" lon="14.59838">
        <ele>240.4</ele>
      </trkpt>
      <trkpt lat="45.27968" lon="14.5985">
        <ele>241.4</ele>
      </trkpt>
      <trkpt lat="45.27972" lon="14.59861">
        <ele>242.2</ele>
      </trkpt>
      <trkpt lat="45.27991" lon="14.59894">
        <ele>244.4</ele>
      </trkpt>
      <trkpt lat="45.27995" lon="14.59907">
        <ele>244.8</ele>
      </trkpt>
      <trkpt lat="45.27996" lon="14.59925">
        <ele>246.8</ele>
      </trkpt>
      <trkpt lat="45.27992" lon="14.59942">
        <ele>250.4</ele>
      </trkpt>
      <trkpt lat="45.27984" lon="14.59956">
        <ele>253.2</ele>
      </trkpt>
      <trkpt lat="45.27976" lon="14.59961">
        <ele>253.9</ele>
      </trkpt>
      <trkpt lat="45.27965" lon="14.59964">
        <ele>254.1</ele>
      </trkpt>
      <trkpt lat="45.27953" lon="14.59965">
        <ele>253.7</ele>
      </trkpt>
      <trkpt lat="45.27943" lon="14.59961">
        <ele>252.3</ele>
      </trkpt>
      <trkpt lat="45.27932" lon="14.59954">
        <ele>250.3</ele>
      </trkpt>
      <trkpt lat="45.2789" lon="14.59918">
        <ele>243.2</ele>
      </trkpt>
      <trkpt lat="45.27879" lon="14.59911">
        <ele>242.8</ele>
      </trkpt>
      <trkpt lat="45.27854" lon="14.59907">
        <ele>243.3</ele>
      </trkpt>
      <trkpt lat="45.27843" lon="14.5991">
        <ele>244.0</ele>
      </trkpt>
      <trkpt lat="45.27829" lon="14.5992">
        <ele>244.5</ele>
      </trkpt>
      <trkpt lat="45.27818" lon="14.59928">
        <ele>243.0</ele>
      </trkpt>
      <trkpt lat="45.27806" lon="14.59951">
        <ele>242.7</ele>
      </trkpt>
      <trkpt lat="45.27801" lon="14.59962">
        <ele>242.7</ele>
      </trkpt>
      <trkpt lat="45.27802" lon="14.59973">
        <ele>243.9</ele>
      </trkpt>
      <trkpt lat="45.27801" lon="14.59987">
        <ele>245.0</ele>
      </trkpt>
      <trkpt lat="45.27799" lon="14.59999">
        <ele>245.7</ele>
      </trkpt>
      <trkpt lat="45.27795" lon="14.60008">
        <ele>245.8</ele>
      </trkpt>
      <trkpt lat="45.27789" lon="14.60015">
        <ele>245.3</ele>
      </trkpt>
      <trkpt lat="45.27758" lon="14.60028">
        <ele>240.4</ele>
      </trkpt>
      <trkpt lat="45.2775" lon="14.60035">
        <ele>239.9</ele>
      </trkpt>
      <trkpt lat="45.27726" lon="14.6007">
        <ele>238.2</ele>
      </trkpt>
      <trkpt lat="45.27701" lon="14.601">
        <ele>234.5</ele>
      </trkpt>
      <trkpt lat="45.27695" lon="14.60112">
        <ele>234.2</ele>
      </trkpt>
      <trkpt lat="45.2769" lon="14.60124">
        <ele>234.1</ele>
      </trkpt>
      <trkpt lat="45.27687" lon="14.60136">
        <ele>234.7</ele>
      </trkpt>
      <trkpt lat="45.27685" lon="14.60206">
        <ele>245.7</ele>
      </trkpt>
      <trkpt lat="45.27683" lon="14.60223">
        <ele>248.2</ele>
      </trkpt>
      <trkpt lat="45.2768" lon="14.60239">
        <ele>250.2</ele>
      </trkpt>
      <trkpt lat="45.27674" lon="14.60253">
        <ele>250.9</ele>
      </trkpt>
      <trkpt lat="45.27668" lon="14.60264">
        <ele>252.2</ele>
      </trkpt>
      <trkpt lat="45.27652" lon="14.60283">
        <ele>256.5</ele>
      </trkpt>
      <trkpt lat="45.27638" lon="14.60297">
        <ele>258.7</ele>
      </trkpt>
      <trkpt lat="45.27613" lon="14.60316">
        <ele>259.1</ele>
      </trkpt>
      <trkpt lat="45.2759" lon="14.60336">
        <ele>258.3</ele>
      </trkpt>
      <trkpt lat="45.27581" lon="14.60342">
        <ele>259.1</ele>
      </trkpt>
      <trkpt lat="45.27573" lon="14.60344">
        <ele>262.2</ele>
      </trkpt>
      <trkpt lat="45.2757" lon="14.60343">
        <ele>262.9</ele>
      </trkpt>
      <trkpt lat="45.27565" lon="14.60334">
        <ele>262.7</ele>
      </trkpt>
      <trkpt lat="45.27562" lon="14.60328">
        <ele>263.2</ele>
      </trkpt>
      <trkpt lat="45.27561" lon="14.60315">
        <ele>262.5</ele>
      </trkpt>
      <trkpt lat="45.27562" lon="14.60303">
        <ele>261.1</ele>
      </trkpt>
      <trkpt lat="45.27567" lon="14.60272">
        <ele>255.8</ele>
      </trkpt>
      <trkpt lat="45.2757" lon="14.60248">
        <ele>251.4</ele>
      </trkpt>
      <trkpt lat="45.2757" lon="14.60235">
        <ele>248.8</ele>
      </trkpt>
      <trkpt lat="45.27567" lon="14.60209">
        <ele>245.4</ele>
      </trkpt>
      <trkpt lat="45.27564" lon="14.60195">
        <ele>244.5</ele>
      </trkpt>
      <trkpt lat="45.27549" lon="14.6016">
        <ele>245.4</ele>
      </trkpt>
      <trkpt lat="45.27541" lon="14.60145">
        <ele>243.9</ele>
      </trkpt>
      <trkpt lat="45.27511" lon="14.60096">
        <ele>236.1</ele>
      </trkpt>
      <trkpt lat="45.27508" lon="14.60093">
        <ele>235.8</ele>
      </trkpt>
      <trkpt lat="45.27499" lon="14.60088">
        <ele>236.5</ele>
      </trkpt>
      <trkpt lat="45.27493" lon="14.60086">
        <ele>235.9</ele>
      </trkpt>
      <trkpt lat="45.27472" lon="14.60076">
        <ele>233.0</ele>
      </trkpt>
      <trkpt lat="45.27464" lon="14.6007">
        <ele>231.2</ele>
      </trkpt>
      <trkpt lat="45.27461" lon="14.60066">
        <ele>229.8</ele>
      </trkpt>
      <trkpt lat="45.27458" lon="14.6006">
        <ele>227.7</ele>
      </trkpt>
      <trkpt lat="45.27449" lon="14.60052">
        <ele>225.2</ele>
      </trkpt>
      <trkpt lat="45.2744" lon="14.60049">
        <ele>224.8</ele>
      </trkpt>
      <trkpt lat="45.27434" lon="14.60049">
        <ele>225.3</ele>
      </trkpt>
      <trkpt lat="45.27428" lon="14.60051">
        <ele>226.6</ele>
      </trkpt>
      <trkpt lat="45.27422" lon="14.60054">
        <ele>228.3</ele>
      </trkpt>
      <trkpt lat="45.27414" lon="14.60062">
        <ele>230.9</ele>
      </trkpt>
      <trkpt lat="45.27351" lon="14.60129">
        <ele>239.0</ele>
      </trkpt>
      <trkpt lat="45.27313" lon="14.60169">
        <ele>243.9</ele>
      </trkpt>
      <trkpt lat="45.27284" lon="14.60191">
        <ele>243.2</ele>
      </trkpt>
      <trkpt lat="45.27238" lon="14.60217">
        <ele>237.8</ele>
      </trkpt>
      <trkpt lat="45.27222" lon="14.60229">
        <ele>236.7</ele>
      </trkpt>
      <trkpt lat="45.27166" lon="14.60277">
        <ele>232.7</ele>
      </trkpt>
      <trkpt lat="45.27157" lon="14.60286">
        <ele>231.8</ele>
      </trkpt>
      <trkpt lat="45.27149" lon="14.60296">
        <ele>231.4</ele>
      </trkpt>
      <trkpt lat="45.27108" lon="14.6037">
        <ele>233.5</ele>
      </trkpt>
      <trkpt lat="45.27068" lon="14.60444">
        <ele>235.9</ele>
      </trkpt>
      <trkpt lat="45.27028" lon="14.6051">
        <ele>237.2</ele>
      </trkpt>
      <trkpt lat="45.26986" lon="14.60575">
        <ele>236.0</ele>
      </trkpt>
      <trkpt lat="45.26955" lon="14.60608">
        <ele>237.0</ele>
      </trkpt>
      <trkpt lat="45.2693" lon="14.60627">
        <ele>234.7</ele>
      </trkpt>
      <trkpt lat="45.26875" lon="14.60654">
        <ele>228.1</ele>
      </trkpt>
      <trkpt lat="45.26821" lon="14.60684">
        <ele>223.1</ele>
      </trkpt>
      <trkpt lat="45.26786" lon="14.60702">
        <ele>222.4</ele>
      </trkpt>
      <trkpt lat="45.26779" lon="14.60698">
        <ele>220.4</ele>
      </trkpt>
      <trkpt lat="45.26772" lon="14.60698">
        <ele>219.4</ele>
      </trkpt>
      <trkpt lat="45.2673" lon="14.60698">
        <ele>213.6</ele>
      </trkpt>
      <trkpt lat="45.26719" lon="14.607">
        <ele>212.7</ele>
      </trkpt>
      <trkpt lat="45.26712" lon="14.60703">
        <ele>212.3</ele>
      </trkpt>
      <trkpt lat="45.267" lon="14.60712">
        <ele>212.3</ele>
      </trkpt>
      <trkpt lat="45.26693" lon="14.60715">
        <ele>211.8</ele>
      </trkpt>
      <trkpt lat="45.26687" lon="14.60717">
        <ele>211.3</ele>
      </trkpt>
      <trkpt lat="45.26679" lon="14.60718">
        <ele>210.4</ele>
      </trkpt>
      <trkpt lat="45.26672" lon="14.60718">
        <ele>209.5</ele>
      </trkpt>
      <trkpt lat="45.26665" lon="14.60717">
        <ele>208.5</ele>
      </trkpt>
      <trkpt lat="45.26648" lon="14.60708">
        <ele>205.9</ele>
      </trkpt>
      <trkpt lat="45.2664" lon="14.60705">
        <ele>204.8</ele>
      </trkpt>
      <trkpt lat="45.26631" lon="14.60704">
        <ele>204.0</ele>
      </trkpt>
      <trkpt lat="45.26625" lon="14.60706">
        <ele>203.7</ele>
      </trkpt>
      <trkpt lat="45.26614" lon="14.60712">
        <ele>203.5</ele>
      </trkpt>
      <trkpt lat="45.26579" lon="14.60739">
        <ele>203.4</ele>
      </trkpt>
      <trkpt lat="45.26566" lon="14.60752">
        <ele>203.9</ele>
      </trkpt>
      <trkpt lat="45.26555" lon="14.60766">
        <ele>205.1</ele>
      </trkpt>
      <trkpt lat="45.26543" lon="14.60777">
        <ele>205.7</ele>
      </trkpt>
      <trkpt lat="45.26538" lon="14.60782">
        <ele>206.0</ele>
      </trkpt>
      <trkpt lat="45.26535" lon="14.60788">
        <ele>206.6</ele>
      </trkpt>
      <trkpt lat="45.26528" lon="14.60807">
        <ele>208.8</ele>
      </trkpt>
      <trkpt lat="45.26519" lon="14.60825">
        <ele>210.6</ele>
      </trkpt>
      <trkpt lat="45.26513" lon="14.60832">
        <ele>211.1</ele>
      </trkpt>
      <trkpt lat="45.26482" lon="14.60841">
        <ele>209.8</ele>
      </trkpt>
      <trkpt lat="45.26464" lon="14.60849">
        <ele>209.6</ele>
      </trkpt>
      <trkpt lat="45.26455" lon="14.60854">
        <ele>209.8</ele>
      </trkpt>
      <trkpt lat="45.26447" lon="14.6086">
        <ele>210.1</ele>
      </trkpt>
      <trkpt lat="45.26428" lon="14.6087">
        <ele>210.4</ele>
      </trkpt>
      <trkpt lat="45.26409" lon="14.60884">
        <ele>211.5</ele>
      </trkpt>
      <trkpt lat="45.264" lon="14.60888">
        <ele>211.6</ele>
      </trkpt>
      <trkpt lat="45.26386" lon="14.60899">
        <ele>212.2</ele>
      </trkpt>
      <trkpt lat="45.26376" lon="14.6091">
        <ele>212.8</ele>
      </trkpt>
      <trkpt lat="45.26363" lon="14.60919">
        <ele>212.9</ele>
      </trkpt>
      <trkpt lat="45.26346" lon="14.60926">
        <ele>212.5</ele>
      </trkpt>
      <trkpt lat="45.2633" lon="14.60928">
        <ele>211.6</ele>
      </trkpt>
      <trkpt lat="45.26316" lon="14.60936">
        <ele>212.6</ele>
      </trkpt>
      <trkpt lat="45.26289" lon="14.60948">
        <ele>213.7</ele>
      </trkpt>
      <trkpt lat="45.26264" lon="14.60962">
        <ele>214.7</ele>
      </trkpt>
      <trkpt lat="45.26253" lon="14.60967">
        <ele>214.9</ele>
      </trkpt>
      <trkpt lat="45.26219" lon="14.60975">
        <ele>217.0</ele>
      </trkpt>
      <trkpt lat="45.26194" lon="14.6099">
        <ele>218.9</ele>
      </trkpt>
      <trkpt lat="45.26175" lon="14.61003">
        <ele>220.2</ele>
      </trkpt>
      <trkpt lat="45.26149" lon="14.61026">
        <ele>224.4</ele>
      </trkpt>
      <trkpt lat="45.26122" lon="14.61054">
        <ele>227.6</ele>
      </trkpt>
      <trkpt lat="45.26102" lon="14.61073">
        <ele>228.4</ele>
      </trkpt>
      <trkpt lat="45.26092" lon="14.61079">
        <ele>228.3</ele>
      </trkpt>
      <trkpt lat="45.26082" lon="14.61079">
        <ele>228.1</ele>
      </trkpt>
      <trkpt lat="45.26078" lon="14.61089">
        <ele>228.6</ele>
      </trkpt>
      <trkpt lat="45.26069" lon="14.61101">
        <ele>229.4</ele>
      </trkpt>
      <trkpt lat="45.26059" lon="14.61112">
        <ele>229.9</ele>
      </trkpt>
      <trkpt lat="45.26015" lon="14.6113">
        <ele>229.9</ele>
      </trkpt>
      <trkpt lat="45.25949" lon="14.6116">
        <ele>224.2</ele>
      </trkpt>
      <trkpt lat="45.25883" lon="14.6119">
        <ele>220.1</ele>
      </trkpt>
      <trkpt lat="45.25867" lon="14.612">
        <ele>219.0</ele>
      </trkpt>
      <trkpt lat="45.25839" lon="14.61225">
        <ele>214.3</ele>
      </trkpt>
      <trkpt lat="45.25829" lon="14.6123">
        <ele>213.3</ele>
      </trkpt>
      <trkpt lat="45.25784" lon="14.61242">
        <ele>213.2</ele>
      </trkpt>
      <trkpt lat="45.25771" lon="14.6125">
        <ele>212.0</ele>
      </trkpt>
      <trkpt lat="45.25759" lon="14.61259">
        <ele>211.6</ele>
      </trkpt>
      <trkpt lat="45.25699" lon="14.61317">
        <ele>205.1</ele>
      </trkpt>
      <trkpt lat="45.2569" lon="14.61327">
        <ele>203.4</ele>
      </trkpt>
      <trkpt lat="45.25686" lon="14.61334">
        <ele>202.2</ele>
      </trkpt>
      <trkpt lat="45.25682" lon="14.61343">
        <ele>201.4</ele>
      </trkpt>
      <trkpt lat="45.25678" lon="14.61357">
        <ele>200.2</ele>
      </trkpt>
      <trkpt lat="45.25674" lon="14.61377">
        <ele>198.3</ele>
      </trkpt>
      <trkpt lat="45.25662" lon="14.6144">
        <ele>192.9</ele>
      </trkpt>
      <trkpt lat="45.25651" lon="14.61504">
        <ele>189.3</ele>
      </trkpt>
      <trkpt lat="45.25647" lon="14.61521">
        <ele>189.3</ele>
      </trkpt>
      <trkpt lat="45.25626" lon="14.61586">
        <ele>187.7</ele>
      </trkpt>
      <trkpt lat="45.25622" lon="14.61602">
        <ele>187.9</ele>
      </trkpt>
      <trkpt lat="45.25618" lon="14.61625">
        <ele>188.3</ele>
      </trkpt>
      <trkpt lat="45.25619" lon="14.61676">
        <ele>190.3</ele>
      </trkpt>
      <trkpt lat="45.25617" lon="14.61691">
        <ele>190.5</ele>
      </trkpt>
      <trkpt lat="45.25615" lon="14.617">
        <ele>190.5</ele>
      </trkpt>
      <trkpt lat="45.25607" lon="14.61722">
        <ele>190.0</ele>
      </trkpt>
      <trkpt lat="45.25574" lon="14.61784">
        <ele>188.0</ele>
      </trkpt>
      <trkpt lat="45.25542" lon="14.61843">
        <ele>186.7</ele>
      </trkpt>
      <trkpt lat="45.25536" lon="14.61854">
        <ele>186.6</ele>
      </trkpt>
      <trkpt lat="45.25532" lon="14.61869">
        <ele>187.1</ele>
      </trkpt>
      <trkpt lat="45.25527" lon="14.61892">
        <ele>187.9</ele>
      </trkpt>
      <trkpt lat="45.25525" lon="14.61909">
        <ele>188.7</ele>
      </trkpt>
      <trkpt lat="45.25525" lon="14.61922">
        <ele>189.4</ele>
      </trkpt>
      <trkpt lat="45.25525" lon="14.61934">
        <ele>189.9</ele>
      </trkpt>
      <trkpt lat="45.25529" lon="14.61962">
        <ele>191.7</ele>
      </trkpt>
      <trkpt lat="45.25533" lon="14.61982">
        <ele>193.4</ele>
      </trkpt>
      <trkpt lat="45.25534" lon="14.62005">
        <ele>194.7</ele>
      </trkpt>
      <trkpt lat="45.25533" lon="14.62015">
        <ele>195.2</ele>
      </trkpt>
      <trkpt lat="45.2553" lon="14.62029">
        <ele>195.7</ele>
      </trkpt>
      <trkpt lat="45.25526" lon="14.62047">
        <ele>196.2</ele>
      </trkpt>
      <trkpt lat="45.255" lon="14.62126">
        <ele>197.1</ele>
      </trkpt>
      <trkpt lat="45.25487" lon="14.62149">
        <ele>197.2</ele>
      </trkpt>
      <trkpt lat="45.2548" lon="14.62158">
        <ele>197.0</ele>
      </trkpt>
      <trkpt lat="45.25451" lon="14.62183">
        <ele>195.3</ele>
      </trkpt>
      <trkpt lat="45.25445" lon="14.6219">
        <ele>195.0</ele>
      </trkpt>
      <trkpt lat="45.25423" lon="14.62221">
        <ele>193.6</ele>
      </trkpt>
      <trkpt lat="45.25381" lon="14.6227">
        <ele>191.5</ele>
      </trkpt>
      <trkpt lat="45.25355" lon="14.62309">
        <ele>189.9</ele>
      </trkpt>
      <trkpt lat="45.25314" lon="14.62378">
        <ele>187.3</ele>
      </trkpt>
      <trkpt lat="45.25303" lon="14.62396">
        <ele>187.0</ele>
      </trkpt>
      <trkpt lat="45.25289" lon="14.62416">
        <ele>186.6</ele>
      </trkpt>
      <trkpt lat="45.25266" lon="14.62443">
        <ele>186.3</ele>
      </trkpt>
      <trkpt lat="45.25243" lon="14.62466">
        <ele>186.2</ele>
      </trkpt>
      <trkpt lat="45.25212" lon="14.6249">
        <ele>186.3</ele>
      </trkpt>
      <trkpt lat="45.25202" lon="14.62499">
        <ele>186.4</ele>
      </trkpt>
      <trkpt lat="45.25188" lon="14.62518">
        <ele>186.6</ele>
      </trkpt>
      <trkpt lat="45.25176" lon="14.62539">
        <ele>186.7</ele>
      </trkpt>
      <trkpt lat="45.25154" lon="14.62588">
        <ele>187.0</ele>
      </trkpt>
      <trkpt lat="45.25138" lon="14.62611">
        <ele>186.7</ele>
      </trkpt>
      <trkpt lat="45.25129" lon="14.62621">
        <ele>186.6</ele>
      </trkpt>
      <trkpt lat="45.25104" lon="14.62644">
        <ele>186.4</ele>
      </trkpt>
      <trkpt lat="45.25072" lon="14.62667">
        <ele>186.2</ele>
      </trkpt>
      <trkpt lat="45.25034" lon="14.6269">
        <ele>186.1</ele>
      </trkpt>
      <trkpt lat="45.25027" lon="14.62697">
        <ele>186.5</ele>
      </trkpt>
      <trkpt lat="45.24997" lon="14.62737">
        <ele>189.3</ele>
      </trkpt>
      <trkpt lat="45.24982" lon="14.62746">
        <ele>189.9</ele>
      </trkpt>
      <trkpt lat="45.24929" lon="14.62768">
        <ele>190.2</ele>
      </trkpt>
      <trkpt lat="45.24898" lon="14.62779">
        <ele>189.1</ele>
      </trkpt>
      <trkpt lat="45.24891" lon="14.62783">
        <ele>188.8</ele>
      </trkpt>
      <trkpt lat="45.24888" lon="14.62786">
        <ele>188.8</ele>
      </trkpt>
      <trkpt lat="45.24886" lon="14.62791">
        <ele>189.0</ele>
      </trkpt>
      <trkpt lat="45.24881" lon="14.62812">
        <ele>190.1</ele>
      </trkpt>
      <trkpt lat="45.24872" lon="14.62838">
        <ele>190.8</ele>
      </trkpt>
      <trkpt lat="45.24849" lon="14.62891">
        <ele>189.7</ele>
      </trkpt>
      <trkpt lat="45.24849" lon="14.62902">
        <ele>190.0</ele>
      </trkpt>
      <trkpt lat="45.24847" lon="14.62922">
        <ele>190.6</ele>
      </trkpt>
      <trkpt lat="45.24844" lon="14.62933">
        <ele>191.1</ele>
      </trkpt>
      <trkpt lat="45.24839" lon="14.62945">
        <ele>191.3</ele>
      </trkpt>
      <trkpt lat="45.2481" lon="14.62982">
        <ele>190.0</ele>
      </trkpt>
      <trkpt lat="45.24801" lon="14.63004">
        <ele>190.2</ele>
      </trkpt>
      <trkpt lat="45.24797" lon="14.63011">
        <ele>190.1</ele>
      </trkpt>
      <trkpt lat="45.24781" lon="14.63028">
        <ele>188.6</ele>
      </trkpt>
      <trkpt lat="45.24778" lon="14.63033">
        <ele>188.5</ele>
      </trkpt>
      <trkpt lat="45.24773" lon="14.63036">
        <ele>187.9</ele>
      </trkpt>
      <trkpt lat="45.24768" lon="14.6304">
        <ele>187.3</ele>
      </trkpt>
      <trkpt lat="45.24763" lon="14.63049">
        <ele>187.1</ele>
      </trkpt>
      <trkpt lat="45.24752" lon="14.63081">
        <ele>187.2</ele>
      </trkpt>
      <trkpt lat="45.24742" lon="14.63098">
        <ele>184.7</ele>
      </trkpt>
      <trkpt lat="45.24728" lon="14.63116">
        <ele>181.0</ele>
      </trkpt>
      <trkpt lat="45.24718" lon="14.63131">
        <ele>178.5</ele>
      </trkpt>
      <trkpt lat="45.24714" lon="14.63143">
        <ele>177.4</ele>
      </trkpt>
      <trkpt lat="45.24709" lon="14.63172">
        <ele>176.3</ele>
      </trkpt>
      <trkpt lat="45.24702" lon="14.63192">
        <ele>175.5</ele>
      </trkpt>
      <trkpt lat="45.24698" lon="14.63197">
        <ele>174.9</ele>
      </trkpt>
      <trkpt lat="45.24694" lon="14.63199">
        <ele>174.1</ele>
      </trkpt>
      <trkpt lat="45.24674" lon="14.63257">
        <ele>171.7</ele>
      </trkpt>
      <trkpt lat="45.24643" lon="14.63356">
        <ele>168.2</ele>
      </trkpt>
      <trkpt lat="45.24624" lon="14.63395">
        <ele>165.8</ele>
      </trkpt>
      <trkpt lat="45.24618" lon="14.63409">
        <ele>165.2</ele>
      </trkpt>
      <trkpt lat="45.24618" lon="14.6343">
        <ele>165.3</ele>
      </trkpt>
      <trkpt lat="45.24624" lon="14.63473">
        <ele>166.0</ele>
      </trkpt>
      <trkpt lat="45.24626" lon="14.63499">
        <ele>166.2</ele>
      </trkpt>
      <trkpt lat="45.24626" lon="14.63577">
        <ele>166.2</ele>
      </trkpt>
      <trkpt lat="45.24624" lon="14.63624">
        <ele>168.0</ele>
      </trkpt>
      <trkpt lat="45.24622" lon="14.63638">
        <ele>168.3</ele>
      </trkpt>
      <trkpt lat="45.24618" lon="14.63647">
        <ele>167.9</ele>
      </trkpt>
      <trkpt lat="45.24612" lon="14.63655">
        <ele>166.9</ele>
      </trkpt>
      <trkpt lat="45.24604" lon="14.6366">
        <ele>165.4</ele>
      </trkpt>
      <trkpt lat="45.24569" lon="14.63674">
        <ele>159.6</ele>
      </trkpt>
      <trkpt lat="45.24556" lon="14.6368">
        <ele>158.3</ele>
      </trkpt>
      <trkpt lat="45.24508" lon="14.63709">
        <ele>154.2</ele>
      </trkpt>
      <trkpt lat="45.24485" lon="14.63724">
        <ele>152.5</ele>
      </trkpt>
      <trkpt lat="45.24475" lon="14.63734">
        <ele>152.0</ele>
      </trkpt>
      <trkpt lat="45.24465" lon="14.63747">
        <ele>151.7</ele>
      </trkpt>
      <trkpt lat="45.24456" lon="14.63765">
        <ele>151.5</ele>
      </trkpt>
      <trkpt lat="45.24445" lon="14.638">
        <ele>151.7</ele>
      </trkpt>
      <trkpt lat="45.2444" lon="14.63814">
        <ele>151.5</ele>
      </trkpt>
      <trkpt lat="45.24435" lon="14.63824">
        <ele>151.1</ele>
      </trkpt>
      <trkpt lat="45.2441" lon="14.63856">
        <ele>148.7</ele>
      </trkpt>
      <trkpt lat="45.24357" lon="14.63933">
        <ele>146.0</ele>
      </trkpt>
      <trkpt lat="45.24348" lon="14.63947">
        <ele>145.0</ele>
      </trkpt>
      <trkpt lat="45.24332" lon="14.63981">
        <ele>143.3</ele>
      </trkpt>
      <trkpt lat="45.24322" lon="14.64001">
        <ele>142.3</ele>
      </trkpt>
      <trkpt lat="45.24286" lon="14.64052">
        <ele>138.6</ele>
      </trkpt>
      <trkpt lat="45.24277" lon="14.64068">
        <ele>137.4</ele>
      </trkpt>
      <trkpt lat="45.24274" lon="14.6408">
        <ele>137.1</ele>
      </trkpt>
      <trkpt lat="45.24271" lon="14.64098">
        <ele>136.4</ele>
      </trkpt>
      <trkpt lat="45.24271" lon="14.6417">
        <ele>135.4</ele>
      </trkpt>
      <trkpt lat="45.24268" lon="14.64234">
        <ele>132.4</ele>
      </trkpt>
      <trkpt lat="45.24266" lon="14.64298">
        <ele>133.3</ele>
      </trkpt>
      <trkpt lat="45.2426" lon="14.64325">
        <ele>133.4</ele>
      </trkpt>
      <trkpt lat="45.24232" lon="14.64407">
        <ele>131.6</ele>
      </trkpt>
      <trkpt lat="45.24211" lon="14.64482">
        <ele>128.2</ele>
      </trkpt>
      <trkpt lat="45.24203" lon="14.64527">
        <ele>126.5</ele>
      </trkpt>
      <trkpt lat="45.24196" lon="14.64579">
        <ele>125.2</ele>
      </trkpt>
      <trkpt lat="45.2419" lon="14.64635">
        <ele>124.7</ele>
      </trkpt>
      <trkpt lat="45.24188" lon="14.64657">
        <ele>124.5</ele>
      </trkpt>
      <trkpt lat="45.24182" lon="14.64695">
        <ele>124.5</ele>
      </trkpt>
      <trkpt lat="45.24171" lon="14.64739">
        <ele>124.3</ele>
      </trkpt>
      <trkpt lat="45.24138" lon="14.64824">
        <ele>128.9</ele>
      </trkpt>
      <trkpt lat="45.24105" lon="14.6491">
        <ele>129.8</ele>
      </trkpt>
      <trkpt lat="45.24097" lon="14.64928">
        <ele>129.4</ele>
      </trkpt>
      <trkpt lat="45.2409" lon="14.6494">
        <ele>128.9</ele>
      </trkpt>
      <trkpt lat="45.24046" lon="14.6499">
        <ele>128.8</ele>
      </trkpt>
      <trkpt lat="45.24038" lon="14.65004">
        <ele>128.4</ele>
      </trkpt>
      <trkpt lat="45.2403" lon="14.65021">
        <ele>128.2</ele>
      </trkpt>
      <trkpt lat="45.24023" lon="14.65043">
        <ele>127.8</ele>
      </trkpt>
      <trkpt lat="45.24019" lon="14.6506">
        <ele>127.4</ele>
      </trkpt>
      <trkpt lat="45.24017" lon="14.65075">
        <ele>127.1</ele>
      </trkpt>
      <trkpt lat="45.24016" lon="14.65093">
        <ele>126.6</ele>
      </trkpt>
      <trkpt lat="45.24016" lon="14.65172">
        <ele>123.6</ele>
      </trkpt>
      <trkpt lat="45.24015" lon="14.65186">
        <ele>123.0</ele>
      </trkpt>
      <trkpt lat="45.24013" lon="14.65198">
        <ele>122.5</ele>
      </trkpt>
      <trkpt lat="45.24009" lon="14.65216">
        <ele>121.4</ele>
      </trkpt>
      <trkpt lat="45.23976" lon="14.65285">
        <ele>115.4</ele>
      </trkpt>
      <trkpt lat="45.23947" lon="14.65329">
        <ele>110.8</ele>
      </trkpt>
      <trkpt lat="45.23893" lon="14.65406">
        <ele>105.1</ele>
      </trkpt>
      <trkpt lat="45.2384" lon="14.65483">
        <ele>98.9</ele>
      </trkpt>
      <trkpt lat="45.23832" lon="14.65492">
        <ele>97.9</ele>
      </trkpt>
      <trkpt lat="45.23803" lon="14.65511">
        <ele>96.4</ele>
      </trkpt>
      <trkpt lat="45.23779" lon="14.65528">
        <ele>95.4</ele>
      </trkpt>
      <trkpt lat="45.23761" lon="14.65538">
        <ele>94.6</ele>
      </trkpt>
      <trkpt lat="45.23746" lon="14.65547">
        <ele>93.9</ele>
      </trkpt>
      <trkpt lat="45.23732" lon="14.65559">
        <ele>93.4</ele>
      </trkpt>
      <trkpt lat="45.23726" lon="14.65567">
        <ele>93.2</ele>
      </trkpt>
      <trkpt lat="45.23717" lon="14.65583">
        <ele>93.0</ele>
      </trkpt>
      <trkpt lat="45.23712" lon="14.65594">
        <ele>92.9</ele>
      </trkpt>
      <trkpt lat="45.23703" lon="14.6562">
        <ele>92.5</ele>
      </trkpt>
      <trkpt lat="45.23694" lon="14.65653">
        <ele>91.9</ele>
      </trkpt>
      <trkpt lat="45.23676" lon="14.65706">
        <ele>90.0</ele>
      </trkpt>
      <trkpt lat="45.23653" lon="14.65758">
        <ele>88.4</ele>
      </trkpt>
      <trkpt lat="45.23639" lon="14.65787">
        <ele>88.6</ele>
      </trkpt>
      <trkpt lat="45.23618" lon="14.65821">
        <ele>88.4</ele>
      </trkpt>
      <trkpt lat="45.23577" lon="14.65881">
        <ele>85.9</ele>
      </trkpt>
      <trkpt lat="45.23523" lon="14.65955">
        <ele>82.0</ele>
      </trkpt>
      <trkpt lat="45.23468" lon="14.66029">
        <ele>80.8</ele>
      </trkpt>
      <trkpt lat="45.23428" lon="14.66089">
        <ele>80.2</ele>
      </trkpt>
      <trkpt lat="45.23388" lon="14.6615">
        <ele>77.3</ele>
      </trkpt>
      <trkpt lat="45.23358" lon="14.66204">
        <ele>75.2</ele>
      </trkpt>
      <trkpt lat="45.2333" lon="14.6625">
        <ele>73.7</ele>
      </trkpt>
      <trkpt lat="45.23299" lon="14.6629">
        <ele>73.5</ele>
      </trkpt>
      <trkpt lat="45.23287" lon="14.66302">
        <ele>73.4</ele>
      </trkpt>
      <trkpt lat="45.23272" lon="14.66316">
        <ele>73.2</ele>
      </trkpt>
      <trkpt lat="45.23257" lon="14.66327">
        <ele>73.0</ele>
      </trkpt>
      <trkpt lat="45.23219" lon="14.66346">
        <ele>72.3</ele>
      </trkpt>
      <trkpt lat="45.23205" lon="14.66355">
        <ele>72.1</ele>
      </trkpt>
      <trkpt lat="45.23197" lon="14.66363">
        <ele>72.1</ele>
      </trkpt>
      <trkpt lat="45.23164" lon="14.66409">
        <ele>72.6</ele>
      </trkpt>
      <trkpt lat="45.23153" lon="14.6642">
        <ele>72.9</ele>
      </trkpt>
      <trkpt lat="45.2313" lon="14.66443">
        <ele>73.7</ele>
      </trkpt>
      <trkpt lat="45.23091" lon="14.66476">
        <ele>74.2</ele>
      </trkpt>
      <trkpt lat="45.23065" lon="14.665">
        <ele>72.6</ele>
      </trkpt>
      <trkpt lat="45.23046" lon="14.6652">
        <ele>70.6</ele>
      </trkpt>
      <trkpt lat="45.23039" lon="14.66532">
        <ele>69.9</ele>
      </trkpt>
      <trkpt lat="45.23031" lon="14.66548">
        <ele>69.2</ele>
      </trkpt>
      <trkpt lat="45.23003" lon="14.66612">
        <ele>65.8</ele>
      </trkpt>
      <trkpt lat="45.22974" lon="14.66676">
        <ele>64.0</ele>
      </trkpt>
      <trkpt lat="45.22955" lon="14.66718">
        <ele>64.3</ele>
      </trkpt>
      <trkpt lat="45.22923" lon="14.66805">
        <ele>63.4</ele>
      </trkpt>
      <trkpt lat="45.2289" lon="14.66892">
        <ele>63.0</ele>
      </trkpt>
      <trkpt lat="45.22878" lon="14.6692">
        <ele>63.7</ele>
      </trkpt>
      <trkpt lat="45.22865" lon="14.66943">
        <ele>63.1</ele>
      </trkpt>
      <trkpt lat="45.22852" lon="14.66966">
        <ele>62.4</ele>
      </trkpt>
      <trkpt lat="45.22835" lon="14.66989">
        <ele>61.1</ele>
      </trkpt>
      <trkpt lat="45.22835" lon="14.66989">
        <ele>61.1</ele>
      </trkpt>
      <trkpt lat="45.22788" lon="14.67054">
        <ele>59.3</ele>
      </trkpt>
      <trkpt lat="45.22758" lon="14.6711">
        <ele>60.1</ele>
      </trkpt>
      <trkpt lat="45.22728" lon="14.67166">
        <ele>62.4</ele>
      </trkpt>
      <trkpt lat="45.22705" lon="14.67207">
        <ele>62.6</ele>
      </trkpt>
      <trkpt lat="45.22674" lon="14.67264">
        <ele>61.8</ele>
      </trkpt>
      <trkpt lat="45.22643" lon="14.67322">
        <ele>61.3</ele>
      </trkpt>
      <trkpt lat="45.22633" lon="14.67343">
        <ele>61.0</ele>
      </trkpt>
      <trkpt lat="45.22614" lon="14.67404">
        <ele>59.1</ele>
      </trkpt>
      <trkpt lat="45.22605" lon="14.67421">
        <ele>58.0</ele>
      </trkpt>
      <trkpt lat="45.22567" lon="14.67481">
        <ele>54.5</ele>
      </trkpt>
      <trkpt lat="45.22528" lon="14.6754">
        <ele>54.5</ele>
      </trkpt>
      <trkpt lat="45.22517" lon="14.67555">
        <ele>54.1</ele>
      </trkpt>
      <trkpt lat="45.22503" lon="14.67569">
        <ele>53.5</ele>
      </trkpt>
      <trkpt lat="45.22491" lon="14.67576">
        <ele>53.0</ele>
      </trkpt>
      <trkpt lat="45.22475" lon="14.67582">
        <ele>52.7</ele>
      </trkpt>
      <trkpt lat="45.22447" lon="14.67589">
        <ele>52.4</ele>
      </trkpt>
      <trkpt lat="45.22431" lon="14.67598">
        <ele>52.2</ele>
      </trkpt>
      <trkpt lat="45.22424" lon="14.67603">
        <ele>52.1</ele>
      </trkpt>
      <trkpt lat="45.22415" lon="14.67613">
        <ele>52.1</ele>
      </trkpt>
      <trkpt lat="45.22403" lon="14.67627">
        <ele>52.2</ele>
      </trkpt>
      <trkpt lat="45.22389" lon="14.67649">
        <ele>52.4</ele>
      </trkpt>
      <trkpt lat="45.22378" lon="14.67662">
        <ele>52.5</ele>
      </trkpt>
      <trkpt lat="45.2237" lon="14.67668">
        <ele>52.6</ele>
      </trkpt>
      <trkpt lat="45.22363" lon="14.67673">
        <ele>52.8</ele>
      </trkpt>
      <trkpt lat="45.22299" lon="14.67699">
        <ele>53.5</ele>
      </trkpt>
      <trkpt lat="45.22228" lon="14.67725">
        <ele>54.1</ele>
      </trkpt>
      <trkpt lat="45.22157" lon="14.6775">
        <ele>54.7</ele>
      </trkpt>
      <trkpt lat="45.22126" lon="14.6776">
        <ele>53.8</ele>
      </trkpt>
      <trkpt lat="45.22076" lon="14.67772">
        <ele>53.1</ele>
      </trkpt>
      <trkpt lat="45.22026" lon="14.67785">
        <ele>54.0</ele>
      </trkpt>
      <trkpt lat="45.22001" lon="14.67796">
        <ele>54.8</ele>
      </trkpt>
      <trkpt lat="45.21992" lon="14.67802">
        <ele>55.1</ele>
      </trkpt>
      <trkpt lat="45.21975" lon="14.67819">
        <ele>55.9</ele>
      </trkpt>
      <trkpt lat="45.21952" lon="14.67846">
        <ele>56.7</ele>
      </trkpt>
      <trkpt lat="45.21933" lon="14.6787">
        <ele>56.8</ele>
      </trkpt>
      <trkpt lat="45.21904" lon="14.67915">
        <ele>56.5</ele>
      </trkpt>
      <trkpt lat="45.21888" lon="14.67943">
        <ele>56.5</ele>
      </trkpt>
      <trkpt lat="45.21884" lon="14.67951">
        <ele>56.5</ele>
      </trkpt>
      <trkpt lat="45.21867" lon="14.67974">
        <ele>56.2</ele>
      </trkpt>
      <trkpt lat="45.21851" lon="14.67989">
        <ele>55.7</ele>
      </trkpt>
      <trkpt lat="45.21834" lon="14.68">
        <ele>55.0</ele>
      </trkpt>
      <trkpt lat="45.21817" lon="14.68005">
        <ele>54.7</ele>
      </trkpt>
      <trkpt lat="45.21806" lon="14.68007">
        <ele>54.5</ele>
      </trkpt>
      <trkpt lat="45.21758" lon="14.68003">
        <ele>53.3</ele>
      </trkpt>
      <trkpt lat="45.2171" lon="14.68">
        <ele>52.0</ele>
      </trkpt>
      <trkpt lat="45.21643" lon="14.67993">
        <ele>50.0</ele>
      </trkpt>
      <trkpt lat="45.21576" lon="14.67986">
        <ele>48.3</ele>
      </trkpt>
      <trkpt lat="45.21564" lon="14.67984">
        <ele>48.6</ele>
      </trkpt>
      <trkpt lat="45.21547" lon="14.67977">
        <ele>49.2</ele>
      </trkpt>
      <trkpt lat="45.21535" lon="14.67971">
        <ele>49.6</ele>
      </trkpt>
      <trkpt lat="45.21529" lon="14.6797">
        <ele>49.8</ele>
      </trkpt>
      <trkpt lat="45.21517" lon="14.67972">
        <ele>50.2</ele>
      </trkpt>
      <trkpt lat="45.21485" lon="14.67984">
        <ele>50.8</ele>
      </trkpt>
      <trkpt lat="45.21426" lon="14.68012">
        <ele>51.9</ele>
      </trkpt>
      <trkpt lat="45.21403" lon="14.68026">
        <ele>52.6</ele>
      </trkpt>
      <trkpt lat="45.2139" lon="14.68036">
        <ele>53.1</ele>
      </trkpt>
      <trkpt lat="45.21363" lon="14.68061">
        <ele>53.5</ele>
      </trkpt>
      <trkpt lat="45.21322" lon="14.68103">
        <ele>52.2</ele>
      </trkpt>
      <trkpt lat="45.21302" lon="14.68119">
        <ele>50.8</ele>
      </trkpt>
      <trkpt lat="45.21285" lon="14.6813">
        <ele>49.8</ele>
      </trkpt>
      <trkpt lat="45.21252" lon="14.68144">
        <ele>48.4</ele>
      </trkpt>
      <trkpt lat="45.21237" lon="14.68151">
        <ele>49.6</ele>
      </trkpt>
      <trkpt lat="45.21229" lon="14.68158">
        <ele>50.0</ele>
      </trkpt>
      <trkpt lat="45.21221" lon="14.68168">
        <ele>50.1</ele>
      </trkpt>
      <trkpt lat="45.21196" lon="14.68209">
        <ele>49.4</ele>
      </trkpt>
      <trkpt lat="45.21156" lon="14.68249">
        <ele>47.9</ele>
      </trkpt>
      <trkpt lat="45.21128" lon="14.68281">
        <ele>46.3</ele>
      </trkpt>
      <trkpt lat="45.21118" lon="14.68289">
        <ele>45.9</ele>
      </trkpt>
      <trkpt lat="45.21108" lon="14.68294">
        <ele>45.7</ele>
      </trkpt>
      <trkpt lat="45.21097" lon="14.68295">
        <ele>46.0</ele>
      </trkpt>
      <trkpt lat="45.21071" lon="14.68291">
        <ele>47.8</ele>
      </trkpt>
      <trkpt lat="45.21044" lon="14.6829">
        <ele>49.4</ele>
      </trkpt>
      <trkpt lat="45.21028" lon="14.6829">
        <ele>50.3</ele>
      </trkpt>
      <trkpt lat="45.21014" lon="14.68293">
        <ele>50.5</ele>
      </trkpt>
      <trkpt lat="45.20989" lon="14.68301">
        <ele>50.4</ele>
      </trkpt>
      <trkpt lat="45.20937" lon="14.68319">
        <ele>49.7</ele>
      </trkpt>
      <trkpt lat="45.20914" lon="14.6833">
        <ele>48.3</ele>
      </trkpt>
      <trkpt lat="45.2089" lon="14.68343">
        <ele>49.5</ele>
      </trkpt>
      <trkpt lat="45.2088" lon="14.6835">
        <ele>49.8</ele>
      </trkpt>
      <trkpt lat="45.20864" lon="14.68368">
        <ele>48.7</ele>
      </trkpt>
      <trkpt lat="45.20842" lon="14.68395">
        <ele>45.8</ele>
      </trkpt>
      <trkpt lat="45.20824" lon="14.68423">
        <ele>43.1</ele>
      </trkpt>
      <trkpt lat="45.20809" lon="14.68454">
        <ele>42.7</ele>
      </trkpt>
      <trkpt lat="45.20797" lon="14.68476">
        <ele>42.3</ele>
      </trkpt>
      <trkpt lat="45.20784" lon="14.68497">
        <ele>41.6</ele>
      </trkpt>
      <trkpt lat="45.20767" lon="14.68522">
        <ele>41.3</ele>
      </trkpt>
      <trkpt lat="45.20701" lon="14.68602">
        <ele>42.8</ele>
      </trkpt>
      <trkpt lat="45.20653" lon="14.68655">
        <ele>43.5</ele>
      </trkpt>
      <trkpt lat="45.20605" lon="14.68693">
        <ele>43.3</ele>
      </trkpt>
      <trkpt lat="45.20593" lon="14.68705">
        <ele>43.0</ele>
      </trkpt>
      <trkpt lat="45.20581" lon="14.68724">
        <ele>42.2</ele>
      </trkpt>
      <trkpt lat="45.20563" lon="14.68767">
        <ele>40.1</ele>
      </trkpt>
      <trkpt lat="45.20549" lon="14.68796">
        <ele>38.2</ele>
      </trkpt>
      <trkpt lat="45.20538" lon="14.68816">
        <ele>36.8</ele>
      </trkpt>
      <trkpt lat="45.20527" lon="14.68829">
        <ele>36.0</ele>
      </trkpt>
      <trkpt lat="45.20514" lon="14.6884">
        <ele>36.1</ele>
      </trkpt>
      <trkpt lat="45.20474" lon="14.68864">
        <ele>38.3</ele>
      </trkpt>
      <trkpt lat="45.20466" lon="14.68873">
        <ele>38.3</ele>
      </trkpt>
      <trkpt lat="45.20454" lon="14.68888">
        <ele>37.9</ele>
      </trkpt>
      <trkpt lat="45.20443" lon="14.68905">
        <ele>37.0</ele>
      </trkpt>
      <trkpt lat="45.20432" lon="14.68934">
        <ele>35.4</ele>
      </trkpt>
      <trkpt lat="45.20413" lon="14.68975">
        <ele>34.4</ele>
      </trkpt>
      <trkpt lat="45.20397" lon="14.69002">
        <ele>34.7</ele>
      </trkpt>
      <trkpt lat="45.20379" lon="14.69028">
        <ele>35.8</ele>
      </trkpt>
      <trkpt lat="45.20354" lon="14.69059">
        <ele>36.4</ele>
      </trkpt>
      <trkpt lat="45.20343" lon="14.69068">
        <ele>36.6</ele>
      </trkpt>
      <trkpt lat="45.20312" lon="14.69083">
        <ele>38.1</ele>
      </trkpt>
      <trkpt lat="45.20303" lon="14.69088">
        <ele>38.7</ele>
      </trkpt>
      <trkpt lat="45.20293" lon="14.69099">
        <ele>38.9</ele>
      </trkpt>
      <trkpt lat="45.20275" lon="14.69128">
        <ele>38.5</ele>
      </trkpt>
      <trkpt lat="45.20255" lon="14.69157">
        <ele>37.5</ele>
      </trkpt>
      <trkpt lat="45.20247" lon="14.69167">
        <ele>37.1</ele>
      </trkpt>
      <trkpt lat="45.20235" lon="14.69175">
        <ele>36.9</ele>
      </trkpt>
      <trkpt lat="45.20183" lon="14.69195">
        <ele>37.9</ele>
      </trkpt>
      <trkpt lat="45.20172" lon="14.69203">
        <ele>37.7</ele>
      </trkpt>
      <trkpt lat="45.20163" lon="14.69211">
        <ele>37.8</ele>
      </trkpt>
      <trkpt lat="45.20153" lon="14.69224">
        <ele>37.8</ele>
      </trkpt>
      <trkpt lat="45.20144" lon="14.6924">
        <ele>37.2</ele>
      </trkpt>
      <trkpt lat="45.20117" lon="14.69298">
        <ele>35.3</ele>
      </trkpt>
      <trkpt lat="45.20106" lon="14.69325">
        <ele>33.9</ele>
      </trkpt>
      <trkpt lat="45.20102" lon="14.69339">
        <ele>33.2</ele>
      </trkpt>
      <trkpt lat="45.20087" lon="14.69396">
        <ele>31.8</ele>
      </trkpt>
      <trkpt lat="45.20078" lon="14.69414">
        <ele>31.8</ele>
      </trkpt>
      <trkpt lat="45.20069" lon="14.69425">
        <ele>32.3</ele>
      </trkpt>
      <trkpt lat="45.20053" lon="14.69438">
        <ele>33.1</ele>
      </trkpt>
      <trkpt lat="45.20042" lon="14.69447">
        <ele>33.4</ele>
      </trkpt>
      <trkpt lat="45.20029" lon="14.69454">
        <ele>33.9</ele>
      </trkpt>
      <trkpt lat="45.2002" lon="14.69457">
        <ele>34.4</ele>
      </trkpt>
      <trkpt lat="45.19969" lon="14.69464">
        <ele>36.3</ele>
      </trkpt>
      <trkpt lat="45.19918" lon="14.69472">
        <ele>37.3</ele>
      </trkpt>
      <trkpt lat="45.19867" lon="14.69483">
        <ele>38.2</ele>
      </trkpt>
      <trkpt lat="45.19789" lon="14.69504">
        <ele>42.1</ele>
      </trkpt>
      <trkpt lat="45.1977" lon="14.69511">
        <ele>43.3</ele>
      </trkpt>
      <trkpt lat="45.19758" lon="14.6952">
        <ele>42.5</ele>
      </trkpt>
      <trkpt lat="45.19737" lon="14.69537">
        <ele>42.0</ele>
      </trkpt>
      <trkpt lat="45.19714" lon="14.6956">
        <ele>40.8</ele>
      </trkpt>
      <trkpt lat="45.19659" lon="14.69625">
        <ele>38.4</ele>
      </trkpt>
      <trkpt lat="45.19604" lon="14.6969">
        <ele>41.3</ele>
      </trkpt>
      <trkpt lat="45.19567" lon="14.69726">
        <ele>40.8</ele>
      </trkpt>
      <trkpt lat="45.19496" lon="14.698">
        <ele>36.7</ele>
      </trkpt>
      <trkpt lat="45.19481" lon="14.69812">
        <ele>37.1</ele>
      </trkpt>
      <trkpt lat="45.19416" lon="14.69846">
        <ele>41.5</ele>
      </trkpt>
      <trkpt lat="45.19402" lon="14.69856">
        <ele>41.8</ele>
      </trkpt>
      <trkpt lat="45.1939" lon="14.69868">
        <ele>41.5</ele>
      </trkpt>
      <trkpt lat="45.19381" lon="14.69881">
        <ele>40.5</ele>
      </trkpt>
      <trkpt lat="45.19375" lon="14.69893">
        <ele>39.2</ele>
      </trkpt>
      <trkpt lat="45.19372" lon="14.69903">
        <ele>37.6</ele>
      </trkpt>
      <trkpt lat="45.19365" lon="14.69981">
        <ele>32.4</ele>
      </trkpt>
      <trkpt lat="45.19362" lon="14.70001">
        <ele>31.7</ele>
      </trkpt>
      <trkpt lat="45.19358" lon="14.70014">
        <ele>30.9</ele>
      </trkpt>
      <trkpt lat="45.19351" lon="14.70028">
        <ele>30.3</ele>
      </trkpt>
      <trkpt lat="45.19341" lon="14.70041">
        <ele>30.0</ele>
      </trkpt>
      <trkpt lat="45.19312" lon="14.70075">
        <ele>28.2</ele>
      </trkpt>
      <trkpt lat="45.19293" lon="14.7009">
        <ele>28.0</ele>
      </trkpt>
      <trkpt lat="45.1928" lon="14.70096">
        <ele>28.5</ele>
      </trkpt>
      <trkpt lat="45.19268" lon="14.70099">
        <ele>29.2</ele>
      </trkpt>
      <trkpt lat="45.19232" lon="14.70101">
        <ele>30.8</ele>
      </trkpt>
      <trkpt lat="45.19202" lon="14.70105">
        <ele>30.2</ele>
      </trkpt>
      <trkpt lat="45.19172" lon="14.70111">
        <ele>29.0</ele>
      </trkpt>
      <trkpt lat="45.19135" lon="14.70123">
        <ele>29.1</ele>
      </trkpt>
      <trkpt lat="45.19092" lon="14.70141">
        <ele>27.9</ele>
      </trkpt>
      <trkpt lat="45.1908" lon="14.70142">
        <ele>28.1</ele>
      </trkpt>
      <trkpt lat="45.19065" lon="14.70141">
        <ele>27.2</ele>
      </trkpt>
      <trkpt lat="45.1905" lon="14.70137">
        <ele>26.8</ele>
      </trkpt>
      <trkpt lat="45.19038" lon="14.70132">
        <ele>26.8</ele>
      </trkpt>
      <trkpt lat="45.19025" lon="14.70123">
        <ele>27.2</ele>
      </trkpt>
      <trkpt lat="45.19014" lon="14.70113">
        <ele>27.6</ele>
      </trkpt>
      <trkpt lat="45.19" lon="14.70096">
        <ele>28.2</ele>
      </trkpt>
      <trkpt lat="45.18984" lon="14.70072">
        <ele>29.1</ele>
      </trkpt>
      <trkpt lat="45.18964" lon="14.70037">
        <ele>29.2</ele>
      </trkpt>
      <trkpt lat="45.18945" lon="14.70009">
        <ele>26.6</ele>
      </trkpt>
      <trkpt lat="45.18918" lon="14.69971">
        <ele>24.0</ele>
      </trkpt>
      <trkpt lat="45.18897" lon="14.69944">
        <ele>25.1</ele>
      </trkpt>
      <trkpt lat="45.18881" lon="14.69927">
        <ele>25.1</ele>
      </trkpt>
      <trkpt lat="45.18867" lon="14.69914">
        <ele>25.2</ele>
      </trkpt>
      <trkpt lat="45.18855" lon="14.69904">
        <ele>26.3</ele>
      </trkpt>
      <trkpt lat="45.18832" lon="14.69888">
        <ele>26.1</ele>
      </trkpt>
      <trkpt lat="45.18807" lon="14.69875">
        <ele>27.0</ele>
      </trkpt>
      <trkpt lat="45.18793" lon="14.69871">
        <ele>26.6</ele>
      </trkpt>
      <trkpt lat="45.18772" lon="14.69865">
        <ele>26.0</ele>
      </trkpt>
      <trkpt lat="45.18735" lon="14.69859">
        <ele>23.5</ele>
      </trkpt>
      <trkpt lat="45.18726" lon="14.69857">
        <ele>22.8</ele>
      </trkpt>
      <trkpt lat="45.1871" lon="14.6985">
        <ele>22.1</ele>
      </trkpt>
      <trkpt lat="45.18702" lon="14.69845">
        <ele>21.8</ele>
      </trkpt>
      <trkpt lat="45.18687" lon="14.69834">
        <ele>21.1</ele>
      </trkpt>
      <trkpt lat="45.18679" lon="14.69827">
        <ele>21.6</ele>
      </trkpt>
      <trkpt lat="45.18642" lon="14.6979">
        <ele>24.1</ele>
      </trkpt>
      <trkpt lat="45.18579" lon="14.69726">
        <ele>20.4</ele>
      </trkpt>
      <trkpt lat="45.18565" lon="14.69711">
        <ele>21.6</ele>
      </trkpt>
      <trkpt lat="45.1853" lon="14.6966">
        <ele>24.5</ele>
      </trkpt>
      <trkpt lat="45.18519" lon="14.69648">
        <ele>25.1</ele>
      </trkpt>
      <trkpt lat="45.18508" lon="14.69638">
        <ele>25.8</ele>
      </trkpt>
      <trkpt lat="45.1849" lon="14.69624">
        <ele>26.4</ele>
      </trkpt>
      <trkpt lat="45.18473" lon="14.69614">
        <ele>25.3</ele>
      </trkpt>
      <trkpt lat="45.18449" lon="14.69604">
        <ele>22.3</ele>
      </trkpt>
      <trkpt lat="45.18442" lon="14.696">
        <ele>21.5</ele>
      </trkpt>
      <trkpt lat="45.18435" lon="14.69594">
        <ele>20.8</ele>
      </trkpt>
      <trkpt lat="45.18428" lon="14.69586">
        <ele>20.4</ele>
      </trkpt>
      <trkpt lat="45.18415" lon="14.69569">
        <ele>20.1</ele>
      </trkpt>
      <trkpt lat="45.18397" lon="14.6954">
        <ele>22.0</ele>
      </trkpt>
      <trkpt lat="45.18384" lon="14.69522">
        <ele>22.6</ele>
      </trkpt>
      <trkpt lat="45.18371" lon="14.69509">
        <ele>22.4</ele>
      </trkpt>
      <trkpt lat="45.18346" lon="14.69489">
        <ele>23.5</ele>
      </trkpt>
      <trkpt lat="45.18323" lon="14.69477">
        <ele>25.8</ele>
      </trkpt>
      <trkpt lat="45.18311" lon="14.69473">
        <ele>27.0</ele>
      </trkpt>
      <trkpt lat="45.183" lon="14.69472">
        <ele>27.0</ele>
      </trkpt>
      <trkpt lat="45.18289" lon="14.69473">
        <ele>26.3</ele>
      </trkpt>
      <trkpt lat="45.18255" lon="14.69484">
        <ele>21.5</ele>
      </trkpt>
      <trkpt lat="45.18226" lon="14.69498">
        <ele>15.8</ele>
      </trkpt>
      <trkpt lat="45.18214" lon="14.69502">
        <ele>14.4</ele>
      </trkpt>
      <trkpt lat="45.18201" lon="14.69503">
        <ele>13.8</ele>
      </trkpt>
      <trkpt lat="45.18194" lon="14.69502">
        <ele>13.7</ele>
      </trkpt>
      <trkpt lat="45.18181" lon="14.69496">
        <ele>14.8</ele>
      </trkpt>
      <trkpt lat="45.1817" lon="14.6949">
        <ele>16.4</ele>
      </trkpt>
      <trkpt lat="45.18133" lon="14.69464">
        <ele>20.6</ele>
      </trkpt>
      <trkpt lat="45.18099" lon="14.69443">
        <ele>21.9</ele>
      </trkpt>
      <trkpt lat="45.18076" lon="14.69433">
        <ele>22.0</ele>
      </trkpt>
      <trkpt lat="45.18057" lon="14.69427">
        <ele>23.2</ele>
      </trkpt>
      <trkpt lat="45.18044" lon="14.69425">
        <ele>23.6</ele>
      </trkpt>
      <trkpt lat="45.18031" lon="14.69424">
        <ele>23.7</ele>
      </trkpt>
      <trkpt lat="45.18015" lon="14.69426">
        <ele>23.0</ele>
      </trkpt>
      <trkpt lat="45.17996" lon="14.69431">
        <ele>21.9</ele>
      </trkpt>
      <trkpt lat="45.17986" lon="14.69435">
        <ele>21.5</ele>
      </trkpt>
      <trkpt lat="45.17953" lon="14.69459">
        <ele>17.3</ele>
      </trkpt>
      <trkpt lat="45.1794" lon="14.69465">
        <ele>16.4</ele>
      </trkpt>
      <trkpt lat="45.17921" lon="14.69466">
        <ele>17.0</ele>
      </trkpt>
      <trkpt lat="45.17865" lon="14.69462">
        <ele>15.4</ele>
      </trkpt>
      <trkpt lat="45.17829" lon="14.69455">
        <ele>14.8</ele>
      </trkpt>
      <trkpt lat="45.17793" lon="14.69445">
        <ele>13.4</ele>
      </trkpt>
      <trkpt lat="45.17725" lon="14.69409">
        <ele>12.3</ele>
      </trkpt>
      <trkpt lat="45.17725" lon="14.69409">
        <ele>12.3</ele>
      </trkpt>
      <trkpt lat="45.17716" lon="14.69404">
        <ele>12.5</ele>
      </trkpt>
      <trkpt lat="45.17663" lon="14.69382">
        <ele>11.4</ele>
      </trkpt>
      <trkpt lat="45.17653" lon="14.6938">
        <ele>11.7</ele>
      </trkpt>
      <trkpt lat="45.17627" lon="14.69373">
        <ele>12.3</ele>
      </trkpt>
      <trkpt lat="45.17615" lon="14.69376">
        <ele>11.6</ele>
      </trkpt>
      <trkpt lat="45.17607" lon="14.69374">
        <ele>11.7</ele>
      </trkpt>
      <trkpt lat="45.17593" lon="14.6937">
        <ele>11.7</ele>
      </trkpt>
      <trkpt lat="45.17532" lon="14.69338">
        <ele>8.3</ele>
      </trkpt>
      <trkpt lat="45.17473" lon="14.69295">
        <ele>7.8</ele>
      </trkpt>
      <trkpt lat="45.17446" lon="14.69273">
        <ele>7.6</ele>
      </trkpt>
      <trkpt lat="45.17413" lon="14.69352">
        <ele>3.5</ele>
      </trkpt>
      <trkpt lat="45.17395" lon="14.69398">
        <ele>2.5</ele>
      </trkpt>
      <trkpt lat="45.17389" lon="14.69405">
        <ele>2.5</ele>
      </trkpt>
      <trkpt lat="45.17362" lon="14.69398">
        <ele>2.7</ele>
      </trkpt>
      <trkpt lat="45.17327" lon="14.69393">
        <ele>3.0</ele>
      </trkpt>
      <trkpt lat="45.17285" lon="14.69388">
        <ele>5.0</ele>
      </trkpt>
      <trkpt lat="45.1726" lon="14.69389">
        <ele>6.2</ele>
      </trkpt>
      <trkpt lat="45.1725" lon="14.69391">
        <ele>6.5</ele>
      </trkpt>
      <trkpt lat="45.17247" lon="14.69395">
        <ele>6.6</ele>
      </trkpt>
      <trkpt lat="45.17236" lon="14.69393">
        <ele>7.0</ele>
      </trkpt>
      <trkpt lat="45.17235" lon="14.69396">
        <ele>7.1</ele>
      </trkpt>
      <trkpt lat="45.17228" lon="14.69425">
        <ele>7.8</ele>
      </trkpt>
      <trkpt lat="45.17223" lon="14.69445">
        <ele>8.3</ele>
      </trkpt>
      <trkpt lat="45.17217" lon="14.69485">
        <ele>9.3</ele>
      </trkpt>
      <trkpt lat="45.17215" lon="14.69504">
        <ele>10.2</ele>
      </trkpt>
      <trkpt lat="45.17213" lon="14.69544">
        <ele>12.7</ele>
      </trkpt>
      <trkpt lat="45.17208" lon="14.69545">
        <ele>12.4</ele>
      </trkpt>
      <trkpt lat="45.172" lon="14.69551">
        <ele>12.3</ele>
      </trkpt>
      <trkpt lat="45.17197" lon="14.69555">
        <ele>12.4</ele>
      </trkpt>
      <trkpt lat="45.1719" lon="14.6957">
        <ele>12.8</ele>
      </trkpt>
      <trkpt lat="45.17182" lon="14.69585">
        <ele>13.2</ele>
      </trkpt>
      <trkpt lat="45.17175" lon="14.69595">
        <ele>13.0</ele>
      </trkpt>
      <trkpt lat="45.17163" lon="14.69605">
        <ele>12.3</ele>
      </trkpt>
      <trkpt lat="45.17134" lon="14.69625">
        <ele>9.0</ele>
      </trkpt>
      <trkpt lat="45.17126" lon="14.69637">
        <ele>8.1</ele>
      </trkpt>
      <trkpt lat="45.17118" lon="14.69654">
        <ele>7.2</ele>
      </trkpt>
      <trkpt lat="45.17107" lon="14.69706">
        <ele>6.8</ele>
      </trkpt>
      <trkpt lat="45.17099" lon="14.69731">
        <ele>6.1</ele>
      </trkpt>
      <trkpt lat="45.17071" lon="14.69764">
        <ele>4.9</ele>
      </trkpt>
      <trkpt lat="45.17047" lon="14.69793">
        <ele>6.3</ele>
      </trkpt>
      <trkpt lat="45.1702" lon="14.69824">
        <ele>7.1</ele>
      </trkpt>
      <trkpt lat="45.17001" lon="14.69851">
        <ele>6.8</ele>
      </trkpt>
      <trkpt lat="45.16979" lon="14.69889">
        <ele>6.0</ele>
      </trkpt>
      <trkpt lat="45.16945" lon="14.69964">
        <ele>8.0</ele>
      </trkpt>
      <trkpt lat="45.1691" lon="14.70039">
        <ele>8.7</ele>
      </trkpt>
      <trkpt lat="45.16892" lon="14.70107">
        <ele>7.0</ele>
      </trkpt>
      <trkpt lat="45.16887" lon="14.70124">
        <ele>6.4</ele>
      </trkpt>
      <trkpt lat="45.16871" lon="14.70196">
        <ele>5.0</ele>
      </trkpt>
      <trkpt lat="45.16856" lon="14.70241">
        <ele>3.4</ele>
      </trkpt>
      <trkpt lat="45.16845" lon="14.70265">
        <ele>4.0</ele>
      </trkpt>
      <trkpt lat="45.16829" lon="14.70289">
        <ele>5.8</ele>
      </trkpt>
      <trkpt lat="45.16815" lon="14.70304">
        <ele>6.6</ele>
      </trkpt>
      <trkpt lat="45.16766" lon="14.70332">
        <ele>2.5</ele>
      </trkpt>
      <trkpt lat="45.16728" lon="14.70364">
        <ele>5.1</ele>
      </trkpt>
      <trkpt lat="45.16719" lon="14.70376">
        <ele>6.1</ele>
      </trkpt>
      <trkpt lat="45.16697" lon="14.704">
        <ele>5.5</ele>
      </trkpt>
      <trkpt lat="45.16669" lon="14.70438">
        <ele>3.8</ele>
      </trkpt>
      <trkpt lat="45.16655" lon="14.70465">
        <ele>6.5</ele>
      </trkpt>
      <trkpt lat="45.16613" lon="14.70541">
        <ele>8.6</ele>
      </trkpt>
      <trkpt lat="45.1657" lon="14.70617">
        <ele>8.3</ele>
      </trkpt>
      <trkpt lat="45.16528" lon="14.70694">
        <ele>6.7</ele>
      </trkpt>
      <trkpt lat="45.16498" lon="14.70727">
        <ele>3.5</ele>
      </trkpt>
      <trkpt lat="45.16489" lon="14.70746">
        <ele>4.1</ele>
      </trkpt>
      <trkpt lat="45.16483" lon="14.70769">
        <ele>4.9</ele>
      </trkpt>
      <trkpt lat="45.16479" lon="14.70804">
        <ele>6.2</ele>
      </trkpt>
      <trkpt lat="45.16474" lon="14.70824">
        <ele>6.5</ele>
      </trkpt>
      <trkpt lat="45.16466" lon="14.70831">
        <ele>5.8</ele>
      </trkpt>
      <trkpt lat="45.16456" lon="14.70844">
        <ele>5.6</ele>
      </trkpt>
      <trkpt lat="45.16446" lon="14.7086">
        <ele>5.7</ele>
      </trkpt>
      <trkpt lat="45.16438" lon="14.7088">
        <ele>6.2</ele>
      </trkpt>
      <trkpt lat="45.16405" lon="14.70933">
        <ele>6.2</ele>
      </trkpt>
      <trkpt lat="45.16359" lon="14.70995">
        <ele>3.6</ele>
      </trkpt>
      <trkpt lat="45.1635" lon="14.71027">
        <ele>4.1</ele>
      </trkpt>
      <trkpt lat="45.16348" lon="14.71066">
        <ele>6.2</ele>
      </trkpt>
      <trkpt lat="45.16339" lon="14.71092">
        <ele>6.9</ele>
      </trkpt>
      <trkpt lat="45.16312" lon="14.71122">
        <ele>7.2</ele>
      </trkpt>
      <trkpt lat="45.16301" lon="14.71135">
        <ele>6.9</ele>
      </trkpt>
      <trkpt lat="45.16274" lon="14.71187">
        <ele>6.0</ele>
      </trkpt>
      <trkpt lat="45.16247" lon="14.71238">
        <ele>5.8</ele>
      </trkpt>
      <trkpt lat="45.16223" lon="14.71326">
        <ele>6.0</ele>
      </trkpt>
      <trkpt lat="45.16195" lon="14.71401">
        <ele>7.9</ele>
      </trkpt>
      <trkpt lat="45.16156" lon="14.71435">
        <ele>5.5</ele>
      </trkpt>
      <trkpt lat="45.16124" lon="14.71486">
        <ele>6.6</ele>
      </trkpt>
      <trkpt lat="45.16111" lon="14.715">
        <ele>6.7</ele>
      </trkpt>
      <trkpt lat="45.16105" lon="14.71511">
        <ele>7.5</ele>
      </trkpt>
      <trkpt lat="45.16104" lon="14.71516">
        <ele>7.9</ele>
      </trkpt>
      <trkpt lat="45.16104" lon="14.71522">
        <ele>8.6</ele>
      </trkpt>
      <trkpt lat="45.16087" lon="14.71529">
        <ele>8.3</ele>
      </trkpt>
      <trkpt lat="45.16057" lon="14.71544">
        <ele>8.6</ele>
      </trkpt>
      <trkpt lat="45.16025" lon="14.71564">
        <ele>8.5</ele>
      </trkpt>
      <trkpt lat="45.15984" lon="14.71594">
        <ele>8.9</ele>
      </trkpt>
      <trkpt lat="45.15975" lon="14.71604">
        <ele>9.4</ele>
      </trkpt>
      <trkpt lat="45.15971" lon="14.71611">
        <ele>9.7</ele>
      </trkpt>
      <trkpt lat="45.15959" lon="14.71646">
        <ele>10.3</ele>
      </trkpt>
      <trkpt lat="45.15952" lon="14.71659">
        <ele>10.2</ele>
      </trkpt>
      <trkpt lat="45.15936" lon="14.71685">
        <ele>10.0</ele>
      </trkpt>
      <trkpt lat="45.1592" lon="14.71714">
        <ele>9.2</ele>
      </trkpt>
      <trkpt lat="45.15913" lon="14.71731">
        <ele>8.6</ele>
      </trkpt>
      <trkpt lat="45.15902" lon="14.7177">
        <ele>8.4</ele>
      </trkpt>
      <trkpt lat="45.15898" lon="14.71777">
        <ele>8.3</ele>
      </trkpt>
      <trkpt lat="45.15876" lon="14.71812">
        <ele>7.6</ele>
      </trkpt>
      <trkpt lat="45.15866" lon="14.71825">
        <ele>7.1</ele>
      </trkpt>
      <trkpt lat="45.15837" lon="14.71855">
        <ele>5.4</ele>
      </trkpt>
      <trkpt lat="45.15821" lon="14.71881">
        <ele>5.4</ele>
      </trkpt>
      <trkpt lat="45.15816" lon="14.71888">
        <ele>5.4</ele>
      </trkpt>
      <trkpt lat="45.15767" lon="14.71946">
        <ele>4.5</ele>
      </trkpt>
      <trkpt lat="45.15762" lon="14.71958">
        <ele>5.0</ele>
      </trkpt>
      <trkpt lat="45.15756" lon="14.7198">
        <ele>6.1</ele>
      </trkpt>
      <trkpt lat="45.15746" lon="14.72021">
        <ele>8.0</ele>
      </trkpt>
      <trkpt lat="45.15742" lon="14.72031">
        <ele>8.5</ele>
      </trkpt>
      <trkpt lat="45.15736" lon="14.7204">
        <ele>9.0</ele>
      </trkpt>
      <trkpt lat="45.15723" lon="14.72027">
        <ele>8.4</ele>
      </trkpt>
      <trkpt lat="45.15717" lon="14.72023">
        <ele>8.2</ele>
      </trkpt>
      <trkpt lat="45.15672" lon="14.72029">
        <ele>8.7</ele>
      </trkpt>
      <trkpt lat="45.15648" lon="14.72036">
        <ele>9.8</ele>
      </trkpt>
      <trkpt lat="45.15624" lon="14.72045">
        <ele>11.2</ele>
      </trkpt>
      <trkpt lat="45.15609" lon="14.72035">
        <ele>11.2</ele>
      </trkpt>
      <trkpt lat="45.15582" lon="14.72008">
        <ele>10.5</ele>
      </trkpt>
      <trkpt lat="45.15539" lon="14.71974">
        <ele>10.6</ele>
      </trkpt>
      <trkpt lat="45.15497" lon="14.7194">
        <ele>12.0</ele>
      </trkpt>
      <trkpt lat="45.15478" lon="14.71914">
        <ele>11.6</ele>
      </trkpt>
      <trkpt lat="45.15455" lon="14.71872">
        <ele>10.0</ele>
      </trkpt>
      <trkpt lat="45.15426" lon="14.71827">
        <ele>9.1</ele>
      </trkpt>
      <trkpt lat="45.1548" lon="14.71764">
        <ele>2.2</ele>
      </trkpt>
      <trkpt lat="45.15447" lon="14.71716">
        <ele>1.7</ele>
      </trkpt>
      <trkpt lat="45.15435" lon="14.71707">
        <ele>1.5</ele>
      </trkpt>
      <trkpt lat="45.15418" lon="14.71706">
        <ele>1.7</ele>
      </trkpt>
      <trkpt lat="45.154" lon="14.71707">
        <ele>2.3</ele>
      </trkpt>
      <trkpt lat="45.15418" lon="14.71706">
        <ele>1.7</ele>
      </trkpt>
      <trkpt lat="45.15435" lon="14.71707">
        <ele>1.5</ele>
      </trkpt>
      <trkpt lat="45.15447" lon="14.71716">
        <ele>1.7</ele>
      </trkpt>
      <trkpt lat="45.1548" lon="14.71764">
        <ele>2.2</ele>
      </trkpt>
      <trkpt lat="45.15426" lon="14.71827">
        <ele>9.1</ele>
      </trkpt>
      <trkpt lat="45.15395" lon="14.71871">
        <ele>12.1</ele>
      </trkpt>
      <trkpt lat="45.15388" lon="14.71882">
        <ele>12.6</ele>
      </trkpt>
      <trkpt lat="45.15382" lon="14.71892">
        <ele>13.1</ele>
      </trkpt>
      <trkpt lat="45.15392" lon="14.71905">
        <ele>13.5</ele>
      </trkpt>
      <trkpt lat="45.15388" lon="14.71938">
        <ele>15.2</ele>
      </trkpt>
      <trkpt lat="45.15387" lon="14.71982">
        <ele>17.7</ele>
      </trkpt>
      <trkpt lat="45.15391" lon="14.72033">
        <ele>19.4</ele>
      </trkpt>
      <trkpt lat="45.15426" lon="14.72097">
        <ele>20.5</ele>
      </trkpt>
      <trkpt lat="45.1543" lon="14.72122">
        <ele>21.9</ele>
      </trkpt>
      <trkpt lat="45.1545" lon="14.72148">
        <ele>23.0</ele>
      </trkpt>
      <trkpt lat="45.1544" lon="14.7217">
        <ele>24.6</ele>
      </trkpt>
      <trkpt lat="45.15426" lon="14.7221">
        <ele>26.0</ele>
      </trkpt>
      <trkpt lat="45.15464" lon="14.72275">
        <ele>28.9</ele>
      </trkpt>
      <trkpt lat="45.15492" lon="14.72327">
        <ele>31.7</ele>
      </trkpt>
      <trkpt lat="45.15521" lon="14.7238">
        <ele>34.2</ele>
      </trkpt>
      <trkpt lat="45.15545" lon="14.72422">
        <ele>36.3</ele>
      </trkpt>
      <trkpt lat="45.15568" lon="14.72466">
        <ele>38.5</ele>
      </trkpt>
      <trkpt lat="45.15563" lon="14.7249">
        <ele>39.7</ele>
      </trkpt>
      <trkpt lat="45.15547" lon="14.72563">
        <ele>42.9</ele>
      </trkpt>
      <trkpt lat="45.1553" lon="14.72636">
        <ele>44.4</ele>
      </trkpt>
      <trkpt lat="45.15515" lon="14.72716">
        <ele>48.6</ele>
      </trkpt>
      <trkpt lat="45.15507" lon="14.72753">
        <ele>51.5</ele>
      </trkpt>
      <trkpt lat="45.15502" lon="14.72766">
        <ele>52.2</ele>
      </trkpt>
      <trkpt lat="45.15497" lon="14.72779">
        <ele>52.9</ele>
      </trkpt>
      <trkpt lat="45.15491" lon="14.72789">
        <ele>53.3</ele>
      </trkpt>
      <trkpt lat="45.15477" lon="14.72807">
        <ele>53.8</ele>
      </trkpt>
      <trkpt lat="45.15469" lon="14.7282">
        <ele>54.2</ele>
      </trkpt>
      <trkpt lat="45.15467" lon="14.72834">
        <ele>55.1</ele>
      </trkpt>
      <trkpt lat="45.15468" lon="14.72838">
        <ele>55.4</ele>
      </trkpt>
      <trkpt lat="45.15472" lon="14.72866">
        <ele>57.7</ele>
      </trkpt>
      <trkpt lat="45.1547" lon="14.72909">
        <ele>60.6</ele>
      </trkpt>
      <trkpt lat="45.15465" lon="14.72923">
        <ele>61.0</ele>
      </trkpt>
      <trkpt lat="45.15458" lon="14.72948">
        <ele>61.7</ele>
      </trkpt>
      <trkpt lat="45.15432" lon="14.73053">
        <ele>62.8</ele>
      </trkpt>
      <trkpt lat="45.15418" lon="14.73106">
        <ele>62.3</ele>
      </trkpt>
      <trkpt lat="45.15417" lon="14.73129">
        <ele>63.2</ele>
      </trkpt>
      <trkpt lat="45.15417" lon="14.73143">
        <ele>63.9</ele>
      </trkpt>
      <trkpt lat="45.15421" lon="14.73177">
        <ele>66.2</ele>
      </trkpt>
      <trkpt lat="45.15425" lon="14.73203">
        <ele>68.0</ele>
      </trkpt>
      <trkpt lat="45.15428" lon="14.73251">
        <ele>70.7</ele>
      </trkpt>
      <trkpt lat="45.15427" lon="14.7328">
        <ele>72.6</ele>
      </trkpt>
      <trkpt lat="45.15422" lon="14.7331">
        <ele>74.0</ele>
      </trkpt>
      <trkpt lat="45.15412" lon="14.73339">
        <ele>75.3</ele>
      </trkpt>
      <trkpt lat="45.154" lon="14.73359">
        <ele>76.4</ele>
      </trkpt>
      <trkpt lat="45.15386" lon="14.73385">
        <ele>77.8</ele>
      </trkpt>
      <trkpt lat="45.15373" lon="14.73415">
        <ele>79.3</ele>
      </trkpt>
      <trkpt lat="45.15363" lon="14.73434">
        <ele>81.1</ele>
      </trkpt>
      <trkpt lat="45.1535" lon="14.73448">
        <ele>82.1</ele>
      </trkpt>
      <trkpt lat="45.15327" lon="14.73464">
        <ele>83.3</ele>
      </trkpt>
      <trkpt lat="45.15289" lon="14.73482">
        <ele>85.9</ele>
      </trkpt>
      <trkpt lat="45.15267" lon="14.73502">
        <ele>88.2</ele>
      </trkpt>
      <trkpt lat="45.15225" lon="14.73554">
        <ele>92.9</ele>
      </trkpt>
      <trkpt lat="45.15181" lon="14.736">
        <ele>96.1</ele>
      </trkpt>
      <trkpt lat="45.15143" lon="14.7366">
        <ele>100.5</ele>
      </trkpt>
      <trkpt lat="45.1511" lon="14.73721">
        <ele>103.2</ele>
      </trkpt>
      <trkpt lat="45.1507" lon="14.73826">
        <ele>106.5</ele>
      </trkpt>
      <trkpt lat="45.15055" lon="14.73897">
        <ele>109.2</ele>
      </trkpt>
      <trkpt lat="45.15056" lon="14.73932">
        <ele>110.8</ele>
      </trkpt>
      <trkpt lat="45.15069" lon="14.73998">
        <ele>113.4</ele>
      </trkpt>
      <trkpt lat="45.15093" lon="14.74053">
        <ele>114.6</ele>
      </trkpt>
      <trkpt lat="45.15123" lon="14.74093">
        <ele>117.6</ele>
      </trkpt>
      <trkpt lat="45.1516" lon="14.74121">
        <ele>122.4</ele>
      </trkpt>
      <trkpt lat="45.15183" lon="14.7415">
        <ele>125.0</ele>
      </trkpt>
      <trkpt lat="45.15221" lon="14.74206">
        <ele>130.0</ele>
      </trkpt>
      <trkpt lat="45.15249" lon="14.7426">
        <ele>134.0</ele>
      </trkpt>
      <trkpt lat="45.15284" lon="14.7434">
        <ele>139.3</ele>
      </trkpt>
      <trkpt lat="45.15321" lon="14.74454">
        <ele>145.0</ele>
      </trkpt>
      <trkpt lat="45.15338" lon="14.74512">
        <ele>146.0</ele>
      </trkpt>
      <trkpt lat="45.15357" lon="14.74606">
        <ele>153.9</ele>
      </trkpt>
      <trkpt lat="45.15368" lon="14.74635">
        <ele>156.6</ele>
      </trkpt>
      <trkpt lat="45.15385" lon="14.74664">
        <ele>158.2</ele>
      </trkpt>
      <trkpt lat="45.15432" lon="14.7475">
        <ele>166.4</ele>
      </trkpt>
      <trkpt lat="45.1544" lon="14.74763">
        <ele>167.0</ele>
      </trkpt>
      <trkpt lat="45.15454" lon="14.74783">
        <ele>166.8</ele>
      </trkpt>
      <trkpt lat="45.15461" lon="14.74792">
        <ele>166.2</ele>
      </trkpt>
      <trkpt lat="45.15473" lon="14.74803">
        <ele>164.5</ele>
      </trkpt>
      <trkpt lat="45.15486" lon="14.74812">
        <ele>162.0</ele>
      </trkpt>
      <trkpt lat="45.1549" lon="14.74814">
        <ele>161.2</ele>
      </trkpt>
      <trkpt lat="45.15526" lon="14.74813">
        <ele>156.8</ele>
      </trkpt>
      <trkpt lat="45.15559" lon="14.74812">
        <ele>153.6</ele>
      </trkpt>
      <trkpt lat="45.15576" lon="14.74808">
        <ele>153.1</ele>
      </trkpt>
      <trkpt lat="45.15596" lon="14.74803">
        <ele>151.4</ele>
      </trkpt>
      <trkpt lat="45.1561" lon="14.74797">
        <ele>150.4</ele>
      </trkpt>
      <trkpt lat="45.15636" lon="14.74784">
        <ele>149.4</ele>
      </trkpt>
      <trkpt lat="45.15664" lon="14.74769">
        <ele>149.2</ele>
      </trkpt>
      <trkpt lat="45.15717" lon="14.74733">
        <ele>148.5</ele>
      </trkpt>
      <trkpt lat="45.15738" lon="14.74717">
        <ele>149.5</ele>
      </trkpt>
      <trkpt lat="45.15752" lon="14.74705">
        <ele>150.8</ele>
      </trkpt>
      <trkpt lat="45.15806" lon="14.74653">
        <ele>148.6</ele>
      </trkpt>
      <trkpt lat="45.15822" lon="14.74637">
        <ele>146.7</ele>
      </trkpt>
      <trkpt lat="45.15883" lon="14.74567">
        <ele>148.7</ele>
      </trkpt>
      <trkpt lat="45.15917" lon="14.74528">
        <ele>152.2</ele>
      </trkpt>
      <trkpt lat="45.15926" lon="14.74522">
        <ele>152.3</ele>
      </trkpt>
      <trkpt lat="45.15955" lon="14.74507">
        <ele>150.2</ele>
      </trkpt>
      <trkpt lat="45.1598" lon="14.74487">
        <ele>150.1</ele>
      </trkpt>
      <trkpt lat="45.16013" lon="14.74467">
        <ele>148.3</ele>
      </trkpt>
      <trkpt lat="45.16056" lon="14.74436">
        <ele>147.4</ele>
      </trkpt>
      <trkpt lat="45.16084" lon="14.74411">
        <ele>147.8</ele>
      </trkpt>
      <trkpt lat="45.16101" lon="14.74392">
        <ele>149.2</ele>
      </trkpt>
      <trkpt lat="45.16114" lon="14.74379">
        <ele>149.4</ele>
      </trkpt>
      <trkpt lat="45.16166" lon="14.74339">
        <ele>144.6</ele>
      </trkpt>
      <trkpt lat="45.16177" lon="14.74328">
        <ele>146.5</ele>
      </trkpt>
      <trkpt lat="45.16187" lon="14.74321">
        <ele>147.4</ele>
      </trkpt>
      <trkpt lat="45.16194" lon="14.74317">
        <ele>147.6</ele>
      </trkpt>
      <trkpt lat="45.16217" lon="14.74312">
        <ele>144.8</ele>
      </trkpt>
      <trkpt lat="45.16233" lon="14.74306">
        <ele>143.4</ele>
      </trkpt>
      <trkpt lat="45.16246" lon="14.74302">
        <ele>141.7</ele>
      </trkpt>
      <trkpt lat="45.16253" lon="14.74303">
        <ele>140.5</ele>
      </trkpt>
      <trkpt lat="45.16262" lon="14.74305">
        <ele>139.4</ele>
      </trkpt>
      <trkpt lat="45.16277" lon="14.74315">
        <ele>136.2</ele>
      </trkpt>
      <trkpt lat="45.16294" lon="14.74324">
        <ele>133.4</ele>
      </trkpt>
      <trkpt lat="45.16313" lon="14.74324">
        <ele>132.6</ele>
      </trkpt>
      <trkpt lat="45.16328" lon="14.74317">
        <ele>133.2</ele>
      </trkpt>
      <trkpt lat="45.16382" lon="14.74283">
        <ele>136.4</ele>
      </trkpt>
      <trkpt lat="45.16392" lon="14.74279">
        <ele>136.3</ele>
      </trkpt>
      <trkpt lat="45.16403" lon="14.74278">
        <ele>135.8</ele>
      </trkpt>
      <trkpt lat="45.16417" lon="14.74279">
        <ele>134.8</ele>
      </trkpt>
      <trkpt lat="45.16434" lon="14.74282">
        <ele>133.1</ele>
      </trkpt>
      <trkpt lat="45.16449" lon="14.74283">
        <ele>131.7</ele>
      </trkpt>
      <trkpt lat="45.16468" lon="14.7428">
        <ele>130.6</ele>
      </trkpt>
      <trkpt lat="45.1648" lon="14.74276">
        <ele>130.2</ele>
      </trkpt>
      <trkpt lat="45.16495" lon="14.7427">
        <ele>130.0</ele>
      </trkpt>
      <trkpt lat="45.16523" lon="14.74249">
        <ele>132.1</ele>
      </trkpt>
      <trkpt lat="45.1655" lon="14.74233">
        <ele>133.1</ele>
      </trkpt>
      <trkpt lat="45.16579" lon="14.74222">
        <ele>133.0</ele>
      </trkpt>
      <trkpt lat="45.16611" lon="14.74212">
        <ele>133.0</ele>
      </trkpt>
      <trkpt lat="45.16642" lon="14.74205">
        <ele>132.9</ele>
      </trkpt>
      <trkpt lat="45.16654" lon="14.74204">
        <ele>132.7</ele>
      </trkpt>
      <trkpt lat="45.16663" lon="14.74206">
        <ele>132.0</ele>
      </trkpt>
      <trkpt lat="45.16692" lon="14.74226">
        <ele>128.6</ele>
      </trkpt>
      <trkpt lat="45.16721" lon="14.74242">
        <ele>126.5</ele>
      </trkpt>
      <trkpt lat="45.16798" lon="14.74257">
        <ele>125.2</ele>
      </trkpt>
      <trkpt lat="45.1681" lon="14.74257">
        <ele>125.1</ele>
      </trkpt>
      <trkpt lat="45.1683" lon="14.74253">
        <ele>125.0</ele>
      </trkpt>
      <trkpt lat="45.16857" lon="14.74242">
        <ele>129.0</ele>
      </trkpt>
      <trkpt lat="45.16864" lon="14.74243">
        <ele>129.6</ele>
      </trkpt>
      <trkpt lat="45.16872" lon="14.74248">
        <ele>129.9</ele>
      </trkpt>
      <trkpt lat="45.16876" lon="14.74256">
        <ele>130.3</ele>
      </trkpt>
      <trkpt lat="45.16878" lon="14.74266">
        <ele>130.8</ele>
      </trkpt>
      <trkpt lat="45.16878" lon="14.74276">
        <ele>131.0</ele>
      </trkpt>
      <trkpt lat="45.16873" lon="14.74299">
        <ele>130.9</ele>
      </trkpt>
      <trkpt lat="45.16869" lon="14.74308">
        <ele>130.5</ele>
      </trkpt>
      <trkpt lat="45.16864" lon="14.74318">
        <ele>129.9</ele>
      </trkpt>
      <trkpt lat="45.16856" lon="14.74326">
        <ele>128.7</ele>
      </trkpt>
      <trkpt lat="45.16821" lon="14.74358">
        <ele>127.2</ele>
      </trkpt>
      <trkpt lat="45.16813" lon="14.74366">
        <ele>127.4</ele>
      </trkpt>
      <trkpt lat="45.16806" lon="14.74376">
        <ele>127.8</ele>
      </trkpt>
      <trkpt lat="45.16781" lon="14.74428">
        <ele>130.1</ele>
      </trkpt>
      <trkpt lat="45.16766" lon="14.74456">
        <ele>131.7</ele>
      </trkpt>
      <trkpt lat="45.16761" lon="14.74465">
        <ele>132.1</ele>
      </trkpt>
      <trkpt lat="45.16757" lon="14.74475">
        <ele>132.8</ele>
      </trkpt>
      <trkpt lat="45.16756" lon="14.74488">
        <ele>134.4</ele>
      </trkpt>
      <trkpt lat="45.16756" lon="14.74488">
        <ele>134.4</ele>
      </trkpt>
      <trkpt lat="45.16747" lon="14.74538">
        <ele>134.9</ele>
      </trkpt>
      <trkpt lat="45.1674" lon="14.74564">
        <ele>133.8</ele>
      </trkpt>
      <trkpt lat="45.16738" lon="14.746">
        <ele>134.1</ele>
      </trkpt>
      <trkpt lat="45.16741" lon="14.74649">
        <ele>136.3</ele>
      </trkpt>
      <trkpt lat="45.16748" lon="14.74686">
        <ele>138.5</ele>
      </trkpt>
      <trkpt lat="45.16772" lon="14.74759">
        <ele>143.4</ele>
      </trkpt>
      <trkpt lat="45.16785" lon="14.74808">
        <ele>146.3</ele>
      </trkpt>
      <trkpt lat="45.16787" lon="14.74836">
        <ele>146.9</ele>
      </trkpt>
      <trkpt lat="45.16785" lon="14.74884">
        <ele>147.8</ele>
      </trkpt>
      <trkpt lat="45.16786" lon="14.74909">
        <ele>148.6</ele>
      </trkpt>
      <trkpt lat="45.16784" lon="14.74926">
        <ele>148.7</ele>
      </trkpt>
      <trkpt lat="45.16782" lon="14.74936">
        <ele>148.7</ele>
      </trkpt>
      <trkpt lat="45.16776" lon="14.74953">
        <ele>148.5</ele>
      </trkpt>
      <trkpt lat="45.16755" lon="14.74978">
        <ele>146.8</ele>
      </trkpt>
      <trkpt lat="45.16743" lon="14.74995">
        <ele>145.6</ele>
      </trkpt>
      <trkpt lat="45.16736" lon="14.75008">
        <ele>144.6</ele>
      </trkpt>
      <trkpt lat="45.1673" lon="14.75026">
        <ele>143.7</ele>
      </trkpt>
      <trkpt lat="45.16726" lon="14.75041">
        <ele>143.1</ele>
      </trkpt>
      <trkpt lat="45.16723" lon="14.75059">
        <ele>142.6</ele>
      </trkpt>
      <trkpt lat="45.16723" lon="14.75072">
        <ele>142.7</ele>
      </trkpt>
      <trkpt lat="45.16724" lon="14.75087">
        <ele>143.1</ele>
      </trkpt>
      <trkpt lat="45.16726" lon="14.75103">
        <ele>143.7</ele>
      </trkpt>
      <trkpt lat="45.16732" lon="14.75125">
        <ele>145.0</ele>
      </trkpt>
      <trkpt lat="45.16741" lon="14.75143">
        <ele>146.7</ele>
      </trkpt>
      <trkpt lat="45.16748" lon="14.75155">
        <ele>147.8</ele>
      </trkpt>
      <trkpt lat="45.16754" lon="14.75169">
        <ele>148.7</ele>
      </trkpt>
      <trkpt lat="45.16757" lon="14.75182">
        <ele>149.5</ele>
      </trkpt>
      <trkpt lat="45.16757" lon="14.75192">
        <ele>149.8</ele>
      </trkpt>
      <trkpt lat="45.16755" lon="14.75203">
        <ele>149.7</ele>
      </trkpt>
      <trkpt lat="45.16751" lon="14.75212">
        <ele>149.3</ele>
      </trkpt>
      <trkpt lat="45.16733" lon="14.75235">
        <ele>147.7</ele>
      </trkpt>
      <trkpt lat="45.1672" lon="14.75248">
        <ele>146.7</ele>
      </trkpt>
      <trkpt lat="45.16703" lon="14.75265">
        <ele>147.0</ele>
      </trkpt>
      <trkpt lat="45.16681" lon="14.75282">
        <ele>147.3</ele>
      </trkpt>
      <trkpt lat="45.16652" lon="14.75301">
        <ele>147.1</ele>
      </trkpt>
      <trkpt lat="45.1664" lon="14.75316">
        <ele>147.5</ele>
      </trkpt>
      <trkpt lat="45.16623" lon="14.75342">
        <ele>147.4</ele>
      </trkpt>
      <trkpt lat="45.16615" lon="14.75359">
        <ele>146.6</ele>
      </trkpt>
      <trkpt lat="45.16612" lon="14.75372">
        <ele>146.4</ele>
      </trkpt>
      <trkpt lat="45.16611" lon="14.75384">
        <ele>146.5</ele>
      </trkpt>
      <trkpt lat="45.16614" lon="14.75472">
        <ele>148.6</ele>
      </trkpt>
      <trkpt lat="45.16612" lon="14.75513">
        <ele>148.1</ele>
      </trkpt>
      <trkpt lat="45.1661" lon="14.75532">
        <ele>147.9</ele>
      </trkpt>
      <trkpt lat="45.16602" lon="14.75571">
        <ele>147.5</ele>
      </trkpt>
      <trkpt lat="45.16593" lon="14.756">
        <ele>147.2</ele>
      </trkpt>
      <trkpt lat="45.16583" lon="14.75625">
        <ele>146.5</ele>
      </trkpt>
      <trkpt lat="45.16569" lon="14.75649">
        <ele>145.8</ele>
      </trkpt>
      <trkpt lat="45.16559" lon="14.75663">
        <ele>145.5</ele>
      </trkpt>
      <trkpt lat="45.16548" lon="14.75677">
        <ele>145.4</ele>
      </trkpt>
      <trkpt lat="45.16508" lon="14.75724">
        <ele>144.3</ele>
      </trkpt>
      <trkpt lat="45.16467" lon="14.75772">
        <ele>143.3</ele>
      </trkpt>
      <trkpt lat="45.16397" lon="14.75852">
        <ele>140.1</ele>
      </trkpt>
      <trkpt lat="45.16341" lon="14.75921">
        <ele>138.9</ele>
      </trkpt>
      <trkpt lat="45.16341" lon="14.75921">
        <ele>138.9</ele>
      </trkpt>
      <trkpt lat="45.16277" lon="14.75999">
        <ele>142.7</ele>
      </trkpt>
      <trkpt lat="45.16214" lon="14.76078">
        <ele>139.7</ele>
      </trkpt>
      <trkpt lat="45.16209" lon="14.76082">
        <ele>139.1</ele>
      </trkpt>
      <trkpt lat="45.16203" lon="14.76085">
        <ele>138.5</ele>
      </trkpt>
      <trkpt lat="45.16204" lon="14.76092">
        <ele>138.6</ele>
      </trkpt>
      <trkpt lat="45.16203" lon="14.76098">
        <ele>138.5</ele>
      </trkpt>
      <trkpt lat="45.16178" lon="14.76138">
        <ele>135.7</ele>
      </trkpt>
      <trkpt lat="45.16172" lon="14.76151">
        <ele>134.9</ele>
      </trkpt>
      <trkpt lat="45.16167" lon="14.76166">
        <ele>134.1</ele>
      </trkpt>
      <trkpt lat="45.16156" lon="14.76203">
        <ele>137.2</ele>
      </trkpt>
      <trkpt lat="45.16151" lon="14.76221">
        <ele>138.7</ele>
      </trkpt>
      <trkpt lat="45.16144" lon="14.76241">
        <ele>140.2</ele>
      </trkpt>
      <trkpt lat="45.16139" lon="14.76252">
        <ele>140.9</ele>
      </trkpt>
      <trkpt lat="45.16134" lon="14.76261">
        <ele>141.2</ele>
      </trkpt>
      <trkpt lat="45.16128" lon="14.76267">
        <ele>141.1</ele>
      </trkpt>
      <trkpt lat="45.16101" lon="14.76285">
        <ele>139.6</ele>
      </trkpt>
      <trkpt lat="45.16094" lon="14.76291">
        <ele>139.3</ele>
      </trkpt>
      <trkpt lat="45.16091" lon="14.76295">
        <ele>139.3</ele>
      </trkpt>
      <trkpt lat="45.16088" lon="14.76302">
        <ele>139.6</ele>
      </trkpt>
      <trkpt lat="45.16085" lon="14.76312">
        <ele>140.2</ele>
      </trkpt>
      <trkpt lat="45.1608" lon="14.76353">
        <ele>142.3</ele>
      </trkpt>
      <trkpt lat="45.16076" lon="14.76406">
        <ele>144.0</ele>
      </trkpt>
      <trkpt lat="45.16076" lon="14.76434">
        <ele>144.6</ele>
      </trkpt>
      <trkpt lat="45.16077" lon="14.76462">
        <ele>145.0</ele>
      </trkpt>
      <trkpt lat="45.1608" lon="14.76495">
        <ele>145.5</ele>
      </trkpt>
      <trkpt lat="45.1608" lon="14.76515">
        <ele>146.3</ele>
      </trkpt>
      <trkpt lat="45.1608" lon="14.76543">
        <ele>147.7</ele>
      </trkpt>
      <trkpt lat="45.16076" lon="14.76568">
        <ele>148.4</ele>
      </trkpt>
      <trkpt lat="45.16073" lon="14.76578">
        <ele>148.6</ele>
      </trkpt>
      <trkpt lat="45.16066" lon="14.7659">
        <ele>148.6</ele>
      </trkpt>
      <trkpt lat="45.16058" lon="14.76599">
        <ele>148.4</ele>
      </trkpt>
      <trkpt lat="45.16009" lon="14.7664">
        <ele>144.9</ele>
      </trkpt>
      <trkpt lat="45.15997" lon="14.76653">
        <ele>144.0</ele>
      </trkpt>
      <trkpt lat="45.15965" lon="14.76696">
        <ele>143.7</ele>
      </trkpt>
      <trkpt lat="45.15959" lon="14.76705">
        <ele>143.6</ele>
      </trkpt>
      <trkpt lat="45.15952" lon="14.76722">
        <ele>143.9</ele>
      </trkpt>
      <trkpt lat="45.15947" lon="14.76746">
        <ele>144.8</ele>
      </trkpt>
      <trkpt lat="45.15943" lon="14.76758">
        <ele>145.1</ele>
      </trkpt>
      <trkpt lat="45.15938" lon="14.76767">
        <ele>145.1</ele>
      </trkpt>
      <trkpt lat="45.1593" lon="14.76775">
        <ele>144.6</ele>
      </trkpt>
      <trkpt lat="45.15918" lon="14.76784">
        <ele>143.6</ele>
      </trkpt>
      <trkpt lat="45.15913" lon="14.7679">
        <ele>143.3</ele>
      </trkpt>
      <trkpt lat="45.15908" lon="14.76798">
        <ele>143.1</ele>
      </trkpt>
      <trkpt lat="45.15902" lon="14.76816">
        <ele>143.5</ele>
      </trkpt>
      <trkpt lat="45.15896" lon="14.76845">
        <ele>145.0</ele>
      </trkpt>
      <trkpt lat="45.15892" lon="14.76858">
        <ele>145.8</ele>
      </trkpt>
      <trkpt lat="45.15887" lon="14.7687">
        <ele>146.4</ele>
      </trkpt>
      <trkpt lat="45.15869" lon="14.76896">
        <ele>147.4</ele>
      </trkpt>
      <trkpt lat="45.15861" lon="14.76914">
        <ele>149.0</ele>
      </trkpt>
      <trkpt lat="45.15856" lon="14.76927">
        <ele>150.4</ele>
      </trkpt>
      <trkpt lat="45.15852" lon="14.76935">
        <ele>151.2</ele>
      </trkpt>
      <trkpt lat="45.15844" lon="14.76945">
        <ele>151.8</ele>
      </trkpt>
      <trkpt lat="45.15832" lon="14.76956">
        <ele>152.0</ele>
      </trkpt>
      <trkpt lat="45.15814" lon="14.76969">
        <ele>150.5</ele>
      </trkpt>
      <trkpt lat="45.15809" lon="14.76974">
        <ele>150.3</ele>
      </trkpt>
      <trkpt lat="45.15803" lon="14.76982">
        <ele>150.2</ele>
      </trkpt>
      <trkpt lat="45.15798" lon="14.76991">
        <ele>150.5</ele>
      </trkpt>
      <trkpt lat="45.15791" lon="14.77014">
        <ele>152.1</ele>
      </trkpt>
      <trkpt lat="45.15781" lon="14.77038">
        <ele>153.1</ele>
      </trkpt>
      <trkpt lat="45.15777" lon="14.77047">
        <ele>153.3</ele>
      </trkpt>
      <trkpt lat="45.15756" lon="14.77081">
        <ele>152.2</ele>
      </trkpt>
      <trkpt lat="45.15724" lon="14.7713">
        <ele>154.6</ele>
      </trkpt>
      <trkpt lat="45.15713" lon="14.77151">
        <ele>155.5</ele>
      </trkpt>
      <trkpt lat="45.15707" lon="14.77169">
        <ele>156.5</ele>
      </trkpt>
      <trkpt lat="45.15698" lon="14.77196">
        <ele>157.0</ele>
      </trkpt>
      <trkpt lat="45.15695" lon="14.7721">
        <ele>157.5</ele>
      </trkpt>
      <trkpt lat="45.15694" lon="14.7723">
        <ele>158.8</ele>
      </trkpt>
      <trkpt lat="45.15689" lon="14.77279">
        <ele>159.0</ele>
      </trkpt>
      <trkpt lat="45.15685" lon="14.77299">
        <ele>157.6</ele>
      </trkpt>
      <trkpt lat="45.1568" lon="14.77333">
        <ele>155.6</ele>
      </trkpt>
      <trkpt lat="45.15679" lon="14.77351">
        <ele>155.1</ele>
      </trkpt>
      <trkpt lat="45.15681" lon="14.77359">
        <ele>155.9</ele>
      </trkpt>
      <trkpt lat="45.15696" lon="14.77413">
        <ele>161.3</ele>
      </trkpt>
      <trkpt lat="45.157" lon="14.77431">
        <ele>164.2</ele>
      </trkpt>
      <trkpt lat="45.15702" lon="14.77442">
        <ele>166.0</ele>
      </trkpt>
      <trkpt lat="45.15702" lon="14.77455">
        <ele>167.3</ele>
      </trkpt>
      <trkpt lat="45.157" lon="14.77466">
        <ele>167.5</ele>
      </trkpt>
      <trkpt lat="45.15697" lon="14.77477">
        <ele>167.4</ele>
      </trkpt>
      <trkpt lat="45.15688" lon="14.775">
        <ele>166.2</ele>
      </trkpt>
      <trkpt lat="45.1568" lon="14.77515">
        <ele>165.5</ele>
      </trkpt>
      <trkpt lat="45.15665" lon="14.77543">
        <ele>163.8</ele>
      </trkpt>
      <trkpt lat="45.15647" lon="14.77566">
        <ele>163.2</ele>
      </trkpt>
      <trkpt lat="45.15615" lon="14.77601">
        <ele>164.8</ele>
      </trkpt>
      <trkpt lat="45.15604" lon="14.77611">
        <ele>165.2</ele>
      </trkpt>
      <trkpt lat="45.15595" lon="14.77617">
        <ele>164.6</ele>
      </trkpt>
      <trkpt lat="45.1555" lon="14.77639">
        <ele>162.4</ele>
      </trkpt>
      <trkpt lat="45.15534" lon="14.7765">
        <ele>162.5</ele>
      </trkpt>
      <trkpt lat="45.15526" lon="14.77664">
        <ele>164.1</ele>
      </trkpt>
      <trkpt lat="45.1552" lon="14.77679">
        <ele>165.1</ele>
      </trkpt>
      <trkpt lat="45.15517" lon="14.777">
        <ele>167.1</ele>
      </trkpt>
      <trkpt lat="45.1551" lon="14.77732">
        <ele>169.0</ele>
      </trkpt>
      <trkpt lat="45.15496" lon="14.77772">
        <ele>169.0</ele>
      </trkpt>
      <trkpt lat="45.15478" lon="14.77813">
        <ele>168.7</ele>
      </trkpt>
      <trkpt lat="45.1546" lon="14.77845">
        <ele>169.2</ele>
      </trkpt>
      <trkpt lat="45.15452" lon="14.77866">
        <ele>171.5</ele>
      </trkpt>
      <trkpt lat="45.15441" lon="14.77918">
        <ele>178.4</ele>
      </trkpt>
      <trkpt lat="45.15429" lon="14.77943">
        <ele>181.9</ele>
      </trkpt>
      <trkpt lat="45.15417" lon="14.7797">
        <ele>184.6</ele>
      </trkpt>
      <trkpt lat="45.15407" lon="14.77998">
        <ele>188.4</ele>
      </trkpt>
      <trkpt lat="45.154" lon="14.78013">
        <ele>190.9</ele>
      </trkpt>
      <trkpt lat="45.15393" lon="14.78026">
        <ele>192.5</ele>
      </trkpt>
      <trkpt lat="45.15359" lon="14.78066">
        <ele>190.0</ele>
      </trkpt>
      <trkpt lat="45.15349" lon="14.78081">
        <ele>189.0</ele>
      </trkpt>
      <trkpt lat="45.15338" lon="14.78101">
        <ele>188.3</ele>
      </trkpt>
      <trkpt lat="45.15326" lon="14.78128">
        <ele>189.6</ele>
      </trkpt>
      <trkpt lat="45.15312" lon="14.78162">
        <ele>191.6</ele>
      </trkpt>
      <trkpt lat="45.15304" lon="14.78186">
        <ele>194.5</ele>
      </trkpt>
      <trkpt lat="45.15299" lon="14.78197">
        <ele>195.2</ele>
      </trkpt>
      <trkpt lat="45.15293" lon="14.78208">
        <ele>195.3</ele>
      </trkpt>
      <trkpt lat="45.15278" lon="14.78227">
        <ele>192.9</ele>
      </trkpt>
      <trkpt lat="45.15266" lon="14.7824">
        <ele>189.9</ele>
      </trkpt>
      <trkpt lat="45.15259" lon="14.78251">
        <ele>188.9</ele>
      </trkpt>
      <trkpt lat="45.15251" lon="14.78266">
        <ele>190.1</ele>
      </trkpt>
      <trkpt lat="45.15232" lon="14.78318">
        <ele>199.0</ele>
      </trkpt>
      <trkpt lat="45.15203" lon="14.78368">
        <ele>199.1</ele>
      </trkpt>
      <trkpt lat="45.15188" lon="14.784">
        <ele>199.7</ele>
      </trkpt>
      <trkpt lat="45.15172" lon="14.7844">
        <ele>202.4</ele>
      </trkpt>
      <trkpt lat="45.15157" lon="14.7848">
        <ele>207.2</ele>
      </trkpt>
      <trkpt lat="45.15152" lon="14.78489">
        <ele>207.3</ele>
      </trkpt>
      <trkpt lat="45.15141" lon="14.78504">
        <ele>206.1</ele>
      </trkpt>
      <trkpt lat="45.15133" lon="14.78521">
        <ele>207.9</ele>
      </trkpt>
      <trkpt lat="45.15127" lon="14.78541">
        <ele>211.6</ele>
      </trkpt>
      <trkpt lat="45.15123" lon="14.78552">
        <ele>212.9</ele>
      </trkpt>
      <trkpt lat="45.15114" lon="14.78568">
        <ele>212.3</ele>
      </trkpt>
      <trkpt lat="45.15103" lon="14.78594">
        <ele>212.3</ele>
      </trkpt>
      <trkpt lat="45.15092" lon="14.78632">
        <ele>214.3</ele>
      </trkpt>
      <trkpt lat="45.15076" lon="14.7867">
        <ele>214.3</ele>
      </trkpt>
      <trkpt lat="45.15072" lon="14.78685">
        <ele>217.3</ele>
      </trkpt>
      <trkpt lat="45.15065" lon="14.78714">
        <ele>223.3</ele>
      </trkpt>
      <trkpt lat="45.15061" lon="14.78724">
        <ele>224.4</ele>
      </trkpt>
      <trkpt lat="45.15057" lon="14.78732">
        <ele>224.8</ele>
      </trkpt>
      <trkpt lat="45.1505" lon="14.78738">
        <ele>222.9</ele>
      </trkpt>
      <trkpt lat="45.15034" lon="14.78749">
        <ele>217.3</ele>
      </trkpt>
      <trkpt lat="45.15028" lon="14.78754">
        <ele>215.3</ele>
      </trkpt>
      <trkpt lat="45.15025" lon="14.7876">
        <ele>215.2</ele>
      </trkpt>
      <trkpt lat="45.15005" lon="14.78813">
        <ele>218.9</ele>
      </trkpt>
      <trkpt lat="45.14998" lon="14.7883">
        <ele>219.9</ele>
      </trkpt>
      <trkpt lat="45.1499" lon="14.78851">
        <ele>220.5</ele>
      </trkpt>
      <trkpt lat="45.14976" lon="14.78897">
        <ele>223.5</ele>
      </trkpt>
      <trkpt lat="45.14974" lon="14.78908">
        <ele>225.0</ele>
      </trkpt>
      <trkpt lat="45.14973" lon="14.78937">
        <ele>231.3</ele>
      </trkpt>
      <trkpt lat="45.14972" lon="14.78949">
        <ele>233.5</ele>
      </trkpt>
      <trkpt lat="45.14958" lon="14.78977">
        <ele>232.2</ele>
      </trkpt>
      <trkpt lat="45.14951" lon="14.78999">
        <ele>233.7</ele>
      </trkpt>
      <trkpt lat="45.14946" lon="14.79012">
        <ele>234.3</ele>
      </trkpt>
      <trkpt lat="45.1494" lon="14.79024">
        <ele>234.4</ele>
      </trkpt>
      <trkpt lat="45.14912" lon="14.79064">
        <ele>234.1</ele>
      </trkpt>
      <trkpt lat="45.14902" lon="14.79082">
        <ele>234.8</ele>
      </trkpt>
      <trkpt lat="45.14897" lon="14.79093">
        <ele>234.3</ele>
      </trkpt>
      <trkpt lat="45.14893" lon="14.79116">
        <ele>236.7</ele>
      </trkpt>
      <trkpt lat="45.14889" lon="14.79131">
        <ele>237.9</ele>
      </trkpt>
      <trkpt lat="45.14884" lon="14.7914">
        <ele>237.9</ele>
      </trkpt>
      <trkpt lat="45.14879" lon="14.79145">
        <ele>237.2</ele>
      </trkpt>
      <trkpt lat="45.14856" lon="14.79157">
        <ele>232.7</ele>
      </trkpt>
      <trkpt lat="45.14846" lon="14.79165">
        <ele>232.1</ele>
      </trkpt>
      <trkpt lat="45.14833" lon="14.79179">
        <ele>231.2</ele>
      </trkpt>
      <trkpt lat="45.14818" lon="14.79197">
        <ele>227.4</ele>
      </trkpt>
      <trkpt lat="45.14809" lon="14.79212">
        <ele>226.7</ele>
      </trkpt>
      <trkpt lat="45.14784" lon="14.79276">
        <ele>232.1</ele>
      </trkpt>
      <trkpt lat="45.14777" lon="14.79288">
        <ele>232.8</ele>
      </trkpt>
      <trkpt lat="45.14767" lon="14.79303">
        <ele>234.1</ele>
      </trkpt>
      <trkpt lat="45.1475" lon="14.79321">
        <ele>236.2</ele>
      </trkpt>
      <trkpt lat="45.14685" lon="14.79371">
        <ele>227.4</ele>
      </trkpt>
      <trkpt lat="45.14679" lon="14.79378">
        <ele>227.4</ele>
      </trkpt>
      <trkpt lat="45.14675" lon="14.79386">
        <ele>228.1</ele>
      </trkpt>
      <trkpt lat="45.14671" lon="14.79399">
        <ele>230.0</ele>
      </trkpt>
      <trkpt lat="45.14667" lon="14.79434">
        <ele>235.1</ele>
      </trkpt>
      <trkpt lat="45.14661" lon="14.79464">
        <ele>236.8</ele>
      </trkpt>
      <trkpt lat="45.14654" lon="14.79491">
        <ele>238.6</ele>
      </trkpt>
      <trkpt lat="45.14628" lon="14.79558">
        <ele>238.8</ele>
      </trkpt>
      <trkpt lat="45.14608" lon="14.79606">
        <ele>237.6</ele>
      </trkpt>
      <trkpt lat="45.14601" lon="14.79625">
        <ele>236.6</ele>
      </trkpt>
      <trkpt lat="45.14598" lon="14.79642">
        <ele>236.2</ele>
      </trkpt>
      <trkpt lat="45.14591" lon="14.79697">
        <ele>235.9</ele>
      </trkpt>
      <trkpt lat="45.1459" lon="14.79716">
        <ele>236.2</ele>
      </trkpt>
      <trkpt lat="45.14592" lon="14.79743">
        <ele>237.1</ele>
      </trkpt>
      <trkpt lat="45.14604" lon="14.79855">
        <ele>239.4</ele>
      </trkpt>
      <trkpt lat="45.14603" lon="14.79879">
        <ele>239.7</ele>
      </trkpt>
      <trkpt lat="45.146" lon="14.79894">
        <ele>239.5</ele>
      </trkpt>
      <trkpt lat="45.14594" lon="14.79924">
        <ele>239.1</ele>
      </trkpt>
      <trkpt lat="45.14579" lon="14.79976">
        <ele>237.7</ele>
      </trkpt>
      <trkpt lat="45.14579" lon="14.80011">
        <ele>238.5</ele>
      </trkpt>
      <trkpt lat="45.1458" lon="14.80033">
        <ele>239.2</ele>
      </trkpt>
      <trkpt lat="45.14578" lon="14.80056">
        <ele>239.4</ele>
      </trkpt>
      <trkpt lat="45.14573" lon="14.80067">
        <ele>238.9</ele>
      </trkpt>
      <trkpt lat="45.14564" lon="14.8008">
        <ele>237.7</ele>
      </trkpt>
      <trkpt lat="45.14553" lon="14.80099">
        <ele>236.8</ele>
      </trkpt>
      <trkpt lat="45.14548" lon="14.80115">
        <ele>236.9</ele>
      </trkpt>
      <trkpt lat="45.14535" lon="14.80175">
        <ele>237.4</ele>
      </trkpt>
      <trkpt lat="45.14517" lon="14.80243">
        <ele>234.9</ele>
      </trkpt>
      <trkpt lat="45.14514" lon="14.80267">
        <ele>234.9</ele>
      </trkpt>
      <trkpt lat="45.14514" lon="14.80347">
        <ele>237.3</ele>
      </trkpt>
      <trkpt lat="45.14521" lon="14.80356">
        <ele>239.0</ele>
      </trkpt>
      <trkpt lat="45.14525" lon="14.80368">
        <ele>240.1</ele>
      </trkpt>
      <trkpt lat="45.14527" lon="14.80381">
        <ele>240.9</ele>
      </trkpt>
      <trkpt lat="45.14527" lon="14.80388">
        <ele>241.1</ele>
      </trkpt>
      <trkpt lat="45.14523" lon="14.804">
        <ele>240.7</ele>
      </trkpt>
      <trkpt lat="45.14518" lon="14.80415">
        <ele>240.2</ele>
      </trkpt>
      <trkpt lat="45.14508" lon="14.80435">
        <ele>239.9</ele>
      </trkpt>
      <trkpt lat="45.14499" lon="14.8046">
        <ele>240.5</ele>
      </trkpt>
      <trkpt lat="45.14497" lon="14.80473">
        <ele>241.2</ele>
      </trkpt>
      <trkpt lat="45.14497" lon="14.8049">
        <ele>242.6</ele>
      </trkpt>
      <trkpt lat="45.14498" lon="14.8051">
        <ele>243.9</ele>
      </trkpt>
      <trkpt lat="45.14505" lon="14.80546">
        <ele>245.9</ele>
      </trkpt>
      <trkpt lat="45.14511" lon="14.80591">
        <ele>248.2</ele>
      </trkpt>
      <trkpt lat="45.14512" lon="14.80621">
        <ele>249.5</ele>
      </trkpt>
      <trkpt lat="45.14512" lon="14.80676">
        <ele>251.5</ele>
      </trkpt>
      <trkpt lat="45.14514" lon="14.8074">
        <ele>254.5</ele>
      </trkpt>
      <trkpt lat="45.14516" lon="14.80804">
        <ele>257.0</ele>
      </trkpt>
      <trkpt lat="45.14517" lon="14.80872">
        <ele>259.8</ele>
      </trkpt>
      <trkpt lat="45.14518" lon="14.80941">
        <ele>263.3</ele>
      </trkpt>
      <trkpt lat="45.14518" lon="14.80964">
        <ele>264.6</ele>
      </trkpt>
      <trkpt lat="45.14509" lon="14.81029">
        <ele>265.3</ele>
      </trkpt>
      <trkpt lat="45.14506" lon="14.81059">
        <ele>265.6</ele>
      </trkpt>
      <trkpt lat="45.14505" lon="14.81086">
        <ele>266.4</ele>
      </trkpt>
      <trkpt lat="45.14506" lon="14.81109">
        <ele>267.4</ele>
      </trkpt>
      <trkpt lat="45.14508" lon="14.81129">
        <ele>268.6</ele>
      </trkpt>
      <trkpt lat="45.14514" lon="14.81155">
        <ele>271.0</ele>
      </trkpt>
      <trkpt lat="45.14545" lon="14.81265">
        <ele>275.6</ele>
      </trkpt>
      <trkpt lat="45.14552" lon="14.81283">
        <ele>276.2</ele>
      </trkpt>
      <trkpt lat="45.14561" lon="14.81298">
        <ele>277.2</ele>
      </trkpt>
      <trkpt lat="45.14573" lon="14.81314">
        <ele>278.5</ele>
      </trkpt>
      <trkpt lat="45.14585" lon="14.81328">
        <ele>279.7</ele>
      </trkpt>
      <trkpt lat="45.14602" lon="14.8134">
        <ele>281.7</ele>
      </trkpt>
      <trkpt lat="45.14629" lon="14.81357">
        <ele>284.9</ele>
      </trkpt>
      <trkpt lat="45.14659" lon="14.81373">
        <ele>288.1</ele>
      </trkpt>
      <trkpt lat="45.14696" lon="14.81397">
        <ele>290.6</ele>
      </trkpt>
      <trkpt lat="45.14736" lon="14.81429">
        <ele>292.9</ele>
      </trkpt>
      <trkpt lat="45.14748" lon="14.81442">
        <ele>293.8</ele>
      </trkpt>
      <trkpt lat="45.14755" lon="14.81452">
        <ele>294.5</ele>
      </trkpt>
      <trkpt lat="45.1476" lon="14.81465">
        <ele>294.8</ele>
      </trkpt>
      <trkpt lat="45.14763" lon="14.8148">
        <ele>294.8</ele>
      </trkpt>
      <trkpt lat="45.14765" lon="14.81513">
        <ele>295.1</ele>
      </trkpt>
      <trkpt lat="45.14765" lon="14.81555">
        <ele>297.2</ele>
      </trkpt>
      <trkpt lat="45.14766" lon="14.81581">
        <ele>298.6</ele>
      </trkpt>
      <trkpt lat="45.1477" lon="14.81614">
        <ele>301.3</ele>
      </trkpt>
      <trkpt lat="45.14775" lon="14.81644">
        <ele>303.9</ele>
      </trkpt>
      <trkpt lat="45.14782" lon="14.81681">
        <ele>306.0</ele>
      </trkpt>
      <trkpt lat="45.14788" lon="14.81726">
        <ele>306.5</ele>
      </trkpt>
      <trkpt lat="45.14788" lon="14.81749">
        <ele>306.3</ele>
      </trkpt>
      <trkpt lat="45.14786" lon="14.81777">
        <ele>307.0</ele>
      </trkpt>
      <trkpt lat="45.14777" lon="14.81843">
        <ele>308.1</ele>
      </trkpt>
      <trkpt lat="45.14772" lon="14.81905">
        <ele>311.2</ele>
      </trkpt>
      <trkpt lat="45.14773" lon="14.81925">
        <ele>312.7</ele>
      </trkpt>
      <trkpt lat="45.14786" lon="14.81989">
        <ele>319.1</ele>
      </trkpt>
      <trkpt lat="45.14787" lon="14.81999">
        <ele>319.8</ele>
      </trkpt>
      <trkpt lat="45.14787" lon="14.82014">
        <ele>320.7</ele>
      </trkpt>
      <trkpt lat="45.14785" lon="14.82024">
        <ele>321.1</ele>
      </trkpt>
      <trkpt lat="45.14783" lon="14.82029">
        <ele>321.2</ele>
      </trkpt>
      <trkpt lat="45.14775" lon="14.82044">
        <ele>321.2</ele>
      </trkpt>
      <trkpt lat="45.14758" lon="14.82069">
        <ele>320.9</ele>
      </trkpt>
      <trkpt lat="45.14746" lon="14.8209">
        <ele>321.1</ele>
      </trkpt>
      <trkpt lat="45.14739" lon="14.82108">
        <ele>321.8</ele>
      </trkpt>
      <trkpt lat="45.14726" lon="14.82154">
        <ele>324.1</ele>
      </trkpt>
      <trkpt lat="45.14719" lon="14.82183">
        <ele>325.6</ele>
      </trkpt>
      <trkpt lat="45.14714" lon="14.82213">
        <ele>327.4</ele>
      </trkpt>
      <trkpt lat="45.1471" lon="14.82293">
        <ele>331.7</ele>
      </trkpt>
      <trkpt lat="45.14709" lon="14.82342">
        <ele>333.7</ele>
      </trkpt>
      <trkpt lat="45.1471" lon="14.82432">
        <ele>340.1</ele>
      </trkpt>
      <trkpt lat="45.14708" lon="14.8245">
        <ele>341.0</ele>
      </trkpt>
      <trkpt lat="45.14698" lon="14.82504">
        <ele>341.8</ele>
      </trkpt>
      <trkpt lat="45.14693" lon="14.82536">
        <ele>340.8</ele>
      </trkpt>
      <trkpt lat="45.14693" lon="14.82552">
        <ele>341.1</ele>
      </trkpt>
      <trkpt lat="45.14694" lon="14.82568">
        <ele>341.6</ele>
      </trkpt>
      <trkpt lat="45.14697" lon="14.82589">
        <ele>342.2</ele>
      </trkpt>
      <trkpt lat="45.14703" lon="14.82609">
        <ele>342.1</ele>
      </trkpt>
      <trkpt lat="45.1471" lon="14.82619">
        <ele>343.0</ele>
      </trkpt>
      <trkpt lat="45.14719" lon="14.82629">
        <ele>344.4</ele>
      </trkpt>
      <trkpt lat="45.14795" lon="14.82693">
        <ele>356.0</ele>
      </trkpt>
      <trkpt lat="45.14832" lon="14.82731">
        <ele>360.2</ele>
      </trkpt>
      <trkpt lat="45.14847" lon="14.82745">
        <ele>360.3</ele>
      </trkpt>
      <trkpt lat="45.14861" lon="14.82757">
        <ele>360.8</ele>
      </trkpt>
      <trkpt lat="45.14883" lon="14.82771">
        <ele>362.7</ele>
      </trkpt>
      <trkpt lat="45.1489" lon="14.82779">
        <ele>363.3</ele>
      </trkpt>
      <trkpt lat="45.14896" lon="14.82789">
        <ele>363.8</ele>
      </trkpt>
      <trkpt lat="45.14899" lon="14.82801">
        <ele>363.7</ele>
      </trkpt>
      <trkpt lat="45.149" lon="14.82812">
        <ele>363.5</ele>
      </trkpt>
      <trkpt lat="45.14897" lon="14.82833">
        <ele>362.0</ele>
      </trkpt>
      <trkpt lat="45.14892" lon="14.8285">
        <ele>363.3</ele>
      </trkpt>
      <trkpt lat="45.14862" lon="14.8292">
        <ele>364.3</ele>
      </trkpt>
      <trkpt lat="45.14832" lon="14.82991">
        <ele>367.9</ele>
      </trkpt>
      <trkpt lat="45.14803" lon="14.83064">
        <ele>371.9</ele>
      </trkpt>
      <trkpt lat="45.14779" lon="14.83132">
        <ele>375.6</ele>
      </trkpt>
      <trkpt lat="45.14759" lon="14.83185">
        <ele>376.5</ele>
      </trkpt>
      <trkpt lat="45.14746" lon="14.83223">
        <ele>377.1</ele>
      </trkpt>
      <trkpt lat="45.14739" lon="14.83246">
        <ele>378.6</ele>
      </trkpt>
      <trkpt lat="45.14732" lon="14.83275">
        <ele>381.4</ele>
      </trkpt>
      <trkpt lat="45.14727" lon="14.83303">
        <ele>384.6</ele>
      </trkpt>
      <trkpt lat="45.14723" lon="14.83338">
        <ele>389.2</ele>
      </trkpt>
      <trkpt lat="45.1472" lon="14.83369">
        <ele>394.2</ele>
      </trkpt>
      <trkpt lat="45.14717" lon="14.83385">
        <ele>396.5</ele>
      </trkpt>
      <trkpt lat="45.14713" lon="14.83395">
        <ele>397.3</ele>
      </trkpt>
      <trkpt lat="45.14706" lon="14.83402">
        <ele>396.6</ele>
      </trkpt>
      <trkpt lat="45.14659" lon="14.83428">
        <ele>391.8</ele>
      </trkpt>
      <trkpt lat="45.14613" lon="14.83455">
        <ele>394.5</ele>
      </trkpt>
      <trkpt lat="45.14572" lon="14.83476">
        <ele>396.5</ele>
      </trkpt>
      <trkpt lat="45.14509" lon="14.83511">
        <ele>405.5</ele>
      </trkpt>
      <trkpt lat="45.14496" lon="14.83516">
        <ele>406.2</ele>
      </trkpt>
      <trkpt lat="45.14458" lon="14.83519">
        <ele>404.6</ele>
      </trkpt>
      <trkpt lat="45.14443" lon="14.83523">
        <ele>404.1</ele>
      </trkpt>
      <trkpt lat="45.14431" lon="14.83529">
        <ele>403.7</ele>
      </trkpt>
      <trkpt lat="45.14422" lon="14.83538">
        <ele>403.4</ele>
      </trkpt>
      <trkpt lat="45.14417" lon="14.83547">
        <ele>403.3</ele>
      </trkpt>
      <trkpt lat="45.14413" lon="14.83562">
        <ele>402.8</ele>
      </trkpt>
      <trkpt lat="45.14412" lon="14.83573">
        <ele>402.9</ele>
      </trkpt>
      <trkpt lat="45.14419" lon="14.83635">
        <ele>405.8</ele>
      </trkpt>
      <trkpt lat="45.14425" lon="14.83722">
        <ele>410.1</ele>
      </trkpt>
      <trkpt lat="45.14431" lon="14.8381">
        <ele>416.4</ele>
      </trkpt>
      <trkpt lat="45.14437" lon="14.83897">
        <ele>417.0</ele>
      </trkpt>
      <trkpt lat="45.14439" lon="14.8391">
        <ele>417.2</ele>
      </trkpt>
      <trkpt lat="45.14445" lon="14.83926">
        <ele>418.3</ele>
      </trkpt>
      <trkpt lat="45.14481" lon="14.83994">
        <ele>426.1</ele>
      </trkpt>
      <trkpt lat="45.14485" lon="14.8401">
        <ele>427.4</ele>
      </trkpt>
      <trkpt lat="45.14488" lon="14.84029">
        <ele>429.4</ele>
      </trkpt>
      <trkpt lat="45.14487" lon="14.84049">
        <ele>429.7</ele>
      </trkpt>
      <trkpt lat="45.14482" lon="14.84099">
        <ele>430.5</ele>
      </trkpt>
      <trkpt lat="45.14477" lon="14.84167">
        <ele>435.6</ele>
      </trkpt>
      <trkpt lat="45.14473" lon="14.84183">
        <ele>436.2</ele>
      </trkpt>
      <trkpt lat="45.14469" lon="14.84196">
        <ele>436.4</ele>
      </trkpt>
      <trkpt lat="45.1446" lon="14.84213">
        <ele>435.5</ele>
      </trkpt>
      <trkpt lat="45.14445" lon="14.84237">
        <ele>433.8</ele>
      </trkpt>
      <trkpt lat="45.14435" lon="14.84256">
        <ele>433.9</ele>
      </trkpt>
      <trkpt lat="45.14425" lon="14.8428">
        <ele>435.6</ele>
      </trkpt>
      <trkpt lat="45.14403" lon="14.84336">
        <ele>439.1</ele>
      </trkpt>
      <trkpt lat="45.14394" lon="14.84363">
        <ele>440.3</ele>
      </trkpt>
      <trkpt lat="45.1437" lon="14.84464">
        <ele>447.5</ele>
      </trkpt>
      <trkpt lat="45.14357" lon="14.84507">
        <ele>446.7</ele>
      </trkpt>
      <trkpt lat="45.14352" lon="14.84524">
        <ele>443.0</ele>
      </trkpt>
      <trkpt lat="45.14352" lon="14.84531">
        <ele>442.6</ele>
      </trkpt>
      <trkpt lat="45.14354" lon="14.84546">
        <ele>442.5</ele>
      </trkpt>
      <trkpt lat="45.14357" lon="14.84559">
        <ele>443.0</ele>
      </trkpt>
      <trkpt lat="45.14365" lon="14.84579">
        <ele>445.0</ele>
      </trkpt>
      <trkpt lat="45.14374" lon="14.84592">
        <ele>445.8</ele>
      </trkpt>
      <trkpt lat="45.14381" lon="14.84597">
        <ele>447.0</ele>
      </trkpt>
      <trkpt lat="45.14406" lon="14.84609">
        <ele>452.2</ele>
      </trkpt>
      <trkpt lat="45.14456" lon="14.84624">
        <ele>457.2</ele>
      </trkpt>
      <trkpt lat="45.14529" lon="14.84636">
        <ele>466.2</ele>
      </trkpt>
      <trkpt lat="45.14538" lon="14.84638">
        <ele>467.4</ele>
      </trkpt>
      <trkpt lat="45.1455" lon="14.84644">
        <ele>468.0</ele>
      </trkpt>
      <trkpt lat="45.14574" lon="14.84662">
        <ele>468.6</ele>
      </trkpt>
      <trkpt lat="45.14585" lon="14.84674">
        <ele>469.3</ele>
      </trkpt>
      <trkpt lat="45.14637" lon="14.84756">
        <ele>476.8</ele>
      </trkpt>
      <trkpt lat="45.14661" lon="14.84797">
        <ele>481.0</ele>
      </trkpt>
      <trkpt lat="45.14674" lon="14.84824">
        <ele>480.9</ele>
      </trkpt>
      <trkpt lat="45.14686" lon="14.84853">
        <ele>480.6</ele>
      </trkpt>
      <trkpt lat="45.14702" lon="14.84882">
        <ele>480.1</ele>
      </trkpt>
      <trkpt lat="45.1471" lon="14.84891">
        <ele>480.1</ele>
      </trkpt>
      <trkpt lat="45.14725" lon="14.84902">
        <ele>480.7</ele>
      </trkpt>
      <trkpt lat="45.14743" lon="14.84911">
        <ele>481.5</ele>
      </trkpt>
      <trkpt lat="45.14768" lon="14.84921">
        <ele>482.4</ele>
      </trkpt>
      <trkpt lat="45.14787" lon="14.84927">
        <ele>483.6</ele>
      </trkpt>
      <trkpt lat="45.14801" lon="14.8493">
        <ele>484.5</ele>
      </trkpt>
      <trkpt lat="45.14812" lon="14.8493">
        <ele>485.5</ele>
      </trkpt>
      <trkpt lat="45.1482" lon="14.84928">
        <ele>486.4</ele>
      </trkpt>
      <trkpt lat="45.14842" lon="14.84919">
        <ele>488.6</ele>
      </trkpt>
      <trkpt lat="45.1487" lon="14.84905">
        <ele>490.9</ele>
      </trkpt>
      <trkpt lat="45.14883" lon="14.84897">
        <ele>492.2</ele>
      </trkpt>
      <trkpt lat="45.14892" lon="14.8489">
        <ele>493.2</ele>
      </trkpt>
      <trkpt lat="45.14899" lon="14.84881">
        <ele>494.7</ele>
      </trkpt>
      <trkpt lat="45.14932" lon="14.84831">
        <ele>501.1</ele>
      </trkpt>
      <trkpt lat="45.14945" lon="14.84815">
        <ele>502.6</ele>
      </trkpt>
      <trkpt lat="45.14979" lon="14.84782">
        <ele>503.4</ele>
      </trkpt>
      <trkpt lat="45.14987" lon="14.84773">
        <ele>503.4</ele>
      </trkpt>
      <trkpt lat="45.15009" lon="14.84736">
        <ele>505.1</ele>
      </trkpt>
      <trkpt lat="45.15022" lon="14.84713">
        <ele>507.0</ele>
      </trkpt>
      <trkpt lat="45.15042" lon="14.8468">
        <ele>508.9</ele>
      </trkpt>
      <trkpt lat="45.15051" lon="14.84666">
        <ele>509.6</ele>
      </trkpt>
      <trkpt lat="45.1506" lon="14.84654">
        <ele>510.6</ele>
      </trkpt>
      <trkpt lat="45.15085" lon="14.84629">
        <ele>511.2</ele>
      </trkpt>
      <trkpt lat="45.15152" lon="14.84567">
        <ele>516.6</ele>
      </trkpt>
      <trkpt lat="45.15158" lon="14.84561">
        <ele>516.5</ele>
      </trkpt>
      <trkpt lat="45.15165" lon="14.84559">
        <ele>515.9</ele>
      </trkpt>
      <trkpt lat="45.1517" lon="14.84557">
        <ele>516.0</ele>
      </trkpt>
      <trkpt lat="45.1518" lon="14.84561">
        <ele>516.3</ele>
      </trkpt>
      <trkpt lat="45.15185" lon="14.84565">
        <ele>516.4</ele>
      </trkpt>
      <trkpt lat="45.1519" lon="14.84572">
        <ele>516.5</ele>
      </trkpt>
      <trkpt lat="45.152" lon="14.84597">
        <ele>516.6</ele>
      </trkpt>
      <trkpt lat="45.15223" lon="14.84659">
        <ele>517.6</ele>
      </trkpt>
      <trkpt lat="45.15248" lon="14.84722">
        <ele>520.3</ele>
      </trkpt>
      <trkpt lat="45.15263" lon="14.84755">
        <ele>522.7</ele>
      </trkpt>
      <trkpt lat="45.15263" lon="14.84755">
        <ele>522.7</ele>
      </trkpt>
      <trkpt lat="45.15272" lon="14.84775">
        <ele>523.2</ele>
      </trkpt>
      <trkpt lat="45.15282" lon="14.84791">
        <ele>524.0</ele>
      </trkpt>
      <trkpt lat="45.1531" lon="14.84831">
        <ele>525.8</ele>
      </trkpt>
      <trkpt lat="45.15333" lon="14.84858">
        <ele>526.7</ele>
      </trkpt>
      <trkpt lat="45.15345" lon="14.8487">
        <ele>527.7</ele>
      </trkpt>
      <trkpt lat="45.15358" lon="14.84881">
        <ele>528.9</ele>
      </trkpt>
      <trkpt lat="45.15376" lon="14.84893">
        <ele>530.7</ele>
      </trkpt>
      <trkpt lat="45.15395" lon="14.84904">
        <ele>532.4</ele>
      </trkpt>
      <trkpt lat="45.15412" lon="14.84911">
        <ele>534.3</ele>
      </trkpt>
      <trkpt lat="45.15432" lon="14.84918">
        <ele>535.7</ele>
      </trkpt>
      <trkpt lat="45.15504" lon="14.84937">
        <ele>540.8</ele>
      </trkpt>
      <trkpt lat="45.15576" lon="14.84955">
        <ele>545.3</ele>
      </trkpt>
      <trkpt lat="45.15648" lon="14.84974">
        <ele>551.9</ele>
      </trkpt>
      <trkpt lat="45.15688" lon="14.84985">
        <ele>555.8</ele>
      </trkpt>
      <trkpt lat="45.15701" lon="14.84987">
        <ele>557.4</ele>
      </trkpt>
      <trkpt lat="45.15727" lon="14.84989">
        <ele>561.0</ele>
      </trkpt>
      <trkpt lat="45.15735" lon="14.84991">
        <ele>561.9</ele>
      </trkpt>
      <trkpt lat="45.15742" lon="14.84994">
        <ele>562.6</ele>
      </trkpt>
      <trkpt lat="45.15747" lon="14.84999">
        <ele>562.7</ele>
      </trkpt>
      <trkpt lat="45.15751" lon="14.85006">
        <ele>562.5</ele>
      </trkpt>
      <trkpt lat="45.15753" lon="14.85014">
        <ele>562.1</ele>
      </trkpt>
      <trkpt lat="45.15758" lon="14.85048">
        <ele>559.6</ele>
      </trkpt>
      <trkpt lat="45.1576" lon="14.8506">
        <ele>558.8</ele>
      </trkpt>
      <trkpt lat="45.15764" lon="14.85071">
        <ele>558.7</ele>
      </trkpt>
      <trkpt lat="45.1577" lon="14.85086">
        <ele>558.8</ele>
      </trkpt>
      <trkpt lat="45.15778" lon="14.85101">
        <ele>558.8</ele>
      </trkpt>
      <trkpt lat="45.15786" lon="14.85114">
        <ele>559.0</ele>
      </trkpt>
      <trkpt lat="45.15795" lon="14.85128">
        <ele>559.2</ele>
      </trkpt>
      <trkpt lat="45.15804" lon="14.85136">
        <ele>560.2</ele>
      </trkpt>
      <trkpt lat="45.15823" lon="14.85153">
        <ele>562.1</ele>
      </trkpt>
      <trkpt lat="45.1584" lon="14.85162">
        <ele>564.6</ele>
      </trkpt>
      <trkpt lat="45.15907" lon="14.85196">
        <ele>571.0</ele>
      </trkpt>
      <trkpt lat="45.15975" lon="14.85231">
        <ele>576.6</ele>
      </trkpt>
      <trkpt lat="45.16005" lon="14.85243">
        <ele>579.5</ele>
      </trkpt>
      <trkpt lat="45.16027" lon="14.85249">
        <ele>582.5</ele>
      </trkpt>
      <trkpt lat="45.16053" lon="14.85255">
        <ele>587.2</ele>
      </trkpt>
      <trkpt lat="45.1606" lon="14.85258">
        <ele>588.3</ele>
      </trkpt>
      <trkpt lat="45.16089" lon="14.8528">
        <ele>590.6</ele>
      </trkpt>
      <trkpt lat="45.1612" lon="14.85296">
        <ele>593.3</ele>
      </trkpt>
      <trkpt lat="45.16129" lon="14.85302">
        <ele>593.9</ele>
      </trkpt>
      <trkpt lat="45.16154" lon="14.85325">
        <ele>594.2</ele>
      </trkpt>
      <trkpt lat="45.1616" lon="14.85328">
        <ele>594.8</ele>
      </trkpt>
      <trkpt lat="45.16188" lon="14.85335">
        <ele>599.1</ele>
      </trkpt>
      <trkpt lat="45.16196" lon="14.85339">
        <ele>600.5</ele>
      </trkpt>
      <trkpt lat="45.16227" lon="14.85356">
        <ele>604.6</ele>
      </trkpt>
      <trkpt lat="45.16247" lon="14.85364">
        <ele>606.5</ele>
      </trkpt>
      <trkpt lat="45.16283" lon="14.85369">
        <ele>612.9</ele>
      </trkpt>
      <trkpt lat="45.16305" lon="14.85377">
        <ele>615.7</ele>
      </trkpt>
      <trkpt lat="45.16312" lon="14.85382">
        <ele>616.0</ele>
      </trkpt>
      <trkpt lat="45.16317" lon="14.85386">
        <ele>616.1</ele>
      </trkpt>
      <trkpt lat="45.16326" lon="14.85401">
        <ele>614.4</ele>
      </trkpt>
      <trkpt lat="45.16331" lon="14.85412">
        <ele>612.7</ele>
      </trkpt>
      <trkpt lat="45.16339" lon="14.85427">
        <ele>613.6</ele>
      </trkpt>
      <trkpt lat="45.16357" lon="14.85459">
        <ele>617.4</ele>
      </trkpt>
      <trkpt lat="45.16365" lon="14.85479">
        <ele>618.2</ele>
      </trkpt>
      <trkpt lat="45.16372" lon="14.85505">
        <ele>618.3</ele>
      </trkpt>
      <trkpt lat="45.16382" lon="14.85541">
        <ele>619.5</ele>
      </trkpt>
      <trkpt lat="45.1639" lon="14.85562">
        <ele>619.8</ele>
      </trkpt>
      <trkpt lat="45.16397" lon="14.85589">
        <ele>619.7</ele>
      </trkpt>
      <trkpt lat="45.16402" lon="14.85614">
        <ele>620.2</ele>
      </trkpt>
      <trkpt lat="45.16405" lon="14.85634">
        <ele>620.4</ele>
      </trkpt>
      <trkpt lat="45.16405" lon="14.85653">
        <ele>620.8</ele>
      </trkpt>
      <trkpt lat="45.16403" lon="14.85678">
        <ele>621.8</ele>
      </trkpt>
      <trkpt lat="45.16396" lon="14.85727">
        <ele>624.9</ele>
      </trkpt>
      <trkpt lat="45.16397" lon="14.85738">
        <ele>625.1</ele>
      </trkpt>
      <trkpt lat="45.164" lon="14.85752">
        <ele>624.9</ele>
      </trkpt>
      <trkpt lat="45.16407" lon="14.85764">
        <ele>623.7</ele>
      </trkpt>
      <trkpt lat="45.16415" lon="14.85777">
        <ele>622.6</ele>
      </trkpt>
      <trkpt lat="45.16422" lon="14.85784">
        <ele>623.0</ele>
      </trkpt>
      <trkpt lat="45.16431" lon="14.85789">
        <ele>623.8</ele>
      </trkpt>
      <trkpt lat="45.16463" lon="14.85797">
        <ele>625.8</ele>
      </trkpt>
      <trkpt lat="45.16483" lon="14.85802">
        <ele>626.9</ele>
      </trkpt>
      <trkpt lat="45.16494" lon="14.85806">
        <ele>627.4</ele>
      </trkpt>
      <trkpt lat="45.16504" lon="14.85813">
        <ele>627.6</ele>
      </trkpt>
      <trkpt lat="45.16513" lon="14.85821">
        <ele>627.8</ele>
      </trkpt>
      <trkpt lat="45.16534" lon="14.85846">
        <ele>628.4</ele>
      </trkpt>
      <trkpt lat="45.16588" lon="14.85943">
        <ele>628.5</ele>
      </trkpt>
      <trkpt lat="45.16643" lon="14.8604">
        <ele>629.6</ele>
      </trkpt>
      <trkpt lat="45.16697" lon="14.86138">
        <ele>635.2</ele>
      </trkpt>
      <trkpt lat="45.1671" lon="14.86165">
        <ele>637.5</ele>
      </trkpt>
      <trkpt lat="45.16714" lon="14.86175">
        <ele>637.8</ele>
      </trkpt>
      <trkpt lat="45.16718" lon="14.8619">
        <ele>638.1</ele>
      </trkpt>
      <trkpt lat="45.16722" lon="14.86209">
        <ele>638.5</ele>
      </trkpt>
      <trkpt lat="45.16725" lon="14.86241">
        <ele>639.0</ele>
      </trkpt>
      <trkpt lat="45.16729" lon="14.86256">
        <ele>639.2</ele>
      </trkpt>
      <trkpt lat="45.16735" lon="14.86273">
        <ele>639.4</ele>
      </trkpt>
      <trkpt lat="45.16748" lon="14.86298">
        <ele>639.9</ele>
      </trkpt>
      <trkpt lat="45.16781" lon="14.86354">
        <ele>640.2</ele>
      </trkpt>
      <trkpt lat="45.16778" lon="14.86358">
        <ele>640.0</ele>
      </trkpt>
      <trkpt lat="45.16775" lon="14.86365">
        <ele>639.9</ele>
      </trkpt>
      <trkpt lat="45.16772" lon="14.86377">
        <ele>639.6</ele>
      </trkpt>
      <trkpt lat="45.16769" lon="14.86393">
        <ele>639.3</ele>
      </trkpt>
      <trkpt lat="45.16766" lon="14.86421">
        <ele>638.9</ele>
      </trkpt>
      <trkpt lat="45.16764" lon="14.86429">
        <ele>639.0</ele>
      </trkpt>
      <trkpt lat="45.16761" lon="14.86434">
        <ele>638.9</ele>
      </trkpt>
      <trkpt lat="45.16749" lon="14.86438">
        <ele>638.5</ele>
      </trkpt>
      <trkpt lat="45.16739" lon="14.86439">
        <ele>637.9</ele>
      </trkpt>
      <trkpt lat="45.16725" lon="14.86439">
        <ele>637.2</ele>
      </trkpt>
      <trkpt lat="45.16718" lon="14.86441">
        <ele>636.8</ele>
      </trkpt>
      <trkpt lat="45.16711" lon="14.86445">
        <ele>636.5</ele>
      </trkpt>
      <trkpt lat="45.16693" lon="14.8646">
        <ele>635.6</ele>
      </trkpt>
      <trkpt lat="45.1666" lon="14.86477">
        <ele>633.8</ele>
      </trkpt>
      <trkpt lat="45.16646" lon="14.86483">
        <ele>633.5</ele>
      </trkpt>
      <trkpt lat="45.16638" lon="14.86485">
        <ele>633.3</ele>
      </trkpt>
      <trkpt lat="45.16625" lon="14.86486">
        <ele>633.0</ele>
      </trkpt>
      <trkpt lat="45.16604" lon="14.86484">
        <ele>632.5</ele>
      </trkpt>
      <trkpt lat="45.16592" lon="14.86479">
        <ele>632.2</ele>
      </trkpt>
      <trkpt lat="45.16583" lon="14.86472">
        <ele>632.0</ele>
      </trkpt>
      <trkpt lat="45.16545" lon="14.86435">
        <ele>633.0</ele>
      </trkpt>
      <trkpt lat="45.16529" lon="14.86427">
        <ele>633.4</ele>
      </trkpt>
      <trkpt lat="45.16513" lon="14.86421">
        <ele>633.7</ele>
      </trkpt>
      <trkpt lat="45.16499" lon="14.86418">
        <ele>634.0</ele>
      </trkpt>
      <trkpt lat="45.16475" lon="14.86417">
        <ele>633.4</ele>
      </trkpt>
      <trkpt lat="45.16452" lon="14.86417">
        <ele>632.9</ele>
      </trkpt>
      <trkpt lat="45.16437" lon="14.86414">
        <ele>632.5</ele>
      </trkpt>
      <trkpt lat="45.16426" lon="14.86411">
        <ele>632.2</ele>
      </trkpt>
      <trkpt lat="45.16397" lon="14.864">
        <ele>631.6</ele>
      </trkpt>
      <trkpt lat="45.16355" lon="14.8639">
        <ele>630.6</ele>
      </trkpt>
      <trkpt lat="45.16312" lon="14.86391">
        <ele>630.9</ele>
      </trkpt>
      <trkpt lat="45.16305" lon="14.86388">
        <ele>631.1</ele>
      </trkpt>
      <trkpt lat="45.16298" lon="14.86383">
        <ele>631.3</ele>
      </trkpt>
      <trkpt lat="45.1627" lon="14.86356">
        <ele>632.5</ele>
      </trkpt>
      <trkpt lat="45.16261" lon="14.8635">
        <ele>633.1</ele>
      </trkpt>
      <trkpt lat="45.16251" lon="14.86348">
        <ele>633.8</ele>
      </trkpt>
      <trkpt lat="45.16246" lon="14.8635">
        <ele>634.4</ele>
      </trkpt>
      <trkpt lat="45.16234" lon="14.86363">
        <ele>636.0</ele>
      </trkpt>
      <trkpt lat="45.16228" lon="14.86375">
        <ele>636.8</ele>
      </trkpt>
      <trkpt lat="45.16222" lon="14.86392">
        <ele>637.7</ele>
      </trkpt>
      <trkpt lat="45.1621" lon="14.86421">
        <ele>639.6</ele>
      </trkpt>
      <trkpt lat="45.16203" lon="14.86431">
        <ele>640.4</ele>
      </trkpt>
      <trkpt lat="45.16193" lon="14.8644">
        <ele>641.4</ele>
      </trkpt>
      <trkpt lat="45.16179" lon="14.86451">
        <ele>642.6</ele>
      </trkpt>
      <trkpt lat="45.1617" lon="14.86457">
        <ele>643.2</ele>
      </trkpt>
      <trkpt lat="45.16158" lon="14.86463">
        <ele>644.5</ele>
      </trkpt>
      <trkpt lat="45.16145" lon="14.86472">
        <ele>646.0</ele>
      </trkpt>
      <trkpt lat="45.16123" lon="14.86492">
        <ele>648.4</ele>
      </trkpt>
      <trkpt lat="45.16107" lon="14.86512">
        <ele>649.9</ele>
      </trkpt>
      <trkpt lat="45.16078" lon="14.86563">
        <ele>649.5</ele>
      </trkpt>
      <trkpt lat="45.16044" lon="14.86601">
        <ele>649.4</ele>
      </trkpt>
      <trkpt lat="45.16028" lon="14.86613">
        <ele>649.5</ele>
      </trkpt>
      <trkpt lat="45.16014" lon="14.8662">
        <ele>649.5</ele>
      </trkpt>
      <trkpt lat="45.15994" lon="14.86629">
        <ele>649.9</ele>
      </trkpt>
      <trkpt lat="45.15974" lon="14.86636">
        <ele>652.2</ele>
      </trkpt>
      <trkpt lat="45.1594" lon="14.86661">
        <ele>654.7</ele>
      </trkpt>
      <trkpt lat="45.1592" lon="14.86673">
        <ele>656.9</ele>
      </trkpt>
      <trkpt lat="45.15893" lon="14.86695">
        <ele>659.6</ele>
      </trkpt>
      <trkpt lat="45.15882" lon="14.86708">
        <ele>660.5</ele>
      </trkpt>
      <trkpt lat="45.15872" lon="14.86712">
        <ele>662.0</ele>
      </trkpt>
      <trkpt lat="45.15857" lon="14.86717">
        <ele>664.3</ele>
      </trkpt>
      <trkpt lat="45.15847" lon="14.86722">
        <ele>665.8</ele>
      </trkpt>
      <trkpt lat="45.15839" lon="14.86731">
        <ele>666.5</ele>
      </trkpt>
      <trkpt lat="45.15827" lon="14.86755">
        <ele>666.9</ele>
      </trkpt>
      <trkpt lat="45.15817" lon="14.8677">
        <ele>667.8</ele>
      </trkpt>
      <trkpt lat="45.15805" lon="14.86789">
        <ele>668.7</ele>
      </trkpt>
      <trkpt lat="45.15786" lon="14.86806">
        <ele>670.9</ele>
      </trkpt>
      <trkpt lat="45.15748" lon="14.86836">
        <ele>674.9</ele>
      </trkpt>
      <trkpt lat="45.15705" lon="14.86868">
        <ele>677.3</ele>
      </trkpt>
      <trkpt lat="45.15662" lon="14.869">
        <ele>678.9</ele>
      </trkpt>
      <trkpt lat="45.15646" lon="14.86908">
        <ele>678.7</ele>
      </trkpt>
      <trkpt lat="45.15621" lon="14.86916">
        <ele>679.4</ele>
      </trkpt>
      <trkpt lat="45.15591" lon="14.86925">
        <ele>680.3</ele>
      </trkpt>
      <trkpt lat="45.15542" lon="14.86933">
        <ele>682.4</ele>
      </trkpt>
      <trkpt lat="45.15526" lon="14.86933">
        <ele>683.4</ele>
      </trkpt>
      <trkpt lat="45.15468" lon="14.86924">
        <ele>688.1</ele>
      </trkpt>
      <trkpt lat="45.15464" lon="14.86919">
        <ele>688.5</ele>
      </trkpt>
      <trkpt lat="45.15455" lon="14.8689">
        <ele>688.1</ele>
      </trkpt>
      <trkpt lat="45.15447" lon="14.86877">
        <ele>687.6</ele>
      </trkpt>
      <trkpt lat="45.15417" lon="14.86852">
        <ele>685.0</ele>
      </trkpt>
      <trkpt lat="45.15402" lon="14.86844">
        <ele>685.4</ele>
      </trkpt>
      <trkpt lat="45.15365" lon="14.86827">
        <ele>685.8</ele>
      </trkpt>
      <trkpt lat="45.15349" lon="14.86818">
        <ele>685.1</ele>
      </trkpt>
      <trkpt lat="45.15323" lon="14.86801">
        <ele>682.3</ele>
      </trkpt>
      <trkpt lat="45.15299" lon="14.86788">
        <ele>680.2</ele>
      </trkpt>
      <trkpt lat="45.15274" lon="14.86781">
        <ele>679.4</ele>
      </trkpt>
      <trkpt lat="45.15246" lon="14.86774">
        <ele>678.6</ele>
      </trkpt>
      <trkpt lat="45.15225" lon="14.86771">
        <ele>678.8</ele>
      </trkpt>
      <trkpt lat="45.15197" lon="14.86769">
        <ele>679.5</ele>
      </trkpt>
      <trkpt lat="45.15121" lon="14.86774">
        <ele>676.1</ele>
      </trkpt>
      <trkpt lat="45.151" lon="14.86777">
        <ele>674.2</ele>
      </trkpt>
      <trkpt lat="45.15085" lon="14.86781">
        <ele>673.5</ele>
      </trkpt>
      <trkpt lat="45.15011" lon="14.86812">
        <ele>671.1</ele>
      </trkpt>
      <trkpt lat="45.14984" lon="14.86826">
        <ele>669.5</ele>
      </trkpt>
      <trkpt lat="45.14929" lon="14.86859">
        <ele>667.1</ele>
      </trkpt>
      <trkpt lat="45.14847" lon="14.86901">
        <ele>663.7</ele>
      </trkpt>
      <trkpt lat="45.14799" lon="14.86931">
        <ele>664.6</ele>
      </trkpt>
      <trkpt lat="45.14788" lon="14.86937">
        <ele>664.7</ele>
      </trkpt>
      <trkpt lat="45.14768" lon="14.86946">
        <ele>664.2</ele>
      </trkpt>
      <trkpt lat="45.14717" lon="14.86965">
        <ele>662.7</ele>
      </trkpt>
      <trkpt lat="45.14693" lon="14.86972">
        <ele>661.1</ele>
      </trkpt>
      <trkpt lat="45.14652" lon="14.86979">
        <ele>656.2</ele>
      </trkpt>
      <trkpt lat="45.14638" lon="14.86984">
        <ele>655.2</ele>
      </trkpt>
      <trkpt lat="45.14612" lon="14.86997">
        <ele>653.8</ele>
      </trkpt>
      <trkpt lat="45.14597" lon="14.87008">
        <ele>653.4</ele>
      </trkpt>
      <trkpt lat="45.14583" lon="14.87022">
        <ele>653.7</ele>
      </trkpt>
      <trkpt lat="45.14562" lon="14.87047">
        <ele>653.6</ele>
      </trkpt>
      <trkpt lat="45.14553" lon="14.87061">
        <ele>653.5</ele>
      </trkpt>
      <trkpt lat="45.14546" lon="14.87075">
        <ele>653.6</ele>
      </trkpt>
      <trkpt lat="45.14539" lon="14.87094">
        <ele>654.0</ele>
      </trkpt>
      <trkpt lat="45.1451" lon="14.87182">
        <ele>655.0</ele>
      </trkpt>
      <trkpt lat="45.14504" lon="14.87194">
        <ele>655.8</ele>
      </trkpt>
      <trkpt lat="45.14495" lon="14.87205">
        <ele>655.6</ele>
      </trkpt>
      <trkpt lat="45.14483" lon="14.87217">
        <ele>655.1</ele>
      </trkpt>
      <trkpt lat="45.14455" lon="14.87239">
        <ele>651.8</ele>
      </trkpt>
      <trkpt lat="45.14449" lon="14.87244">
        <ele>651.1</ele>
      </trkpt>
      <trkpt lat="45.14442" lon="14.87251">
        <ele>650.4</ele>
      </trkpt>
      <trkpt lat="45.14425" lon="14.87282">
        <ele>649.4</ele>
      </trkpt>
      <trkpt lat="45.14409" lon="14.87315">
        <ele>649.0</ele>
      </trkpt>
      <trkpt lat="45.14378" lon="14.87382">
        <ele>650.3</ele>
      </trkpt>
      <trkpt lat="45.14358" lon="14.8743">
        <ele>653.7</ele>
      </trkpt>
      <trkpt lat="45.1435" lon="14.87444">
        <ele>654.0</ele>
      </trkpt>
      <trkpt lat="45.14341" lon="14.87455">
        <ele>653.7</ele>
      </trkpt>
      <trkpt lat="45.14311" lon="14.87481">
        <ele>652.0</ele>
      </trkpt>
      <trkpt lat="45.143" lon="14.87493">
        <ele>652.2</ele>
      </trkpt>
      <trkpt lat="45.14284" lon="14.87513">
        <ele>653.1</ele>
      </trkpt>
      <trkpt lat="45.14268" lon="14.87539">
        <ele>655.1</ele>
      </trkpt>
      <trkpt lat="45.14249" lon="14.87565">
        <ele>656.5</ele>
      </trkpt>
      <trkpt lat="45.14226" lon="14.87589">
        <ele>656.4</ele>
      </trkpt>
      <trkpt lat="45.14203" lon="14.87622">
        <ele>659.0</ele>
      </trkpt>
      <trkpt lat="45.14191" lon="14.87636">
        <ele>659.8</ele>
      </trkpt>
      <trkpt lat="45.14183" lon="14.87644">
        <ele>660.0</ele>
      </trkpt>
      <trkpt lat="45.14147" lon="14.87673">
        <ele>659.6</ele>
      </trkpt>
      <trkpt lat="45.14121" lon="14.87702">
        <ele>661.1</ele>
      </trkpt>
      <trkpt lat="45.14086" lon="14.87723">
        <ele>659.3</ele>
      </trkpt>
      <trkpt lat="45.14072" lon="14.8773">
        <ele>660.2</ele>
      </trkpt>
      <trkpt lat="45.14052" lon="14.87737">
        <ele>661.5</ele>
      </trkpt>
      <trkpt lat="45.14036" lon="14.87739">
        <ele>661.8</ele>
      </trkpt>
      <trkpt lat="45.14007" lon="14.87737">
        <ele>660.8</ele>
      </trkpt>
      <trkpt lat="45.13992" lon="14.87732">
        <ele>660.1</ele>
      </trkpt>
      <trkpt lat="45.13981" lon="14.87724">
        <ele>659.1</ele>
      </trkpt>
      <trkpt lat="45.13969" lon="14.87713">
        <ele>657.6</ele>
      </trkpt>
      <trkpt lat="45.13954" lon="14.87696">
        <ele>655.1</ele>
      </trkpt>
      <trkpt lat="45.13941" lon="14.87686">
        <ele>654.3</ele>
      </trkpt>
      <trkpt lat="45.13922" lon="14.87676">
        <ele>654.3</ele>
      </trkpt>
      <trkpt lat="45.13911" lon="14.87676">
        <ele>654.3</ele>
      </trkpt>
      <trkpt lat="45.13884" lon="14.87684">
        <ele>653.4</ele>
      </trkpt>
      <trkpt lat="45.13849" lon="14.87689">
        <ele>651.3</ele>
      </trkpt>
      <trkpt lat="45.13835" lon="14.87695">
        <ele>651.6</ele>
      </trkpt>
      <trkpt lat="45.13825" lon="14.87706">
        <ele>652.6</ele>
      </trkpt>
      <trkpt lat="45.13798" lon="14.87736">
        <ele>653.5</ele>
      </trkpt>
      <trkpt lat="45.13787" lon="14.87755">
        <ele>654.7</ele>
      </trkpt>
      <trkpt lat="45.13779" lon="14.87772">
        <ele>656.0</ele>
      </trkpt>
      <trkpt lat="45.13773" lon="14.8779">
        <ele>658.0</ele>
      </trkpt>
      <trkpt lat="45.13764" lon="14.87834">
        <ele>664.5</ele>
      </trkpt>
      <trkpt lat="45.13758" lon="14.8785">
        <ele>665.5</ele>
      </trkpt>
      <trkpt lat="45.13748" lon="14.87866">
        <ele>666.1</ele>
      </trkpt>
      <trkpt lat="45.13739" lon="14.87877">
        <ele>666.4</ele>
      </trkpt>
      <trkpt lat="45.13727" lon="14.87891">
        <ele>667.0</ele>
      </trkpt>
      <trkpt lat="45.13711" lon="14.87903">
        <ele>666.7</ele>
      </trkpt>
      <trkpt lat="45.13679" lon="14.87934">
        <ele>668.6</ele>
      </trkpt>
      <trkpt lat="45.13632" lon="14.8798">
        <ele>670.4</ele>
      </trkpt>
      <trkpt lat="45.13613" lon="14.88003">
        <ele>671.5</ele>
      </trkpt>
      <trkpt lat="45.136" lon="14.88022">
        <ele>672.2</ele>
      </trkpt>
      <trkpt lat="45.13589" lon="14.88044">
        <ele>673.5</ele>
      </trkpt>
      <trkpt lat="45.13581" lon="14.88064">
        <ele>674.7</ele>
      </trkpt>
      <trkpt lat="45.13577" lon="14.88081">
        <ele>676.2</ele>
      </trkpt>
      <trkpt lat="45.13559" lon="14.88183">
        <ele>676.5</ele>
      </trkpt>
      <trkpt lat="45.13557" lon="14.88204">
        <ele>676.9</ele>
      </trkpt>
      <trkpt lat="45.13557" lon="14.88255">
        <ele>678.9</ele>
      </trkpt>
      <trkpt lat="45.13556" lon="14.8827">
        <ele>678.7</ele>
      </trkpt>
      <trkpt lat="45.13552" lon="14.88288">
        <ele>678.3</ele>
      </trkpt>
      <trkpt lat="45.13546" lon="14.88301">
        <ele>678.0</ele>
      </trkpt>
      <trkpt lat="45.13537" lon="14.88312">
        <ele>677.8</ele>
      </trkpt>
      <trkpt lat="45.1349" lon="14.88353">
        <ele>677.6</ele>
      </trkpt>
      <trkpt lat="45.13475" lon="14.8836">
        <ele>677.7</ele>
      </trkpt>
      <trkpt lat="45.13431" lon="14.88375">
        <ele>679.1</ele>
      </trkpt>
      <trkpt lat="45.13387" lon="14.88389">
        <ele>682.7</ele>
      </trkpt>
      <trkpt lat="45.13374" lon="14.88392">
        <ele>684.0</ele>
      </trkpt>
      <trkpt lat="45.13361" lon="14.88391">
        <ele>685.0</ele>
      </trkpt>
      <trkpt lat="45.13322" lon="14.88381">
        <ele>686.3</ele>
      </trkpt>
      <trkpt lat="45.13316" lon="14.8838">
        <ele>686.3</ele>
      </trkpt>
      <trkpt lat="45.13307" lon="14.88382">
        <ele>686.7</ele>
      </trkpt>
      <trkpt lat="45.13245" lon="14.88402">
        <ele>690.8</ele>
      </trkpt>
      <trkpt lat="45.13233" lon="14.88403">
        <ele>691.1</ele>
      </trkpt>
      <trkpt lat="45.13185" lon="14.88404">
        <ele>691.9</ele>
      </trkpt>
      <trkpt lat="45.13158" lon="14.88409">
        <ele>693.0</ele>
      </trkpt>
      <trkpt lat="45.13112" lon="14.8843">
        <ele>696.7</ele>
      </trkpt>
      <trkpt lat="45.13069" lon="14.88455">
        <ele>699.8</ele>
      </trkpt>
      <trkpt lat="45.13048" lon="14.88469">
        <ele>700.8</ele>
      </trkpt>
      <trkpt lat="45.13027" lon="14.88482">
        <ele>701.7</ele>
      </trkpt>
      <trkpt lat="45.13018" lon="14.88486">
        <ele>701.9</ele>
      </trkpt>
      <trkpt lat="45.12984" lon="14.88495">
        <ele>702.1</ele>
      </trkpt>
      <trkpt lat="45.12964" lon="14.88498">
        <ele>702.3</ele>
      </trkpt>
      <trkpt lat="45.12953" lon="14.88502">
        <ele>702.8</ele>
      </trkpt>
      <trkpt lat="45.12942" lon="14.88508">
        <ele>703.8</ele>
      </trkpt>
      <trkpt lat="45.12871" lon="14.88558">
        <ele>707.5</ele>
      </trkpt>
      <trkpt lat="45.12833" lon="14.88581">
        <ele>708.4</ele>
      </trkpt>
      <trkpt lat="45.12813" lon="14.88594">
        <ele>709.2</ele>
      </trkpt>
      <trkpt lat="45.12785" lon="14.88614">
        <ele>710.4</ele>
      </trkpt>
      <trkpt lat="45.12769" lon="14.8863">
        <ele>711.9</ele>
      </trkpt>
      <trkpt lat="45.12724" lon="14.88682">
        <ele>715.3</ele>
      </trkpt>
      <trkpt lat="45.12677" lon="14.88721">
        <ele>715.8</ele>
      </trkpt>
      <trkpt lat="45.12653" lon="14.88738">
        <ele>716.2</ele>
      </trkpt>
      <trkpt lat="45.12639" lon="14.88751">
        <ele>717.2</ele>
      </trkpt>
      <trkpt lat="45.12627" lon="14.88768">
        <ele>719.6</ele>
      </trkpt>
      <trkpt lat="45.12619" lon="14.88778">
        <ele>720.9</ele>
      </trkpt>
      <trkpt lat="45.12578" lon="14.88812">
        <ele>722.8</ele>
      </trkpt>
      <trkpt lat="45.12516" lon="14.88853">
        <ele>722.7</ele>
      </trkpt>
      <trkpt lat="45.12506" lon="14.88862">
        <ele>723.0</ele>
      </trkpt>
      <trkpt lat="45.12497" lon="14.88874">
        <ele>724.0</ele>
      </trkpt>
      <trkpt lat="45.12486" lon="14.88891">
        <ele>726.0</ele>
      </trkpt>
      <trkpt lat="45.12474" lon="14.88918">
        <ele>730.0</ele>
      </trkpt>
      <trkpt lat="45.12464" lon="14.88934">
        <ele>731.1</ele>
      </trkpt>
      <trkpt lat="45.12454" lon="14.88944">
        <ele>731.4</ele>
      </trkpt>
      <trkpt lat="45.12447" lon="14.88946">
        <ele>731.1</ele>
      </trkpt>
      <trkpt lat="45.12441" lon="14.88945">
        <ele>730.4</ele>
      </trkpt>
      <trkpt lat="45.12419" lon="14.88931">
        <ele>726.9</ele>
      </trkpt>
      <trkpt lat="45.12411" lon="14.88929">
        <ele>726.2</ele>
      </trkpt>
      <trkpt lat="45.12402" lon="14.88931">
        <ele>726.0</ele>
      </trkpt>
      <trkpt lat="45.12396" lon="14.88935">
        <ele>726.2</ele>
      </trkpt>
      <trkpt lat="45.1239" lon="14.88943">
        <ele>726.9</ele>
      </trkpt>
      <trkpt lat="45.12379" lon="14.8896">
        <ele>728.4</ele>
      </trkpt>
      <trkpt lat="45.12369" lon="14.88978">
        <ele>730.1</ele>
      </trkpt>
      <trkpt lat="45.12363" lon="14.88985">
        <ele>730.6</ele>
      </trkpt>
      <trkpt lat="45.12348" lon="14.88995">
        <ele>731.1</ele>
      </trkpt>
      <trkpt lat="45.12313" lon="14.89015">
        <ele>733.7</ele>
      </trkpt>
      <trkpt lat="45.12296" lon="14.89015">
        <ele>733.7</ele>
      </trkpt>
      <trkpt lat="45.12279" lon="14.89012">
        <ele>733.2</ele>
      </trkpt>
      <trkpt lat="45.12265" lon="14.89019">
        <ele>734.4</ele>
      </trkpt>
      <trkpt lat="45.12253" lon="14.89031">
        <ele>736.6</ele>
      </trkpt>
      <trkpt lat="45.12235" lon="14.89034">
        <ele>738.1</ele>
      </trkpt>
      <trkpt lat="45.12178" lon="14.89032">
        <ele>741.5</ele>
      </trkpt>
      <trkpt lat="45.12104" lon="14.89055">
        <ele>744.5</ele>
      </trkpt>
      <trkpt lat="45.12029" lon="14.89078">
        <ele>749.6</ele>
      </trkpt>
      <trkpt lat="45.1202" lon="14.89082">
        <ele>750.5</ele>
      </trkpt>
      <trkpt lat="45.1197" lon="14.89116">
        <ele>755.3</ele>
      </trkpt>
      <trkpt lat="45.11946" lon="14.8913">
        <ele>756.9</ele>
      </trkpt>
      <trkpt lat="45.11924" lon="14.89144">
        <ele>758.9</ele>
      </trkpt>
      <trkpt lat="45.1188" lon="14.89177">
        <ele>761.3</ele>
      </trkpt>
      <trkpt lat="45.11847" lon="14.89195">
        <ele>761.3</ele>
      </trkpt>
      <trkpt lat="45.11837" lon="14.89202">
        <ele>761.9</ele>
      </trkpt>
      <trkpt lat="45.11819" lon="14.89217">
        <ele>763.4</ele>
      </trkpt>
      <trkpt lat="45.11798" lon="14.89231">
        <ele>764.4</ele>
      </trkpt>
      <trkpt lat="45.1176" lon="14.89252">
        <ele>765.3</ele>
      </trkpt>
      <trkpt lat="45.11706" lon="14.89286">
        <ele>766.9</ele>
      </trkpt>
      <trkpt lat="45.11694" lon="14.89297">
        <ele>767.7</ele>
      </trkpt>
      <trkpt lat="45.11677" lon="14.89312">
        <ele>768.6</ele>
      </trkpt>
      <trkpt lat="45.11649" lon="14.89349">
        <ele>772.0</ele>
      </trkpt>
      <trkpt lat="45.11643" lon="14.89355">
        <ele>772.4</ele>
      </trkpt>
      <trkpt lat="45.11607" lon="14.89375">
        <ele>772.9</ele>
      </trkpt>
      <trkpt lat="45.11602" lon="14.8938">
        <ele>773.3</ele>
      </trkpt>
      <trkpt lat="45.11597" lon="14.89387">
        <ele>773.9</ele>
      </trkpt>
      <trkpt lat="45.11591" lon="14.89401">
        <ele>775.4</ele>
      </trkpt>
      <trkpt lat="45.11573" lon="14.89443">
        <ele>779.7</ele>
      </trkpt>
      <trkpt lat="45.11565" lon="14.89454">
        <ele>780.3</ele>
      </trkpt>
      <trkpt lat="45.11559" lon="14.89462">
        <ele>780.7</ele>
      </trkpt>
      <trkpt lat="45.11553" lon="14.89466">
        <ele>780.5</ele>
      </trkpt>
      <trkpt lat="45.1151" lon="14.89485">
        <ele>777.6</ele>
      </trkpt>
      <trkpt lat="45.11496" lon="14.89495">
        <ele>777.0</ele>
      </trkpt>
      <trkpt lat="45.11485" lon="14.89506">
        <ele>777.3</ele>
      </trkpt>
      <trkpt lat="45.11443" lon="14.89555">
        <ele>778.4</ele>
      </trkpt>
      <trkpt lat="45.11437" lon="14.89564">
        <ele>778.5</ele>
      </trkpt>
      <trkpt lat="45.11433" lon="14.89577">
        <ele>779.2</ele>
      </trkpt>
      <trkpt lat="45.11433" lon="14.89587">
        <ele>780.1</ele>
      </trkpt>
      <trkpt lat="45.11434" lon="14.89616">
        <ele>781.2</ele>
      </trkpt>
      <trkpt lat="45.11432" lon="14.89632">
        <ele>781.4</ele>
      </trkpt>
      <trkpt lat="45.11426" lon="14.89657">
        <ele>780.8</ele>
      </trkpt>
      <trkpt lat="45.1142" lon="14.89694">
        <ele>782.0</ele>
      </trkpt>
      <trkpt lat="45.11418" lon="14.89704">
        <ele>782.4</ele>
      </trkpt>
      <trkpt lat="45.11414" lon="14.89712">
        <ele>782.4</ele>
      </trkpt>
      <trkpt lat="45.11407" lon="14.89723">
        <ele>782.2</ele>
      </trkpt>
      <trkpt lat="45.11378" lon="14.89758">
        <ele>780.5</ele>
      </trkpt>
      <trkpt lat="45.1136" lon="14.89774">
        <ele>779.1</ele>
      </trkpt>
      <trkpt lat="45.11349" lon="14.89781">
        <ele>778.3</ele>
      </trkpt>
      <trkpt lat="45.11322" lon="14.89793">
        <ele>777.4</ele>
      </trkpt>
      <trkpt lat="45.11316" lon="14.89797">
        <ele>777.7</ele>
      </trkpt>
      <trkpt lat="45.1131" lon="14.89803">
        <ele>778.2</ele>
      </trkpt>
      <trkpt lat="45.11286" lon="14.89835">
        <ele>780.2</ele>
      </trkpt>
      <trkpt lat="45.11286" lon="14.89835">
        <ele>780.2</ele>
      </trkpt>
      <trkpt lat="45.11277" lon="14.89844">
        <ele>779.7</ele>
      </trkpt>
      <trkpt lat="45.11269" lon="14.89848">
        <ele>779.4</ele>
      </trkpt>
      <trkpt lat="45.11262" lon="14.89851">
        <ele>779.1</ele>
      </trkpt>
      <trkpt lat="45.11241" lon="14.89854">
        <ele>779.3</ele>
      </trkpt>
      <trkpt lat="45.11229" lon="14.89859">
        <ele>780.0</ele>
      </trkpt>
      <trkpt lat="45.11221" lon="14.89864">
        <ele>780.4</ele>
      </trkpt>
      <trkpt lat="45.11212" lon="14.89873">
        <ele>780.8</ele>
      </trkpt>
      <trkpt lat="45.11205" lon="14.89883">
        <ele>781.1</ele>
      </trkpt>
      <trkpt lat="45.11199" lon="14.89894">
        <ele>781.3</ele>
      </trkpt>
      <trkpt lat="45.11192" lon="14.89911">
        <ele>781.5</ele>
      </trkpt>
      <trkpt lat="45.11185" lon="14.89932">
        <ele>780.4</ele>
      </trkpt>
      <trkpt lat="45.11181" lon="14.89942">
        <ele>779.7</ele>
      </trkpt>
      <trkpt lat="45.11177" lon="14.89949">
        <ele>779.1</ele>
      </trkpt>
      <trkpt lat="45.11137" lon="14.89987">
        <ele>778.1</ele>
      </trkpt>
      <trkpt lat="45.11111" lon="14.90006">
        <ele>778.0</ele>
      </trkpt>
      <trkpt lat="45.111" lon="14.90012">
        <ele>778.1</ele>
      </trkpt>
      <trkpt lat="45.11091" lon="14.90016">
        <ele>778.3</ele>
      </trkpt>
      <trkpt lat="45.11059" lon="14.90026">
        <ele>778.8</ele>
      </trkpt>
      <trkpt lat="45.11052" lon="14.9003">
        <ele>778.7</ele>
      </trkpt>
      <trkpt lat="45.11035" lon="14.90044">
        <ele>778.2</ele>
      </trkpt>
      <trkpt lat="45.11023" lon="14.90057">
        <ele>777.6</ele>
      </trkpt>
      <trkpt lat="45.11004" lon="14.90095">
        <ele>775.0</ele>
      </trkpt>
      <trkpt lat="45.10996" lon="14.90108">
        <ele>773.6</ele>
      </trkpt>
      <trkpt lat="45.10982" lon="14.90127">
        <ele>771.7</ele>
      </trkpt>
      <trkpt lat="45.1096" lon="14.9015">
        <ele>770.6</ele>
      </trkpt>
      <trkpt lat="45.10931" lon="14.90174">
        <ele>770.7</ele>
      </trkpt>
      <trkpt lat="45.109" lon="14.90208">
        <ele>767.5</ele>
      </trkpt>
      <trkpt lat="45.10854" lon="14.90256">
        <ele>764.5</ele>
      </trkpt>
      <trkpt lat="45.10839" lon="14.90269">
        <ele>764.9</ele>
      </trkpt>
      <trkpt lat="45.10824" lon="14.90288">
        <ele>764.9</ele>
      </trkpt>
      <trkpt lat="45.10794" lon="14.90328">
        <ele>763.8</ele>
      </trkpt>
      <trkpt lat="45.10778" lon="14.9035">
        <ele>762.9</ele>
      </trkpt>
      <trkpt lat="45.10757" lon="14.90373">
        <ele>761.7</ele>
      </trkpt>
      <trkpt lat="45.10733" lon="14.90392">
        <ele>761.4</ele>
      </trkpt>
      <trkpt lat="45.10725" lon="14.904">
        <ele>761.5</ele>
      </trkpt>
      <trkpt lat="45.10703" lon="14.90411">
        <ele>762.5</ele>
      </trkpt>
      <trkpt lat="45.10693" lon="14.90419">
        <ele>763.1</ele>
      </trkpt>
      <trkpt lat="45.10687" lon="14.90427">
        <ele>763.5</ele>
      </trkpt>
      <trkpt lat="45.10683" lon="14.90439">
        <ele>763.7</ele>
      </trkpt>
      <trkpt lat="45.10681" lon="14.90454">
        <ele>763.8</ele>
      </trkpt>
      <trkpt lat="45.10678" lon="14.90486">
        <ele>763.7</ele>
      </trkpt>
      <trkpt lat="45.10676" lon="14.90495">
        <ele>763.7</ele>
      </trkpt>
      <trkpt lat="45.1067" lon="14.90508">
        <ele>763.8</ele>
      </trkpt>
      <trkpt lat="45.10664" lon="14.90515">
        <ele>763.8</ele>
      </trkpt>
      <trkpt lat="45.10655" lon="14.90523">
        <ele>763.5</ele>
      </trkpt>
      <trkpt lat="45.10644" lon="14.90531">
        <ele>763.1</ele>
      </trkpt>
      <trkpt lat="45.106" lon="14.90553">
        <ele>760.8</ele>
      </trkpt>
      <trkpt lat="45.10595" lon="14.90557">
        <ele>760.4</ele>
      </trkpt>
      <trkpt lat="45.10591" lon="14.90564">
        <ele>759.7</ele>
      </trkpt>
      <trkpt lat="45.10589" lon="14.90572">
        <ele>759.1</ele>
      </trkpt>
      <trkpt lat="45.10589" lon="14.90588">
        <ele>758.5</ele>
      </trkpt>
      <trkpt lat="45.10587" lon="14.9061">
        <ele>759.3</ele>
      </trkpt>
      <trkpt lat="45.10581" lon="14.90654">
        <ele>760.4</ele>
      </trkpt>
      <trkpt lat="45.10579" lon="14.90661">
        <ele>760.5</ele>
      </trkpt>
      <trkpt lat="45.10576" lon="14.90668">
        <ele>760.6</ele>
      </trkpt>
      <trkpt lat="45.1057" lon="14.90676">
        <ele>760.6</ele>
      </trkpt>
      <trkpt lat="45.10554" lon="14.9069">
        <ele>760.1</ele>
      </trkpt>
      <trkpt lat="45.10543" lon="14.90696">
        <ele>759.4</ele>
      </trkpt>
      <trkpt lat="45.10508" lon="14.90704">
        <ele>756.2</ele>
      </trkpt>
      <trkpt lat="45.105" lon="14.90704">
        <ele>755.4</ele>
      </trkpt>
      <trkpt lat="45.10485" lon="14.90701">
        <ele>755.4</ele>
      </trkpt>
      <trkpt lat="45.10478" lon="14.907">
        <ele>755.3</ele>
      </trkpt>
      <trkpt lat="45.10472" lon="14.90701">
        <ele>755.3</ele>
      </trkpt>
      <trkpt lat="45.10461" lon="14.90707">
        <ele>755.1</ele>
      </trkpt>
      <trkpt lat="45.10453" lon="14.90714">
        <ele>754.7</ele>
      </trkpt>
      <trkpt lat="45.10442" lon="14.90726">
        <ele>753.8</ele>
      </trkpt>
      <trkpt lat="45.10416" lon="14.90757">
        <ele>750.8</ele>
      </trkpt>
      <trkpt lat="45.10395" lon="14.90776">
        <ele>750.9</ele>
      </trkpt>
      <trkpt lat="45.10377" lon="14.90798">
        <ele>751.8</ele>
      </trkpt>
      <trkpt lat="45.10366" lon="14.90808">
        <ele>752.6</ele>
      </trkpt>
      <trkpt lat="45.10357" lon="14.90814">
        <ele>753.3</ele>
      </trkpt>
      <trkpt lat="45.10346" lon="14.90817">
        <ele>754.2</ele>
      </trkpt>
      <trkpt lat="45.10345" lon="14.90825">
        <ele>754.6</ele>
      </trkpt>
      <trkpt lat="45.10343" lon="14.90835">
        <ele>755.2</ele>
      </trkpt>
      <trkpt lat="45.10335" lon="14.90863">
        <ele>755.2</ele>
      </trkpt>
      <trkpt lat="45.10325" lon="14.90879">
        <ele>755.4</ele>
      </trkpt>
      <trkpt lat="45.10299" lon="14.90913">
        <ele>756.5</ele>
      </trkpt>
      <trkpt lat="45.10261" lon="14.90954">
        <ele>756.5</ele>
      </trkpt>
      <trkpt lat="45.10198" lon="14.91034">
        <ele>761.0</ele>
      </trkpt>
      <trkpt lat="45.10146" lon="14.91082">
        <ele>760.2</ele>
      </trkpt>
      <trkpt lat="45.1008" lon="14.91131">
        <ele>759.2</ele>
      </trkpt>
      <trkpt lat="45.10013" lon="14.91179">
        <ele>752.5</ele>
      </trkpt>
      <trkpt lat="45.09945" lon="14.91192">
        <ele>750.0</ele>
      </trkpt>
      <trkpt lat="45.09877" lon="14.91206">
        <ele>746.3</ele>
      </trkpt>
      <trkpt lat="45.09834" lon="14.91199">
        <ele>745.9</ele>
      </trkpt>
      <trkpt lat="45.09796" lon="14.91197">
        <ele>744.9</ele>
      </trkpt>
      <trkpt lat="45.09772" lon="14.91201">
        <ele>743.8</ele>
      </trkpt>
      <trkpt lat="45.09702" lon="14.91224">
        <ele>742.8</ele>
      </trkpt>
      <trkpt lat="45.09656" lon="14.91275">
        <ele>743.0</ele>
      </trkpt>
      <trkpt lat="45.09636" lon="14.91296">
        <ele>742.8</ele>
      </trkpt>
      <trkpt lat="45.09599" lon="14.91316">
        <ele>743.6</ele>
      </trkpt>
      <trkpt lat="45.09546" lon="14.91341">
        <ele>744.7</ele>
      </trkpt>
      <trkpt lat="45.0946" lon="14.91366">
        <ele>746.7</ele>
      </trkpt>
      <trkpt lat="45.09387" lon="14.91385">
        <ele>750.7</ele>
      </trkpt>
      <trkpt lat="45.09317" lon="14.91389">
        <ele>752.7</ele>
      </trkpt>
      <trkpt lat="45.09244" lon="14.91408">
        <ele>753.8</ele>
      </trkpt>
      <trkpt lat="45.09171" lon="14.91428">
        <ele>755.1</ele>
      </trkpt>
      <trkpt lat="45.09097" lon="14.91447">
        <ele>759.5</ele>
      </trkpt>
      <trkpt lat="45.09024" lon="14.91466">
        <ele>761.8</ele>
      </trkpt>
      <trkpt lat="45.08969" lon="14.9149">
        <ele>765.3</ele>
      </trkpt>
      <trkpt lat="45.08913" lon="14.91513">
        <ele>764.3</ele>
      </trkpt>
      <trkpt lat="45.08861" lon="14.91555">
        <ele>766.8</ele>
      </trkpt>
      <trkpt lat="45.08808" lon="14.91597">
        <ele>766.7</ele>
      </trkpt>
      <trkpt lat="45.08756" lon="14.9164">
        <ele>768.7</ele>
      </trkpt>
      <trkpt lat="45.08675" lon="14.91695">
        <ele>770.1</ele>
      </trkpt>
      <trkpt lat="45.08594" lon="14.9175">
        <ele>767.4</ele>
      </trkpt>
      <trkpt lat="45.08514" lon="14.91805">
        <ele>763.5</ele>
      </trkpt>
      <trkpt lat="45.0845" lon="14.91831">
        <ele>761.3</ele>
      </trkpt>
      <trkpt lat="45.08386" lon="14.91857">
        <ele>763.6</ele>
      </trkpt>
      <trkpt lat="45.08331" lon="14.9185">
        <ele>763.2</ele>
      </trkpt>
      <trkpt lat="45.08275" lon="14.91842">
        <ele>761.5</ele>
      </trkpt>
      <trkpt lat="45.08222" lon="14.91851">
        <ele>758.5</ele>
      </trkpt>
      <trkpt lat="45.08192" lon="14.91877">
        <ele>757.9</ele>
      </trkpt>
      <trkpt lat="45.08174" lon="14.91915">
        <ele>760.8</ele>
      </trkpt>
      <trkpt lat="45.08149" lon="14.91954">
        <ele>762.0</ele>
      </trkpt>
      <trkpt lat="45.08099" lon="14.91973">
        <ele>758.8</ele>
      </trkpt>
      <trkpt lat="45.08056" lon="14.92004">
        <ele>757.7</ele>
      </trkpt>
      <trkpt lat="45.08014" lon="14.92035">
        <ele>754.4</ele>
      </trkpt>
      <trkpt lat="45.07971" lon="14.92073">
        <ele>753.0</ele>
      </trkpt>
      <trkpt lat="45.0795" lon="14.92117">
        <ele>753.5</ele>
      </trkpt>
      <trkpt lat="45.07937" lon="14.92135">
        <ele>753.5</ele>
      </trkpt>
      <trkpt lat="45.07913" lon="14.92195">
        <ele>752.8</ele>
      </trkpt>
      <trkpt lat="45.07894" lon="14.92217">
        <ele>752.3</ele>
      </trkpt>
      <trkpt lat="45.07836" lon="14.92218">
        <ele>754.2</ele>
      </trkpt>
      <trkpt lat="45.07756" lon="14.92261">
        <ele>755.1</ele>
      </trkpt>
      <trkpt lat="45.07707" lon="14.92272">
        <ele>757.4</ele>
      </trkpt>
      <trkpt lat="45.07683" lon="14.92282">
        <ele>758.0</ele>
      </trkpt>
      <trkpt lat="45.07635" lon="14.92366">
        <ele>749.8</ele>
      </trkpt>
      <trkpt lat="45.07599" lon="14.92426">
        <ele>749.1</ele>
      </trkpt>
      <trkpt lat="45.07562" lon="14.92472">
        <ele>751.2</ele>
      </trkpt>
      <trkpt lat="45.07532" lon="14.92505">
        <ele>755.0</ele>
      </trkpt>
      <trkpt lat="45.07513" lon="14.92531">
        <ele>758.8</ele>
      </trkpt>
      <trkpt lat="45.07506" lon="14.92546">
        <ele>760.8</ele>
      </trkpt>
      <trkpt lat="45.07503" lon="14.92561">
        <ele>762.2</ele>
      </trkpt>
      <trkpt lat="45.07503" lon="14.92585">
        <ele>763.2</ele>
      </trkpt>
      <trkpt lat="45.07504" lon="14.92616">
        <ele>765.0</ele>
      </trkpt>
      <trkpt lat="45.07503" lon="14.92639">
        <ele>766.9</ele>
      </trkpt>
      <trkpt lat="45.07501" lon="14.92666">
        <ele>769.5</ele>
      </trkpt>
      <trkpt lat="45.07496" lon="14.92702">
        <ele>769.8</ele>
      </trkpt>
      <trkpt lat="45.07486" lon="14.92744">
        <ele>771.4</ele>
      </trkpt>
      <trkpt lat="45.07473" lon="14.92789">
        <ele>771.2</ele>
      </trkpt>
      <trkpt lat="45.07455" lon="14.92832">
        <ele>772.1</ele>
      </trkpt>
      <trkpt lat="45.0742" lon="14.92925">
        <ele>769.2</ele>
      </trkpt>
      <trkpt lat="45.07414" lon="14.92953">
        <ele>767.1</ele>
      </trkpt>
      <trkpt lat="45.07406" lon="14.92982">
        <ele>765.3</ele>
      </trkpt>
      <trkpt lat="45.07401" lon="14.92999">
        <ele>764.3</ele>
      </trkpt>
      <trkpt lat="45.07394" lon="14.93013">
        <ele>765.3</ele>
      </trkpt>
      <trkpt lat="45.07367" lon="14.9306">
        <ele>766.6</ele>
      </trkpt>
      <trkpt lat="45.07359" lon="14.9308">
        <ele>765.4</ele>
      </trkpt>
      <trkpt lat="45.07353" lon="14.93097">
        <ele>765.8</ele>
      </trkpt>
      <trkpt lat="45.0734" lon="14.93128">
        <ele>766.3</ele>
      </trkpt>
      <trkpt lat="45.07318" lon="14.93185">
        <ele>766.8</ele>
      </trkpt>
      <trkpt lat="45.07311" lon="14.93198">
        <ele>767.5</ele>
      </trkpt>
      <trkpt lat="45.07304" lon="14.9321">
        <ele>768.1</ele>
      </trkpt>
      <trkpt lat="45.07296" lon="14.93218">
        <ele>768.4</ele>
      </trkpt>
      <trkpt lat="45.07288" lon="14.93222">
        <ele>768.4</ele>
      </trkpt>
      <trkpt lat="45.07275" lon="14.93226">
        <ele>768.2</ele>
      </trkpt>
      <trkpt lat="45.07269" lon="14.93225">
        <ele>767.9</ele>
      </trkpt>
      <trkpt lat="45.07262" lon="14.93223">
        <ele>767.5</ele>
      </trkpt>
      <trkpt lat="45.0724" lon="14.93209">
        <ele>767.0</ele>
      </trkpt>
      <trkpt lat="45.07211" lon="14.93187">
        <ele>767.3</ele>
      </trkpt>
      <trkpt lat="45.07198" lon="14.9318">
        <ele>767.3</ele>
      </trkpt>
      <trkpt lat="45.07187" lon="14.93176">
        <ele>767.4</ele>
      </trkpt>
      <trkpt lat="45.07164" lon="14.93172">
        <ele>768.0</ele>
      </trkpt>
      <trkpt lat="45.07147" lon="14.93173">
        <ele>768.5</ele>
      </trkpt>
      <trkpt lat="45.07092" lon="14.9319">
        <ele>772.2</ele>
      </trkpt>
      <trkpt lat="45.07038" lon="14.93207">
        <ele>775.6</ele>
      </trkpt>
      <trkpt lat="45.06996" lon="14.93221">
        <ele>778.3</ele>
      </trkpt>
      <trkpt lat="45.06989" lon="14.93222">
        <ele>778.7</ele>
      </trkpt>
      <trkpt lat="45.06978" lon="14.93222">
        <ele>779.2</ele>
      </trkpt>
      <trkpt lat="45.06949" lon="14.93217">
        <ele>780.1</ele>
      </trkpt>
      <trkpt lat="45.0694" lon="14.93217">
        <ele>780.5</ele>
      </trkpt>
      <trkpt lat="45.069" lon="14.93225">
        <ele>782.5</ele>
      </trkpt>
      <trkpt lat="45.06854" lon="14.93237">
        <ele>783.8</ele>
      </trkpt>
      <trkpt lat="45.06835" lon="14.93239">
        <ele>784.1</ele>
      </trkpt>
      <trkpt lat="45.06808" lon="14.93239">
        <ele>784.6</ele>
      </trkpt>
      <trkpt lat="45.06763" lon="14.93236">
        <ele>785.8</ele>
      </trkpt>
      <trkpt lat="45.06718" lon="14.93234">
        <ele>787.6</ele>
      </trkpt>
      <trkpt lat="45.06697" lon="14.93237">
        <ele>788.2</ele>
      </trkpt>
      <trkpt lat="45.06648" lon="14.93255">
        <ele>790.0</ele>
      </trkpt>
      <trkpt lat="45.06604" lon="14.93276">
        <ele>793.2</ele>
      </trkpt>
      <trkpt lat="45.06574" lon="14.9328">
        <ele>794.7</ele>
      </trkpt>
      <trkpt lat="45.06551" lon="14.93292">
        <ele>795.9</ele>
      </trkpt>
      <trkpt lat="45.06539" lon="14.93301">
        <ele>796.6</ele>
      </trkpt>
      <trkpt lat="45.06526" lon="14.93308">
        <ele>797.0</ele>
      </trkpt>
      <trkpt lat="45.06479" lon="14.93317">
        <ele>796.6</ele>
      </trkpt>
      <trkpt lat="45.06462" lon="14.93322">
        <ele>795.7</ele>
      </trkpt>
      <trkpt lat="45.06448" lon="14.93328">
        <ele>794.6</ele>
      </trkpt>
      <trkpt lat="45.06435" lon="14.93331">
        <ele>793.5</ele>
      </trkpt>
      <trkpt lat="45.06383" lon="14.9333">
        <ele>790.1</ele>
      </trkpt>
      <trkpt lat="45.06358" lon="14.93328">
        <ele>788.6</ele>
      </trkpt>
      <trkpt lat="45.06335" lon="14.93324">
        <ele>787.7</ele>
      </trkpt>
      <trkpt lat="45.06319" lon="14.93315">
        <ele>787.0</ele>
      </trkpt>
      <trkpt lat="45.06302" lon="14.93303">
        <ele>786.6</ele>
      </trkpt>
      <trkpt lat="45.06282" lon="14.93285">
        <ele>786.7</ele>
      </trkpt>
      <trkpt lat="45.06259" lon="14.93272">
        <ele>785.6</ele>
      </trkpt>
      <trkpt lat="45.06231" lon="14.9326">
        <ele>784.2</ele>
      </trkpt>
      <trkpt lat="45.06204" lon="14.93252">
        <ele>782.7</ele>
      </trkpt>
      <trkpt lat="45.06145" lon="14.93246">
        <ele>778.5</ele>
      </trkpt>
      <trkpt lat="45.06115" lon="14.93245">
        <ele>777.3</ele>
      </trkpt>
      <trkpt lat="45.06079" lon="14.93248">
        <ele>775.1</ele>
      </trkpt>
      <trkpt lat="45.06067" lon="14.93247">
        <ele>774.7</ele>
      </trkpt>
      <trkpt lat="45.06045" lon="14.9324">
        <ele>774.5</ele>
      </trkpt>
      <trkpt lat="45.06029" lon="14.93237">
        <ele>774.0</ele>
      </trkpt>
      <trkpt lat="45.0602" lon="14.93238">
        <ele>773.3</ele>
      </trkpt>
      <trkpt lat="45.06009" lon="14.93243">
        <ele>772.2</ele>
      </trkpt>
      <trkpt lat="45.05985" lon="14.93257">
        <ele>769.1</ele>
      </trkpt>
      <trkpt lat="45.05975" lon="14.9326">
        <ele>768.2</ele>
      </trkpt>
      <trkpt lat="45.05966" lon="14.93261">
        <ele>767.7</ele>
      </trkpt>
      <trkpt lat="45.05956" lon="14.93259">
        <ele>767.5</ele>
      </trkpt>
      <trkpt lat="45.05945" lon="14.93254">
        <ele>767.8</ele>
      </trkpt>
      <trkpt lat="45.05914" lon="14.9323">
        <ele>768.4</ele>
      </trkpt>
      <trkpt lat="45.05904" lon="14.93228">
        <ele>768.4</ele>
      </trkpt>
      <trkpt lat="45.05894" lon="14.9323">
        <ele>768.2</ele>
      </trkpt>
      <trkpt lat="45.05886" lon="14.93236">
        <ele>767.9</ele>
      </trkpt>
      <trkpt lat="45.05851" lon="14.9328">
        <ele>765.5</ele>
      </trkpt>
      <trkpt lat="45.05784" lon="14.93342">
        <ele>765.5</ele>
      </trkpt>
      <trkpt lat="45.05773" lon="14.93354">
        <ele>765.6</ele>
      </trkpt>
      <trkpt lat="45.05762" lon="14.9336">
        <ele>766.1</ele>
      </trkpt>
      <trkpt lat="45.05752" lon="14.93363">
        <ele>766.8</ele>
      </trkpt>
      <trkpt lat="45.05727" lon="14.93368">
        <ele>766.9</ele>
      </trkpt>
      <trkpt lat="45.05717" lon="14.93373">
        <ele>766.8</ele>
      </trkpt>
      <trkpt lat="45.05702" lon="14.93382">
        <ele>766.6</ele>
      </trkpt>
      <trkpt lat="45.05668" lon="14.93416">
        <ele>766.0</ele>
      </trkpt>
      <trkpt lat="45.05643" lon="14.93438">
        <ele>766.6</ele>
      </trkpt>
      <trkpt lat="45.05618" lon="14.93457">
        <ele>766.9</ele>
      </trkpt>
      <trkpt lat="45.05546" lon="14.93503">
        <ele>765.1</ele>
      </trkpt>
      <trkpt lat="45.05509" lon="14.93521">
        <ele>763.2</ele>
      </trkpt>
      <trkpt lat="45.05486" lon="14.93527">
        <ele>761.5</ele>
      </trkpt>
      <trkpt lat="45.05466" lon="14.93529">
        <ele>760.1</ele>
      </trkpt>
      <trkpt lat="45.05452" lon="14.93532">
        <ele>758.9</ele>
      </trkpt>
      <trkpt lat="45.05437" lon="14.93538">
        <ele>757.3</ele>
      </trkpt>
      <trkpt lat="45.05423" lon="14.93547">
        <ele>755.4</ele>
      </trkpt>
      <trkpt lat="45.0541" lon="14.93553">
        <ele>753.9</ele>
      </trkpt>
      <trkpt lat="45.05381" lon="14.93563">
        <ele>751.6</ele>
      </trkpt>
      <trkpt lat="45.05367" lon="14.93569">
        <ele>750.6</ele>
      </trkpt>
      <trkpt lat="45.05324" lon="14.93604">
        <ele>747.1</ele>
      </trkpt>
      <trkpt lat="45.05259" lon="14.93651">
        <ele>740.9</ele>
      </trkpt>
      <trkpt lat="45.05221" lon="14.93679">
        <ele>738.0</ele>
      </trkpt>
      <trkpt lat="45.0521" lon="14.93685">
        <ele>737.2</ele>
      </trkpt>
      <trkpt lat="45.05195" lon="14.9369">
        <ele>736.1</ele>
      </trkpt>
      <trkpt lat="45.05184" lon="14.93692">
        <ele>735.1</ele>
      </trkpt>
      <trkpt lat="45.0511" lon="14.93698">
        <ele>728.8</ele>
      </trkpt>
      <trkpt lat="45.05092" lon="14.93704">
        <ele>728.1</ele>
      </trkpt>
      <trkpt lat="45.05082" lon="14.93709">
        <ele>728.0</ele>
      </trkpt>
      <trkpt lat="45.05069" lon="14.93717">
        <ele>728.0</ele>
      </trkpt>
      <trkpt lat="45.05057" lon="14.93727">
        <ele>728.4</ele>
      </trkpt>
      <trkpt lat="45.05048" lon="14.93731">
        <ele>728.1</ele>
      </trkpt>
      <trkpt lat="45.05036" lon="14.93735">
        <ele>727.5</ele>
      </trkpt>
      <trkpt lat="45.05019" lon="14.93738">
        <ele>726.2</ele>
      </trkpt>
      <trkpt lat="45.04966" lon="14.93758">
        <ele>723.8</ele>
      </trkpt>
      <trkpt lat="45.04939" lon="14.93775">
        <ele>724.0</ele>
      </trkpt>
      <trkpt lat="45.04925" lon="14.9378">
        <ele>723.3</ele>
      </trkpt>
      <trkpt lat="45.04912" lon="14.93783">
        <ele>722.7</ele>
      </trkpt>
      <trkpt lat="45.04889" lon="14.93785">
        <ele>722.0</ele>
      </trkpt>
      <trkpt lat="45.04872" lon="14.93785">
        <ele>721.2</ele>
      </trkpt>
      <trkpt lat="45.04842" lon="14.93781">
        <ele>719.7</ele>
      </trkpt>
      <trkpt lat="45.04831" lon="14.93781">
        <ele>719.6</ele>
      </trkpt>
      <trkpt lat="45.04818" lon="14.93786">
        <ele>720.5</ele>
      </trkpt>
      <trkpt lat="45.04804" lon="14.93796">
        <ele>721.1</ele>
      </trkpt>
      <trkpt lat="45.04784" lon="14.93814">
        <ele>720.5</ele>
      </trkpt>
      <trkpt lat="45.04765" lon="14.93833">
        <ele>718.4</ele>
      </trkpt>
      <trkpt lat="45.04751" lon="14.93842">
        <ele>718.5</ele>
      </trkpt>
      <trkpt lat="45.04737" lon="14.93846">
        <ele>719.3</ele>
      </trkpt>
      <trkpt lat="45.04692" lon="14.93847">
        <ele>721.8</ele>
      </trkpt>
      <trkpt lat="45.04679" lon="14.93849">
        <ele>722.4</ele>
      </trkpt>
      <trkpt lat="45.0466" lon="14.93856">
        <ele>722.7</ele>
      </trkpt>
      <trkpt lat="45.0463" lon="14.9387">
        <ele>722.1</ele>
      </trkpt>
      <trkpt lat="45.04613" lon="14.93875">
        <ele>721.8</ele>
      </trkpt>
      <trkpt lat="45.046" lon="14.93881">
        <ele>721.4</ele>
      </trkpt>
      <trkpt lat="45.04587" lon="14.93891">
        <ele>720.5</ele>
      </trkpt>
      <trkpt lat="45.0456" lon="14.93923">
        <ele>720.7</ele>
      </trkpt>
      <trkpt lat="45.04544" lon="14.93933">
        <ele>722.7</ele>
      </trkpt>
      <trkpt lat="45.04502" lon="14.93952">
        <ele>724.6</ele>
      </trkpt>
      <trkpt lat="45.04471" lon="14.93964">
        <ele>725.2</ele>
      </trkpt>
      <trkpt lat="45.04443" lon="14.93973">
        <ele>725.7</ele>
      </trkpt>
      <trkpt lat="45.0443" lon="14.93974">
        <ele>725.9</ele>
      </trkpt>
      <trkpt lat="45.04418" lon="14.93972">
        <ele>726.3</ele>
      </trkpt>
      <trkpt lat="45.04408" lon="14.93968">
        <ele>726.6</ele>
      </trkpt>
      <trkpt lat="45.04396" lon="14.93961">
        <ele>727.1</ele>
      </trkpt>
      <trkpt lat="45.04388" lon="14.93949">
        <ele>727.9</ele>
      </trkpt>
      <trkpt lat="45.04379" lon="14.93938">
        <ele>728.9</ele>
      </trkpt>
      <trkpt lat="45.04369" lon="14.9393">
        <ele>729.7</ele>
      </trkpt>
      <trkpt lat="45.04359" lon="14.93926">
        <ele>730.3</ele>
      </trkpt>
      <trkpt lat="45.04325" lon="14.93915">
        <ele>732.4</ele>
      </trkpt>
      <trkpt lat="45.04311" lon="14.93912">
        <ele>733.2</ele>
      </trkpt>
      <trkpt lat="45.04285" lon="14.93914">
        <ele>733.6</ele>
      </trkpt>
      <trkpt lat="45.04253" lon="14.9392">
        <ele>733.7</ele>
      </trkpt>
      <trkpt lat="45.04169" lon="14.93942">
        <ele>740.0</ele>
      </trkpt>
      <trkpt lat="45.04159" lon="14.93946">
        <ele>741.0</ele>
      </trkpt>
      <trkpt lat="45.04147" lon="14.93953">
        <ele>742.0</ele>
      </trkpt>
      <trkpt lat="45.04128" lon="14.93969">
        <ele>743.1</ele>
      </trkpt>
      <trkpt lat="45.04117" lon="14.93976">
        <ele>743.8</ele>
      </trkpt>
      <trkpt lat="45.04107" lon="14.93981">
        <ele>744.5</ele>
      </trkpt>
      <trkpt lat="45.04089" lon="14.93985">
        <ele>746.1</ele>
      </trkpt>
      <trkpt lat="45.04076" lon="14.93993">
        <ele>745.7</ele>
      </trkpt>
      <trkpt lat="45.04054" lon="14.94004">
        <ele>744.2</ele>
      </trkpt>
      <trkpt lat="45.04044" lon="14.94005">
        <ele>743.9</ele>
      </trkpt>
      <trkpt lat="45.04036" lon="14.94005">
        <ele>743.7</ele>
      </trkpt>
      <trkpt lat="45.03996" lon="14.94001">
        <ele>742.8</ele>
      </trkpt>
      <trkpt lat="45.03979" lon="14.94002">
        <ele>742.1</ele>
      </trkpt>
      <trkpt lat="45.03933" lon="14.94011">
        <ele>740.1</ele>
      </trkpt>
      <trkpt lat="45.03888" lon="14.9402">
        <ele>738.6</ele>
      </trkpt>
      <trkpt lat="45.03854" lon="14.94023">
        <ele>737.7</ele>
      </trkpt>
      <trkpt lat="45.03835" lon="14.94023">
        <ele>737.2</ele>
      </trkpt>
      <trkpt lat="45.03791" lon="14.94021">
        <ele>738.4</ele>
      </trkpt>
      <trkpt lat="45.0378" lon="14.94022">
        <ele>738.7</ele>
      </trkpt>
      <trkpt lat="45.03771" lon="14.94024">
        <ele>738.8</ele>
      </trkpt>
      <trkpt lat="45.03749" lon="14.94034">
        <ele>739.1</ele>
      </trkpt>
      <trkpt lat="45.03722" lon="14.94051">
        <ele>737.9</ele>
      </trkpt>
      <trkpt lat="45.03683" lon="14.94081">
        <ele>737.2</ele>
      </trkpt>
      <trkpt lat="45.03632" lon="14.94114">
        <ele>736.6</ele>
      </trkpt>
      <trkpt lat="45.03609" lon="14.94145">
        <ele>736.9</ele>
      </trkpt>
      <trkpt lat="45.03578" lon="14.94202">
        <ele>736.5</ele>
      </trkpt>
      <trkpt lat="45.03557" lon="14.94225">
        <ele>734.6</ele>
      </trkpt>
      <trkpt lat="45.03527" lon="14.94223">
        <ele>731.8</ele>
      </trkpt>
      <trkpt lat="45.03489" lon="14.94191">
        <ele>728.8</ele>
      </trkpt>
      <trkpt lat="45.03449" lon="14.9414">
        <ele>725.5</ele>
      </trkpt>
      <trkpt lat="45.03429" lon="14.94091">
        <ele>722.3</ele>
      </trkpt>
      <trkpt lat="45.03421" lon="14.9403">
        <ele>721.3</ele>
      </trkpt>
      <trkpt lat="45.03406" lon="14.94022">
        <ele>719.8</ele>
      </trkpt>
      <trkpt lat="45.03392" lon="14.94034">
        <ele>718.3</ele>
      </trkpt>
      <trkpt lat="45.03384" lon="14.9408">
        <ele>717.8</ele>
      </trkpt>
      <trkpt lat="45.03368" lon="14.94162">
        <ele>717.0</ele>
      </trkpt>
      <trkpt lat="45.03363" lon="14.94183">
        <ele>715.9</ele>
      </trkpt>
      <trkpt lat="45.03351" lon="14.94196">
        <ele>714.0</ele>
      </trkpt>
      <trkpt lat="45.0332" lon="14.94202">
        <ele>711.6</ele>
      </trkpt>
      <trkpt lat="45.03295" lon="14.94192">
        <ele>711.9</ele>
      </trkpt>
      <trkpt lat="45.03281" lon="14.94171">
        <ele>712.5</ele>
      </trkpt>
      <trkpt lat="45.03273" lon="14.94155">
        <ele>712.9</ele>
      </trkpt>
      <trkpt lat="45.03269" lon="14.94131">
        <ele>713.2</ele>
      </trkpt>
      <trkpt lat="45.03267" lon="14.94059">
        <ele>713.2</ele>
      </trkpt>
      <trkpt lat="45.03264" lon="14.94027">
        <ele>712.5</ele>
      </trkpt>
      <trkpt lat="45.03254" lon="14.94005">
        <ele>712.1</ele>
      </trkpt>
      <trkpt lat="45.03228" lon="14.93993">
        <ele>711.7</ele>
      </trkpt>
      <trkpt lat="45.03166" lon="14.93979">
        <ele>710.3</ele>
      </trkpt>
      <trkpt lat="45.03148" lon="14.93972">
        <ele>711.1</ele>
      </trkpt>
      <trkpt lat="45.03134" lon="14.93949">
        <ele>708.9</ele>
      </trkpt>
      <trkpt lat="45.03119" lon="14.93916">
        <ele>705.8</ele>
      </trkpt>
      <trkpt lat="45.03099" lon="14.93864">
        <ele>700.8</ele>
      </trkpt>
      <trkpt lat="45.0308" lon="14.93837">
        <ele>697.7</ele>
      </trkpt>
      <trkpt lat="45.03053" lon="14.93823">
        <ele>696.3</ele>
      </trkpt>
      <trkpt lat="45.03004" lon="14.93818">
        <ele>696.8</ele>
      </trkpt>
      <trkpt lat="45.02952" lon="14.93801">
        <ele>689.4</ele>
      </trkpt>
      <trkpt lat="45.02905" lon="14.93809">
        <ele>686.8</ele>
      </trkpt>
      <trkpt lat="45.02864" lon="14.93827">
        <ele>685.2</ele>
      </trkpt>
      <trkpt lat="45.02822" lon="14.9385">
        <ele>685.6</ele>
      </trkpt>
      <trkpt lat="45.0277" lon="14.93867">
        <ele>683.7</ele>
      </trkpt>
      <trkpt lat="45.02718" lon="14.93885">
        <ele>683.8</ele>
      </trkpt>
      <trkpt lat="45.02694" lon="14.93889">
        <ele>683.4</ele>
      </trkpt>
      <trkpt lat="45.02662" lon="14.93879">
        <ele>680.1</ele>
      </trkpt>
      <trkpt lat="45.02647" lon="14.93856">
        <ele>675.5</ele>
      </trkpt>
      <trkpt lat="45.02633" lon="14.93836">
        <ele>671.7</ele>
      </trkpt>
      <trkpt lat="45.02618" lon="14.93805">
        <ele>669.8</ele>
      </trkpt>
      <trkpt lat="45.02609" lon="14.93767">
        <ele>667.9</ele>
      </trkpt>
      <trkpt lat="45.02595" lon="14.93757">
        <ele>666.9</ele>
      </trkpt>
      <trkpt lat="45.02529" lon="14.93753">
        <ele>663.0</ele>
      </trkpt>
      <trkpt lat="45.02463" lon="14.93748">
        <ele>656.9</ele>
      </trkpt>
      <trkpt lat="45.02451" lon="14.93743">
        <ele>655.3</ele>
      </trkpt>
      <trkpt lat="45.02441" lon="14.93736">
        <ele>653.7</ele>
      </trkpt>
      <trkpt lat="45.02436" lon="14.93724">
        <ele>652.4</ele>
      </trkpt>
      <trkpt lat="45.02434" lon="14.93713">
        <ele>651.4</ele>
      </trkpt>
      <trkpt lat="45.02434" lon="14.93699">
        <ele>650.5</ele>
      </trkpt>
      <trkpt lat="45.02438" lon="14.93681">
        <ele>649.8</ele>
      </trkpt>
      <trkpt lat="45.02452" lon="14.93641">
        <ele>648.2</ele>
      </trkpt>
      <trkpt lat="45.02466" lon="14.93566">
        <ele>643.5</ele>
      </trkpt>
      <trkpt lat="45.02469" lon="14.93556">
        <ele>642.8</ele>
      </trkpt>
      <trkpt lat="45.02479" lon="14.93538">
        <ele>642.3</ele>
      </trkpt>
      <trkpt lat="45.02531" lon="14.93472">
        <ele>639.6</ele>
      </trkpt>
      <trkpt lat="45.02542" lon="14.93462">
        <ele>639.1</ele>
      </trkpt>
      <trkpt lat="45.02557" lon="14.9345">
        <ele>638.4</ele>
      </trkpt>
      <trkpt lat="45.02578" lon="14.93437">
        <ele>637.6</ele>
      </trkpt>
      <trkpt lat="45.02597" lon="14.93429">
        <ele>636.5</ele>
      </trkpt>
      <trkpt lat="45.02651" lon="14.93422">
        <ele>635.3</ele>
      </trkpt>
      <trkpt lat="45.02661" lon="14.93418">
        <ele>634.4</ele>
      </trkpt>
      <trkpt lat="45.0267" lon="14.9341">
        <ele>633.4</ele>
      </trkpt>
      <trkpt lat="45.02675" lon="14.93402">
        <ele>632.6</ele>
      </trkpt>
      <trkpt lat="45.02677" lon="14.93392">
        <ele>631.5</ele>
      </trkpt>
      <trkpt lat="45.02678" lon="14.93379">
        <ele>630.0</ele>
      </trkpt>
      <trkpt lat="45.02671" lon="14.93345">
        <ele>626.2</ele>
      </trkpt>
      <trkpt lat="45.02644" lon="14.93255">
        <ele>621.1</ele>
      </trkpt>
      <trkpt lat="45.02619" lon="14.93157">
        <ele>619.6</ele>
      </trkpt>
      <trkpt lat="45.02605" lon="14.93113">
        <ele>618.5</ele>
      </trkpt>
      <trkpt lat="45.02598" lon="14.93093">
        <ele>618.2</ele>
      </trkpt>
      <trkpt lat="45.02594" lon="14.93088">
        <ele>618.1</ele>
      </trkpt>
      <trkpt lat="45.02581" lon="14.93077">
        <ele>619.0</ele>
      </trkpt>
      <trkpt lat="45.02518" lon="14.93047">
        <ele>621.5</ele>
      </trkpt>
      <trkpt lat="45.0248" lon="14.9303">
        <ele>622.3</ele>
      </trkpt>
      <trkpt lat="45.02439" lon="14.93017">
        <ele>622.1</ele>
      </trkpt>
      <trkpt lat="45.02398" lon="14.9301">
        <ele>621.8</ele>
      </trkpt>
      <trkpt lat="45.02311" lon="14.93002">
        <ele>620.9</ele>
      </trkpt>
      <trkpt lat="45.02286" lon="14.92996">
        <ele>620.1</ele>
      </trkpt>
      <trkpt lat="45.02268" lon="14.9299">
        <ele>619.8</ele>
      </trkpt>
      <trkpt lat="45.02219" lon="14.92962">
        <ele>619.5</ele>
      </trkpt>
      <trkpt lat="45.02172" lon="14.92934">
        <ele>617.1</ele>
      </trkpt>
      <trkpt lat="45.02125" lon="14.92905">
        <ele>616.0</ele>
      </trkpt>
      <trkpt lat="45.02074" lon="14.92882">
        <ele>615.9</ele>
      </trkpt>
      <trkpt lat="45.02059" lon="14.92873">
        <ele>615.9</ele>
      </trkpt>
      <trkpt lat="45.0203" lon="14.92845">
        <ele>616.3</ele>
      </trkpt>
      <trkpt lat="45.02013" lon="14.92823">
        <ele>616.9</ele>
      </trkpt>
      <trkpt lat="45.0197" lon="14.92754">
        <ele>619.8</ele>
      </trkpt>
      <trkpt lat="45.01956" lon="14.92736">
        <ele>619.8</ele>
      </trkpt>
      <trkpt lat="45.01943" lon="14.92723">
        <ele>619.6</ele>
      </trkpt>
      <trkpt lat="45.01896" lon="14.92691">
        <ele>618.6</ele>
      </trkpt>
      <trkpt lat="45.01883" lon="14.92679">
        <ele>618.4</ele>
      </trkpt>
      <trkpt lat="45.01862" lon="14.92657">
        <ele>617.7</ele>
      </trkpt>
      <trkpt lat="45.01822" lon="14.9261">
        <ele>614.9</ele>
      </trkpt>
      <trkpt lat="45.01813" lon="14.92595">
        <ele>614.3</ele>
      </trkpt>
      <trkpt lat="45.01804" lon="14.92576">
        <ele>613.6</ele>
      </trkpt>
      <trkpt lat="45.01788" lon="14.92516">
        <ele>612.9</ele>
      </trkpt>
      <trkpt lat="45.01767" lon="14.92448">
        <ele>610.8</ele>
      </trkpt>
      <trkpt lat="45.01747" lon="14.9238">
        <ele>608.4</ele>
      </trkpt>
      <trkpt lat="45.01745" lon="14.9236">
        <ele>607.7</ele>
      </trkpt>
      <trkpt lat="45.01747" lon="14.9232">
        <ele>605.7</ele>
      </trkpt>
      <trkpt lat="45.01753" lon="14.92282">
        <ele>603.3</ele>
      </trkpt>
      <trkpt lat="45.01756" lon="14.9227">
        <ele>602.5</ele>
      </trkpt>
      <trkpt lat="45.01763" lon="14.92259">
        <ele>601.5</ele>
      </trkpt>
      <trkpt lat="45.01797" lon="14.92223">
        <ele>597.0</ele>
      </trkpt>
      <trkpt lat="45.01847" lon="14.92182">
        <ele>595.3</ele>
      </trkpt>
      <trkpt lat="45.01871" lon="14.9216">
        <ele>596.3</ele>
      </trkpt>
      <trkpt lat="45.01891" lon="14.92138">
        <ele>596.1</ele>
      </trkpt>
      <trkpt lat="45.01905" lon="14.9212">
        <ele>595.5</ele>
      </trkpt>
      <trkpt lat="45.01918" lon="14.92099">
        <ele>594.4</ele>
      </trkpt>
      <trkpt lat="45.01938" lon="14.92063">
        <ele>592.3</ele>
      </trkpt>
      <trkpt lat="45.0195" lon="14.92047">
        <ele>591.2</ele>
      </trkpt>
      <trkpt lat="45.01976" lon="14.92019">
        <ele>588.8</ele>
      </trkpt>
      <trkpt lat="45.01987" lon="14.92011">
        <ele>588.2</ele>
      </trkpt>
      <trkpt lat="45.02006" lon="14.91999">
        <ele>587.5</ele>
      </trkpt>
      <trkpt lat="45.02024" lon="14.91985">
        <ele>587.0</ele>
      </trkpt>
      <trkpt lat="45.02049" lon="14.91968">
        <ele>587.0</ele>
      </trkpt>
      <trkpt lat="45.02065" lon="14.9196">
        <ele>587.6</ele>
      </trkpt>
      <trkpt lat="45.02084" lon="14.91953">
        <ele>588.7</ele>
      </trkpt>
      <trkpt lat="45.0211" lon="14.91947">
        <ele>590.1</ele>
      </trkpt>
      <trkpt lat="45.02125" lon="14.91938">
        <ele>590.1</ele>
      </trkpt>
      <trkpt lat="45.02142" lon="14.91926">
        <ele>589.9</ele>
      </trkpt>
      <trkpt lat="45.0219" lon="14.91887">
        <ele>589.7</ele>
      </trkpt>
      <trkpt lat="45.02208" lon="14.9187">
        <ele>590.3</ele>
      </trkpt>
      <trkpt lat="45.02214" lon="14.91861">
        <ele>590.2</ele>
      </trkpt>
      <trkpt lat="45.02217" lon="14.91849">
        <ele>589.2</ele>
      </trkpt>
      <trkpt lat="45.02222" lon="14.91813">
        <ele>586.2</ele>
      </trkpt>
      <trkpt lat="45.02227" lon="14.91798">
        <ele>585.6</ele>
      </trkpt>
      <trkpt lat="45.02231" lon="14.91786">
        <ele>585.1</ele>
      </trkpt>
      <trkpt lat="45.02241" lon="14.91768">
        <ele>585.2</ele>
      </trkpt>
      <trkpt lat="45.02245" lon="14.91758">
        <ele>584.9</ele>
      </trkpt>
      <trkpt lat="45.02244" lon="14.91748">
        <ele>583.8</ele>
      </trkpt>
      <trkpt lat="45.02243" lon="14.91741">
        <ele>583.7</ele>
      </trkpt>
      <trkpt lat="45.02231" lon="14.9172">
        <ele>581.4</ele>
      </trkpt>
      <trkpt lat="45.02212" lon="14.91695">
        <ele>578.0</ele>
      </trkpt>
      <trkpt lat="45.02197" lon="14.9168">
        <ele>575.4</ele>
      </trkpt>
      <trkpt lat="45.02178" lon="14.91664">
        <ele>572.3</ele>
      </trkpt>
      <trkpt lat="45.0216" lon="14.91652">
        <ele>570.6</ele>
      </trkpt>
      <trkpt lat="45.02135" lon="14.9164">
        <ele>568.0</ele>
      </trkpt>
      <trkpt lat="45.02097" lon="14.91624">
        <ele>563.3</ele>
      </trkpt>
      <trkpt lat="45.02084" lon="14.91617">
        <ele>561.7</ele>
      </trkpt>
      <trkpt lat="45.02061" lon="14.916">
        <ele>558.9</ele>
      </trkpt>
      <trkpt lat="45.02037" lon="14.91582">
        <ele>555.8</ele>
      </trkpt>
      <trkpt lat="45.01977" lon="14.91531">
        <ele>550.6</ele>
      </trkpt>
      <trkpt lat="45.0196" lon="14.91521">
        <ele>549.6</ele>
      </trkpt>
      <trkpt lat="45.01951" lon="14.91519">
        <ele>548.9</ele>
      </trkpt>
      <trkpt lat="45.01942" lon="14.9152">
        <ele>548.0</ele>
      </trkpt>
      <trkpt lat="45.01922" lon="14.91524">
        <ele>545.8</ele>
      </trkpt>
      <trkpt lat="45.01912" lon="14.91524">
        <ele>545.3</ele>
      </trkpt>
      <trkpt lat="45.0185" lon="14.91514">
        <ele>546.1</ele>
      </trkpt>
      <trkpt lat="45.01837" lon="14.91513">
        <ele>546.2</ele>
      </trkpt>
      <trkpt lat="45.01804" lon="14.91516">
        <ele>545.9</ele>
      </trkpt>
      <trkpt lat="45.01794" lon="14.91516">
        <ele>545.9</ele>
      </trkpt>
      <trkpt lat="45.01788" lon="14.91514">
        <ele>545.9</ele>
      </trkpt>
      <trkpt lat="45.01782" lon="14.91511">
        <ele>545.8</ele>
      </trkpt>
      <trkpt lat="45.01772" lon="14.91503">
        <ele>545.6</ele>
      </trkpt>
      <trkpt lat="45.01757" lon="14.91487">
        <ele>544.8</ele>
      </trkpt>
      <trkpt lat="45.01727" lon="14.91461">
        <ele>543.0</ele>
      </trkpt>
      <trkpt lat="45.0169" lon="14.91435">
        <ele>539.0</ele>
      </trkpt>
      <trkpt lat="45.01669" lon="14.91423">
        <ele>536.1</ele>
      </trkpt>
      <trkpt lat="45.01598" lon="14.9139">
        <ele>528.5</ele>
      </trkpt>
      <trkpt lat="45.01568" lon="14.9138">
        <ele>525.0</ele>
      </trkpt>
      <trkpt lat="45.01536" lon="14.91371">
        <ele>521.2</ele>
      </trkpt>
      <trkpt lat="45.01523" lon="14.9137">
        <ele>520.0</ele>
      </trkpt>
      <trkpt lat="45.0151" lon="14.9137">
        <ele>519.0</ele>
      </trkpt>
      <trkpt lat="45.0148" lon="14.91373">
        <ele>516.5</ele>
      </trkpt>
      <trkpt lat="45.01453" lon="14.91378">
        <ele>514.4</ele>
      </trkpt>
      <trkpt lat="45.01412" lon="14.91389">
        <ele>511.8</ele>
      </trkpt>
      <trkpt lat="45.01395" lon="14.91391">
        <ele>510.3</ele>
      </trkpt>
      <trkpt lat="45.01332" lon="14.91388">
        <ele>502.6</ele>
      </trkpt>
      <trkpt lat="45.01311" lon="14.91389">
        <ele>499.7</ele>
      </trkpt>
      <trkpt lat="45.01296" lon="14.91392">
        <ele>498.2</ele>
      </trkpt>
      <trkpt lat="45.01244" lon="14.91406">
        <ele>494.4</ele>
      </trkpt>
      <trkpt lat="45.0123" lon="14.91407">
        <ele>494.3</ele>
      </trkpt>
      <trkpt lat="45.0122" lon="14.91405">
        <ele>493.6</ele>
      </trkpt>
      <trkpt lat="45.01197" lon="14.91393">
        <ele>490.2</ele>
      </trkpt>
      <trkpt lat="45.01158" lon="14.91369">
        <ele>483.1</ele>
      </trkpt>
      <trkpt lat="45.01141" lon="14.91361">
        <ele>480.2</ele>
      </trkpt>
      <trkpt lat="45.01124" lon="14.91357">
        <ele>478.3</ele>
      </trkpt>
      <trkpt lat="45.01108" lon="14.91356">
        <ele>477.1</ele>
      </trkpt>
      <trkpt lat="45.01093" lon="14.91357">
        <ele>476.5</ele>
      </trkpt>
      <trkpt lat="45.01073" lon="14.9136">
        <ele>474.7</ele>
      </trkpt>
      <trkpt lat="45.01053" lon="14.91366">
        <ele>472.3</ele>
      </trkpt>
      <trkpt lat="45.01033" lon="14.91373">
        <ele>470.1</ele>
      </trkpt>
      <trkpt lat="45.01012" lon="14.91384">
        <ele>468.4</ele>
      </trkpt>
      <trkpt lat="45.00984" lon="14.91402">
        <ele>465.8</ele>
      </trkpt>
      <trkpt lat="45.00956" lon="14.91426">
        <ele>463.9</ele>
      </trkpt>
      <trkpt lat="45.00939" lon="14.91445">
        <ele>463.7</ele>
      </trkpt>
      <trkpt lat="45.00922" lon="14.9147">
        <ele>464.8</ele>
      </trkpt>
      <trkpt lat="45.00914" lon="14.91478">
        <ele>464.7</ele>
      </trkpt>
      <trkpt lat="45.0091" lon="14.91479">
        <ele>464.0</ele>
      </trkpt>
      <trkpt lat="45.00906" lon="14.91479">
        <ele>463.2</ele>
      </trkpt>
      <trkpt lat="45.00902" lon="14.91476">
        <ele>461.7</ele>
      </trkpt>
      <trkpt lat="45.00901" lon="14.91469">
        <ele>459.9</ele>
      </trkpt>
      <trkpt lat="45.00903" lon="14.91464">
        <ele>459.2</ele>
      </trkpt>
      <trkpt lat="45.00916" lon="14.91444">
        <ele>457.8</ele>
      </trkpt>
      <trkpt lat="45.00933" lon="14.91408">
        <ele>454.2</ele>
      </trkpt>
      <trkpt lat="45.00946" lon="14.91378">
        <ele>451.0</ele>
      </trkpt>
      <trkpt lat="45.0096" lon="14.91352">
        <ele>449.0</ele>
      </trkpt>
      <trkpt lat="45.01011" lon="14.91273">
        <ele>441.8</ele>
      </trkpt>
      <trkpt lat="45.01034" lon="14.91245">
        <ele>438.9</ele>
      </trkpt>
      <trkpt lat="45.01063" lon="14.91217">
        <ele>437.0</ele>
      </trkpt>
      <trkpt lat="45.01091" lon="14.91193">
        <ele>435.2</ele>
      </trkpt>
      <trkpt lat="45.01105" lon="14.91183">
        <ele>433.8</ele>
      </trkpt>
      <trkpt lat="45.01152" lon="14.91153">
        <ele>431.2</ele>
      </trkpt>
      <trkpt lat="45.01187" lon="14.91137">
        <ele>434.5</ele>
      </trkpt>
      <trkpt lat="45.01191" lon="14.91132">
        <ele>434.6</ele>
      </trkpt>
      <trkpt lat="45.01194" lon="14.91125">
        <ele>434.2</ele>
      </trkpt>
      <trkpt lat="45.01195" lon="14.91114">
        <ele>432.8</ele>
      </trkpt>
      <trkpt lat="45.01194" lon="14.91098">
        <ele>430.1</ele>
      </trkpt>
      <trkpt lat="45.01192" lon="14.91082">
        <ele>427.3</ele>
      </trkpt>
      <trkpt lat="45.01186" lon="14.91061">
        <ele>424.1</ele>
      </trkpt>
      <trkpt lat="45.01166" lon="14.90999">
        <ele>414.7</ele>
      </trkpt>
      <trkpt lat="45.01164" lon="14.90991">
        <ele>413.2</ele>
      </trkpt>
      <trkpt lat="45.01165" lon="14.90977">
        <ele>411.8</ele>
      </trkpt>
      <trkpt lat="45.01167" lon="14.90969">
        <ele>411.4</ele>
      </trkpt>
      <trkpt lat="45.01176" lon="14.90949">
        <ele>410.8</ele>
      </trkpt>
      <trkpt lat="45.01178" lon="14.90942">
        <ele>410.3</ele>
      </trkpt>
      <trkpt lat="45.01179" lon="14.90937">
        <ele>409.9</ele>
      </trkpt>
      <trkpt lat="45.01176" lon="14.90932">
        <ele>408.7</ele>
      </trkpt>
      <trkpt lat="45.01173" lon="14.9093">
        <ele>407.8</ele>
      </trkpt>
      <trkpt lat="45.01171" lon="14.9093">
        <ele>407.5</ele>
      </trkpt>
      <trkpt lat="45.01163" lon="14.90934">
        <ele>406.1</ele>
      </trkpt>
      <trkpt lat="45.01151" lon="14.90947">
        <ele>404.6</ele>
      </trkpt>
      <trkpt lat="45.01142" lon="14.9096">
        <ele>403.8</ele>
      </trkpt>
      <trkpt lat="45.01137" lon="14.9097">
        <ele>403.7</ele>
      </trkpt>
      <trkpt lat="45.01134" lon="14.90981">
        <ele>404.2</ele>
      </trkpt>
      <trkpt lat="45.01132" lon="14.9102">
        <ele>408.0</ele>
      </trkpt>
      <trkpt lat="45.0113" lon="14.91027">
        <ele>408.3</ele>
      </trkpt>
      <trkpt lat="45.01126" lon="14.91033">
        <ele>408.0</ele>
      </trkpt>
      <trkpt lat="45.01119" lon="14.91036">
        <ele>406.7</ele>
      </trkpt>
      <trkpt lat="45.01079" lon="14.91048">
        <ele>399.7</ele>
      </trkpt>
      <trkpt lat="45.01067" lon="14.91053">
        <ele>398.5</ele>
      </trkpt>
      <trkpt lat="45.0105" lon="14.91062">
        <ele>397.2</ele>
      </trkpt>
      <trkpt lat="45.01017" lon="14.91074">
        <ele>393.9</ele>
      </trkpt>
      <trkpt lat="45.00952" lon="14.91085">
        <ele>384.7</ele>
      </trkpt>
      <trkpt lat="45.00931" lon="14.91091">
        <ele>382.0</ele>
      </trkpt>
      <trkpt lat="45.00916" lon="14.91098">
        <ele>380.3</ele>
      </trkpt>
      <trkpt lat="45.00898" lon="14.9111">
        <ele>377.3</ele>
      </trkpt>
      <trkpt lat="45.00888" lon="14.91119">
        <ele>375.9</ele>
      </trkpt>
      <trkpt lat="45.00876" lon="14.91133">
        <ele>374.4</ele>
      </trkpt>
      <trkpt lat="45.00864" lon="14.9115">
        <ele>372.9</ele>
      </trkpt>
      <trkpt lat="45.00838" lon="14.91205">
        <ele>376.1</ele>
      </trkpt>
      <trkpt lat="45.0083" lon="14.91218">
        <ele>376.7</ele>
      </trkpt>
      <trkpt lat="45.00824" lon="14.91226">
        <ele>376.6</ele>
      </trkpt>
      <trkpt lat="45.00816" lon="14.9123">
        <ele>374.8</ele>
      </trkpt>
      <trkpt lat="45.00797" lon="14.91231">
        <ele>368.3</ele>
      </trkpt>
      <trkpt lat="45.00781" lon="14.91233">
        <ele>363.2</ele>
      </trkpt>
      <trkpt lat="45.00759" lon="14.91243">
        <ele>358.7</ele>
      </trkpt>
      <trkpt lat="45.00731" lon="14.91259">
        <ele>354.0</ele>
      </trkpt>
      <trkpt lat="45.00717" lon="14.91272">
        <ele>353.4</ele>
      </trkpt>
      <trkpt lat="45.00704" lon="14.91288">
        <ele>354.4</ele>
      </trkpt>
      <trkpt lat="45.00695" lon="14.91303">
        <ele>356.6</ele>
      </trkpt>
      <trkpt lat="45.00686" lon="14.91321">
        <ele>360.0</ele>
      </trkpt>
      <trkpt lat="45.00678" lon="14.91333">
        <ele>361.7</ele>
      </trkpt>
      <trkpt lat="45.00669" lon="14.91335">
        <ele>359.4</ele>
      </trkpt>
      <trkpt lat="45.00656" lon="14.91329">
        <ele>357.1</ele>
      </trkpt>
      <trkpt lat="45.0064" lon="14.91312">
        <ele>351.7</ele>
      </trkpt>
      <trkpt lat="45.00627" lon="14.91302">
        <ele>348.7</ele>
      </trkpt>
      <trkpt lat="45.00616" lon="14.91295">
        <ele>346.6</ele>
      </trkpt>
      <trkpt lat="45.00598" lon="14.9129">
        <ele>345.5</ele>
      </trkpt>
      <trkpt lat="45.00566" lon="14.91282">
        <ele>344.7</ele>
      </trkpt>
      <trkpt lat="45.00541" lon="14.91267">
        <ele>341.5</ele>
      </trkpt>
      <trkpt lat="45.00489" lon="14.9123">
        <ele>333.4</ele>
      </trkpt>
      <trkpt lat="45.00436" lon="14.91196">
        <ele>326.2</ele>
      </trkpt>
      <trkpt lat="45.00419" lon="14.91187">
        <ele>325.1</ele>
      </trkpt>
      <trkpt lat="45.00407" lon="14.91184">
        <ele>322.9</ele>
      </trkpt>
      <trkpt lat="45.00392" lon="14.91184">
        <ele>320.4</ele>
      </trkpt>
      <trkpt lat="45.00357" lon="14.9119">
        <ele>316.6</ele>
      </trkpt>
      <trkpt lat="45.00343" lon="14.91193">
        <ele>315.2</ele>
      </trkpt>
      <trkpt lat="45.00331" lon="14.91197">
        <ele>314.3</ele>
      </trkpt>
      <trkpt lat="45.00319" lon="14.91205">
        <ele>314.0</ele>
      </trkpt>
      <trkpt lat="45.0031" lon="14.91213">
        <ele>314.2</ele>
      </trkpt>
      <trkpt lat="45.00301" lon="14.91224">
        <ele>315.2</ele>
      </trkpt>
      <trkpt lat="45.00291" lon="14.91241">
        <ele>317.5</ele>
      </trkpt>
      <trkpt lat="45.00284" lon="14.91255">
        <ele>319.4</ele>
      </trkpt>
      <trkpt lat="45.00277" lon="14.91272">
        <ele>322.0</ele>
      </trkpt>
      <trkpt lat="45.00267" lon="14.91299">
        <ele>326.7</ele>
      </trkpt>
      <trkpt lat="45.00264" lon="14.91302">
        <ele>326.8</ele>
      </trkpt>
      <trkpt lat="45.00257" lon="14.91303">
        <ele>325.5</ele>
      </trkpt>
      <trkpt lat="45.00253" lon="14.91301">
        <ele>324.1</ele>
      </trkpt>
      <trkpt lat="45.00248" lon="14.91295">
        <ele>322.1</ele>
      </trkpt>
      <trkpt lat="45.00227" lon="14.91257">
        <ele>313.8</ele>
      </trkpt>
      <trkpt lat="45.00202" lon="14.91204">
        <ele>302.4</ele>
      </trkpt>
      <trkpt lat="45.00197" lon="14.91194">
        <ele>300.2</ele>
      </trkpt>
      <trkpt lat="45.00192" lon="14.91188">
        <ele>299.0</ele>
      </trkpt>
      <trkpt lat="45.00186" lon="14.91184">
        <ele>298.3</ele>
      </trkpt>
      <trkpt lat="45.00171" lon="14.91176">
        <ele>297.2</ele>
      </trkpt>
      <trkpt lat="45.00148" lon="14.91171">
        <ele>294.1</ele>
      </trkpt>
      <trkpt lat="45.00126" lon="14.91169">
        <ele>291.2</ele>
      </trkpt>
      <trkpt lat="45.00106" lon="14.91168">
        <ele>288.8</ele>
      </trkpt>
      <trkpt lat="45.00066" lon="14.9117">
        <ele>282.9</ele>
      </trkpt>
      <trkpt lat="45.00053" lon="14.91172">
        <ele>280.5</ele>
      </trkpt>
      <trkpt lat="45.00034" lon="14.91179">
        <ele>278.2</ele>
      </trkpt>
      <trkpt lat="45.00024" lon="14.91185">
        <ele>277.6</ele>
      </trkpt>
      <trkpt lat="45.00018" lon="14.9119">
        <ele>277.7</ele>
      </trkpt>
      <trkpt lat="45.00014" lon="14.91195">
        <ele>278.2</ele>
      </trkpt>
      <trkpt lat="44.99998" lon="14.9122">
        <ele>291.0</ele>
      </trkpt>
      <trkpt lat="44.99995" lon="14.91224">
        <ele>291.0</ele>
      </trkpt>
      <trkpt lat="44.99991" lon="14.91225">
        <ele>291.0</ele>
      </trkpt>
      <trkpt lat="44.99986" lon="14.91223">
        <ele>291.0</ele>
      </trkpt>
      <trkpt lat="44.99984" lon="14.9122">
        <ele>291.0</ele>
      </trkpt>
      <trkpt lat="44.99984" lon="14.91214">
        <ele>291.0</ele>
      </trkpt>
      <trkpt lat="44.99985" lon="14.91208">
        <ele>267.0</ele>
      </trkpt>
      <trkpt lat="44.99988" lon="14.91202">
        <ele>267.0</ele>
      </trkpt>
      <trkpt lat="45.00021" lon="14.91159">
        <ele>269.5</ele>
      </trkpt>
      <trkpt lat="45.00038" lon="14.91139">
        <ele>267.4</ele>
      </trkpt>
      <trkpt lat="45.00053" lon="14.91124">
        <ele>266.3</ele>
      </trkpt>
      <trkpt lat="45.00083" lon="14.91099">
        <ele>265.6</ele>
      </trkpt>
      <trkpt lat="45.00129" lon="14.91063">
        <ele>259.0</ele>
      </trkpt>
      <trkpt lat="45.00151" lon="14.91048">
        <ele>256.2</ele>
      </trkpt>
      <trkpt lat="45.00161" lon="14.91043">
        <ele>255.5</ele>
      </trkpt>
      <trkpt lat="45.00169" lon="14.9104">
        <ele>255.0</ele>
      </trkpt>
      <trkpt lat="45.00181" lon="14.91039">
        <ele>254.6</ele>
      </trkpt>
      <trkpt lat="45.00186" lon="14.91041">
        <ele>255.2</ele>
      </trkpt>
      <trkpt lat="45.00192" lon="14.91045">
        <ele>256.3</ele>
      </trkpt>
      <trkpt lat="45.00217" lon="14.9107">
        <ele>263.1</ele>
      </trkpt>
      <trkpt lat="45.00224" lon="14.91073">
        <ele>263.8</ele>
      </trkpt>
      <trkpt lat="45.0023" lon="14.91073">
        <ele>263.7</ele>
      </trkpt>
      <trkpt lat="45.00236" lon="14.91071">
        <ele>263.0</ele>
      </trkpt>
      <trkpt lat="45.0024" lon="14.91067">
        <ele>261.9</ele>
      </trkpt>
      <trkpt lat="45.00244" lon="14.91059">
        <ele>259.7</ele>
      </trkpt>
      <trkpt lat="45.00248" lon="14.9105">
        <ele>257.2</ele>
      </trkpt>
      <trkpt lat="45.0025" lon="14.91038">
        <ele>254.0</ele>
      </trkpt>
      <trkpt lat="45.0026" lon="14.90971">
        <ele>239.8</ele>
      </trkpt>
      <trkpt lat="45.00264" lon="14.90953">
        <ele>236.7</ele>
      </trkpt>
      <trkpt lat="45.00268" lon="14.9094">
        <ele>234.5</ele>
      </trkpt>
      <trkpt lat="45.00273" lon="14.90929">
        <ele>232.8</ele>
      </trkpt>
      <trkpt lat="45.00279" lon="14.90919">
        <ele>231.3</ele>
      </trkpt>
      <trkpt lat="45.00285" lon="14.90913">
        <ele>230.8</ele>
      </trkpt>
      <trkpt lat="45.00294" lon="14.90906">
        <ele>230.6</ele>
      </trkpt>
      <trkpt lat="45.00316" lon="14.90894">
        <ele>230.2</ele>
      </trkpt>
      <trkpt lat="45.00329" lon="14.9089">
        <ele>230.3</ele>
      </trkpt>
      <trkpt lat="45.0034" lon="14.90888">
        <ele>230.4</ele>
      </trkpt>
      <trkpt lat="45.00361" lon="14.90886">
        <ele>230.9</ele>
      </trkpt>
      <trkpt lat="45.00383" lon="14.9089">
        <ele>232.5</ele>
      </trkpt>
      <trkpt lat="45.00396" lon="14.90893">
        <ele>233.4</ele>
      </trkpt>
      <trkpt lat="45.00422" lon="14.90906">
        <ele>236.9</ele>
      </trkpt>
      <trkpt lat="45.00429" lon="14.90908">
        <ele>238.7</ele>
      </trkpt>
      <trkpt lat="45.00432" lon="14.90908">
        <ele>239.3</ele>
      </trkpt>
      <trkpt lat="45.00438" lon="14.90902">
        <ele>240.1</ele>
      </trkpt>
      <trkpt lat="45.0044" lon="14.90898">
        <ele>240.3</ele>
      </trkpt>
      <trkpt lat="45.0044" lon="14.90894">
        <ele>240.0</ele>
      </trkpt>
      <trkpt lat="45.00439" lon="14.90889">
        <ele>239.3</ele>
      </trkpt>
      <trkpt lat="45.00431" lon="14.9088">
        <ele>236.4</ele>
      </trkpt>
      <trkpt lat="45.00404" lon="14.90861">
        <ele>229.5</ele>
      </trkpt>
      <trkpt lat="45.00366" lon="14.90832">
        <ele>222.0</ele>
      </trkpt>
      <trkpt lat="45.00343" lon="14.90816">
        <ele>217.5</ele>
      </trkpt>
      <trkpt lat="45.00335" lon="14.90811">
        <ele>215.7</ele>
      </trkpt>
      <trkpt lat="45.0031" lon="14.908">
        <ele>213.3</ele>
      </trkpt>
      <trkpt lat="45.00294" lon="14.90791">
        <ele>211.2</ele>
      </trkpt>
      <trkpt lat="45.00286" lon="14.90783">
        <ele>209.3</ele>
      </trkpt>
      <trkpt lat="45.00276" lon="14.90771">
        <ele>206.4</ele>
      </trkpt>
      <trkpt lat="45.00256" lon="14.90749">
        <ele>200.3</ele>
      </trkpt>
      <trkpt lat="45.00248" lon="14.90743">
        <ele>198.9</ele>
      </trkpt>
      <trkpt lat="45.00236" lon="14.90737">
        <ele>196.4</ele>
      </trkpt>
      <trkpt lat="45.00228" lon="14.90738">
        <ele>195.4</ele>
      </trkpt>
      <trkpt lat="45.00222" lon="14.90739">
        <ele>194.7</ele>
      </trkpt>
      <trkpt lat="45.00215" lon="14.90744">
        <ele>194.5</ele>
      </trkpt>
      <trkpt lat="45.00211" lon="14.9075">
        <ele>194.9</ele>
      </trkpt>
      <trkpt lat="45.00202" lon="14.90774">
        <ele>199.1</ele>
      </trkpt>
      <trkpt lat="45.00197" lon="14.90783">
        <ele>200.4</ele>
      </trkpt>
      <trkpt lat="45.00192" lon="14.90788">
        <ele>200.8</ele>
      </trkpt>
      <trkpt lat="45.00188" lon="14.9079">
        <ele>200.7</ele>
      </trkpt>
      <trkpt lat="45.00183" lon="14.9079">
        <ele>200.0</ele>
      </trkpt>
      <trkpt lat="45.00178" lon="14.90787">
        <ele>198.6</ele>
      </trkpt>
      <trkpt lat="45.00172" lon="14.90783">
        <ele>196.9</ele>
      </trkpt>
      <trkpt lat="45.00159" lon="14.90769">
        <ele>191.0</ele>
      </trkpt>
      <trkpt lat="45.00153" lon="14.90763">
        <ele>188.0</ele>
      </trkpt>
      <trkpt lat="45.00145" lon="14.90759">
        <ele>184.9</ele>
      </trkpt>
      <trkpt lat="45.0014" lon="14.90757">
        <ele>183.0</ele>
      </trkpt>
      <trkpt lat="45.00133" lon="14.90757">
        <ele>181.0</ele>
      </trkpt>
      <trkpt lat="45.00125" lon="14.90759">
        <ele>179.3</ele>
      </trkpt>
      <trkpt lat="45.00117" lon="14.90764">
        <ele>178.3</ele>
      </trkpt>
      <trkpt lat="45.00107" lon="14.90771">
        <ele>177.4</ele>
      </trkpt>
      <trkpt lat="45.00071" lon="14.90811">
        <ele>179.1</ele>
      </trkpt>
      <trkpt lat="45.00059" lon="14.90821">
        <ele>178.7</ele>
      </trkpt>
      <trkpt lat="45.00022" lon="14.90851">
        <ele>177.1</ele>
      </trkpt>
      <trkpt lat="45.00012" lon="14.90862">
        <ele>177.5</ele>
      </trkpt>
      <trkpt lat="44.99992" lon="14.90893">
        <ele>190.0</ele>
      </trkpt>
      <trkpt lat="44.99984" lon="14.90899">
        <ele>190.0</ele>
      </trkpt>
      <trkpt lat="44.99979" lon="14.90898">
        <ele>190.0</ele>
      </trkpt>
      <trkpt lat="44.99973" lon="14.90897">
        <ele>190.0</ele>
      </trkpt>
      <trkpt lat="44.99967" lon="14.9089">
        <ele>190.0</ele>
      </trkpt>
      <trkpt lat="44.99959" lon="14.90879">
        <ele>190.0</ele>
      </trkpt>
      <trkpt lat="44.99953" lon="14.90872">
        <ele>148.0</ele>
      </trkpt>
      <trkpt lat="44.99948" lon="14.90868">
        <ele>148.0</ele>
      </trkpt>
      <trkpt lat="44.99943" lon="14.90866">
        <ele>148.0</ele>
      </trkpt>
      <trkpt lat="44.99933" lon="14.90867">
        <ele>148.0</ele>
      </trkpt>
      <trkpt lat="44.99916" lon="14.90877">
        <ele>165.8</ele>
      </trkpt>
      <trkpt lat="44.99903" lon="14.90883">
        <ele>167.4</ele>
      </trkpt>
      <trkpt lat="44.99885" lon="14.90887">
        <ele>167.8</ele>
      </trkpt>
      <trkpt lat="44.99867" lon="14.90889">
        <ele>167.5</ele>
      </trkpt>
      <trkpt lat="44.99847" lon="14.90888">
        <ele>165.8</ele>
      </trkpt>
      <trkpt lat="44.99835" lon="14.90886">
        <ele>164.1</ele>
      </trkpt>
      <trkpt lat="44.99822" lon="14.90881">
        <ele>162.9</ele>
      </trkpt>
      <trkpt lat="44.99805" lon="14.90873">
        <ele>161.2</ele>
      </trkpt>
      <trkpt lat="44.99787" lon="14.9086">
        <ele>157.4</ele>
      </trkpt>
      <trkpt lat="44.99737" lon="14.9082">
        <ele>145.3</ele>
      </trkpt>
      <trkpt lat="44.99725" lon="14.90813">
        <ele>143.2</ele>
      </trkpt>
      <trkpt lat="44.99705" lon="14.90805">
        <ele>141.4</ele>
      </trkpt>
      <trkpt lat="44.99659" lon="14.90793">
        <ele>139.4</ele>
      </trkpt>
      <trkpt lat="44.99605" lon="14.90773">
        <ele>133.3</ele>
      </trkpt>
      <trkpt lat="44.99568" lon="14.90757">
        <ele>128.8</ele>
      </trkpt>
      <trkpt lat="44.99549" lon="14.90747">
        <ele>126.2</ele>
      </trkpt>
      <trkpt lat="44.99495" lon="14.90711">
        <ele>117.1</ele>
      </trkpt>
      <trkpt lat="44.99478" lon="14.90706">
        <ele>114.6</ele>
      </trkpt>
      <trkpt lat="44.99438" lon="14.90697">
        <ele>110.5</ele>
      </trkpt>
      <trkpt lat="44.99428" lon="14.90697">
        <ele>110.2</ele>
      </trkpt>
      <trkpt lat="44.99417" lon="14.90698">
        <ele>110.0</ele>
      </trkpt>
      <trkpt lat="44.99406" lon="14.90702">
        <ele>108.4</ele>
      </trkpt>
      <trkpt lat="44.99397" lon="14.90708">
        <ele>107.6</ele>
      </trkpt>
      <trkpt lat="44.99391" lon="14.90713">
        <ele>107.2</ele>
      </trkpt>
      <trkpt lat="44.99386" lon="14.90721">
        <ele>107.7</ele>
      </trkpt>
      <trkpt lat="44.99383" lon="14.90728">
        <ele>108.4</ele>
      </trkpt>
      <trkpt lat="44.99382" lon="14.90741">
        <ele>110.7</ele>
      </trkpt>
      <trkpt lat="44.99381" lon="14.90761">
        <ele>113.8</ele>
      </trkpt>
      <trkpt lat="44.9938" lon="14.90773">
        <ele>115.4</ele>
      </trkpt>
      <trkpt lat="44.99377" lon="14.90779">
        <ele>115.7</ele>
      </trkpt>
      <trkpt lat="44.99374" lon="14.90783">
        <ele>115.8</ele>
      </trkpt>
      <trkpt lat="44.99367" lon="14.90783">
        <ele>114.6</ele>
      </trkpt>
      <trkpt lat="44.99363" lon="14.90778">
        <ele>113.1</ele>
      </trkpt>
      <trkpt lat="44.99361" lon="14.90772">
        <ele>111.8</ele>
      </trkpt>
      <trkpt lat="44.9936" lon="14.90765">
        <ele>110.4</ele>
      </trkpt>
      <trkpt lat="44.99362" lon="14.90743">
        <ele>106.8</ele>
      </trkpt>
      <trkpt lat="44.99359" lon="14.90706">
        <ele>98.7</ele>
      </trkpt>
      <trkpt lat="44.9936" lon="14.90696">
        <ele>97.0</ele>
      </trkpt>
      <trkpt lat="44.99361" lon="14.90684">
        <ele>94.8</ele>
      </trkpt>
      <trkpt lat="44.99364" lon="14.90674">
        <ele>93.5</ele>
      </trkpt>
      <trkpt lat="44.99376" lon="14.90647">
        <ele>90.5</ele>
      </trkpt>
      <trkpt lat="44.9938" lon="14.90641">
        <ele>89.9</ele>
      </trkpt>
      <trkpt lat="44.99389" lon="14.90631">
        <ele>89.3</ele>
      </trkpt>
      <trkpt lat="44.99399" lon="14.90623">
        <ele>89.0</ele>
      </trkpt>
      <trkpt lat="44.99414" lon="14.90612">
        <ele>88.5</ele>
      </trkpt>
      <trkpt lat="44.99437" lon="14.90599">
        <ele>84.0</ele>
      </trkpt>
      <trkpt lat="44.99446" lon="14.90595">
        <ele>82.3</ele>
      </trkpt>
      <trkpt lat="44.9946" lon="14.90591">
        <ele>80.2</ele>
      </trkpt>
      <trkpt lat="44.99478" lon="14.9059">
        <ele>78.7</ele>
      </trkpt>
      <trkpt lat="44.99487" lon="14.90593">
        <ele>79.0</ele>
      </trkpt>
      <trkpt lat="44.99497" lon="14.90597">
        <ele>79.6</ele>
      </trkpt>
      <trkpt lat="44.99524" lon="14.90614">
        <ele>81.8</ele>
      </trkpt>
      <trkpt lat="44.99549" lon="14.90634">
        <ele>83.4</ele>
      </trkpt>
      <trkpt lat="44.99565" lon="14.90642">
        <ele>82.5</ele>
      </trkpt>
      <trkpt lat="44.99579" lon="14.90645">
        <ele>80.6</ele>
      </trkpt>
      <trkpt lat="44.99597" lon="14.90646">
        <ele>81.0</ele>
      </trkpt>
      <trkpt lat="44.99608" lon="14.90644">
        <ele>81.6</ele>
      </trkpt>
      <trkpt lat="44.99618" lon="14.90642">
        <ele>82.1</ele>
      </trkpt>
      <trkpt lat="44.99624" lon="14.90639">
        <ele>82.4</ele>
      </trkpt>
      <trkpt lat="44.99629" lon="14.90635">
        <ele>82.6</ele>
      </trkpt>
      <trkpt lat="44.99631" lon="14.90629">
        <ele>82.5</ele>
      </trkpt>
      <trkpt lat="44.99632" lon="14.90623">
        <ele>82.3</ele>
      </trkpt>
      <trkpt lat="44.99631" lon="14.90618">
        <ele>81.9</ele>
      </trkpt>
      <trkpt lat="44.99615" lon="14.90606">
        <ele>78.3</ele>
      </trkpt>
      <trkpt lat="44.99599" lon="14.90596">
        <ele>73.8</ele>
      </trkpt>
      <trkpt lat="44.9959" lon="14.9059">
        <ele>70.8</ele>
      </trkpt>
      <trkpt lat="44.99586" lon="14.90584">
        <ele>68.8</ele>
      </trkpt>
      <trkpt lat="44.99581" lon="14.90572">
        <ele>68.4</ele>
      </trkpt>
      <trkpt lat="44.99577" lon="14.90562">
        <ele>68.6</ele>
      </trkpt>
      <trkpt lat="44.9957" lon="14.90525">
        <ele>67.9</ele>
      </trkpt>
      <trkpt lat="44.99567" lon="14.90516">
        <ele>67.3</ele>
      </trkpt>
      <trkpt lat="44.99562" lon="14.90506">
        <ele>66.2</ele>
      </trkpt>
      <trkpt lat="44.99547" lon="14.90478">
        <ele>63.1</ele>
      </trkpt>
      <trkpt lat="44.99511" lon="14.90422">
        <ele>51.9</ele>
      </trkpt>
      <trkpt lat="44.99475" lon="14.90365">
        <ele>45.5</ele>
      </trkpt>
      <trkpt lat="44.99468" lon="14.9035">
        <ele>44.0</ele>
      </trkpt>
      <trkpt lat="44.99455" lon="14.90304">
        <ele>39.8</ele>
      </trkpt>
      <trkpt lat="44.99444" lon="14.90253">
        <ele>35.4</ele>
      </trkpt>
      <trkpt lat="44.99436" lon="14.90207">
        <ele>32.1</ele>
      </trkpt>
      <trkpt lat="44.99433" lon="14.90186">
        <ele>30.9</ele>
      </trkpt>
      <trkpt lat="44.99432" lon="14.90164">
        <ele>30.0</ele>
      </trkpt>
      <trkpt lat="44.99435" lon="14.90123">
        <ele>26.6</ele>
      </trkpt>
      <trkpt lat="44.99435" lon="14.90112">
        <ele>25.6</ele>
      </trkpt>
      <trkpt lat="44.99434" lon="14.90105">
        <ele>24.8</ele>
      </trkpt>
      <trkpt lat="44.9943" lon="14.90099">
        <ele>24.0</ele>
      </trkpt>
      <trkpt lat="44.99416" lon="14.90089">
        <ele>22.3</ele>
      </trkpt>
      <trkpt lat="44.99408" lon="14.90086">
        <ele>21.2</ele>
      </trkpt>
      <trkpt lat="44.99401" lon="14.90084">
        <ele>20.4</ele>
      </trkpt>
      <trkpt lat="44.99393" lon="14.90083">
        <ele>19.4</ele>
      </trkpt>
      <trkpt lat="44.99387" lon="14.90084">
        <ele>18.8</ele>
      </trkpt>
      <trkpt lat="44.99354" lon="14.90093">
        <ele>15.7</ele>
      </trkpt>
      <trkpt lat="44.99348" lon="14.90091">
        <ele>14.9</ele>
      </trkpt>
      <trkpt lat="44.99343" lon="14.90087">
        <ele>14.2</ele>
      </trkpt>
      <trkpt lat="44.99338" lon="14.90081">
        <ele>13.3</ele>
      </trkpt>
      <trkpt lat="44.99333" lon="14.9007">
        <ele>11.5</ele>
      </trkpt>
      <trkpt lat="44.99327" lon="14.9005">
        <ele>9.0</ele>
      </trkpt>
      <trkpt lat="44.99321" lon="14.90034">
        <ele>7.0</ele>
      </trkpt>
      <trkpt lat="44.99316" lon="14.90028">
        <ele>6.1</ele>
      </trkpt>
      <trkpt lat="44.99312" lon="14.90026">
        <ele>5.7</ele>
      </trkpt>
      <trkpt lat="44.99305" lon="14.90023">
        <ele>5.1</ele>
      </trkpt>
      <trkpt lat="44.99303" lon="14.90023">
        <ele>5.0</ele>
      </trkpt>
      <trkpt lat="44.99292" lon="14.90019">
        <ele>4.1</ele>
      </trkpt>
      <trkpt lat="44.9929" lon="14.90012">
        <ele>3.4</ele>
      </trkpt>
      <trkpt lat="44.99285" lon="14.90009">
        <ele>3.0</ele>
      </trkpt>
      <trkpt lat="44.9928" lon="14.90009">
        <ele>2.8</ele>
      </trkpt>
      <trkpt lat="44.99277" lon="14.90011">
        <ele>2.8</ele>
      </trkpt>
      <trkpt lat="44.99273" lon="14.90017">
        <ele>3.1</ele>
      </trkpt>
      <trkpt lat="44.99271" lon="14.90035">
        <ele>4.3</ele>
      </trkpt>
      <trkpt lat="44.99268" lon="14.90047">
        <ele>5.0</ele>
      </trkpt>
      <trkpt lat="44.99257" lon="14.90072">
        <ele>5.9</ele>
      </trkpt>
      <trkpt lat="44.9925" lon="14.90085">
        <ele>6.1</ele>
      </trkpt>
      <trkpt lat="44.99243" lon="14.90092">
        <ele>6.6</ele>
      </trkpt>
      <trkpt lat="44.99194" lon="14.90136">
        <ele>9.3</ele>
      </trkpt>
      <trkpt lat="44.99184" lon="14.90149">
        <ele>10.1</ele>
      </trkpt>
      <trkpt lat="44.99179" lon="14.90158">
        <ele>10.7</ele>
      </trkpt>
      <trkpt lat="44.99172" lon="14.90172">
        <ele>11.5</ele>
      </trkpt>
      <trkpt lat="44.9916" lon="14.90206">
        <ele>13.4</ele>
      </trkpt>
      <trkpt lat="44.99151" lon="14.90252">
        <ele>16.3</ele>
      </trkpt>
      <trkpt lat="44.99146" lon="14.90267">
        <ele>17.5</ele>
      </trkpt>
      <trkpt lat="44.99136" lon="14.90288">
        <ele>18.9</ele>
      </trkpt>
      <trkpt lat="44.99126" lon="14.90297">
        <ele>19.3</ele>
      </trkpt>
      <trkpt lat="44.99097" lon="14.9032">
        <ele>19.9</ele>
      </trkpt>
      <trkpt lat="44.99072" lon="14.90341">
        <ele>19.3</ele>
      </trkpt>
      <trkpt lat="44.99064" lon="14.90352">
        <ele>19.1</ele>
      </trkpt>
      <trkpt lat="44.9905" lon="14.90373">
        <ele>18.8</ele>
      </trkpt>
      <trkpt lat="44.99003" lon="14.90446">
        <ele>18.0</ele>
      </trkpt>
      <trkpt lat="44.98979" lon="14.90485">
        <ele>17.8</ele>
      </trkpt>
      <trkpt lat="44.98945" lon="14.90439">
        <ele>15.1</ele>
      </trkpt>
      <trkpt lat="44.98912" lon="14.90398">
        <ele>11.8</ele>
      </trkpt>
      <trkpt lat="44.98896" lon="14.90381">
        <ele>10.6</ele>
      </trkpt>
      <trkpt lat="44.98876" lon="14.90362">
        <ele>9.9</ele>
      </trkpt>
      <trkpt lat="44.98852" lon="14.90442">
        <ele>11.3</ele>
      </trkpt>
      <trkpt lat="44.98828" lon="14.90521">
        <ele>12.3</ele>
      </trkpt>
      <trkpt lat="44.98804" lon="14.90601">
        <ele>13.8</ele>
      </trkpt>
      <trkpt lat="44.98774" lon="14.90703">
        <ele>18.5</ele>
      </trkpt>
      <trkpt lat="44.98744" lon="14.90805">
        <ele>23.6</ele>
      </trkpt>
      <trkpt lat="44.98716" lon="14.90893">
        <ele>23.8</ele>
      </trkpt>
      <trkpt lat="44.98688" lon="14.90981">
        <ele>22.4</ele>
      </trkpt>
      <trkpt lat="44.98685" lon="14.90999">
        <ele>22.2</ele>
      </trkpt>
      <trkpt lat="44.98684" lon="14.91031">
        <ele>23.2</ele>
      </trkpt>
      <trkpt lat="44.98685" lon="14.91039">
        <ele>23.5</ele>
      </trkpt>
      <trkpt lat="44.98687" lon="14.91044">
        <ele>23.7</ele>
      </trkpt>
      <trkpt lat="44.9869" lon="14.91047">
        <ele>23.8</ele>
      </trkpt>
      <trkpt lat="44.98687" lon="14.91074">
        <ele>24.7</ele>
      </trkpt>
      <trkpt lat="44.98685" lon="14.9112">
        <ele>25.2</ele>
      </trkpt>
      <trkpt lat="44.98684" lon="14.91218">
        <ele>27.1</ele>
      </trkpt>
      <trkpt lat="44.98682" lon="14.91246">
        <ele>27.7</ele>
      </trkpt>
      <trkpt lat="44.98679" lon="14.91266">
        <ele>28.7</ele>
      </trkpt>
      <trkpt lat="44.98673" lon="14.9129">
        <ele>29.8</ele>
      </trkpt>
      <trkpt lat="44.98668" lon="14.91306">
        <ele>30.2</ele>
      </trkpt>
      <trkpt lat="44.98648" lon="14.91357">
        <ele>33.7</ele>
      </trkpt>
      <trkpt lat="44.98644" lon="14.91371">
        <ele>34.6</ele>
      </trkpt>
      <trkpt lat="44.98642" lon="14.91404">
        <ele>36.3</ele>
      </trkpt>
      <trkpt lat="44.98647" lon="14.91487">
        <ele>39.0</ele>
      </trkpt>
      <trkpt lat="44.98647" lon="14.91513">
        <ele>39.4</ele>
      </trkpt>
      <trkpt lat="44.98645" lon="14.91537">
        <ele>39.4</ele>
      </trkpt>
      <trkpt lat="44.98637" lon="14.91637">
        <ele>40.6</ele>
      </trkpt>
      <trkpt lat="44.98628" lon="14.91738">
        <ele>44.9</ele>
      </trkpt>
      <trkpt lat="44.98622" lon="14.91789">
        <ele>45.2</ele>
      </trkpt>
      <trkpt lat="44.98617" lon="14.9182">
        <ele>44.8</ele>
      </trkpt>
      <trkpt lat="44.9861" lon="14.91853">
        <ele>44.1</ele>
      </trkpt>
      <trkpt lat="44.98589" lon="14.9194">
        <ele>42.0</ele>
      </trkpt>
      <trkpt lat="44.98569" lon="14.92028">
        <ele>46.1</ele>
      </trkpt>
      <trkpt lat="44.98562" lon="14.92061">
        <ele>48.2</ele>
      </trkpt>
      <trkpt lat="44.9855" lon="14.92136">
        <ele>53.6</ele>
      </trkpt>
      <trkpt lat="44.98539" lon="14.92224">
        <ele>57.4</ele>
      </trkpt>
      <trkpt lat="44.98536" lon="14.92241">
        <ele>57.4</ele>
      </trkpt>
      <trkpt lat="44.98523" lon="14.92289">
        <ele>57.8</ele>
      </trkpt>
      <trkpt lat="44.98517" lon="14.92321">
        <ele>58.9</ele>
      </trkpt>
      <trkpt lat="44.98513" lon="14.92345">
        <ele>58.6</ele>
      </trkpt>
      <trkpt lat="44.98511" lon="14.92373">
        <ele>57.7</ele>
      </trkpt>
      <trkpt lat="44.98511" lon="14.92443">
        <ele>57.3</ele>
      </trkpt>
      <trkpt lat="44.98509" lon="14.92507">
        <ele>57.1</ele>
      </trkpt>
      <trkpt lat="44.98501" lon="14.92577">
        <ele>59.9</ele>
      </trkpt>
      <trkpt lat="44.98481" lon="14.92692">
        <ele>72.8</ele>
      </trkpt>
      <trkpt lat="44.98474" lon="14.92746">
        <ele>77.6</ele>
      </trkpt>
      <trkpt lat="44.9847" lon="14.92783">
        <ele>77.7</ele>
      </trkpt>
      <trkpt lat="44.98468" lon="14.92843">
        <ele>77.8</ele>
      </trkpt>
      <trkpt lat="44.98471" lon="14.92931">
        <ele>80.2</ele>
      </trkpt>
      <trkpt lat="44.98478" lon="14.92977">
        <ele>83.4</ele>
      </trkpt>
      <trkpt lat="44.98492" lon="14.93055">
        <ele>84.4</ele>
      </trkpt>
      <trkpt lat="44.98493" lon="14.93066">
        <ele>84.1</ele>
      </trkpt>
      <trkpt lat="44.98493" lon="14.93092">
        <ele>83.8</ele>
      </trkpt>
      <trkpt lat="44.98489" lon="14.93107">
        <ele>84.6</ele>
      </trkpt>
      <trkpt lat="44.98477" lon="14.93145">
        <ele>87.7</ele>
      </trkpt>
      <trkpt lat="44.98465" lon="14.93188">
        <ele>92.3</ele>
      </trkpt>
      <trkpt lat="44.9846" lon="14.93214">
        <ele>94.6</ele>
      </trkpt>
      <trkpt lat="44.98457" lon="14.93237">
        <ele>96.3</ele>
      </trkpt>
      <trkpt lat="44.98452" lon="14.9326">
        <ele>98.2</ele>
      </trkpt>
      <trkpt lat="44.98446" lon="14.93273">
        <ele>99.6</ele>
      </trkpt>
      <trkpt lat="44.98429" lon="14.93305">
        <ele>101.5</ele>
      </trkpt>
      <trkpt lat="44.98422" lon="14.93322">
        <ele>101.4</ele>
      </trkpt>
      <trkpt lat="44.98417" lon="14.93335">
        <ele>101.1</ele>
      </trkpt>
      <trkpt lat="44.98416" lon="14.93346">
        <ele>101.9</ele>
      </trkpt>
      <trkpt lat="44.98415" lon="14.93359">
        <ele>102.9</ele>
      </trkpt>
      <trkpt lat="44.98417" lon="14.93374">
        <ele>102.9</ele>
      </trkpt>
      <trkpt lat="44.98422" lon="14.9339">
        <ele>103.5</ele>
      </trkpt>
      <trkpt lat="44.98428" lon="14.93405">
        <ele>103.9</ele>
      </trkpt>
      <trkpt lat="44.98449" lon="14.93443">
        <ele>106.1</ele>
      </trkpt>
      <trkpt lat="44.98452" lon="14.93454">
        <ele>107.0</ele>
      </trkpt>
      <trkpt lat="44.98455" lon="14.9347">
        <ele>108.4</ele>
      </trkpt>
      <trkpt lat="44.98455" lon="14.93502">
        <ele>111.4</ele>
      </trkpt>
      <trkpt lat="44.98454" lon="14.93522">
        <ele>112.6</ele>
      </trkpt>
      <trkpt lat="44.98452" lon="14.93538">
        <ele>113.6</ele>
      </trkpt>
      <trkpt lat="44.98449" lon="14.93552">
        <ele>114.5</ele>
      </trkpt>
      <trkpt lat="44.98443" lon="14.93568">
        <ele>115.7</ele>
      </trkpt>
      <trkpt lat="44.98433" lon="14.93594">
        <ele>116.4</ele>
      </trkpt>
      <trkpt lat="44.98428" lon="14.93613">
        <ele>115.1</ele>
      </trkpt>
      <trkpt lat="44.98425" lon="14.93637">
        <ele>113.1</ele>
      </trkpt>
      <trkpt lat="44.98419" lon="14.93665">
        <ele>109.6</ele>
      </trkpt>
      <trkpt lat="44.98408" lon="14.93698">
        <ele>114.6</ele>
      </trkpt>
      <trkpt lat="44.98401" lon="14.93712">
        <ele>118.7</ele>
      </trkpt>
      <trkpt lat="44.98392" lon="14.93734">
        <ele>123.9</ele>
      </trkpt>
      <trkpt lat="44.98389" lon="14.93749">
        <ele>125.6</ele>
      </trkpt>
      <trkpt lat="44.98385" lon="14.93769">
        <ele>127.7</ele>
      </trkpt>
      <trkpt lat="44.98384" lon="14.93789">
        <ele>128.2</ele>
      </trkpt>
      <trkpt lat="44.98386" lon="14.93855">
        <ele>128.1</ele>
      </trkpt>
      <trkpt lat="44.98386" lon="14.93876">
        <ele>128.8</ele>
      </trkpt>
      <trkpt lat="44.98384" lon="14.93897">
        <ele>130.0</ele>
      </trkpt>
      <trkpt lat="44.9838" lon="14.93922">
        <ele>131.6</ele>
      </trkpt>
      <trkpt lat="44.98374" lon="14.93945">
        <ele>132.3</ele>
      </trkpt>
      <trkpt lat="44.98366" lon="14.93973">
        <ele>132.3</ele>
      </trkpt>
      <trkpt lat="44.9836" lon="14.93989">
        <ele>131.8</ele>
      </trkpt>
      <trkpt lat="44.98336" lon="14.94036">
        <ele>129.7</ele>
      </trkpt>
      <trkpt lat="44.98316" lon="14.94082">
        <ele>135.1</ele>
      </trkpt>
      <trkpt lat="44.98299" lon="14.94124">
        <ele>141.1</ele>
      </trkpt>
      <trkpt lat="44.98294" lon="14.94135">
        <ele>141.8</ele>
      </trkpt>
      <trkpt lat="44.98268" lon="14.9418">
        <ele>142.6</ele>
      </trkpt>
      <trkpt lat="44.98249" lon="14.9421">
        <ele>139.7</ele>
      </trkpt>
      <trkpt lat="44.98237" lon="14.94233">
        <ele>140.7</ele>
      </trkpt>
      <trkpt lat="44.9822" lon="14.94261">
        <ele>143.6</ele>
      </trkpt>
      <trkpt lat="44.98164" lon="14.94332">
        <ele>144.7</ele>
      </trkpt>
      <trkpt lat="44.98152" lon="14.94352">
        <ele>150.3</ele>
      </trkpt>
      <trkpt lat="44.98145" lon="14.94377">
        <ele>152.7</ele>
      </trkpt>
      <trkpt lat="44.98144" lon="14.9441">
        <ele>151.6</ele>
      </trkpt>
      <trkpt lat="44.98143" lon="14.94438">
        <ele>151.8</ele>
      </trkpt>
      <trkpt lat="44.98135" lon="14.94459">
        <ele>153.9</ele>
      </trkpt>
      <trkpt lat="44.98066" lon="14.94539">
        <ele>158.8</ele>
      </trkpt>
      <trkpt lat="44.9805" lon="14.94562">
        <ele>162.4</ele>
      </trkpt>
      <trkpt lat="44.98043" lon="14.94591">
        <ele>162.7</ele>
      </trkpt>
      <trkpt lat="44.98039" lon="14.94637">
        <ele>165.4</ele>
      </trkpt>
      <trkpt lat="44.98039" lon="14.94691">
        <ele>166.8</ele>
      </trkpt>
      <trkpt lat="44.98028" lon="14.94739">
        <ele>168.4</ele>
      </trkpt>
      <trkpt lat="44.98017" lon="14.94768">
        <ele>169.0</ele>
      </trkpt>
      <trkpt lat="44.98004" lon="14.94798">
        <ele>167.2</ele>
      </trkpt>
      <trkpt lat="44.97975" lon="14.94843">
        <ele>179.5</ele>
      </trkpt>
      <trkpt lat="44.97955" lon="14.94888">
        <ele>182.1</ele>
      </trkpt>
      <trkpt lat="44.97926" lon="14.94947">
        <ele>180.1</ele>
      </trkpt>
      <trkpt lat="44.97904" lon="14.94973">
        <ele>183.9</ele>
      </trkpt>
      <trkpt lat="44.97891" lon="14.95004">
        <ele>185.2</ele>
      </trkpt>
      <trkpt lat="44.97879" lon="14.95041">
        <ele>190.5</ele>
      </trkpt>
      <trkpt lat="44.97879" lon="14.95092">
        <ele>189.9</ele>
      </trkpt>
      <trkpt lat="44.97885" lon="14.95139">
        <ele>189.2</ele>
      </trkpt>
      <trkpt lat="44.97902" lon="14.95222">
        <ele>190.3</ele>
      </trkpt>
      <trkpt lat="44.97911" lon="14.95253">
        <ele>190.4</ele>
      </trkpt>
      <trkpt lat="44.97948" lon="14.95318">
        <ele>197.5</ele>
      </trkpt>
      <trkpt lat="44.97986" lon="14.95383">
        <ele>190.4</ele>
      </trkpt>
      <trkpt lat="44.97997" lon="14.95418">
        <ele>186.5</ele>
      </trkpt>
      <trkpt lat="44.98" lon="14.95446">
        <ele>186.1</ele>
      </trkpt>
      <trkpt lat="44.97996" lon="14.95479">
        <ele>189.2</ele>
      </trkpt>
      <trkpt lat="44.97987" lon="14.95504">
        <ele>194.3</ele>
      </trkpt>
      <trkpt lat="44.97965" lon="14.95532">
        <ele>202.8</ele>
      </trkpt>
      <trkpt lat="44.97957" lon="14.95554">
        <ele>203.8</ele>
      </trkpt>
      <trkpt lat="44.97933" lon="14.95637">
        <ele>198.4</ele>
      </trkpt>
      <trkpt lat="44.97928" lon="14.9565">
        <ele>196.3</ele>
      </trkpt>
      <trkpt lat="44.97923" lon="14.95658">
        <ele>194.5</ele>
      </trkpt>
      <trkpt lat="44.97919" lon="14.95663">
        <ele>193.0</ele>
      </trkpt>
      <trkpt lat="44.9791" lon="14.9567">
        <ele>194.2</ele>
      </trkpt>
      <trkpt lat="44.97872" lon="14.95691">
        <ele>203.0</ele>
      </trkpt>
      <trkpt lat="44.97866" lon="14.95697">
        <ele>203.6</ele>
      </trkpt>
      <trkpt lat="44.97856" lon="14.95711">
        <ele>203.4</ele>
      </trkpt>
      <trkpt lat="44.97841" lon="14.95735">
        <ele>200.3</ele>
      </trkpt>
      <trkpt lat="44.97834" lon="14.95742">
        <ele>198.8</ele>
      </trkpt>
      <trkpt lat="44.97827" lon="14.95745">
        <ele>198.9</ele>
      </trkpt>
      <trkpt lat="44.97808" lon="14.9575">
        <ele>200.0</ele>
      </trkpt>
      <trkpt lat="44.97783" lon="14.95753">
        <ele>203.5</ele>
      </trkpt>
      <trkpt lat="44.97754" lon="14.95761">
        <ele>207.6</ele>
      </trkpt>
      <trkpt lat="44.97692" lon="14.95786">
        <ele>211.1</ele>
      </trkpt>
      <trkpt lat="44.9763" lon="14.95811">
        <ele>217.5</ele>
      </trkpt>
      <trkpt lat="44.97618" lon="14.95814">
        <ele>219.8</ele>
      </trkpt>
      <trkpt lat="44.97608" lon="14.95815">
        <ele>221.7</ele>
      </trkpt>
      <trkpt lat="44.97596" lon="14.95815">
        <ele>223.9</ele>
      </trkpt>
      <trkpt lat="44.97583" lon="14.95812">
        <ele>225.7</ele>
      </trkpt>
      <trkpt lat="44.97568" lon="14.95807">
        <ele>225.5</ele>
      </trkpt>
      <trkpt lat="44.9751" lon="14.95779">
        <ele>220.4</ele>
      </trkpt>
      <trkpt lat="44.97453" lon="14.95751">
        <ele>212.8</ele>
      </trkpt>
      <trkpt lat="44.9744" lon="14.95746">
        <ele>213.6</ele>
      </trkpt>
      <trkpt lat="44.97428" lon="14.95742">
        <ele>214.5</ele>
      </trkpt>
      <trkpt lat="44.97414" lon="14.9574">
        <ele>215.1</ele>
      </trkpt>
      <trkpt lat="44.97365" lon="14.95743">
        <ele>216.7</ele>
      </trkpt>
      <trkpt lat="44.97316" lon="14.95746">
        <ele>218.6</ele>
      </trkpt>
      <trkpt lat="44.97268" lon="14.9575">
        <ele>220.9</ele>
      </trkpt>
      <trkpt lat="44.97255" lon="14.95752">
        <ele>222.1</ele>
      </trkpt>
      <trkpt lat="44.97245" lon="14.95759">
        <ele>224.8</ele>
      </trkpt>
      <trkpt lat="44.97234" lon="14.95769">
        <ele>228.4</ele>
      </trkpt>
      <trkpt lat="44.97223" lon="14.95788">
        <ele>232.2</ele>
      </trkpt>
      <trkpt lat="44.97212" lon="14.95813">
        <ele>234.9</ele>
      </trkpt>
      <trkpt lat="44.97201" lon="14.95842">
        <ele>236.6</ele>
      </trkpt>
      <trkpt lat="44.9718" lon="14.95938">
        <ele>242.1</ele>
      </trkpt>
      <trkpt lat="44.97166" lon="14.95984">
        <ele>243.8</ele>
      </trkpt>
      <trkpt lat="44.97143" lon="14.96033">
        <ele>250.0</ele>
      </trkpt>
      <trkpt lat="44.97128" lon="14.96078">
        <ele>251.4</ele>
      </trkpt>
      <trkpt lat="44.97122" lon="14.96105">
        <ele>252.5</ele>
      </trkpt>
      <trkpt lat="44.97115" lon="14.96146">
        <ele>254.3</ele>
      </trkpt>
      <trkpt lat="44.97109" lon="14.96177">
        <ele>255.5</ele>
      </trkpt>
      <trkpt lat="44.97104" lon="14.96194">
        <ele>256.1</ele>
      </trkpt>
      <trkpt lat="44.97097" lon="14.9621">
        <ele>255.4</ele>
      </trkpt>
      <trkpt lat="44.97087" lon="14.96229">
        <ele>253.3</ele>
      </trkpt>
      <trkpt lat="44.97071" lon="14.96254">
        <ele>253.9</ele>
      </trkpt>
      <trkpt lat="44.97055" lon="14.96276">
        <ele>257.0</ele>
      </trkpt>
      <trkpt lat="44.97039" lon="14.96306">
        <ele>260.5</ele>
      </trkpt>
      <trkpt lat="44.97033" lon="14.9632">
        <ele>261.8</ele>
      </trkpt>
      <trkpt lat="44.97028" lon="14.96336">
        <ele>263.4</ele>
      </trkpt>
      <trkpt lat="44.97025" lon="14.96352">
        <ele>265.1</ele>
      </trkpt>
      <trkpt lat="44.97025" lon="14.96396">
        <ele>271.5</ele>
      </trkpt>
      <trkpt lat="44.97026" lon="14.96412">
        <ele>274.0</ele>
      </trkpt>
      <trkpt lat="44.97037" lon="14.96463">
        <ele>276.2</ele>
      </trkpt>
      <trkpt lat="44.97038" lon="14.96478">
        <ele>276.3</ele>
      </trkpt>
      <trkpt lat="44.97033" lon="14.96564">
        <ele>278.5</ele>
      </trkpt>
      <trkpt lat="44.97035" lon="14.96579">
        <ele>279.7</ele>
      </trkpt>
      <trkpt lat="44.97049" lon="14.96647">
        <ele>285.1</ele>
      </trkpt>
      <trkpt lat="44.97052" lon="14.96675">
        <ele>286.4</ele>
      </trkpt>
      <trkpt lat="44.97051" lon="14.96697">
        <ele>286.9</ele>
      </trkpt>
      <trkpt lat="44.97047" lon="14.96722">
        <ele>286.9</ele>
      </trkpt>
      <trkpt lat="44.9704" lon="14.96753">
        <ele>286.2</ele>
      </trkpt>
      <trkpt lat="44.97023" lon="14.9681">
        <ele>284.0</ele>
      </trkpt>
      <trkpt lat="44.9702" lon="14.96826">
        <ele>283.6</ele>
      </trkpt>
      <trkpt lat="44.97018" lon="14.96848">
        <ele>283.0</ele>
      </trkpt>
      <trkpt lat="44.97022" lon="14.96914">
        <ele>282.7</ele>
      </trkpt>
      <trkpt lat="44.97023" lon="14.96973">
        <ele>284.3</ele>
      </trkpt>
      <trkpt lat="44.97021" lon="14.97034">
        <ele>286.1</ele>
      </trkpt>
      <trkpt lat="44.97018" lon="14.97105">
        <ele>288.6</ele>
      </trkpt>
      <trkpt lat="44.97011" lon="14.97155">
        <ele>289.7</ele>
      </trkpt>
      <trkpt lat="44.97004" lon="14.97184">
        <ele>291.8</ele>
      </trkpt>
      <trkpt lat="44.96995" lon="14.97208">
        <ele>295.2</ele>
      </trkpt>
      <trkpt lat="44.96975" lon="14.97248">
        <ele>300.6</ele>
      </trkpt>
      <trkpt lat="44.96953" lon="14.97279">
        <ele>305.2</ele>
      </trkpt>
      <trkpt lat="44.96935" lon="14.973">
        <ele>306.6</ele>
      </trkpt>
      <trkpt lat="44.96914" lon="14.97319">
        <ele>306.7</ele>
      </trkpt>
      <trkpt lat="44.96904" lon="14.97333">
        <ele>309.3</ele>
      </trkpt>
      <trkpt lat="44.96899" lon="14.97343">
        <ele>310.9</ele>
      </trkpt>
      <trkpt lat="44.96879" lon="14.97397">
        <ele>315.7</ele>
      </trkpt>
      <trkpt lat="44.96864" lon="14.97427">
        <ele>316.4</ele>
      </trkpt>
      <trkpt lat="44.96844" lon="14.97456">
        <ele>314.6</ele>
      </trkpt>
      <trkpt lat="44.96839" lon="14.97466">
        <ele>313.7</ele>
      </trkpt>
      <trkpt lat="44.96838" lon="14.97476">
        <ele>313.5</ele>
      </trkpt>
      <trkpt lat="44.96842" lon="14.97486">
        <ele>314.6</ele>
      </trkpt>
      <trkpt lat="44.9683" lon="14.9752">
        <ele>316.8</ele>
      </trkpt>
      <trkpt lat="44.9681" lon="14.97558">
        <ele>325.3</ele>
      </trkpt>
      <trkpt lat="44.96764" lon="14.97627">
        <ele>331.2</ele>
      </trkpt>
      <trkpt lat="44.96733" lon="14.97658">
        <ele>334.0</ele>
      </trkpt>
      <trkpt lat="44.96704" lon="14.97719">
        <ele>344.4</ele>
      </trkpt>
      <trkpt lat="44.96691" lon="14.97739">
        <ele>344.5</ele>
      </trkpt>
      <trkpt lat="44.9668" lon="14.97752">
        <ele>343.3</ele>
      </trkpt>
      <trkpt lat="44.96673" lon="14.97769">
        <ele>344.6</ele>
      </trkpt>
      <trkpt lat="44.96665" lon="14.97807">
        <ele>349.1</ele>
      </trkpt>
      <trkpt lat="44.96657" lon="14.97834">
        <ele>353.5</ele>
      </trkpt>
      <trkpt lat="44.96651" lon="14.97851">
        <ele>356.7</ele>
      </trkpt>
      <trkpt lat="44.9664" lon="14.97867">
        <ele>359.0</ele>
      </trkpt>
      <trkpt lat="44.96622" lon="14.97882">
        <ele>359.8</ele>
      </trkpt>
      <trkpt lat="44.96596" lon="14.97894">
        <ele>358.2</ele>
      </trkpt>
      <trkpt lat="44.96587" lon="14.97901">
        <ele>357.3</ele>
      </trkpt>
      <trkpt lat="44.96577" lon="14.97909">
        <ele>358.7</ele>
      </trkpt>
      <trkpt lat="44.96569" lon="14.9792">
        <ele>361.2</ele>
      </trkpt>
      <trkpt lat="44.96568" lon="14.97932">
        <ele>363.0</ele>
      </trkpt>
      <trkpt lat="44.9657" lon="14.97941">
        <ele>363.7</ele>
      </trkpt>
      <trkpt lat="44.96574" lon="14.97951">
        <ele>364.4</ele>
      </trkpt>
      <trkpt lat="44.96578" lon="14.97959">
        <ele>364.9</ele>
      </trkpt>
      <trkpt lat="44.96584" lon="14.97975">
        <ele>367.0</ele>
      </trkpt>
      <trkpt lat="44.96584" lon="14.97983">
        <ele>368.3</ele>
      </trkpt>
      <trkpt lat="44.96582" lon="14.97993">
        <ele>369.9</ele>
      </trkpt>
      <trkpt lat="44.96576" lon="14.98007">
        <ele>372.0</ele>
      </trkpt>
      <trkpt lat="44.96568" lon="14.98018">
        <ele>373.3</ele>
      </trkpt>
      <trkpt lat="44.96564" lon="14.98028">
        <ele>374.3</ele>
      </trkpt>
      <trkpt lat="44.96561" lon="14.98034">
        <ele>374.8</ele>
      </trkpt>
      <trkpt lat="44.96556" lon="14.98049">
        <ele>376.1</ele>
      </trkpt>
      <trkpt lat="44.96555" lon="14.98061">
        <ele>377.1</ele>
      </trkpt>
      <trkpt lat="44.96558" lon="14.98071">
        <ele>378.0</ele>
      </trkpt>
      <trkpt lat="44.96558" lon="14.9808">
        <ele>378.8</ele>
      </trkpt>
      <trkpt lat="44.96555" lon="14.98098">
        <ele>381.6</ele>
      </trkpt>
      <trkpt lat="44.96547" lon="14.98125">
        <ele>386.2</ele>
      </trkpt>
      <trkpt lat="44.96549" lon="14.98143">
        <ele>389.5</ele>
      </trkpt>
      <trkpt lat="44.96555" lon="14.98174">
        <ele>395.7</ele>
      </trkpt>
      <trkpt lat="44.96557" lon="14.98197">
        <ele>401.0</ele>
      </trkpt>
      <trkpt lat="44.96557" lon="14.98222">
        <ele>406.6</ele>
      </trkpt>
      <trkpt lat="44.96551" lon="14.98241">
        <ele>410.9</ele>
      </trkpt>
      <trkpt lat="44.9654" lon="14.9826">
        <ele>416.3</ele>
      </trkpt>
      <trkpt lat="44.96521" lon="14.98285">
        <ele>425.2</ele>
      </trkpt>
      <trkpt lat="44.965" lon="14.983">
        <ele>431.6</ele>
      </trkpt>
      <trkpt lat="44.9652" lon="14.98313">
        <ele>435.0</ele>
      </trkpt>
      <trkpt lat="44.96523" lon="14.98323">
        <ele>438.2</ele>
      </trkpt>
      <trkpt lat="44.96522" lon="14.98331">
        <ele>441.1</ele>
      </trkpt>
      <trkpt lat="44.96517" lon="14.98338">
        <ele>443.6</ele>
      </trkpt>
      <trkpt lat="44.9652" lon="14.98367">
        <ele>451.0</ele>
      </trkpt>
      <trkpt lat="44.96525" lon="14.984">
        <ele>459.2</ele>
      </trkpt>
      <trkpt lat="44.96525" lon="14.984">
        <ele>459.2</ele>
      </trkpt>
      <trkpt lat="44.96527" lon="14.98411">
        <ele>461.9</ele>
      </trkpt>
      <trkpt lat="44.96532" lon="14.98425">
        <ele>464.8</ele>
      </trkpt>
      <trkpt lat="44.96532" lon="14.98435">
        <ele>467.1</ele>
      </trkpt>
      <trkpt lat="44.96535" lon="14.98441">
        <ele>468.2</ele>
      </trkpt>
      <trkpt lat="44.9654" lon="14.9845">
        <ele>469.8</ele>
      </trkpt>
      <trkpt lat="44.96545" lon="14.98456">
        <ele>470.7</ele>
      </trkpt>
      <trkpt lat="44.9655" lon="14.98463">
        <ele>471.8</ele>
      </trkpt>
      <trkpt lat="44.96553" lon="14.98477">
        <ele>474.7</ele>
      </trkpt>
      <trkpt lat="44.9655" lon="14.98492">
        <ele>478.4</ele>
      </trkpt>
      <trkpt lat="44.96543" lon="14.98503">
        <ele>481.6</ele>
      </trkpt>
      <trkpt lat="44.9654" lon="14.98517">
        <ele>485.6</ele>
      </trkpt>
      <trkpt lat="44.9654" lon="14.98525">
        <ele>487.6</ele>
      </trkpt>
      <trkpt lat="44.96537" lon="14.98546">
        <ele>493.4</ele>
      </trkpt>
      <trkpt lat="44.96534" lon="14.98558">
        <ele>496.9</ele>
      </trkpt>
      <trkpt lat="44.96525" lon="14.98568">
        <ele>500.6</ele>
      </trkpt>
      <trkpt lat="44.96495" lon="14.98544">
        <ele>497.2</ele>
      </trkpt>
      <trkpt lat="44.96465" lon="14.98525">
        <ele>492.5</ele>
      </trkpt>
      <trkpt lat="44.96458" lon="14.98524">
        <ele>492.3</ele>
      </trkpt>
      <trkpt lat="44.96456" lon="14.98533">
        <ele>494.8</ele>
      </trkpt>
      <trkpt lat="44.96452" lon="14.9854">
        <ele>496.6</ele>
      </trkpt>
      <trkpt lat="44.96446" lon="14.98543">
        <ele>497.5</ele>
      </trkpt>
      <trkpt lat="44.96439" lon="14.98539">
        <ele>496.5</ele>
      </trkpt>
      <trkpt lat="44.9643" lon="14.98537">
        <ele>496.2</ele>
      </trkpt>
      <trkpt lat="44.96423" lon="14.98539">
        <ele>496.8</ele>
      </trkpt>
      <trkpt lat="44.9642" lon="14.98558">
        <ele>501.6</ele>
      </trkpt>
      <trkpt lat="44.96416" lon="14.98571">
        <ele>504.9</ele>
      </trkpt>
      <trkpt lat="44.96415" lon="14.98586">
        <ele>508.8</ele>
      </trkpt>
      <trkpt lat="44.96415" lon="14.98603">
        <ele>514.1</ele>
      </trkpt>
      <trkpt lat="44.96424" lon="14.98615">
        <ele>517.7</ele>
      </trkpt>
      <trkpt lat="44.96419" lon="14.98624">
        <ele>520.6</ele>
      </trkpt>
      <trkpt lat="44.96411" lon="14.98634">
        <ele>523.5</ele>
      </trkpt>
      <trkpt lat="44.96403" lon="14.98653">
        <ele>528.7</ele>
      </trkpt>
      <trkpt lat="44.96394" lon="14.98666">
        <ele>531.9</ele>
      </trkpt>
      <trkpt lat="44.96383" lon="14.98676">
        <ele>534.0</ele>
      </trkpt>
      <trkpt lat="44.96375" lon="14.98679">
        <ele>534.2</ele>
      </trkpt>
      <trkpt lat="44.96374" lon="14.98693">
        <ele>538.3</ele>
      </trkpt>
      <trkpt lat="44.96358" lon="14.98708">
        <ele>541.5</ele>
      </trkpt>
      <trkpt lat="44.96335" lon="14.98736">
        <ele>547.9</ele>
      </trkpt>
      <trkpt lat="44.96298" lon="14.98719">
        <ele>555.6</ele>
      </trkpt>
      <trkpt lat="44.96273" lon="14.98698">
        <ele>558.6</ele>
      </trkpt>
      <trkpt lat="44.96234" lon="14.98635">
        <ele>558.0</ele>
      </trkpt>
      <trkpt lat="44.96191" lon="14.98537">
        <ele>553.1</ele>
      </trkpt>
      <trkpt lat="44.96182" lon="14.98513">
        <ele>549.4</ele>
      </trkpt>
      <trkpt lat="44.96172" lon="14.98503">
        <ele>550.6</ele>
      </trkpt>
      <trkpt lat="44.96152" lon="14.985">
        <ele>558.7</ele>
      </trkpt>
      <trkpt lat="44.96144" lon="14.98496">
        <ele>561.4</ele>
      </trkpt>
      <trkpt lat="44.96139" lon="14.98488">
        <ele>562.0</ele>
      </trkpt>
      <trkpt lat="44.9613" lon="14.98452">
        <ele>559.1</ele>
      </trkpt>
      <trkpt lat="44.96125" lon="14.9844">
        <ele>559.5</ele>
      </trkpt>
      <trkpt lat="44.96121" lon="14.98416">
        <ele>557.3</ele>
      </trkpt>
      <trkpt lat="44.96119" lon="14.98395">
        <ele>556.2</ele>
      </trkpt>
      <trkpt lat="44.96119" lon="14.98373">
        <ele>553.8</ele>
      </trkpt>
      <trkpt lat="44.96106" lon="14.98322">
        <ele>556.5</ele>
      </trkpt>
    </trkseg>
  </trk>
</gpx>
