<?xml version="1.0" encoding="UTF-8"?>
<gpx xmlns:gpxdata="http://www.cluetrust.com/XML/GPXDATA/1/0" xmlns:xsi="http://www.w3.org/2001/XMLSchema-instance" xmlns="http://www.topografix.com/GPX/1/1" version="1.1" creator="http://ridewithgps.com/" xsi:schemaLocation="http://www.topografix.com/GPX/1/1 http://www.topografix.com/GPX/1/1/gpx.xsd http://www.cluetrust.com/XML/GPXDATA/1/0 http://www.cluetrust.com/Schemas/gpxdata10.xsd">
  <metadata>
    <name>TransDinarica - Dan 2</name>
    <link href="https://ridewithgps.com/routes/48491466">
      <text>TransDinarica - Dan 2</text>
    </link>
    <time>2024-09-18T13:33:12Z</time>
  </metadata>
  <trk>
    <name>TransDinarica - Dan 2</name>
    <trkseg>
      <trkpt lat="42.91537" lon="19.34072">
        <ele>1664.6</ele>
      </trkpt>
      <trkpt lat="42.91537" lon="19.34072">
        <ele>1664.6</ele>
      </trkpt>
      <trkpt lat="42.9154" lon="19.34092">
        <ele>1665.2</ele>
      </trkpt>
      <trkpt lat="42.91538" lon="19.34157">
        <ele>1666.9</ele>
      </trkpt>
      <trkpt lat="42.91535" lon="19.34223">
        <ele>1667.7</ele>
      </trkpt>
      <trkpt lat="42.91525" lon="19.3429">
        <ele>1667.8</ele>
      </trkpt>
      <trkpt lat="42.91515" lon="19.34358">
        <ele>1667.7</ele>
      </trkpt>
      <trkpt lat="42.91498" lon="19.34421">
        <ele>1668.5</ele>
      </trkpt>
      <trkpt lat="42.91481" lon="19.34484">
        <ele>1673.5</ele>
      </trkpt>
      <trkpt lat="42.91439" lon="19.34543">
        <ele>1680.1</ele>
      </trkpt>
      <trkpt lat="42.91436" lon="19.34577">
        <ele>1682.4</ele>
      </trkpt>
      <trkpt lat="42.91436" lon="19.34659">
        <ele>1684.5</ele>
      </trkpt>
      <trkpt lat="42.91416" lon="19.34719">
        <ele>1685.3</ele>
      </trkpt>
      <trkpt lat="42.91414" lon="19.34753">
        <ele>1686.3</ele>
      </trkpt>
      <trkpt lat="42.91406" lon="19.34819">
        <ele>1688.1</ele>
      </trkpt>
      <trkpt lat="42.91389" lon="19.34859">
        <ele>1690.0</ele>
      </trkpt>
      <trkpt lat="42.91352" lon="19.34939">
        <ele>1691.8</ele>
      </trkpt>
      <trkpt lat="42.91333" lon="19.35052">
        <ele>1694.5</ele>
      </trkpt>
      <trkpt lat="42.91314" lon="19.35165">
        <ele>1698.6</ele>
      </trkpt>
      <trkpt lat="42.91332" lon="19.35265">
        <ele>1704.1</ele>
      </trkpt>
      <trkpt lat="42.91318" lon="19.35358">
        <ele>1710.1</ele>
      </trkpt>
      <trkpt lat="42.91303" lon="19.35451">
        <ele>1715.3</ele>
      </trkpt>
      <trkpt lat="42.91269" lon="19.35485">
        <ele>1716.0</ele>
      </trkpt>
      <trkpt lat="42.91249" lon="19.35556">
        <ele>1717.4</ele>
      </trkpt>
      <trkpt lat="42.91228" lon="19.35627">
        <ele>1721.5</ele>
      </trkpt>
      <trkpt lat="42.91258" lon="19.35718">
        <ele>1725.4</ele>
      </trkpt>
      <trkpt lat="42.9126" lon="19.35741">
        <ele>1726.6</ele>
      </trkpt>
      <trkpt lat="42.9124" lon="19.3586">
        <ele>1727.5</ele>
      </trkpt>
      <trkpt lat="42.91219" lon="19.35935">
        <ele>1728.2</ele>
      </trkpt>
      <trkpt lat="42.91182" lon="19.36011">
        <ele>1728.6</ele>
      </trkpt>
      <trkpt lat="42.91155" lon="19.36042">
        <ele>1728.5</ele>
      </trkpt>
      <trkpt lat="42.91144" lon="19.3607">
        <ele>1728.2</ele>
      </trkpt>
      <trkpt lat="42.91127" lon="19.36164">
        <ele>1730.0</ele>
      </trkpt>
      <trkpt lat="42.91118" lon="19.3619">
        <ele>1730.9</ele>
      </trkpt>
      <trkpt lat="42.91081" lon="19.36248">
        <ele>1731.2</ele>
      </trkpt>
      <trkpt lat="42.91032" lon="19.36306">
        <ele>1738.1</ele>
      </trkpt>
      <trkpt lat="42.9101" lon="19.36331">
        <ele>1740.4</ele>
      </trkpt>
      <trkpt lat="42.90985" lon="19.36382">
        <ele>1742.1</ele>
      </trkpt>
      <trkpt lat="42.90955" lon="19.36396">
        <ele>1743.1</ele>
      </trkpt>
      <trkpt lat="42.90883" lon="19.3644">
        <ele>1746.2</ele>
      </trkpt>
      <trkpt lat="42.90832" lon="19.36478">
        <ele>1749.5</ele>
      </trkpt>
      <trkpt lat="42.90782" lon="19.36516">
        <ele>1744.8</ele>
      </trkpt>
      <trkpt lat="42.90762" lon="19.36542">
        <ele>1742.7</ele>
      </trkpt>
      <trkpt lat="42.90776" lon="19.36588">
        <ele>1746.0</ele>
      </trkpt>
      <trkpt lat="42.90785" lon="19.36619">
        <ele>1746.9</ele>
      </trkpt>
      <trkpt lat="42.90798" lon="19.367">
        <ele>1746.9</ele>
      </trkpt>
      <trkpt lat="42.90785" lon="19.36753">
        <ele>1743.5</ele>
      </trkpt>
      <trkpt lat="42.90788" lon="19.36804">
        <ele>1743.7</ele>
      </trkpt>
      <trkpt lat="42.90772" lon="19.36855">
        <ele>1741.8</ele>
      </trkpt>
      <trkpt lat="42.90784" lon="19.36889">
        <ele>1743.1</ele>
      </trkpt>
      <trkpt lat="42.9078" lon="19.36912">
        <ele>1742.8</ele>
      </trkpt>
      <trkpt lat="42.90763" lon="19.36941">
        <ele>1742.4</ele>
      </trkpt>
      <trkpt lat="42.90761" lon="19.3696">
        <ele>1742.9</ele>
      </trkpt>
      <trkpt lat="42.90754" lon="19.36977">
        <ele>1743.2</ele>
      </trkpt>
      <trkpt lat="42.90753" lon="19.37001">
        <ele>1744.0</ele>
      </trkpt>
      <trkpt lat="42.90767" lon="19.37093">
        <ele>1744.3</ele>
      </trkpt>
      <trkpt lat="42.90757" lon="19.37109">
        <ele>1743.0</ele>
      </trkpt>
      <trkpt lat="42.90757" lon="19.37128">
        <ele>1741.5</ele>
      </trkpt>
      <trkpt lat="42.9078" lon="19.37175">
        <ele>1739.3</ele>
      </trkpt>
      <trkpt lat="42.90778" lon="19.37185">
        <ele>1738.7</ele>
      </trkpt>
      <trkpt lat="42.90774" lon="19.37197">
        <ele>1737.7</ele>
      </trkpt>
      <trkpt lat="42.90774" lon="19.3723">
        <ele>1735.8</ele>
      </trkpt>
      <trkpt lat="42.90779" lon="19.37274">
        <ele>1733.3</ele>
      </trkpt>
      <trkpt lat="42.90783" lon="19.37287">
        <ele>1732.7</ele>
      </trkpt>
      <trkpt lat="42.908" lon="19.37304">
        <ele>1733.1</ele>
      </trkpt>
      <trkpt lat="42.90817" lon="19.37326">
        <ele>1733.0</ele>
      </trkpt>
      <trkpt lat="42.90841" lon="19.37335">
        <ele>1733.7</ele>
      </trkpt>
      <trkpt lat="42.90868" lon="19.37352">
        <ele>1731.6</ele>
      </trkpt>
      <trkpt lat="42.90897" lon="19.3736">
        <ele>1730.4</ele>
      </trkpt>
      <trkpt lat="42.90942" lon="19.3736">
        <ele>1728.1</ele>
      </trkpt>
      <trkpt lat="42.9095" lon="19.37364">
        <ele>1727.2</ele>
      </trkpt>
      <trkpt lat="42.90955" lon="19.37383">
        <ele>1725.8</ele>
      </trkpt>
      <trkpt lat="42.9096" lon="19.37405">
        <ele>1724.5</ele>
      </trkpt>
      <trkpt lat="42.90961" lon="19.37429">
        <ele>1724.4</ele>
      </trkpt>
      <trkpt lat="42.90951" lon="19.37449">
        <ele>1724.8</ele>
      </trkpt>
      <trkpt lat="42.90951" lon="19.37459">
        <ele>1725.0</ele>
      </trkpt>
      <trkpt lat="42.90953" lon="19.3747">
        <ele>1725.4</ele>
      </trkpt>
      <trkpt lat="42.90952" lon="19.37477">
        <ele>1725.5</ele>
      </trkpt>
      <trkpt lat="42.90948" lon="19.37488">
        <ele>1725.6</ele>
      </trkpt>
      <trkpt lat="42.90889" lon="19.3752">
        <ele>1725.9</ele>
      </trkpt>
      <trkpt lat="42.90881" lon="19.37534">
        <ele>1726.9</ele>
      </trkpt>
      <trkpt lat="42.90879" lon="19.37548">
        <ele>1727.6</ele>
      </trkpt>
      <trkpt lat="42.90889" lon="19.37585">
        <ele>1728.6</ele>
      </trkpt>
      <trkpt lat="42.90899" lon="19.37603">
        <ele>1727.6</ele>
      </trkpt>
      <trkpt lat="42.90903" lon="19.37613">
        <ele>1727.1</ele>
      </trkpt>
      <trkpt lat="42.90903" lon="19.37624">
        <ele>1726.8</ele>
      </trkpt>
      <trkpt lat="42.90878" lon="19.37679">
        <ele>1727.1</ele>
      </trkpt>
      <trkpt lat="42.90846" lon="19.37731">
        <ele>1728.3</ele>
      </trkpt>
      <trkpt lat="42.90825" lon="19.37776">
        <ele>1729.0</ele>
      </trkpt>
      <trkpt lat="42.90797" lon="19.37818">
        <ele>1728.4</ele>
      </trkpt>
      <trkpt lat="42.90776" lon="19.37835">
        <ele>1727.3</ele>
      </trkpt>
      <trkpt lat="42.90758" lon="19.37835">
        <ele>1728.1</ele>
      </trkpt>
      <trkpt lat="42.90742" lon="19.3783">
        <ele>1730.6</ele>
      </trkpt>
      <trkpt lat="42.90697" lon="19.37849">
        <ele>1729.7</ele>
      </trkpt>
      <trkpt lat="42.90662" lon="19.37884">
        <ele>1719.9</ele>
      </trkpt>
      <trkpt lat="42.90617" lon="19.37891">
        <ele>1720.2</ele>
      </trkpt>
      <trkpt lat="42.90571" lon="19.37899">
        <ele>1720.8</ele>
      </trkpt>
      <trkpt lat="42.90541" lon="19.37908">
        <ele>1721.3</ele>
      </trkpt>
      <trkpt lat="42.9054" lon="19.37918">
        <ele>1717.8</ele>
      </trkpt>
      <trkpt lat="42.90545" lon="19.37928">
        <ele>1714.2</ele>
      </trkpt>
      <trkpt lat="42.9056" lon="19.37918">
        <ele>1715.0</ele>
      </trkpt>
      <trkpt lat="42.90572" lon="19.37916">
        <ele>1713.9</ele>
      </trkpt>
      <trkpt lat="42.90598" lon="19.37915">
        <ele>1711.8</ele>
      </trkpt>
      <trkpt lat="42.90638" lon="19.37928">
        <ele>1705.5</ele>
      </trkpt>
      <trkpt lat="42.90685" lon="19.37931">
        <ele>1702.2</ele>
      </trkpt>
      <trkpt lat="42.90735" lon="19.37912">
        <ele>1705.2</ele>
      </trkpt>
      <trkpt lat="42.90755" lon="19.37918">
        <ele>1703.4</ele>
      </trkpt>
      <trkpt lat="42.90768" lon="19.37929">
        <ele>1703.7</ele>
      </trkpt>
      <trkpt lat="42.90783" lon="19.37938">
        <ele>1705.2</ele>
      </trkpt>
      <trkpt lat="42.90784" lon="19.37952">
        <ele>1704.3</ele>
      </trkpt>
      <trkpt lat="42.90777" lon="19.37955">
        <ele>1702.5</ele>
      </trkpt>
      <trkpt lat="42.90742" lon="19.37934">
        <ele>1700.2</ele>
      </trkpt>
      <trkpt lat="42.9069" lon="19.37961">
        <ele>1694.2</ele>
      </trkpt>
      <trkpt lat="42.90676" lon="19.37976">
        <ele>1689.6</ele>
      </trkpt>
      <trkpt lat="42.90665" lon="19.38003">
        <ele>1681.9</ele>
      </trkpt>
      <trkpt lat="42.90638" lon="19.3804">
        <ele>1679.9</ele>
      </trkpt>
      <trkpt lat="42.90599" lon="19.38065">
        <ele>1676.2</ele>
      </trkpt>
      <trkpt lat="42.90554" lon="19.38107">
        <ele>1670.4</ele>
      </trkpt>
      <trkpt lat="42.90497" lon="19.3813">
        <ele>1662.1</ele>
      </trkpt>
      <trkpt lat="42.90475" lon="19.38133">
        <ele>1658.1</ele>
      </trkpt>
      <trkpt lat="42.90461" lon="19.38135">
        <ele>1655.6</ele>
      </trkpt>
      <trkpt lat="42.90427" lon="19.38129">
        <ele>1653.4</ele>
      </trkpt>
      <trkpt lat="42.90415" lon="19.38122">
        <ele>1654.5</ele>
      </trkpt>
      <trkpt lat="42.90398" lon="19.38121">
        <ele>1654.7</ele>
      </trkpt>
      <trkpt lat="42.90383" lon="19.38128">
        <ele>1651.7</ele>
      </trkpt>
      <trkpt lat="42.90354" lon="19.38156">
        <ele>1638.5</ele>
      </trkpt>
      <trkpt lat="42.90349" lon="19.38171">
        <ele>1632.4</ele>
      </trkpt>
      <trkpt lat="42.90327" lon="19.38167">
        <ele>1630.7</ele>
      </trkpt>
      <trkpt lat="42.90313" lon="19.38164">
        <ele>1629.3</ele>
      </trkpt>
      <trkpt lat="42.90266" lon="19.38165">
        <ele>1619.8</ele>
      </trkpt>
      <trkpt lat="42.90264" lon="19.38171">
        <ele>1617.4</ele>
      </trkpt>
      <trkpt lat="42.90266" lon="19.38178">
        <ele>1615.7</ele>
      </trkpt>
      <trkpt lat="42.90296" lon="19.38177">
        <ele>1622.2</ele>
      </trkpt>
      <trkpt lat="42.90307" lon="19.38191">
        <ele>1621.3</ele>
      </trkpt>
      <trkpt lat="42.90312" lon="19.38213">
        <ele>1617.4</ele>
      </trkpt>
      <trkpt lat="42.9032" lon="19.38221">
        <ele>1617.9</ele>
      </trkpt>
      <trkpt lat="42.90369" lon="19.38195">
        <ele>1628.8</ele>
      </trkpt>
      <trkpt lat="42.90383" lon="19.38192">
        <ele>1630.4</ele>
      </trkpt>
      <trkpt lat="42.904" lon="19.382">
        <ele>1629.6</ele>
      </trkpt>
      <trkpt lat="42.90414" lon="19.38214">
        <ele>1626.9</ele>
      </trkpt>
      <trkpt lat="42.90415" lon="19.38236">
        <ele>1621.5</ele>
      </trkpt>
      <trkpt lat="42.90404" lon="19.38249">
        <ele>1617.9</ele>
      </trkpt>
      <trkpt lat="42.9036" lon="19.38284">
        <ele>1608.4</ele>
      </trkpt>
      <trkpt lat="42.90343" lon="19.38299">
        <ele>1602.9</ele>
      </trkpt>
      <trkpt lat="42.90347" lon="19.38308">
        <ele>1601.0</ele>
      </trkpt>
      <trkpt lat="42.90355" lon="19.38313">
        <ele>1600.7</ele>
      </trkpt>
      <trkpt lat="42.90439" lon="19.38299">
        <ele>1619.7</ele>
      </trkpt>
      <trkpt lat="42.90441" lon="19.38312">
        <ele>1620.3</ele>
      </trkpt>
      <trkpt lat="42.90416" lon="19.38353">
        <ele>1606.5</ele>
      </trkpt>
      <trkpt lat="42.90408" lon="19.38384">
        <ele>1604.0</ele>
      </trkpt>
      <trkpt lat="42.904" lon="19.38384">
        <ele>1600.4</ele>
      </trkpt>
      <trkpt lat="42.90397" lon="19.38375">
        <ele>1599.7</ele>
      </trkpt>
      <trkpt lat="42.90403" lon="19.38347">
        <ele>1603.2</ele>
      </trkpt>
      <trkpt lat="42.9039" lon="19.38336">
        <ele>1601.2</ele>
      </trkpt>
      <trkpt lat="42.90358" lon="19.38347">
        <ele>1592.2</ele>
      </trkpt>
      <trkpt lat="42.90343" lon="19.38357">
        <ele>1584.9</ele>
      </trkpt>
      <trkpt lat="42.9032" lon="19.38355">
        <ele>1577.8</ele>
      </trkpt>
      <trkpt lat="42.90307" lon="19.38346">
        <ele>1576.4</ele>
      </trkpt>
      <trkpt lat="42.90296" lon="19.38332">
        <ele>1577.2</ele>
      </trkpt>
      <trkpt lat="42.90269" lon="19.38316">
        <ele>1571.9</ele>
      </trkpt>
      <trkpt lat="42.90234" lon="19.38261">
        <ele>1574.0</ele>
      </trkpt>
      <trkpt lat="42.90203" lon="19.382">
        <ele>1571.7</ele>
      </trkpt>
      <trkpt lat="42.90162" lon="19.38129">
        <ele>1569.9</ele>
      </trkpt>
      <trkpt lat="42.90154" lon="19.38118">
        <ele>1568.5</ele>
      </trkpt>
      <trkpt lat="42.90148" lon="19.3812">
        <ele>1563.2</ele>
      </trkpt>
      <trkpt lat="42.90149" lon="19.38127">
        <ele>1561.2</ele>
      </trkpt>
      <trkpt lat="42.90163" lon="19.38164">
        <ele>1555.8</ele>
      </trkpt>
      <trkpt lat="42.90173" lon="19.38193">
        <ele>1552.7</ele>
      </trkpt>
      <trkpt lat="42.90195" lon="19.38274">
        <ele>1545.2</ele>
      </trkpt>
      <trkpt lat="42.90226" lon="19.38346">
        <ele>1544.7</ele>
      </trkpt>
      <trkpt lat="42.9023" lon="19.38357">
        <ele>1543.3</ele>
      </trkpt>
      <trkpt lat="42.90227" lon="19.38365">
        <ele>1540.1</ele>
      </trkpt>
      <trkpt lat="42.90222" lon="19.38371">
        <ele>1536.9</ele>
      </trkpt>
      <trkpt lat="42.90216" lon="19.38349">
        <ele>1540.1</ele>
      </trkpt>
      <trkpt lat="42.9021" lon="19.38333">
        <ele>1541.3</ele>
      </trkpt>
      <trkpt lat="42.90167" lon="19.38263">
        <ele>1528.3</ele>
      </trkpt>
      <trkpt lat="42.90159" lon="19.38257">
        <ele>1525.0</ele>
      </trkpt>
      <trkpt lat="42.90151" lon="19.38268">
        <ele>1520.3</ele>
      </trkpt>
      <trkpt lat="42.9015" lon="19.38283">
        <ele>1518.4</ele>
      </trkpt>
      <trkpt lat="42.90156" lon="19.38297">
        <ele>1520.1</ele>
      </trkpt>
      <trkpt lat="42.9017" lon="19.38326">
        <ele>1525.0</ele>
      </trkpt>
      <trkpt lat="42.90166" lon="19.38354">
        <ele>1520.1</ele>
      </trkpt>
      <trkpt lat="42.90168" lon="19.38375">
        <ele>1518.4</ele>
      </trkpt>
      <trkpt lat="42.90166" lon="19.3841">
        <ele>1513.4</ele>
      </trkpt>
      <trkpt lat="42.9016" lon="19.38431">
        <ele>1506.4</ele>
      </trkpt>
      <trkpt lat="42.90163" lon="19.38443">
        <ele>1505.4</ele>
      </trkpt>
      <trkpt lat="42.90178" lon="19.38454">
        <ele>1506.8</ele>
      </trkpt>
      <trkpt lat="42.90183" lon="19.38462">
        <ele>1505.6</ele>
      </trkpt>
      <trkpt lat="42.90199" lon="19.38466">
        <ele>1507.0</ele>
      </trkpt>
      <trkpt lat="42.90224" lon="19.38466">
        <ele>1510.5</ele>
      </trkpt>
      <trkpt lat="42.90244" lon="19.38458">
        <ele>1516.2</ele>
      </trkpt>
      <trkpt lat="42.90269" lon="19.38465">
        <ele>1521.9</ele>
      </trkpt>
      <trkpt lat="42.90271" lon="19.38478">
        <ele>1518.4</ele>
      </trkpt>
      <trkpt lat="42.90266" lon="19.38481">
        <ele>1515.4</ele>
      </trkpt>
      <trkpt lat="42.90255" lon="19.38477">
        <ele>1512.3</ele>
      </trkpt>
      <trkpt lat="42.90236" lon="19.38479">
        <ele>1507.9</ele>
      </trkpt>
      <trkpt lat="42.90218" lon="19.38485">
        <ele>1503.9</ele>
      </trkpt>
      <trkpt lat="42.90201" lon="19.38506">
        <ele>1496.7</ele>
      </trkpt>
      <trkpt lat="42.90186" lon="19.38514">
        <ele>1493.3</ele>
      </trkpt>
      <trkpt lat="42.90168" lon="19.38517">
        <ele>1490.3</ele>
      </trkpt>
      <trkpt lat="42.90148" lon="19.38509">
        <ele>1483.5</ele>
      </trkpt>
      <trkpt lat="42.90133" lon="19.38486">
        <ele>1481.5</ele>
      </trkpt>
      <trkpt lat="42.90126" lon="19.38463">
        <ele>1482.4</ele>
      </trkpt>
      <trkpt lat="42.90112" lon="19.38443">
        <ele>1478.8</ele>
      </trkpt>
      <trkpt lat="42.901" lon="19.38404">
        <ele>1478.2</ele>
      </trkpt>
      <trkpt lat="42.90093" lon="19.38379">
        <ele>1476.5</ele>
      </trkpt>
      <trkpt lat="42.90076" lon="19.38358">
        <ele>1468.0</ele>
      </trkpt>
      <trkpt lat="42.90067" lon="19.38336">
        <ele>1463.8</ele>
      </trkpt>
      <trkpt lat="42.90078" lon="19.38294">
        <ele>1479.6</ele>
      </trkpt>
      <trkpt lat="42.90079" lon="19.38268">
        <ele>1485.6</ele>
      </trkpt>
      <trkpt lat="42.90064" lon="19.38247">
        <ele>1480.4</ele>
      </trkpt>
      <trkpt lat="42.90056" lon="19.38233">
        <ele>1477.5</ele>
      </trkpt>
      <trkpt lat="42.90042" lon="19.38183">
        <ele>1477.0</ele>
      </trkpt>
      <trkpt lat="42.90028" lon="19.38125">
        <ele>1481.3</ele>
      </trkpt>
      <trkpt lat="42.90007" lon="19.38091">
        <ele>1476.5</ele>
      </trkpt>
      <trkpt lat="42.8997" lon="19.38034">
        <ele>1477.9</ele>
      </trkpt>
      <trkpt lat="42.89956" lon="19.38021">
        <ele>1475.8</ele>
      </trkpt>
      <trkpt lat="42.89908" lon="19.37993">
        <ele>1464.2</ele>
      </trkpt>
      <trkpt lat="42.89875" lon="19.37961">
        <ele>1466.1</ele>
      </trkpt>
      <trkpt lat="42.89859" lon="19.3794">
        <ele>1468.1</ele>
      </trkpt>
      <trkpt lat="42.89853" lon="19.37945">
        <ele>1464.5</ele>
      </trkpt>
      <trkpt lat="42.89858" lon="19.37954">
        <ele>1463.1</ele>
      </trkpt>
      <trkpt lat="42.89872" lon="19.37977">
        <ele>1459.6</ele>
      </trkpt>
      <trkpt lat="42.89895" lon="19.38022">
        <ele>1450.6</ele>
      </trkpt>
      <trkpt lat="42.89941" lon="19.38072">
        <ele>1450.4</ele>
      </trkpt>
      <trkpt lat="42.89953" lon="19.38147">
        <ele>1437.4</ele>
      </trkpt>
      <trkpt lat="42.90001" lon="19.38248">
        <ele>1441.0</ele>
      </trkpt>
      <trkpt lat="42.89986" lon="19.38261">
        <ele>1430.2</ele>
      </trkpt>
      <trkpt lat="42.89935" lon="19.38185">
        <ele>1420.3</ele>
      </trkpt>
      <trkpt lat="42.8992" lon="19.38159">
        <ele>1418.5</ele>
      </trkpt>
      <trkpt lat="42.89911" lon="19.38122">
        <ele>1424.2</ele>
      </trkpt>
      <trkpt lat="42.89905" lon="19.38115">
        <ele>1424.4</ele>
      </trkpt>
      <trkpt lat="42.89897" lon="19.38115">
        <ele>1422.3</ele>
      </trkpt>
      <trkpt lat="42.89897" lon="19.38126">
        <ele>1419.6</ele>
      </trkpt>
      <trkpt lat="42.89904" lon="19.38136">
        <ele>1418.9</ele>
      </trkpt>
      <trkpt lat="42.8991" lon="19.3815">
        <ele>1417.1</ele>
      </trkpt>
      <trkpt lat="42.89911" lon="19.3821">
        <ele>1404.4</ele>
      </trkpt>
      <trkpt lat="42.89915" lon="19.38227">
        <ele>1402.2</ele>
      </trkpt>
      <trkpt lat="42.89926" lon="19.38239">
        <ele>1404.9</ele>
      </trkpt>
      <trkpt lat="42.89928" lon="19.38245">
        <ele>1404.7</ele>
      </trkpt>
      <trkpt lat="42.89926" lon="19.38255">
        <ele>1401.5</ele>
      </trkpt>
      <trkpt lat="42.89901" lon="19.3824">
        <ele>1395.0</ele>
      </trkpt>
      <trkpt lat="42.89891" lon="19.38183">
        <ele>1404.1</ele>
      </trkpt>
      <trkpt lat="42.89885" lon="19.38174">
        <ele>1404.3</ele>
      </trkpt>
      <trkpt lat="42.89873" lon="19.38173">
        <ele>1401.0</ele>
      </trkpt>
      <trkpt lat="42.89859" lon="19.38174">
        <ele>1396.7</ele>
      </trkpt>
      <trkpt lat="42.89847" lon="19.3817">
        <ele>1394.2</ele>
      </trkpt>
      <trkpt lat="42.89827" lon="19.38145">
        <ele>1397.1</ele>
      </trkpt>
      <trkpt lat="42.8982" lon="19.38148">
        <ele>1396.0</ele>
      </trkpt>
      <trkpt lat="42.8982" lon="19.38157">
        <ele>1393.3</ele>
      </trkpt>
      <trkpt lat="42.8984" lon="19.38194">
        <ele>1386.4</ele>
      </trkpt>
      <trkpt lat="42.89867" lon="19.38215">
        <ele>1389.8</ele>
      </trkpt>
      <trkpt lat="42.89875" lon="19.38231">
        <ele>1388.7</ele>
      </trkpt>
      <trkpt lat="42.89879" lon="19.38301">
        <ele>1374.9</ele>
      </trkpt>
      <trkpt lat="42.89891" lon="19.3832">
        <ele>1374.2</ele>
      </trkpt>
      <trkpt lat="42.89907" lon="19.38329">
        <ele>1376.5</ele>
      </trkpt>
      <trkpt lat="42.89914" lon="19.38341">
        <ele>1376.9</ele>
      </trkpt>
      <trkpt lat="42.89914" lon="19.3836">
        <ele>1375.8</ele>
      </trkpt>
      <trkpt lat="42.89908" lon="19.38415">
        <ele>1371.5</ele>
      </trkpt>
      <trkpt lat="42.89909" lon="19.38458">
        <ele>1371.0</ele>
      </trkpt>
      <trkpt lat="42.89909" lon="19.38477">
        <ele>1370.7</ele>
      </trkpt>
      <trkpt lat="42.89898" lon="19.38503">
        <ele>1368.3</ele>
      </trkpt>
      <trkpt lat="42.89885" lon="19.38532">
        <ele>1369.1</ele>
      </trkpt>
      <trkpt lat="42.89874" lon="19.38547">
        <ele>1369.0</ele>
      </trkpt>
      <trkpt lat="42.89855" lon="19.38548">
        <ele>1365.9</ele>
      </trkpt>
      <trkpt lat="42.89825" lon="19.38529">
        <ele>1357.6</ele>
      </trkpt>
      <trkpt lat="42.89812" lon="19.38531">
        <ele>1355.9</ele>
      </trkpt>
      <trkpt lat="42.89807" lon="19.38544">
        <ele>1357.5</ele>
      </trkpt>
      <trkpt lat="42.89804" lon="19.38568">
        <ele>1361.4</ele>
      </trkpt>
      <trkpt lat="42.89792" lon="19.38581">
        <ele>1362.1</ele>
      </trkpt>
      <trkpt lat="42.89766" lon="19.38579">
        <ele>1358.3</ele>
      </trkpt>
      <trkpt lat="42.89722" lon="19.38571">
        <ele>1347.8</ele>
      </trkpt>
      <trkpt lat="42.89695" lon="19.38578">
        <ele>1343.1</ele>
      </trkpt>
      <trkpt lat="42.89668" lon="19.38569">
        <ele>1334.4</ele>
      </trkpt>
      <trkpt lat="42.89651" lon="19.38568">
        <ele>1330.7</ele>
      </trkpt>
      <trkpt lat="42.89639" lon="19.38579">
        <ele>1330.7</ele>
      </trkpt>
      <trkpt lat="42.89597" lon="19.38593">
        <ele>1326.5</ele>
      </trkpt>
      <trkpt lat="42.89556" lon="19.38594">
        <ele>1320.2</ele>
      </trkpt>
      <trkpt lat="42.89484" lon="19.38619">
        <ele>1319.8</ele>
      </trkpt>
      <trkpt lat="42.89438" lon="19.38669">
        <ele>1319.9</ele>
      </trkpt>
      <trkpt lat="42.89409" lon="19.38673">
        <ele>1316.7</ele>
      </trkpt>
      <trkpt lat="42.89373" lon="19.38705">
        <ele>1322.6</ele>
      </trkpt>
      <trkpt lat="42.89324" lon="19.3874">
        <ele>1314.1</ele>
      </trkpt>
      <trkpt lat="42.89274" lon="19.38775">
        <ele>1311.7</ele>
      </trkpt>
      <trkpt lat="42.89208" lon="19.38855">
        <ele>1309.8</ele>
      </trkpt>
      <trkpt lat="42.89164" lon="19.38929">
        <ele>1309.5</ele>
      </trkpt>
      <trkpt lat="42.89119" lon="19.39003">
        <ele>1307.3</ele>
      </trkpt>
      <trkpt lat="42.89083" lon="19.39027">
        <ele>1300.2</ele>
      </trkpt>
      <trkpt lat="42.8903" lon="19.39101">
        <ele>1297.9</ele>
      </trkpt>
      <trkpt lat="42.89025" lon="19.39144">
        <ele>1300.7</ele>
      </trkpt>
      <trkpt lat="42.89015" lon="19.39155">
        <ele>1298.7</ele>
      </trkpt>
      <trkpt lat="42.88969" lon="19.39193">
        <ele>1292.0</ele>
      </trkpt>
      <trkpt lat="42.88924" lon="19.3923">
        <ele>1284.1</ele>
      </trkpt>
      <trkpt lat="42.88903" lon="19.39259">
        <ele>1283.8</ele>
      </trkpt>
      <trkpt lat="42.88864" lon="19.39286">
        <ele>1279.4</ele>
      </trkpt>
      <trkpt lat="42.88844" lon="19.39327">
        <ele>1282.4</ele>
      </trkpt>
      <trkpt lat="42.88815" lon="19.39336">
        <ele>1275.2</ele>
      </trkpt>
      <trkpt lat="42.88802" lon="19.39347">
        <ele>1274.9</ele>
      </trkpt>
      <trkpt lat="42.88795" lon="19.3938">
        <ele>1283.8</ele>
      </trkpt>
      <trkpt lat="42.88781" lon="19.39373">
        <ele>1276.8</ele>
      </trkpt>
      <trkpt lat="42.88761" lon="19.39377">
        <ele>1271.3</ele>
      </trkpt>
      <trkpt lat="42.88739" lon="19.394">
        <ele>1270.9</ele>
      </trkpt>
      <trkpt lat="42.88714" lon="19.39412">
        <ele>1264.7</ele>
      </trkpt>
      <trkpt lat="42.88699" lon="19.39428">
        <ele>1261.8</ele>
      </trkpt>
      <trkpt lat="42.88699" lon="19.39428">
        <ele>1261.8</ele>
      </trkpt>
      <trkpt lat="42.88699" lon="19.39428">
        <ele>1261.8</ele>
      </trkpt>
      <trkpt lat="42.88658" lon="19.39474">
        <ele>1252.9</ele>
      </trkpt>
      <trkpt lat="42.88651" lon="19.39494">
        <ele>1253.9</ele>
      </trkpt>
      <trkpt lat="42.88642" lon="19.39511">
        <ele>1254.3</ele>
      </trkpt>
      <trkpt lat="42.88635" lon="19.39519">
        <ele>1253.8</ele>
      </trkpt>
      <trkpt lat="42.8855" lon="19.39513">
        <ele>1239.4</ele>
      </trkpt>
      <trkpt lat="42.88538" lon="19.39507">
        <ele>1238.6</ele>
      </trkpt>
      <trkpt lat="42.88528" lon="19.39509">
        <ele>1238.2</ele>
      </trkpt>
      <trkpt lat="42.8852" lon="19.39527">
        <ele>1237.9</ele>
      </trkpt>
      <trkpt lat="42.88519" lon="19.39558">
        <ele>1237.9</ele>
      </trkpt>
      <trkpt lat="42.88531" lon="19.39592">
        <ele>1240.0</ele>
      </trkpt>
      <trkpt lat="42.88529" lon="19.39613">
        <ele>1239.9</ele>
      </trkpt>
      <trkpt lat="42.88509" lon="19.39647">
        <ele>1235.6</ele>
      </trkpt>
      <trkpt lat="42.88489" lon="19.39724">
        <ele>1237.7</ele>
      </trkpt>
      <trkpt lat="42.88458" lon="19.39759">
        <ele>1233.2</ele>
      </trkpt>
      <trkpt lat="42.8842" lon="19.39792">
        <ele>1226.5</ele>
      </trkpt>
      <trkpt lat="42.88381" lon="19.39825">
        <ele>1217.2</ele>
      </trkpt>
      <trkpt lat="42.88359" lon="19.39876">
        <ele>1211.7</ele>
      </trkpt>
      <trkpt lat="42.88347" lon="19.39938">
        <ele>1212.3</ele>
      </trkpt>
      <trkpt lat="42.88341" lon="19.39958">
        <ele>1213.2</ele>
      </trkpt>
      <trkpt lat="42.88306" lon="19.40005">
        <ele>1209.6</ele>
      </trkpt>
      <trkpt lat="42.88295" lon="19.40031">
        <ele>1208.3</ele>
      </trkpt>
      <trkpt lat="42.88286" lon="19.40048">
        <ele>1206.5</ele>
      </trkpt>
      <trkpt lat="42.88273" lon="19.40051">
        <ele>1202.2</ele>
      </trkpt>
      <trkpt lat="42.88258" lon="19.40043">
        <ele>1196.7</ele>
      </trkpt>
      <trkpt lat="42.8822" lon="19.40043">
        <ele>1190.2</ele>
      </trkpt>
      <trkpt lat="42.88201" lon="19.40053">
        <ele>1187.9</ele>
      </trkpt>
      <trkpt lat="42.88156" lon="19.40069">
        <ele>1184.2</ele>
      </trkpt>
      <trkpt lat="42.88128" lon="19.4009">
        <ele>1185.8</ele>
      </trkpt>
      <trkpt lat="42.88128" lon="19.4009">
        <ele>1185.8</ele>
      </trkpt>
      <trkpt lat="42.88128" lon="19.4009">
        <ele>1185.8</ele>
      </trkpt>
      <trkpt lat="42.88128" lon="19.4009">
        <ele>1185.8</ele>
      </trkpt>
      <trkpt lat="42.88116" lon="19.40099">
        <ele>1185.8</ele>
      </trkpt>
      <trkpt lat="42.88101" lon="19.40128">
        <ele>1182.8</ele>
      </trkpt>
      <trkpt lat="42.88097" lon="19.40143">
        <ele>1180.7</ele>
      </trkpt>
      <trkpt lat="42.8809" lon="19.40184">
        <ele>1174.7</ele>
      </trkpt>
      <trkpt lat="42.88084" lon="19.40209">
        <ele>1170.1</ele>
      </trkpt>
      <trkpt lat="42.88075" lon="19.40226">
        <ele>1169.4</ele>
      </trkpt>
      <trkpt lat="42.88067" lon="19.40232">
        <ele>1170.2</ele>
      </trkpt>
      <trkpt lat="42.88065" lon="19.4024">
        <ele>1168.9</ele>
      </trkpt>
      <trkpt lat="42.88067" lon="19.40273">
        <ele>1163.4</ele>
      </trkpt>
      <trkpt lat="42.88062" lon="19.40293">
        <ele>1160.8</ele>
      </trkpt>
      <trkpt lat="42.88046" lon="19.40337">
        <ele>1152.5</ele>
      </trkpt>
      <trkpt lat="42.88039" lon="19.40364">
        <ele>1147.8</ele>
      </trkpt>
      <trkpt lat="42.88042" lon="19.40373">
        <ele>1147.1</ele>
      </trkpt>
      <trkpt lat="42.88051" lon="19.40392">
        <ele>1146.4</ele>
      </trkpt>
      <trkpt lat="42.88076" lon="19.40428">
        <ele>1150.9</ele>
      </trkpt>
      <trkpt lat="42.88073" lon="19.40435">
        <ele>1150.6</ele>
      </trkpt>
      <trkpt lat="42.88071" lon="19.40438">
        <ele>1150.3</ele>
      </trkpt>
      <trkpt lat="42.88059" lon="19.40445">
        <ele>1147.6</ele>
      </trkpt>
      <trkpt lat="42.88046" lon="19.40454">
        <ele>1144.8</ele>
      </trkpt>
      <trkpt lat="42.88034" lon="19.40467">
        <ele>1142.6</ele>
      </trkpt>
      <trkpt lat="42.87996" lon="19.40527">
        <ele>1137.5</ele>
      </trkpt>
      <trkpt lat="42.87981" lon="19.40559">
        <ele>1136.8</ele>
      </trkpt>
      <trkpt lat="42.87978" lon="19.40567">
        <ele>1136.8</ele>
      </trkpt>
      <trkpt lat="42.87974" lon="19.40578">
        <ele>1136.7</ele>
      </trkpt>
      <trkpt lat="42.87971" lon="19.40598">
        <ele>1137.0</ele>
      </trkpt>
      <trkpt lat="42.87967" lon="19.4065">
        <ele>1138.2</ele>
      </trkpt>
      <trkpt lat="42.87963" lon="19.40668">
        <ele>1138.1</ele>
      </trkpt>
      <trkpt lat="42.87961" lon="19.40685">
        <ele>1138.5</ele>
      </trkpt>
      <trkpt lat="42.87959" lon="19.40718">
        <ele>1139.6</ele>
      </trkpt>
      <trkpt lat="42.87953" lon="19.40769">
        <ele>1140.2</ele>
      </trkpt>
      <trkpt lat="42.87951" lon="19.4078">
        <ele>1140.0</ele>
      </trkpt>
      <trkpt lat="42.87948" lon="19.40794">
        <ele>1139.6</ele>
      </trkpt>
      <trkpt lat="42.87933" lon="19.40811">
        <ele>1136.4</ele>
      </trkpt>
      <trkpt lat="42.87925" lon="19.40825">
        <ele>1134.8</ele>
      </trkpt>
      <trkpt lat="42.87915" lon="19.40845">
        <ele>1133.3</ele>
      </trkpt>
      <trkpt lat="42.87908" lon="19.40871">
        <ele>1133.3</ele>
      </trkpt>
      <trkpt lat="42.87904" lon="19.40884">
        <ele>1133.1</ele>
      </trkpt>
      <trkpt lat="42.87871" lon="19.4094">
        <ele>1130.0</ele>
      </trkpt>
      <trkpt lat="42.87848" lon="19.40991">
        <ele>1129.0</ele>
      </trkpt>
      <trkpt lat="42.87839" lon="19.41006">
        <ele>1127.2</ele>
      </trkpt>
      <trkpt lat="42.87835" lon="19.41017">
        <ele>1126.4</ele>
      </trkpt>
      <trkpt lat="42.87834" lon="19.41032">
        <ele>1126.8</ele>
      </trkpt>
      <trkpt lat="42.87835" lon="19.41052">
        <ele>1128.1</ele>
      </trkpt>
      <trkpt lat="42.87835" lon="19.41066">
        <ele>1128.8</ele>
      </trkpt>
      <trkpt lat="42.87832" lon="19.41087">
        <ele>1129.0</ele>
      </trkpt>
      <trkpt lat="42.87827" lon="19.41108">
        <ele>1129.9</ele>
      </trkpt>
      <trkpt lat="42.87807" lon="19.41152">
        <ele>1129.3</ele>
      </trkpt>
      <trkpt lat="42.87795" lon="19.41168">
        <ele>1127.9</ele>
      </trkpt>
      <trkpt lat="42.87788" lon="19.41182">
        <ele>1127.8</ele>
      </trkpt>
      <trkpt lat="42.87781" lon="19.412">
        <ele>1128.0</ele>
      </trkpt>
      <trkpt lat="42.87775" lon="19.41217">
        <ele>1128.4</ele>
      </trkpt>
      <trkpt lat="42.87769" lon="19.41232">
        <ele>1128.6</ele>
      </trkpt>
      <trkpt lat="42.87756" lon="19.41248">
        <ele>1127.2</ele>
      </trkpt>
      <trkpt lat="42.87737" lon="19.41274">
        <ele>1125.3</ele>
      </trkpt>
      <trkpt lat="42.87703" lon="19.41324">
        <ele>1122.5</ele>
      </trkpt>
      <trkpt lat="42.87679" lon="19.41366">
        <ele>1121.2</ele>
      </trkpt>
      <trkpt lat="42.8767" lon="19.41377">
        <ele>1120.2</ele>
      </trkpt>
      <trkpt lat="42.87637" lon="19.41397">
        <ele>1115.1</ele>
      </trkpt>
      <trkpt lat="42.87615" lon="19.41421">
        <ele>1113.5</ele>
      </trkpt>
      <trkpt lat="42.87603" lon="19.41426">
        <ele>1112.2</ele>
      </trkpt>
      <trkpt lat="42.87588" lon="19.4143">
        <ele>1110.1</ele>
      </trkpt>
      <trkpt lat="42.87555" lon="19.41432">
        <ele>1103.2</ele>
      </trkpt>
      <trkpt lat="42.87542" lon="19.41436">
        <ele>1100.9</ele>
      </trkpt>
      <trkpt lat="42.87533" lon="19.41441">
        <ele>1099.5</ele>
      </trkpt>
      <trkpt lat="42.87519" lon="19.41457">
        <ele>1098.4</ele>
      </trkpt>
      <trkpt lat="42.87498" lon="19.41491">
        <ele>1097.7</ele>
      </trkpt>
      <trkpt lat="42.87495" lon="19.41501">
        <ele>1098.5</ele>
      </trkpt>
      <trkpt lat="42.8749" lon="19.41512">
        <ele>1098.8</ele>
      </trkpt>
      <trkpt lat="42.87485" lon="19.41519">
        <ele>1098.7</ele>
      </trkpt>
      <trkpt lat="42.87475" lon="19.41529">
        <ele>1098.1</ele>
      </trkpt>
      <trkpt lat="42.87433" lon="19.41561">
        <ele>1093.4</ele>
      </trkpt>
      <trkpt lat="42.87429" lon="19.41567">
        <ele>1092.9</ele>
      </trkpt>
      <trkpt lat="42.87425" lon="19.41576">
        <ele>1092.4</ele>
      </trkpt>
      <trkpt lat="42.87422" lon="19.41587">
        <ele>1091.8</ele>
      </trkpt>
      <trkpt lat="42.87419" lon="19.41608">
        <ele>1090.5</ele>
      </trkpt>
      <trkpt lat="42.87417" lon="19.41648">
        <ele>1088.7</ele>
      </trkpt>
      <trkpt lat="42.87415" lon="19.41662">
        <ele>1088.0</ele>
      </trkpt>
      <trkpt lat="42.87408" lon="19.41676">
        <ele>1087.7</ele>
      </trkpt>
      <trkpt lat="42.8737" lon="19.4175">
        <ele>1087.1</ele>
      </trkpt>
      <trkpt lat="42.87357" lon="19.41772">
        <ele>1089.1</ele>
      </trkpt>
      <trkpt lat="42.87344" lon="19.41787">
        <ele>1089.2</ele>
      </trkpt>
      <trkpt lat="42.8729" lon="19.4183">
        <ele>1085.0</ele>
      </trkpt>
      <trkpt lat="42.87257" lon="19.41865">
        <ele>1083.4</ele>
      </trkpt>
      <trkpt lat="42.8725" lon="19.41875">
        <ele>1083.0</ele>
      </trkpt>
      <trkpt lat="42.87235" lon="19.41904">
        <ele>1082.9</ele>
      </trkpt>
      <trkpt lat="42.87223" lon="19.41931">
        <ele>1082.9</ele>
      </trkpt>
      <trkpt lat="42.87207" lon="19.41955">
        <ele>1081.9</ele>
      </trkpt>
      <trkpt lat="42.8719" lon="19.41994">
        <ele>1082.2</ele>
      </trkpt>
      <trkpt lat="42.87181" lon="19.42011">
        <ele>1081.6</ele>
      </trkpt>
      <trkpt lat="42.87149" lon="19.42051">
        <ele>1078.2</ele>
      </trkpt>
      <trkpt lat="42.87119" lon="19.42081">
        <ele>1075.9</ele>
      </trkpt>
      <trkpt lat="42.87095" lon="19.42096">
        <ele>1073.4</ele>
      </trkpt>
      <trkpt lat="42.87088" lon="19.42097">
        <ele>1072.4</ele>
      </trkpt>
      <trkpt lat="42.87061" lon="19.42086">
        <ele>1064.5</ele>
      </trkpt>
      <trkpt lat="42.87056" lon="19.42087">
        <ele>1063.0</ele>
      </trkpt>
      <trkpt lat="42.87044" lon="19.42095">
        <ele>1060.0</ele>
      </trkpt>
      <trkpt lat="42.8703" lon="19.42122">
        <ele>1057.8</ele>
      </trkpt>
      <trkpt lat="42.87003" lon="19.42178">
        <ele>1054.6</ele>
      </trkpt>
      <trkpt lat="42.86985" lon="19.42224">
        <ele>1051.7</ele>
      </trkpt>
      <trkpt lat="42.86979" lon="19.42247">
        <ele>1051.0</ele>
      </trkpt>
      <trkpt lat="42.86976" lon="19.42271">
        <ele>1050.3</ele>
      </trkpt>
      <trkpt lat="42.86973" lon="19.42295">
        <ele>1049.5</ele>
      </trkpt>
      <trkpt lat="42.86968" lon="19.42312">
        <ele>1048.0</ele>
      </trkpt>
      <trkpt lat="42.86955" lon="19.42336">
        <ele>1044.0</ele>
      </trkpt>
      <trkpt lat="42.86952" lon="19.42341">
        <ele>1043.1</ele>
      </trkpt>
      <trkpt lat="42.86945" lon="19.42361">
        <ele>1041.5</ele>
      </trkpt>
      <trkpt lat="42.86942" lon="19.42376">
        <ele>1041.1</ele>
      </trkpt>
      <trkpt lat="42.86937" lon="19.42406">
        <ele>1040.9</ele>
      </trkpt>
      <trkpt lat="42.86929" lon="19.42453">
        <ele>1041.1</ele>
      </trkpt>
      <trkpt lat="42.86923" lon="19.42496">
        <ele>1042.1</ele>
      </trkpt>
      <trkpt lat="42.86921" lon="19.42533">
        <ele>1043.0</ele>
      </trkpt>
      <trkpt lat="42.86913" lon="19.42616">
        <ele>1041.7</ele>
      </trkpt>
      <trkpt lat="42.86906" lon="19.4267">
        <ele>1037.7</ele>
      </trkpt>
      <trkpt lat="42.86902" lon="19.42706">
        <ele>1035.6</ele>
      </trkpt>
      <trkpt lat="42.869" lon="19.42765">
        <ele>1034.1</ele>
      </trkpt>
      <trkpt lat="42.86902" lon="19.42789">
        <ele>1034.7</ele>
      </trkpt>
      <trkpt lat="42.86902" lon="19.42808">
        <ele>1034.6</ele>
      </trkpt>
      <trkpt lat="42.86901" lon="19.42823">
        <ele>1034.2</ele>
      </trkpt>
      <trkpt lat="42.86899" lon="19.4284">
        <ele>1033.5</ele>
      </trkpt>
      <trkpt lat="42.86893" lon="19.42898">
        <ele>1032.3</ele>
      </trkpt>
      <trkpt lat="42.86881" lon="19.42983">
        <ele>1031.1</ele>
      </trkpt>
      <trkpt lat="42.8688" lon="19.43004">
        <ele>1031.3</ele>
      </trkpt>
      <trkpt lat="42.8688" lon="19.43037">
        <ele>1031.3</ele>
      </trkpt>
      <trkpt lat="42.86884" lon="19.431">
        <ele>1031.8</ele>
      </trkpt>
      <trkpt lat="42.86889" lon="19.43163">
        <ele>1030.8</ele>
      </trkpt>
      <trkpt lat="42.86892" lon="19.43196">
        <ele>1029.8</ele>
      </trkpt>
      <trkpt lat="42.86892" lon="19.43212">
        <ele>1028.9</ele>
      </trkpt>
      <trkpt lat="42.8689" lon="19.43224">
        <ele>1027.7</ele>
      </trkpt>
      <trkpt lat="42.86867" lon="19.4329">
        <ele>1023.0</ele>
      </trkpt>
      <trkpt lat="42.86844" lon="19.43356">
        <ele>1019.9</ele>
      </trkpt>
      <trkpt lat="42.86824" lon="19.43431">
        <ele>1018.3</ele>
      </trkpt>
      <trkpt lat="42.86819" lon="19.43442">
        <ele>1018.0</ele>
      </trkpt>
      <trkpt lat="42.86813" lon="19.4345">
        <ele>1017.5</ele>
      </trkpt>
      <trkpt lat="42.86785" lon="19.4348">
        <ele>1014.2</ele>
      </trkpt>
      <trkpt lat="42.86776" lon="19.43492">
        <ele>1013.1</ele>
      </trkpt>
      <trkpt lat="42.86771" lon="19.43505">
        <ele>1012.3</ele>
      </trkpt>
      <trkpt lat="42.86753" lon="19.43577">
        <ele>1004.3</ele>
      </trkpt>
      <trkpt lat="42.86745" lon="19.43613">
        <ele>1000.6</ele>
      </trkpt>
      <trkpt lat="42.86736" lon="19.43637">
        <ele>998.2</ele>
      </trkpt>
      <trkpt lat="42.8672" lon="19.43686">
        <ele>996.2</ele>
      </trkpt>
      <trkpt lat="42.86712" lon="19.43699">
        <ele>995.8</ele>
      </trkpt>
      <trkpt lat="42.86704" lon="19.43711">
        <ele>995.4</ele>
      </trkpt>
      <trkpt lat="42.86692" lon="19.43741">
        <ele>994.8</ele>
      </trkpt>
      <trkpt lat="42.8668" lon="19.43767">
        <ele>993.7</ele>
      </trkpt>
      <trkpt lat="42.86673" lon="19.43787">
        <ele>992.9</ele>
      </trkpt>
      <trkpt lat="42.86661" lon="19.43841">
        <ele>990.8</ele>
      </trkpt>
      <trkpt lat="42.86653" lon="19.43866">
        <ele>988.7</ele>
      </trkpt>
      <trkpt lat="42.86641" lon="19.439">
        <ele>986.0</ele>
      </trkpt>
      <trkpt lat="42.8663" lon="19.43944">
        <ele>984.4</ele>
      </trkpt>
      <trkpt lat="42.86624" lon="19.43962">
        <ele>983.6</ele>
      </trkpt>
      <trkpt lat="42.8662" lon="19.43968">
        <ele>983.0</ele>
      </trkpt>
      <trkpt lat="42.86615" lon="19.43973">
        <ele>982.1</ele>
      </trkpt>
      <trkpt lat="42.86612" lon="19.43974">
        <ele>981.6</ele>
      </trkpt>
      <trkpt lat="42.86607" lon="19.43969">
        <ele>980.8</ele>
      </trkpt>
      <trkpt lat="42.866" lon="19.43963">
        <ele>979.6</ele>
      </trkpt>
      <trkpt lat="42.8659" lon="19.43959">
        <ele>978.1</ele>
      </trkpt>
      <trkpt lat="42.86586" lon="19.43962">
        <ele>977.4</ele>
      </trkpt>
      <trkpt lat="42.86585" lon="19.43967">
        <ele>977.1</ele>
      </trkpt>
      <trkpt lat="42.86583" lon="19.43973">
        <ele>976.6</ele>
      </trkpt>
      <trkpt lat="42.86584" lon="19.43979">
        <ele>976.6</ele>
      </trkpt>
      <trkpt lat="42.86587" lon="19.43997">
        <ele>976.8</ele>
      </trkpt>
      <trkpt lat="42.8659" lon="19.44006">
        <ele>977.2</ele>
      </trkpt>
      <trkpt lat="42.86599" lon="19.44052">
        <ele>979.1</ele>
      </trkpt>
      <trkpt lat="42.86597" lon="19.44059">
        <ele>978.6</ele>
      </trkpt>
      <trkpt lat="42.86593" lon="19.44062">
        <ele>977.6</ele>
      </trkpt>
      <trkpt lat="42.86588" lon="19.44063">
        <ele>976.4</ele>
      </trkpt>
      <trkpt lat="42.8657" lon="19.4406">
        <ele>974.4</ele>
      </trkpt>
      <trkpt lat="42.86562" lon="19.44062">
        <ele>973.9</ele>
      </trkpt>
      <trkpt lat="42.86557" lon="19.44068">
        <ele>973.5</ele>
      </trkpt>
      <trkpt lat="42.86552" lon="19.44079">
        <ele>973.2</ele>
      </trkpt>
      <trkpt lat="42.86534" lon="19.44187">
        <ele>973.6</ele>
      </trkpt>
      <trkpt lat="42.86533" lon="19.44218">
        <ele>973.9</ele>
      </trkpt>
      <trkpt lat="42.86535" lon="19.44243">
        <ele>974.3</ele>
      </trkpt>
      <trkpt lat="42.86534" lon="19.44254">
        <ele>974.3</ele>
      </trkpt>
      <trkpt lat="42.86528" lon="19.44294">
        <ele>974.4</ele>
      </trkpt>
      <trkpt lat="42.86515" lon="19.4433">
        <ele>973.1</ele>
      </trkpt>
      <trkpt lat="42.86502" lon="19.44363">
        <ele>971.0</ele>
      </trkpt>
      <trkpt lat="42.86493" lon="19.44378">
        <ele>970.5</ele>
      </trkpt>
      <trkpt lat="42.8648" lon="19.44413">
        <ele>970.1</ele>
      </trkpt>
      <trkpt lat="42.86473" lon="19.44434">
        <ele>970.0</ele>
      </trkpt>
      <trkpt lat="42.86453" lon="19.44505">
        <ele>969.5</ele>
      </trkpt>
      <trkpt lat="42.86451" lon="19.4453">
        <ele>970.1</ele>
      </trkpt>
      <trkpt lat="42.86447" lon="19.4458">
        <ele>971.4</ele>
      </trkpt>
      <trkpt lat="42.86451" lon="19.44603">
        <ele>971.7</ele>
      </trkpt>
      <trkpt lat="42.86456" lon="19.44636">
        <ele>971.9</ele>
      </trkpt>
      <trkpt lat="42.86458" lon="19.44662">
        <ele>972.0</ele>
      </trkpt>
      <trkpt lat="42.86459" lon="19.44682">
        <ele>971.9</ele>
      </trkpt>
      <trkpt lat="42.86453" lon="19.4472">
        <ele>971.3</ele>
      </trkpt>
      <trkpt lat="42.86455" lon="19.44754">
        <ele>971.2</ele>
      </trkpt>
      <trkpt lat="42.86455" lon="19.44774">
        <ele>971.7</ele>
      </trkpt>
      <trkpt lat="42.86447" lon="19.44822">
        <ele>971.8</ele>
      </trkpt>
      <trkpt lat="42.86442" lon="19.44847">
        <ele>972.1</ele>
      </trkpt>
      <trkpt lat="42.86427" lon="19.44891">
        <ele>971.4</ele>
      </trkpt>
      <trkpt lat="42.86416" lon="19.4492">
        <ele>970.0</ele>
      </trkpt>
      <trkpt lat="42.86405" lon="19.44955">
        <ele>969.8</ele>
      </trkpt>
      <trkpt lat="42.86395" lon="19.44982">
        <ele>969.4</ele>
      </trkpt>
      <trkpt lat="42.86386" lon="19.45033">
        <ele>968.9</ele>
      </trkpt>
      <trkpt lat="42.86379" lon="19.45061">
        <ele>968.2</ele>
      </trkpt>
      <trkpt lat="42.86374" lon="19.45091">
        <ele>967.7</ele>
      </trkpt>
      <trkpt lat="42.86363" lon="19.45132">
        <ele>967.9</ele>
      </trkpt>
      <trkpt lat="42.86356" lon="19.45164">
        <ele>968.2</ele>
      </trkpt>
      <trkpt lat="42.86351" lon="19.45197">
        <ele>968.8</ele>
      </trkpt>
      <trkpt lat="42.86349" lon="19.45227">
        <ele>969.5</ele>
      </trkpt>
      <trkpt lat="42.86351" lon="19.45275">
        <ele>972.3</ele>
      </trkpt>
      <trkpt lat="42.86348" lon="19.45297">
        <ele>972.6</ele>
      </trkpt>
      <trkpt lat="42.86343" lon="19.45313">
        <ele>972.0</ele>
      </trkpt>
      <trkpt lat="42.86342" lon="19.45335">
        <ele>972.7</ele>
      </trkpt>
      <trkpt lat="42.86341" lon="19.45367">
        <ele>971.5</ele>
      </trkpt>
      <trkpt lat="42.86341" lon="19.45426">
        <ele>970.4</ele>
      </trkpt>
      <trkpt lat="42.8634" lon="19.45452">
        <ele>970.4</ele>
      </trkpt>
      <trkpt lat="42.86338" lon="19.45481">
        <ele>970.1</ele>
      </trkpt>
      <trkpt lat="42.86334" lon="19.45518">
        <ele>969.2</ele>
      </trkpt>
      <trkpt lat="42.86317" lon="19.45607">
        <ele>967.0</ele>
      </trkpt>
      <trkpt lat="42.86314" lon="19.45635">
        <ele>966.2</ele>
      </trkpt>
      <trkpt lat="42.86309" lon="19.45703">
        <ele>965.5</ele>
      </trkpt>
      <trkpt lat="42.86313" lon="19.45721">
        <ele>966.0</ele>
      </trkpt>
      <trkpt lat="42.86318" lon="19.45735">
        <ele>966.8</ele>
      </trkpt>
      <trkpt lat="42.86324" lon="19.45743">
        <ele>967.6</ele>
      </trkpt>
      <trkpt lat="42.86329" lon="19.45759">
        <ele>969.1</ele>
      </trkpt>
      <trkpt lat="42.86335" lon="19.45837">
        <ele>975.7</ele>
      </trkpt>
      <trkpt lat="42.86339" lon="19.45906">
        <ele>976.7</ele>
      </trkpt>
      <trkpt lat="42.86345" lon="19.45965">
        <ele>977.6</ele>
      </trkpt>
      <trkpt lat="42.86359" lon="19.46052">
        <ele>982.1</ele>
      </trkpt>
      <trkpt lat="42.86361" lon="19.4607">
        <ele>982.8</ele>
      </trkpt>
      <trkpt lat="42.86362" lon="19.46091">
        <ele>983.2</ele>
      </trkpt>
      <trkpt lat="42.86358" lon="19.46163">
        <ele>982.3</ele>
      </trkpt>
      <trkpt lat="42.86354" lon="19.46218">
        <ele>982.2</ele>
      </trkpt>
      <trkpt lat="42.86354" lon="19.46236">
        <ele>982.8</ele>
      </trkpt>
      <trkpt lat="42.86357" lon="19.46257">
        <ele>984.5</ele>
      </trkpt>
      <trkpt lat="42.8636" lon="19.46286">
        <ele>986.0</ele>
      </trkpt>
      <trkpt lat="42.86359" lon="19.46312">
        <ele>985.9</ele>
      </trkpt>
      <trkpt lat="42.86354" lon="19.46371">
        <ele>985.1</ele>
      </trkpt>
      <trkpt lat="42.86349" lon="19.46409">
        <ele>983.8</ele>
      </trkpt>
      <trkpt lat="42.86346" lon="19.46451">
        <ele>984.7</ele>
      </trkpt>
      <trkpt lat="42.86338" lon="19.46507">
        <ele>984.5</ele>
      </trkpt>
      <trkpt lat="42.86317" lon="19.46572">
        <ele>981.9</ele>
      </trkpt>
      <trkpt lat="42.86309" lon="19.46607">
        <ele>981.3</ele>
      </trkpt>
      <trkpt lat="42.86302" lon="19.46637">
        <ele>980.4</ele>
      </trkpt>
      <trkpt lat="42.863" lon="19.4666">
        <ele>980.7</ele>
      </trkpt>
      <trkpt lat="42.86293" lon="19.46718">
        <ele>979.9</ele>
      </trkpt>
      <trkpt lat="42.86292" lon="19.46739">
        <ele>979.9</ele>
      </trkpt>
      <trkpt lat="42.86299" lon="19.46767">
        <ele>982.5</ele>
      </trkpt>
      <trkpt lat="42.86303" lon="19.46785">
        <ele>983.8</ele>
      </trkpt>
      <trkpt lat="42.86305" lon="19.46805">
        <ele>984.5</ele>
      </trkpt>
      <trkpt lat="42.86304" lon="19.46825">
        <ele>984.1</ele>
      </trkpt>
      <trkpt lat="42.86302" lon="19.46839">
        <ele>983.6</ele>
      </trkpt>
      <trkpt lat="42.86296" lon="19.46858">
        <ele>982.0</ele>
      </trkpt>
      <trkpt lat="42.86295" lon="19.46902">
        <ele>982.5</ele>
      </trkpt>
      <trkpt lat="42.86293" lon="19.46923">
        <ele>982.6</ele>
      </trkpt>
      <trkpt lat="42.86288" lon="19.46952">
        <ele>983.0</ele>
      </trkpt>
      <trkpt lat="42.86282" lon="19.46976">
        <ele>982.1</ele>
      </trkpt>
      <trkpt lat="42.86275" lon="19.47013">
        <ele>981.1</ele>
      </trkpt>
      <trkpt lat="42.86268" lon="19.47052">
        <ele>979.9</ele>
      </trkpt>
      <trkpt lat="42.86262" lon="19.47106">
        <ele>979.8</ele>
      </trkpt>
      <trkpt lat="42.86259" lon="19.47148">
        <ele>980.2</ele>
      </trkpt>
      <trkpt lat="42.86257" lon="19.47194">
        <ele>980.8</ele>
      </trkpt>
      <trkpt lat="42.86256" lon="19.4724">
        <ele>981.7</ele>
      </trkpt>
      <trkpt lat="42.86258" lon="19.47282">
        <ele>981.6</ele>
      </trkpt>
      <trkpt lat="42.86258" lon="19.47313">
        <ele>980.4</ele>
      </trkpt>
      <trkpt lat="42.86263" lon="19.47367">
        <ele>980.1</ele>
      </trkpt>
      <trkpt lat="42.86268" lon="19.47386">
        <ele>981.1</ele>
      </trkpt>
      <trkpt lat="42.86275" lon="19.47404">
        <ele>982.8</ele>
      </trkpt>
      <trkpt lat="42.86281" lon="19.47422">
        <ele>984.0</ele>
      </trkpt>
      <trkpt lat="42.86282" lon="19.47433">
        <ele>984.0</ele>
      </trkpt>
      <trkpt lat="42.86283" lon="19.47449">
        <ele>983.7</ele>
      </trkpt>
      <trkpt lat="42.86277" lon="19.47488">
        <ele>980.5</ele>
      </trkpt>
      <trkpt lat="42.86277" lon="19.4751">
        <ele>979.9</ele>
      </trkpt>
      <trkpt lat="42.86285" lon="19.47551">
        <ele>981.1</ele>
      </trkpt>
      <trkpt lat="42.86288" lon="19.47571">
        <ele>981.4</ele>
      </trkpt>
      <trkpt lat="42.86289" lon="19.47593">
        <ele>981.0</ele>
      </trkpt>
      <trkpt lat="42.86294" lon="19.47622">
        <ele>981.4</ele>
      </trkpt>
      <trkpt lat="42.86294" lon="19.47659">
        <ele>980.3</ele>
      </trkpt>
      <trkpt lat="42.86297" lon="19.47681">
        <ele>980.3</ele>
      </trkpt>
      <trkpt lat="42.86305" lon="19.47714">
        <ele>980.8</ele>
      </trkpt>
      <trkpt lat="42.86306" lon="19.47728">
        <ele>980.5</ele>
      </trkpt>
      <trkpt lat="42.86306" lon="19.47774">
        <ele>978.8</ele>
      </trkpt>
      <trkpt lat="42.8631" lon="19.4785">
        <ele>977.6</ele>
      </trkpt>
      <trkpt lat="42.86309" lon="19.47873">
        <ele>977.9</ele>
      </trkpt>
      <trkpt lat="42.86306" lon="19.47886">
        <ele>977.5</ele>
      </trkpt>
      <trkpt lat="42.86303" lon="19.47913">
        <ele>977.4</ele>
      </trkpt>
      <trkpt lat="42.86303" lon="19.47973">
        <ele>976.8</ele>
      </trkpt>
      <trkpt lat="42.86302" lon="19.47985">
        <ele>976.5</ele>
      </trkpt>
      <trkpt lat="42.86289" lon="19.4804">
        <ele>974.6</ele>
      </trkpt>
      <trkpt lat="42.86287" lon="19.48058">
        <ele>974.5</ele>
      </trkpt>
      <trkpt lat="42.86286" lon="19.48074">
        <ele>974.6</ele>
      </trkpt>
      <trkpt lat="42.86288" lon="19.48108">
        <ele>975.7</ele>
      </trkpt>
      <trkpt lat="42.86288" lon="19.48119">
        <ele>976.1</ele>
      </trkpt>
      <trkpt lat="42.86282" lon="19.4816">
        <ele>976.4</ele>
      </trkpt>
      <trkpt lat="42.86285" lon="19.48229">
        <ele>976.3</ele>
      </trkpt>
      <trkpt lat="42.86285" lon="19.48244">
        <ele>976.1</ele>
      </trkpt>
      <trkpt lat="42.86284" lon="19.48251">
        <ele>976.0</ele>
      </trkpt>
      <trkpt lat="42.86276" lon="19.48266">
        <ele>975.8</ele>
      </trkpt>
      <trkpt lat="42.86245" lon="19.48337">
        <ele>978.4</ele>
      </trkpt>
      <trkpt lat="42.86236" lon="19.48357">
        <ele>976.9</ele>
      </trkpt>
      <trkpt lat="42.86231" lon="19.48377">
        <ele>976.2</ele>
      </trkpt>
      <trkpt lat="42.8623" lon="19.48387">
        <ele>975.9</ele>
      </trkpt>
      <trkpt lat="42.86235" lon="19.48394">
        <ele>975.8</ele>
      </trkpt>
      <trkpt lat="42.86241" lon="19.48399">
        <ele>975.7</ele>
      </trkpt>
      <trkpt lat="42.8626" lon="19.48406">
        <ele>975.9</ele>
      </trkpt>
      <trkpt lat="42.86277" lon="19.48407">
        <ele>976.5</ele>
      </trkpt>
      <trkpt lat="42.86282" lon="19.48408">
        <ele>976.6</ele>
      </trkpt>
      <trkpt lat="42.86284" lon="19.48411">
        <ele>976.5</ele>
      </trkpt>
      <trkpt lat="42.86286" lon="19.4842">
        <ele>976.3</ele>
      </trkpt>
      <trkpt lat="42.86285" lon="19.48439">
        <ele>976.1</ele>
      </trkpt>
      <trkpt lat="42.8628" lon="19.48463">
        <ele>975.7</ele>
      </trkpt>
      <trkpt lat="42.86274" lon="19.48478">
        <ele>975.3</ele>
      </trkpt>
      <trkpt lat="42.86265" lon="19.48495">
        <ele>974.8</ele>
      </trkpt>
      <trkpt lat="42.86217" lon="19.48555">
        <ele>973.9</ele>
      </trkpt>
      <trkpt lat="42.8617" lon="19.48616">
        <ele>969.0</ele>
      </trkpt>
      <trkpt lat="42.86168" lon="19.48623">
        <ele>969.1</ele>
      </trkpt>
      <trkpt lat="42.86169" lon="19.48633">
        <ele>969.7</ele>
      </trkpt>
      <trkpt lat="42.86173" lon="19.48665">
        <ele>971.8</ele>
      </trkpt>
      <trkpt lat="42.86169" lon="19.48673">
        <ele>972.0</ele>
      </trkpt>
      <trkpt lat="42.86164" lon="19.48678">
        <ele>972.1</ele>
      </trkpt>
      <trkpt lat="42.8616" lon="19.48678">
        <ele>972.0</ele>
      </trkpt>
      <trkpt lat="42.86156" lon="19.48676">
        <ele>971.6</ele>
      </trkpt>
      <trkpt lat="42.86138" lon="19.48647">
        <ele>969.0</ele>
      </trkpt>
      <trkpt lat="42.86129" lon="19.48638">
        <ele>968.3</ele>
      </trkpt>
      <trkpt lat="42.86118" lon="19.48636">
        <ele>967.8</ele>
      </trkpt>
      <trkpt lat="42.86104" lon="19.4864">
        <ele>967.5</ele>
      </trkpt>
      <trkpt lat="42.86085" lon="19.48648">
        <ele>967.2</ele>
      </trkpt>
      <trkpt lat="42.86058" lon="19.48664">
        <ele>967.6</ele>
      </trkpt>
      <trkpt lat="42.86009" lon="19.48681">
        <ele>968.0</ele>
      </trkpt>
      <trkpt lat="42.85985" lon="19.48681">
        <ele>967.6</ele>
      </trkpt>
      <trkpt lat="42.85985" lon="19.48681">
        <ele>967.6</ele>
      </trkpt>
      <trkpt lat="42.85982" lon="19.48681">
        <ele>967.5</ele>
      </trkpt>
      <trkpt lat="42.8596" lon="19.48693">
        <ele>967.9</ele>
      </trkpt>
      <trkpt lat="42.85948" lon="19.48696">
        <ele>968.0</ele>
      </trkpt>
      <trkpt lat="42.85935" lon="19.48695">
        <ele>967.7</ele>
      </trkpt>
      <trkpt lat="42.85916" lon="19.48696">
        <ele>967.4</ele>
      </trkpt>
      <trkpt lat="42.85905" lon="19.48704">
        <ele>967.0</ele>
      </trkpt>
      <trkpt lat="42.8589" lon="19.48729">
        <ele>967.8</ele>
      </trkpt>
      <trkpt lat="42.85862" lon="19.48813">
        <ele>973.8</ele>
      </trkpt>
      <trkpt lat="42.85855" lon="19.48828">
        <ele>973.9</ele>
      </trkpt>
      <trkpt lat="42.85823" lon="19.4888">
        <ele>971.5</ele>
      </trkpt>
      <trkpt lat="42.85815" lon="19.48898">
        <ele>971.4</ele>
      </trkpt>
      <trkpt lat="42.85809" lon="19.4892">
        <ele>971.8</ele>
      </trkpt>
      <trkpt lat="42.85794" lon="19.48997">
        <ele>975.8</ele>
      </trkpt>
      <trkpt lat="42.8579" lon="19.49016">
        <ele>975.6</ele>
      </trkpt>
      <trkpt lat="42.85788" lon="19.49044">
        <ele>975.9</ele>
      </trkpt>
      <trkpt lat="42.85787" lon="19.49082">
        <ele>976.7</ele>
      </trkpt>
      <trkpt lat="42.85773" lon="19.49166">
        <ele>973.7</ele>
      </trkpt>
      <trkpt lat="42.85771" lon="19.49187">
        <ele>971.9</ele>
      </trkpt>
      <trkpt lat="42.85769" lon="19.49229">
        <ele>968.9</ele>
      </trkpt>
      <trkpt lat="42.85766" lon="19.49243">
        <ele>967.5</ele>
      </trkpt>
      <trkpt lat="42.85752" lon="19.49265">
        <ele>965.1</ele>
      </trkpt>
      <trkpt lat="42.85736" lon="19.49295">
        <ele>964.8</ele>
      </trkpt>
      <trkpt lat="42.85723" lon="19.4932">
        <ele>964.8</ele>
      </trkpt>
      <trkpt lat="42.85713" lon="19.49347">
        <ele>964.8</ele>
      </trkpt>
      <trkpt lat="42.85702" lon="19.4938">
        <ele>964.8</ele>
      </trkpt>
      <trkpt lat="42.85694" lon="19.49425">
        <ele>964.4</ele>
      </trkpt>
      <trkpt lat="42.85685" lon="19.49478">
        <ele>962.6</ele>
      </trkpt>
      <trkpt lat="42.85675" lon="19.49524">
        <ele>961.4</ele>
      </trkpt>
      <trkpt lat="42.85664" lon="19.49592">
        <ele>960.8</ele>
      </trkpt>
      <trkpt lat="42.85652" lon="19.49652">
        <ele>960.1</ele>
      </trkpt>
      <trkpt lat="42.85639" lon="19.49724">
        <ele>960.2</ele>
      </trkpt>
      <trkpt lat="42.85626" lon="19.49783">
        <ele>960.8</ele>
      </trkpt>
      <trkpt lat="42.85623" lon="19.49809">
        <ele>961.3</ele>
      </trkpt>
      <trkpt lat="42.85622" lon="19.49828">
        <ele>961.7</ele>
      </trkpt>
      <trkpt lat="42.85623" lon="19.4984">
        <ele>962.2</ele>
      </trkpt>
      <trkpt lat="42.85621" lon="19.4985">
        <ele>962.6</ele>
      </trkpt>
      <trkpt lat="42.85617" lon="19.4986">
        <ele>962.9</ele>
      </trkpt>
      <trkpt lat="42.85612" lon="19.49867">
        <ele>963.1</ele>
      </trkpt>
      <trkpt lat="42.85607" lon="19.49869">
        <ele>963.0</ele>
      </trkpt>
      <trkpt lat="42.85587" lon="19.49862">
        <ele>961.6</ele>
      </trkpt>
      <trkpt lat="42.85576" lon="19.49857">
        <ele>960.9</ele>
      </trkpt>
      <trkpt lat="42.8557" lon="19.49855">
        <ele>960.6</ele>
      </trkpt>
      <trkpt lat="42.85561" lon="19.49855">
        <ele>960.5</ele>
      </trkpt>
      <trkpt lat="42.85548" lon="19.49858">
        <ele>960.5</ele>
      </trkpt>
      <trkpt lat="42.85529" lon="19.49867">
        <ele>960.9</ele>
      </trkpt>
      <trkpt lat="42.85501" lon="19.49889">
        <ele>962.0</ele>
      </trkpt>
      <trkpt lat="42.85435" lon="19.49944">
        <ele>961.2</ele>
      </trkpt>
      <trkpt lat="42.854" lon="19.49975">
        <ele>959.5</ele>
      </trkpt>
      <trkpt lat="42.85395" lon="19.4998">
        <ele>959.2</ele>
      </trkpt>
      <trkpt lat="42.85395" lon="19.4998">
        <ele>959.2</ele>
      </trkpt>
      <trkpt lat="42.8538" lon="19.49996">
        <ele>958.3</ele>
      </trkpt>
      <trkpt lat="42.85322" lon="19.50068">
        <ele>955.3</ele>
      </trkpt>
      <trkpt lat="42.85263" lon="19.50141">
        <ele>953.6</ele>
      </trkpt>
      <trkpt lat="42.85231" lon="19.5021">
        <ele>951.9</ele>
      </trkpt>
      <trkpt lat="42.85205" lon="19.50277">
        <ele>951.5</ele>
      </trkpt>
      <trkpt lat="42.85175" lon="19.50348">
        <ele>952.4</ele>
      </trkpt>
      <trkpt lat="42.85158" lon="19.50376">
        <ele>952.0</ele>
      </trkpt>
      <trkpt lat="42.85108" lon="19.50449">
        <ele>949.9</ele>
      </trkpt>
      <trkpt lat="42.85101" lon="19.50459">
        <ele>949.4</ele>
      </trkpt>
      <trkpt lat="42.85072" lon="19.50487">
        <ele>948.4</ele>
      </trkpt>
      <trkpt lat="42.85062" lon="19.50498">
        <ele>948.5</ele>
      </trkpt>
      <trkpt lat="42.85007" lon="19.50562">
        <ele>947.8</ele>
      </trkpt>
      <trkpt lat="42.84984" lon="19.50585">
        <ele>946.6</ele>
      </trkpt>
      <trkpt lat="42.84958" lon="19.50608">
        <ele>945.8</ele>
      </trkpt>
      <trkpt lat="42.84944" lon="19.50624">
        <ele>945.3</ele>
      </trkpt>
      <trkpt lat="42.84904" lon="19.50662">
        <ele>944.0</ele>
      </trkpt>
      <trkpt lat="42.84882" lon="19.50678">
        <ele>944.4</ele>
      </trkpt>
      <trkpt lat="42.84823" lon="19.50735">
        <ele>945.0</ele>
      </trkpt>
      <trkpt lat="42.84809" lon="19.50746">
        <ele>944.5</ele>
      </trkpt>
      <trkpt lat="42.84766" lon="19.50773">
        <ele>942.6</ele>
      </trkpt>
      <trkpt lat="42.84752" lon="19.50785">
        <ele>942.0</ele>
      </trkpt>
      <trkpt lat="42.84737" lon="19.50802">
        <ele>940.4</ele>
      </trkpt>
      <trkpt lat="42.84708" lon="19.50847">
        <ele>937.0</ele>
      </trkpt>
      <trkpt lat="42.84689" lon="19.50878">
        <ele>936.0</ele>
      </trkpt>
      <trkpt lat="42.84665" lon="19.50913">
        <ele>935.6</ele>
      </trkpt>
      <trkpt lat="42.84648" lon="19.50942">
        <ele>936.7</ele>
      </trkpt>
      <trkpt lat="42.84608" lon="19.51002">
        <ele>937.5</ele>
      </trkpt>
      <trkpt lat="42.84568" lon="19.51063">
        <ele>935.6</ele>
      </trkpt>
      <trkpt lat="42.84562" lon="19.51075">
        <ele>935.2</ele>
      </trkpt>
      <trkpt lat="42.84559" lon="19.51082">
        <ele>935.0</ele>
      </trkpt>
      <trkpt lat="42.84556" lon="19.51096">
        <ele>935.1</ele>
      </trkpt>
      <trkpt lat="42.84552" lon="19.5112">
        <ele>935.2</ele>
      </trkpt>
      <trkpt lat="42.84547" lon="19.51138">
        <ele>934.8</ele>
      </trkpt>
      <trkpt lat="42.84524" lon="19.5119">
        <ele>932.1</ele>
      </trkpt>
      <trkpt lat="42.84508" lon="19.51223">
        <ele>930.9</ele>
      </trkpt>
      <trkpt lat="42.84492" lon="19.51279">
        <ele>930.1</ele>
      </trkpt>
      <trkpt lat="42.8449" lon="19.51294">
        <ele>929.7</ele>
      </trkpt>
      <trkpt lat="42.8449" lon="19.51307">
        <ele>929.4</ele>
      </trkpt>
      <trkpt lat="42.84493" lon="19.51331">
        <ele>929.0</ele>
      </trkpt>
      <trkpt lat="42.84494" lon="19.51345">
        <ele>929.0</ele>
      </trkpt>
      <trkpt lat="42.84489" lon="19.51363">
        <ele>929.1</ele>
      </trkpt>
      <trkpt lat="42.84486" lon="19.51371">
        <ele>929.2</ele>
      </trkpt>
      <trkpt lat="42.8444" lon="19.51285">
        <ele>929.8</ele>
      </trkpt>
      <trkpt lat="42.84422" lon="19.51251">
        <ele>930.0</ele>
      </trkpt>
      <trkpt lat="42.84394" lon="19.51202">
        <ele>930.4</ele>
      </trkpt>
      <trkpt lat="42.84381" lon="19.51184">
        <ele>931.9</ele>
      </trkpt>
      <trkpt lat="42.84371" lon="19.51174">
        <ele>933.1</ele>
      </trkpt>
      <trkpt lat="42.84361" lon="19.51166">
        <ele>934.3</ele>
      </trkpt>
      <trkpt lat="42.84351" lon="19.5116">
        <ele>935.5</ele>
      </trkpt>
      <trkpt lat="42.84338" lon="19.51155">
        <ele>936.9</ele>
      </trkpt>
      <trkpt lat="42.84324" lon="19.51153">
        <ele>937.3</ele>
      </trkpt>
      <trkpt lat="42.84314" lon="19.51153">
        <ele>937.3</ele>
      </trkpt>
      <trkpt lat="42.84304" lon="19.51155">
        <ele>937.4</ele>
      </trkpt>
      <trkpt lat="42.84291" lon="19.5116">
        <ele>937.7</ele>
      </trkpt>
      <trkpt lat="42.8428" lon="19.51166">
        <ele>938.0</ele>
      </trkpt>
      <trkpt lat="42.84265" lon="19.51179">
        <ele>938.4</ele>
      </trkpt>
      <trkpt lat="42.84252" lon="19.51191">
        <ele>938.9</ele>
      </trkpt>
      <trkpt lat="42.84209" lon="19.51246">
        <ele>938.5</ele>
      </trkpt>
      <trkpt lat="42.84165" lon="19.51301">
        <ele>937.2</ele>
      </trkpt>
      <trkpt lat="42.84152" lon="19.51315">
        <ele>937.3</ele>
      </trkpt>
      <trkpt lat="42.8414" lon="19.51326">
        <ele>937.5</ele>
      </trkpt>
      <trkpt lat="42.84128" lon="19.51335">
        <ele>937.6</ele>
      </trkpt>
      <trkpt lat="42.84106" lon="19.5135">
        <ele>937.9</ele>
      </trkpt>
      <trkpt lat="42.84084" lon="19.51361">
        <ele>938.0</ele>
      </trkpt>
      <trkpt lat="42.84015" lon="19.51385">
        <ele>939.0</ele>
      </trkpt>
      <trkpt lat="42.83945" lon="19.51409">
        <ele>939.0</ele>
      </trkpt>
      <trkpt lat="42.83876" lon="19.51434">
        <ele>941.0</ele>
      </trkpt>
      <trkpt lat="42.83856" lon="19.5144">
        <ele>941.7</ele>
      </trkpt>
      <trkpt lat="42.83822" lon="19.51447">
        <ele>942.7</ele>
      </trkpt>
      <trkpt lat="42.83796" lon="19.5145">
        <ele>943.4</ele>
      </trkpt>
      <trkpt lat="42.83775" lon="19.5145">
        <ele>943.9</ele>
      </trkpt>
      <trkpt lat="42.83743" lon="19.51446">
        <ele>944.9</ele>
      </trkpt>
      <trkpt lat="42.83713" lon="19.5144">
        <ele>946.1</ele>
      </trkpt>
      <trkpt lat="42.83665" lon="19.51425">
        <ele>948.1</ele>
      </trkpt>
      <trkpt lat="42.83616" lon="19.51409">
        <ele>953.6</ele>
      </trkpt>
      <trkpt lat="42.83601" lon="19.51408">
        <ele>955.3</ele>
      </trkpt>
      <trkpt lat="42.83587" lon="19.5141">
        <ele>956.6</ele>
      </trkpt>
      <trkpt lat="42.83576" lon="19.51414">
        <ele>957.2</ele>
      </trkpt>
      <trkpt lat="42.83565" lon="19.5142">
        <ele>957.8</ele>
      </trkpt>
      <trkpt lat="42.83555" lon="19.51427">
        <ele>958.3</ele>
      </trkpt>
      <trkpt lat="42.8352" lon="19.51459">
        <ele>956.3</ele>
      </trkpt>
      <trkpt lat="42.83489" lon="19.51486">
        <ele>950.4</ele>
      </trkpt>
      <trkpt lat="42.83478" lon="19.51493">
        <ele>948.6</ele>
      </trkpt>
      <trkpt lat="42.83465" lon="19.51498">
        <ele>947.1</ele>
      </trkpt>
      <trkpt lat="42.83451" lon="19.515">
        <ele>946.2</ele>
      </trkpt>
      <trkpt lat="42.83437" lon="19.51499">
        <ele>945.9</ele>
      </trkpt>
      <trkpt lat="42.83421" lon="19.51494">
        <ele>946.3</ele>
      </trkpt>
      <trkpt lat="42.83361" lon="19.51466">
        <ele>942.1</ele>
      </trkpt>
      <trkpt lat="42.83336" lon="19.51455">
        <ele>939.4</ele>
      </trkpt>
      <trkpt lat="42.83316" lon="19.51448">
        <ele>939.4</ele>
      </trkpt>
      <trkpt lat="42.83295" lon="19.51442">
        <ele>939.6</ele>
      </trkpt>
      <trkpt lat="42.83273" lon="19.51438">
        <ele>939.5</ele>
      </trkpt>
      <trkpt lat="42.83241" lon="19.51434">
        <ele>939.6</ele>
      </trkpt>
      <trkpt lat="42.83209" lon="19.51434">
        <ele>939.9</ele>
      </trkpt>
      <trkpt lat="42.83194" lon="19.51434">
        <ele>940.0</ele>
      </trkpt>
      <trkpt lat="42.83134" lon="19.51443">
        <ele>940.5</ele>
      </trkpt>
      <trkpt lat="42.83073" lon="19.51452">
        <ele>942.9</ele>
      </trkpt>
      <trkpt lat="42.83013" lon="19.51461">
        <ele>950.0</ele>
      </trkpt>
      <trkpt lat="42.82992" lon="19.51462">
        <ele>951.0</ele>
      </trkpt>
      <trkpt lat="42.8298" lon="19.51462">
        <ele>950.0</ele>
      </trkpt>
      <trkpt lat="42.82966" lon="19.5146">
        <ele>949.7</ele>
      </trkpt>
      <trkpt lat="42.82959" lon="19.51458">
        <ele>949.9</ele>
      </trkpt>
      <trkpt lat="42.82944" lon="19.51453">
        <ele>950.5</ele>
      </trkpt>
      <trkpt lat="42.82931" lon="19.51447">
        <ele>949.5</ele>
      </trkpt>
      <trkpt lat="42.8292" lon="19.51439">
        <ele>948.6</ele>
      </trkpt>
      <trkpt lat="42.82908" lon="19.5143">
        <ele>947.7</ele>
      </trkpt>
      <trkpt lat="42.82873" lon="19.51397">
        <ele>944.7</ele>
      </trkpt>
      <trkpt lat="42.82866" lon="19.5141">
        <ele>943.9</ele>
      </trkpt>
      <trkpt lat="42.8283" lon="19.51473">
        <ele>939.8</ele>
      </trkpt>
      <trkpt lat="42.82788" lon="19.51549">
        <ele>935.0</ele>
      </trkpt>
      <trkpt lat="42.82746" lon="19.51624">
        <ele>938.1</ele>
      </trkpt>
      <trkpt lat="42.82703" lon="19.517">
        <ele>938.8</ele>
      </trkpt>
      <trkpt lat="42.82661" lon="19.51776">
        <ele>940.4</ele>
      </trkpt>
      <trkpt lat="42.82656" lon="19.51783">
        <ele>940.6</ele>
      </trkpt>
      <trkpt lat="42.8262" lon="19.51849">
        <ele>941.7</ele>
      </trkpt>
      <trkpt lat="42.82583" lon="19.51915">
        <ele>943.0</ele>
      </trkpt>
      <trkpt lat="42.82546" lon="19.51981">
        <ele>946.6</ele>
      </trkpt>
      <trkpt lat="42.82539" lon="19.51995">
        <ele>947.1</ele>
      </trkpt>
      <trkpt lat="42.82504" lon="19.52015">
        <ele>949.2</ele>
      </trkpt>
      <trkpt lat="42.82483" lon="19.52026">
        <ele>950.6</ele>
      </trkpt>
      <trkpt lat="42.82465" lon="19.52037">
        <ele>952.0</ele>
      </trkpt>
      <trkpt lat="42.82465" lon="19.52037">
        <ele>952.0</ele>
      </trkpt>
      <trkpt lat="42.82465" lon="19.52037">
        <ele>952.0</ele>
      </trkpt>
      <trkpt lat="42.82424" lon="19.52066">
        <ele>955.1</ele>
      </trkpt>
      <trkpt lat="42.82408" lon="19.52077">
        <ele>955.9</ele>
      </trkpt>
      <trkpt lat="42.82399" lon="19.52079">
        <ele>955.9</ele>
      </trkpt>
      <trkpt lat="42.82369" lon="19.52075">
        <ele>955.9</ele>
      </trkpt>
      <trkpt lat="42.82288" lon="19.52057">
        <ele>955.0</ele>
      </trkpt>
      <trkpt lat="42.82269" lon="19.51989">
        <ele>953.2</ele>
      </trkpt>
      <trkpt lat="42.8225" lon="19.51921">
        <ele>951.1</ele>
      </trkpt>
      <trkpt lat="42.82242" lon="19.519">
        <ele>949.1</ele>
      </trkpt>
      <trkpt lat="42.82241" lon="19.51898">
        <ele>948.9</ele>
      </trkpt>
      <trkpt lat="42.82237" lon="19.51897">
        <ele>948.5</ele>
      </trkpt>
      <trkpt lat="42.82234" lon="19.51897">
        <ele>948.3</ele>
      </trkpt>
      <trkpt lat="42.82208" lon="19.51903">
        <ele>946.6</ele>
      </trkpt>
      <trkpt lat="42.82194" lon="19.51915">
        <ele>946.2</ele>
      </trkpt>
      <trkpt lat="42.82182" lon="19.51932">
        <ele>945.5</ele>
      </trkpt>
      <trkpt lat="42.82174" lon="19.51947">
        <ele>945.0</ele>
      </trkpt>
      <trkpt lat="42.8217" lon="19.51957">
        <ele>944.8</ele>
      </trkpt>
      <trkpt lat="42.82165" lon="19.51963">
        <ele>944.5</ele>
      </trkpt>
      <trkpt lat="42.8216" lon="19.51964">
        <ele>944.4</ele>
      </trkpt>
      <trkpt lat="42.82154" lon="19.51963">
        <ele>944.3</ele>
      </trkpt>
      <trkpt lat="42.82131" lon="19.51948">
        <ele>943.8</ele>
      </trkpt>
      <trkpt lat="42.82118" lon="19.5194">
        <ele>943.4</ele>
      </trkpt>
      <trkpt lat="42.82113" lon="19.51934">
        <ele>943.3</ele>
      </trkpt>
      <trkpt lat="42.82099" lon="19.51919">
        <ele>942.9</ele>
      </trkpt>
      <trkpt lat="42.82089" lon="19.51904">
        <ele>942.6</ele>
      </trkpt>
      <trkpt lat="42.82078" lon="19.51876">
        <ele>942.9</ele>
      </trkpt>
      <trkpt lat="42.8207" lon="19.51852">
        <ele>944.0</ele>
      </trkpt>
      <trkpt lat="42.82053" lon="19.51819">
        <ele>945.9</ele>
      </trkpt>
      <trkpt lat="42.82039" lon="19.51801">
        <ele>946.8</ele>
      </trkpt>
      <trkpt lat="42.82022" lon="19.51792">
        <ele>948.5</ele>
      </trkpt>
      <trkpt lat="42.81949" lon="19.51758">
        <ele>954.0</ele>
      </trkpt>
      <trkpt lat="42.81922" lon="19.51742">
        <ele>955.8</ele>
      </trkpt>
      <trkpt lat="42.81883" lon="19.51701">
        <ele>957.1</ele>
      </trkpt>
      <trkpt lat="42.81844" lon="19.5166">
        <ele>956.4</ele>
      </trkpt>
      <trkpt lat="42.81823" lon="19.51646">
        <ele>954.6</ele>
      </trkpt>
      <trkpt lat="42.81806" lon="19.51637">
        <ele>952.3</ele>
      </trkpt>
      <trkpt lat="42.81787" lon="19.51632">
        <ele>951.1</ele>
      </trkpt>
      <trkpt lat="42.8177" lon="19.51635">
        <ele>951.9</ele>
      </trkpt>
      <trkpt lat="42.81742" lon="19.51648">
        <ele>955.1</ele>
      </trkpt>
      <trkpt lat="42.81721" lon="19.51654">
        <ele>956.1</ele>
      </trkpt>
      <trkpt lat="42.81706" lon="19.51653">
        <ele>955.5</ele>
      </trkpt>
      <trkpt lat="42.81681" lon="19.51646">
        <ele>953.5</ele>
      </trkpt>
      <trkpt lat="42.81666" lon="19.51644">
        <ele>952.9</ele>
      </trkpt>
      <trkpt lat="42.81651" lon="19.51647">
        <ele>951.9</ele>
      </trkpt>
      <trkpt lat="42.81638" lon="19.51654">
        <ele>951.5</ele>
      </trkpt>
      <trkpt lat="42.81633" lon="19.51658">
        <ele>951.5</ele>
      </trkpt>
      <trkpt lat="42.81627" lon="19.51667">
        <ele>951.8</ele>
      </trkpt>
      <trkpt lat="42.81606" lon="19.51714">
        <ele>953.9</ele>
      </trkpt>
      <trkpt lat="42.81583" lon="19.5175">
        <ele>953.0</ele>
      </trkpt>
      <trkpt lat="42.81569" lon="19.51762">
        <ele>953.1</ele>
      </trkpt>
      <trkpt lat="42.81551" lon="19.51771">
        <ele>952.2</ele>
      </trkpt>
      <trkpt lat="42.81469" lon="19.51772">
        <ele>949.3</ele>
      </trkpt>
      <trkpt lat="42.8145" lon="19.51769">
        <ele>950.7</ele>
      </trkpt>
      <trkpt lat="42.81434" lon="19.51761">
        <ele>951.4</ele>
      </trkpt>
      <trkpt lat="42.81419" lon="19.51748">
        <ele>951.6</ele>
      </trkpt>
      <trkpt lat="42.8141" lon="19.51736">
        <ele>951.4</ele>
      </trkpt>
      <trkpt lat="42.81402" lon="19.51721">
        <ele>950.9</ele>
      </trkpt>
      <trkpt lat="42.81379" lon="19.51657">
        <ele>946.7</ele>
      </trkpt>
      <trkpt lat="42.81374" lon="19.51648">
        <ele>946.5</ele>
      </trkpt>
      <trkpt lat="42.81364" lon="19.51631">
        <ele>946.1</ele>
      </trkpt>
      <trkpt lat="42.81351" lon="19.51617">
        <ele>946.0</ele>
      </trkpt>
      <trkpt lat="42.81331" lon="19.51601">
        <ele>946.1</ele>
      </trkpt>
      <trkpt lat="42.81251" lon="19.5157">
        <ele>946.4</ele>
      </trkpt>
      <trkpt lat="42.81239" lon="19.51569">
        <ele>945.7</ele>
      </trkpt>
      <trkpt lat="42.81231" lon="19.5157">
        <ele>945.4</ele>
      </trkpt>
      <trkpt lat="42.81223" lon="19.51572">
        <ele>945.2</ele>
      </trkpt>
      <trkpt lat="42.81214" lon="19.51578">
        <ele>945.3</ele>
      </trkpt>
      <trkpt lat="42.81206" lon="19.51584">
        <ele>945.5</ele>
      </trkpt>
      <trkpt lat="42.81196" lon="19.51597">
        <ele>946.8</ele>
      </trkpt>
      <trkpt lat="42.8119" lon="19.51609">
        <ele>948.1</ele>
      </trkpt>
      <trkpt lat="42.81188" lon="19.51616">
        <ele>949.0</ele>
      </trkpt>
      <trkpt lat="42.81178" lon="19.51654">
        <ele>953.5</ele>
      </trkpt>
      <trkpt lat="42.81174" lon="19.51667">
        <ele>954.9</ele>
      </trkpt>
      <trkpt lat="42.81169" lon="19.51678">
        <ele>956.1</ele>
      </trkpt>
      <trkpt lat="42.81162" lon="19.51688">
        <ele>957.2</ele>
      </trkpt>
      <trkpt lat="42.81153" lon="19.51696">
        <ele>957.7</ele>
      </trkpt>
      <trkpt lat="42.81148" lon="19.517">
        <ele>957.9</ele>
      </trkpt>
      <trkpt lat="42.81138" lon="19.51704">
        <ele>957.7</ele>
      </trkpt>
      <trkpt lat="42.81128" lon="19.51706">
        <ele>957.1</ele>
      </trkpt>
      <trkpt lat="42.81122" lon="19.51705">
        <ele>956.4</ele>
      </trkpt>
      <trkpt lat="42.81104" lon="19.51702">
        <ele>954.4</ele>
      </trkpt>
      <trkpt lat="42.81065" lon="19.51692">
        <ele>951.5</ele>
      </trkpt>
      <trkpt lat="42.81049" lon="19.5169">
        <ele>951.7</ele>
      </trkpt>
      <trkpt lat="42.81032" lon="19.51691">
        <ele>952.4</ele>
      </trkpt>
      <trkpt lat="42.81007" lon="19.51696">
        <ele>954.1</ele>
      </trkpt>
      <trkpt lat="42.80942" lon="19.51718">
        <ele>957.9</ele>
      </trkpt>
      <trkpt lat="42.80942" lon="19.51718">
        <ele>957.9</ele>
      </trkpt>
      <trkpt lat="42.80942" lon="19.51718">
        <ele>957.9</ele>
      </trkpt>
      <trkpt lat="42.80899" lon="19.51732">
        <ele>961.6</ele>
      </trkpt>
      <trkpt lat="42.80883" lon="19.51734">
        <ele>962.6</ele>
      </trkpt>
      <trkpt lat="42.80866" lon="19.51733">
        <ele>963.1</ele>
      </trkpt>
      <trkpt lat="42.80851" lon="19.51727">
        <ele>962.3</ele>
      </trkpt>
      <trkpt lat="42.80816" lon="19.51706">
        <ele>958.6</ele>
      </trkpt>
      <trkpt lat="42.80803" lon="19.517">
        <ele>957.3</ele>
      </trkpt>
      <trkpt lat="42.80795" lon="19.51697">
        <ele>956.6</ele>
      </trkpt>
      <trkpt lat="42.80785" lon="19.51697">
        <ele>956.6</ele>
      </trkpt>
      <trkpt lat="42.80772" lon="19.51698">
        <ele>956.9</ele>
      </trkpt>
      <trkpt lat="42.80756" lon="19.51704">
        <ele>958.4</ele>
      </trkpt>
      <trkpt lat="42.80711" lon="19.51723">
        <ele>962.7</ele>
      </trkpt>
      <trkpt lat="42.80692" lon="19.5173">
        <ele>963.9</ele>
      </trkpt>
      <trkpt lat="42.80673" lon="19.51733">
        <ele>964.1</ele>
      </trkpt>
      <trkpt lat="42.80653" lon="19.51734">
        <ele>963.9</ele>
      </trkpt>
      <trkpt lat="42.80638" lon="19.51733">
        <ele>963.5</ele>
      </trkpt>
      <trkpt lat="42.80617" lon="19.51729">
        <ele>962.5</ele>
      </trkpt>
      <trkpt lat="42.80599" lon="19.51722">
        <ele>962.6</ele>
      </trkpt>
      <trkpt lat="42.80584" lon="19.51715">
        <ele>962.8</ele>
      </trkpt>
      <trkpt lat="42.80565" lon="19.51703">
        <ele>963.0</ele>
      </trkpt>
      <trkpt lat="42.80548" lon="19.51691">
        <ele>963.1</ele>
      </trkpt>
      <trkpt lat="42.80538" lon="19.5168">
        <ele>963.3</ele>
      </trkpt>
      <trkpt lat="42.80529" lon="19.51672">
        <ele>963.4</ele>
      </trkpt>
      <trkpt lat="42.8048" lon="19.51616">
        <ele>964.0</ele>
      </trkpt>
      <trkpt lat="42.8043" lon="19.51556">
        <ele>964.2</ele>
      </trkpt>
      <trkpt lat="42.80419" lon="19.51545">
        <ele>963.8</ele>
      </trkpt>
      <trkpt lat="42.804" lon="19.51532">
        <ele>963.2</ele>
      </trkpt>
      <trkpt lat="42.80388" lon="19.51526">
        <ele>963.0</ele>
      </trkpt>
      <trkpt lat="42.80375" lon="19.5152">
        <ele>962.8</ele>
      </trkpt>
      <trkpt lat="42.80326" lon="19.51506">
        <ele>962.9</ele>
      </trkpt>
      <trkpt lat="42.80308" lon="19.51496">
        <ele>962.0</ele>
      </trkpt>
      <trkpt lat="42.80293" lon="19.51484">
        <ele>961.3</ele>
      </trkpt>
      <trkpt lat="42.80286" lon="19.51475">
        <ele>960.6</ele>
      </trkpt>
      <trkpt lat="42.8023" lon="19.51392">
        <ele>954.7</ele>
      </trkpt>
      <trkpt lat="42.80202" lon="19.51354">
        <ele>950.8</ele>
      </trkpt>
      <trkpt lat="42.80193" lon="19.51346">
        <ele>950.0</ele>
      </trkpt>
      <trkpt lat="42.80186" lon="19.51342">
        <ele>949.7</ele>
      </trkpt>
      <trkpt lat="42.80179" lon="19.5134">
        <ele>949.6</ele>
      </trkpt>
      <trkpt lat="42.80172" lon="19.51339">
        <ele>949.6</ele>
      </trkpt>
      <trkpt lat="42.80166" lon="19.5134">
        <ele>949.9</ele>
      </trkpt>
      <trkpt lat="42.80159" lon="19.51342">
        <ele>949.9</ele>
      </trkpt>
      <trkpt lat="42.80153" lon="19.51346">
        <ele>950.3</ele>
      </trkpt>
      <trkpt lat="42.80146" lon="19.51353">
        <ele>951.0</ele>
      </trkpt>
      <trkpt lat="42.80139" lon="19.51362">
        <ele>951.9</ele>
      </trkpt>
      <trkpt lat="42.8012" lon="19.51401">
        <ele>955.9</ele>
      </trkpt>
      <trkpt lat="42.80115" lon="19.5141">
        <ele>956.7</ele>
      </trkpt>
      <trkpt lat="42.80106" lon="19.51419">
        <ele>957.6</ele>
      </trkpt>
      <trkpt lat="42.80102" lon="19.51423">
        <ele>958.3</ele>
      </trkpt>
      <trkpt lat="42.80091" lon="19.51429">
        <ele>959.2</ele>
      </trkpt>
      <trkpt lat="42.8008" lon="19.51431">
        <ele>959.4</ele>
      </trkpt>
      <trkpt lat="42.80071" lon="19.5143">
        <ele>959.0</ele>
      </trkpt>
      <trkpt lat="42.80037" lon="19.51422">
        <ele>956.6</ele>
      </trkpt>
      <trkpt lat="42.80031" lon="19.51421">
        <ele>956.3</ele>
      </trkpt>
      <trkpt lat="42.80022" lon="19.51422">
        <ele>956.4</ele>
      </trkpt>
      <trkpt lat="42.80011" lon="19.51424">
        <ele>956.7</ele>
      </trkpt>
      <trkpt lat="42.79985" lon="19.51433">
        <ele>957.6</ele>
      </trkpt>
      <trkpt lat="42.79905" lon="19.51466">
        <ele>960.8</ele>
      </trkpt>
      <trkpt lat="42.79826" lon="19.515">
        <ele>964.8</ele>
      </trkpt>
      <trkpt lat="42.79808" lon="19.51505">
        <ele>965.8</ele>
      </trkpt>
      <trkpt lat="42.7979" lon="19.51507">
        <ele>965.8</ele>
      </trkpt>
      <trkpt lat="42.79726" lon="19.51497">
        <ele>961.2</ele>
      </trkpt>
      <trkpt lat="42.79715" lon="19.51496">
        <ele>960.4</ele>
      </trkpt>
      <trkpt lat="42.79704" lon="19.51497">
        <ele>959.9</ele>
      </trkpt>
      <trkpt lat="42.79689" lon="19.51501">
        <ele>959.6</ele>
      </trkpt>
      <trkpt lat="42.79678" lon="19.51505">
        <ele>960.0</ele>
      </trkpt>
      <trkpt lat="42.79667" lon="19.51512">
        <ele>961.3</ele>
      </trkpt>
      <trkpt lat="42.79658" lon="19.51519">
        <ele>962.1</ele>
      </trkpt>
      <trkpt lat="42.79648" lon="19.51528">
        <ele>963.0</ele>
      </trkpt>
      <trkpt lat="42.79633" lon="19.51546">
        <ele>964.6</ele>
      </trkpt>
      <trkpt lat="42.79619" lon="19.51568">
        <ele>966.1</ele>
      </trkpt>
      <trkpt lat="42.79566" lon="19.51664">
        <ele>973.2</ele>
      </trkpt>
      <trkpt lat="42.79556" lon="19.51678">
        <ele>974.5</ele>
      </trkpt>
      <trkpt lat="42.79545" lon="19.51689">
        <ele>974.9</ele>
      </trkpt>
      <trkpt lat="42.79533" lon="19.51695">
        <ele>973.9</ele>
      </trkpt>
      <trkpt lat="42.7952" lon="19.51698">
        <ele>971.9</ele>
      </trkpt>
      <trkpt lat="42.79511" lon="19.51698">
        <ele>970.0</ele>
      </trkpt>
      <trkpt lat="42.79501" lon="19.51696">
        <ele>967.5</ele>
      </trkpt>
      <trkpt lat="42.79445" lon="19.51668">
        <ele>966.5</ele>
      </trkpt>
      <trkpt lat="42.79434" lon="19.51665">
        <ele>967.0</ele>
      </trkpt>
      <trkpt lat="42.79421" lon="19.51663">
        <ele>967.9</ele>
      </trkpt>
      <trkpt lat="42.79404" lon="19.51665">
        <ele>967.6</ele>
      </trkpt>
      <trkpt lat="42.7939" lon="19.51669">
        <ele>967.2</ele>
      </trkpt>
      <trkpt lat="42.79378" lon="19.51676">
        <ele>967.4</ele>
      </trkpt>
      <trkpt lat="42.79353" lon="19.51691">
        <ele>968.2</ele>
      </trkpt>
      <trkpt lat="42.79334" lon="19.51705">
        <ele>969.4</ele>
      </trkpt>
      <trkpt lat="42.79315" lon="19.51724">
        <ele>969.6</ele>
      </trkpt>
      <trkpt lat="42.79249" lon="19.51794">
        <ele>967.3</ele>
      </trkpt>
      <trkpt lat="42.7924" lon="19.51805">
        <ele>968.0</ele>
      </trkpt>
      <trkpt lat="42.79231" lon="19.51817">
        <ele>968.6</ele>
      </trkpt>
      <trkpt lat="42.79221" lon="19.51837">
        <ele>969.5</ele>
      </trkpt>
      <trkpt lat="42.79212" lon="19.51861">
        <ele>968.2</ele>
      </trkpt>
      <trkpt lat="42.79208" lon="19.51881">
        <ele>967.8</ele>
      </trkpt>
      <trkpt lat="42.79205" lon="19.51908">
        <ele>967.6</ele>
      </trkpt>
      <trkpt lat="42.79204" lon="19.51916">
        <ele>967.5</ele>
      </trkpt>
      <trkpt lat="42.79204" lon="19.51935">
        <ele>967.5</ele>
      </trkpt>
      <trkpt lat="42.79205" lon="19.52023">
        <ele>967.8</ele>
      </trkpt>
      <trkpt lat="42.79207" lon="19.52111">
        <ele>969.2</ele>
      </trkpt>
      <trkpt lat="42.79207" lon="19.52137">
        <ele>970.1</ele>
      </trkpt>
      <trkpt lat="42.79204" lon="19.52161">
        <ele>970.1</ele>
      </trkpt>
      <trkpt lat="42.79201" lon="19.52174">
        <ele>971.4</ele>
      </trkpt>
      <trkpt lat="42.79198" lon="19.52184">
        <ele>973.2</ele>
      </trkpt>
      <trkpt lat="42.79189" lon="19.52202">
        <ele>975.0</ele>
      </trkpt>
      <trkpt lat="42.79176" lon="19.52219">
        <ele>975.0</ele>
      </trkpt>
      <trkpt lat="42.79128" lon="19.52272">
        <ele>975.6</ele>
      </trkpt>
      <trkpt lat="42.7908" lon="19.52325">
        <ele>972.6</ele>
      </trkpt>
      <trkpt lat="42.7907" lon="19.52341">
        <ele>972.8</ele>
      </trkpt>
      <trkpt lat="42.79065" lon="19.52353">
        <ele>972.8</ele>
      </trkpt>
      <trkpt lat="42.79058" lon="19.52374">
        <ele>973.0</ele>
      </trkpt>
      <trkpt lat="42.79055" lon="19.52395">
        <ele>973.9</ele>
      </trkpt>
      <trkpt lat="42.79054" lon="19.5241">
        <ele>974.9</ele>
      </trkpt>
      <trkpt lat="42.79054" lon="19.52452">
        <ele>976.1</ele>
      </trkpt>
      <trkpt lat="42.79054" lon="19.52467">
        <ele>976.4</ele>
      </trkpt>
      <trkpt lat="42.79051" lon="19.52487">
        <ele>975.6</ele>
      </trkpt>
      <trkpt lat="42.79046" lon="19.52519">
        <ele>975.0</ele>
      </trkpt>
      <trkpt lat="42.79026" lon="19.52619">
        <ele>974.7</ele>
      </trkpt>
      <trkpt lat="42.79022" lon="19.52642">
        <ele>974.6</ele>
      </trkpt>
      <trkpt lat="42.79018" lon="19.52674">
        <ele>974.8</ele>
      </trkpt>
      <trkpt lat="42.79011" lon="19.52746">
        <ele>976.0</ele>
      </trkpt>
      <trkpt lat="42.79001" lon="19.52856">
        <ele>975.7</ele>
      </trkpt>
      <trkpt lat="42.78991" lon="19.52966">
        <ele>978.7</ele>
      </trkpt>
      <trkpt lat="42.78989" lon="19.52998">
        <ele>979.9</ele>
      </trkpt>
      <trkpt lat="42.78988" lon="19.53039">
        <ele>979.3</ele>
      </trkpt>
      <trkpt lat="42.7899" lon="19.53071">
        <ele>979.5</ele>
      </trkpt>
      <trkpt lat="42.78991" lon="19.53088">
        <ele>979.6</ele>
      </trkpt>
      <trkpt lat="42.78991" lon="19.53088">
        <ele>979.6</ele>
      </trkpt>
      <trkpt lat="42.78991" lon="19.53088">
        <ele>979.6</ele>
      </trkpt>
      <trkpt lat="42.78991" lon="19.53088">
        <ele>979.6</ele>
      </trkpt>
      <trkpt lat="42.78995" lon="19.53121">
        <ele>980.2</ele>
      </trkpt>
      <trkpt lat="42.79012" lon="19.53222">
        <ele>982.1</ele>
      </trkpt>
      <trkpt lat="42.79023" lon="19.53326">
        <ele>976.0</ele>
      </trkpt>
      <trkpt lat="42.79033" lon="19.53429">
        <ele>981.1</ele>
      </trkpt>
      <trkpt lat="42.79036" lon="19.53449">
        <ele>980.9</ele>
      </trkpt>
      <trkpt lat="42.79042" lon="19.53473">
        <ele>981.4</ele>
      </trkpt>
      <trkpt lat="42.79069" lon="19.53539">
        <ele>984.6</ele>
      </trkpt>
      <trkpt lat="42.79073" lon="19.53552">
        <ele>984.5</ele>
      </trkpt>
      <trkpt lat="42.79076" lon="19.53562">
        <ele>984.3</ele>
      </trkpt>
      <trkpt lat="42.79078" lon="19.5358">
        <ele>983.0</ele>
      </trkpt>
      <trkpt lat="42.79077" lon="19.53602">
        <ele>982.4</ele>
      </trkpt>
      <trkpt lat="42.79074" lon="19.53623">
        <ele>981.6</ele>
      </trkpt>
      <trkpt lat="42.79058" lon="19.5369">
        <ele>978.0</ele>
      </trkpt>
      <trkpt lat="42.79035" lon="19.5378">
        <ele>972.7</ele>
      </trkpt>
      <trkpt lat="42.79027" lon="19.53802">
        <ele>970.6</ele>
      </trkpt>
      <trkpt lat="42.79014" lon="19.53831">
        <ele>967.8</ele>
      </trkpt>
      <trkpt lat="42.78998" lon="19.53857">
        <ele>965.2</ele>
      </trkpt>
      <trkpt lat="42.78981" lon="19.53879">
        <ele>966.6</ele>
      </trkpt>
      <trkpt lat="42.78966" lon="19.53896">
        <ele>967.7</ele>
      </trkpt>
      <trkpt lat="42.78935" lon="19.53922">
        <ele>970.0</ele>
      </trkpt>
      <trkpt lat="42.78874" lon="19.53968">
        <ele>981.4</ele>
      </trkpt>
      <trkpt lat="42.78813" lon="19.54014">
        <ele>986.2</ele>
      </trkpt>
      <trkpt lat="42.7879" lon="19.54028">
        <ele>986.0</ele>
      </trkpt>
      <trkpt lat="42.78757" lon="19.54043">
        <ele>981.1</ele>
      </trkpt>
      <trkpt lat="42.78735" lon="19.54056">
        <ele>979.9</ele>
      </trkpt>
      <trkpt lat="42.78704" lon="19.54078">
        <ele>979.2</ele>
      </trkpt>
      <trkpt lat="42.78664" lon="19.54111">
        <ele>985.7</ele>
      </trkpt>
      <trkpt lat="42.7865" lon="19.54121">
        <ele>989.1</ele>
      </trkpt>
      <trkpt lat="42.78633" lon="19.5413">
        <ele>991.4</ele>
      </trkpt>
      <trkpt lat="42.78618" lon="19.54134">
        <ele>991.5</ele>
      </trkpt>
      <trkpt lat="42.78602" lon="19.54137">
        <ele>991.0</ele>
      </trkpt>
      <trkpt lat="42.78589" lon="19.54137">
        <ele>989.6</ele>
      </trkpt>
      <trkpt lat="42.78577" lon="19.54136">
        <ele>988.9</ele>
      </trkpt>
      <trkpt lat="42.7852" lon="19.54121">
        <ele>986.5</ele>
      </trkpt>
      <trkpt lat="42.78507" lon="19.5412">
        <ele>986.8</ele>
      </trkpt>
      <trkpt lat="42.78492" lon="19.54119">
        <ele>986.0</ele>
      </trkpt>
      <trkpt lat="42.78476" lon="19.54121">
        <ele>984.9</ele>
      </trkpt>
      <trkpt lat="42.78466" lon="19.54122">
        <ele>984.1</ele>
      </trkpt>
      <trkpt lat="42.78443" lon="19.5413">
        <ele>984.1</ele>
      </trkpt>
      <trkpt lat="42.78433" lon="19.54134">
        <ele>984.2</ele>
      </trkpt>
      <trkpt lat="42.78418" lon="19.54142">
        <ele>984.8</ele>
      </trkpt>
      <trkpt lat="42.78398" lon="19.54157">
        <ele>985.2</ele>
      </trkpt>
      <trkpt lat="42.78382" lon="19.54172">
        <ele>985.8</ele>
      </trkpt>
      <trkpt lat="42.78365" lon="19.54192">
        <ele>988.4</ele>
      </trkpt>
      <trkpt lat="42.78315" lon="19.54257">
        <ele>989.7</ele>
      </trkpt>
      <trkpt lat="42.78305" lon="19.54267">
        <ele>989.3</ele>
      </trkpt>
      <trkpt lat="42.78295" lon="19.54275">
        <ele>988.2</ele>
      </trkpt>
      <trkpt lat="42.78284" lon="19.54281">
        <ele>986.1</ele>
      </trkpt>
      <trkpt lat="42.78274" lon="19.54286">
        <ele>984.0</ele>
      </trkpt>
      <trkpt lat="42.7826" lon="19.54289">
        <ele>979.9</ele>
      </trkpt>
      <trkpt lat="42.78201" lon="19.54294">
        <ele>979.7</ele>
      </trkpt>
      <trkpt lat="42.78184" lon="19.54297">
        <ele>981.3</ele>
      </trkpt>
      <trkpt lat="42.78099" lon="19.54326">
        <ele>979.6</ele>
      </trkpt>
      <trkpt lat="42.78068" lon="19.54338">
        <ele>978.3</ele>
      </trkpt>
      <trkpt lat="42.78026" lon="19.54362">
        <ele>981.6</ele>
      </trkpt>
      <trkpt lat="42.78016" lon="19.54369">
        <ele>982.1</ele>
      </trkpt>
      <trkpt lat="42.77987" lon="19.54396">
        <ele>985.0</ele>
      </trkpt>
      <trkpt lat="42.77953" lon="19.54431">
        <ele>989.8</ele>
      </trkpt>
      <trkpt lat="42.77939" lon="19.54444">
        <ele>992.2</ele>
      </trkpt>
      <trkpt lat="42.77918" lon="19.54457">
        <ele>992.3</ele>
      </trkpt>
      <trkpt lat="42.77898" lon="19.54467">
        <ele>993.1</ele>
      </trkpt>
      <trkpt lat="42.77882" lon="19.54473">
        <ele>992.7</ele>
      </trkpt>
      <trkpt lat="42.77841" lon="19.54484">
        <ele>988.9</ele>
      </trkpt>
      <trkpt lat="42.77787" lon="19.54499">
        <ele>984.0</ele>
      </trkpt>
      <trkpt lat="42.77733" lon="19.54513">
        <ele>981.9</ele>
      </trkpt>
      <trkpt lat="42.77715" lon="19.54518">
        <ele>982.9</ele>
      </trkpt>
      <trkpt lat="42.777" lon="19.54519">
        <ele>982.7</ele>
      </trkpt>
      <trkpt lat="42.77683" lon="19.54519">
        <ele>982.2</ele>
      </trkpt>
      <trkpt lat="42.77667" lon="19.54518">
        <ele>981.6</ele>
      </trkpt>
      <trkpt lat="42.77651" lon="19.54515">
        <ele>982.4</ele>
      </trkpt>
      <trkpt lat="42.77635" lon="19.5451">
        <ele>982.9</ele>
      </trkpt>
      <trkpt lat="42.77558" lon="19.54473">
        <ele>987.8</ele>
      </trkpt>
      <trkpt lat="42.77543" lon="19.54465">
        <ele>990.3</ele>
      </trkpt>
      <trkpt lat="42.7753" lon="19.54455">
        <ele>991.5</ele>
      </trkpt>
      <trkpt lat="42.77511" lon="19.54438">
        <ele>992.1</ele>
      </trkpt>
      <trkpt lat="42.77498" lon="19.54423">
        <ele>991.5</ele>
      </trkpt>
      <trkpt lat="42.77492" lon="19.54414">
        <ele>992.0</ele>
      </trkpt>
      <trkpt lat="42.7748" lon="19.54394">
        <ele>994.1</ele>
      </trkpt>
      <trkpt lat="42.7747" lon="19.5437">
        <ele>994.9</ele>
      </trkpt>
      <trkpt lat="42.77463" lon="19.5435">
        <ele>994.9</ele>
      </trkpt>
      <trkpt lat="42.77431" lon="19.54245">
        <ele>993.6</ele>
      </trkpt>
      <trkpt lat="42.77419" lon="19.54215">
        <ele>991.7</ele>
      </trkpt>
      <trkpt lat="42.77403" lon="19.54185">
        <ele>992.8</ele>
      </trkpt>
      <trkpt lat="42.7739" lon="19.54164">
        <ele>994.8</ele>
      </trkpt>
      <trkpt lat="42.77371" lon="19.5414">
        <ele>998.7</ele>
      </trkpt>
      <trkpt lat="42.77361" lon="19.54129">
        <ele>1000.2</ele>
      </trkpt>
      <trkpt lat="42.77343" lon="19.54112">
        <ele>1002.2</ele>
      </trkpt>
      <trkpt lat="42.77343" lon="19.54103">
        <ele>999.9</ele>
      </trkpt>
      <trkpt lat="42.77342" lon="19.54098">
        <ele>998.8</ele>
      </trkpt>
      <trkpt lat="42.77326" lon="19.54057">
        <ele>998.4</ele>
      </trkpt>
      <trkpt lat="42.77319" lon="19.54029">
        <ele>998.9</ele>
      </trkpt>
      <trkpt lat="42.77315" lon="19.53991">
        <ele>997.1</ele>
      </trkpt>
      <trkpt lat="42.7731" lon="19.53946">
        <ele>999.4</ele>
      </trkpt>
      <trkpt lat="42.77311" lon="19.5392">
        <ele>998.6</ele>
      </trkpt>
      <trkpt lat="42.77313" lon="19.53887">
        <ele>998.7</ele>
      </trkpt>
      <trkpt lat="42.77321" lon="19.53853">
        <ele>995.5</ele>
      </trkpt>
      <trkpt lat="42.77325" lon="19.53826">
        <ele>993.0</ele>
      </trkpt>
      <trkpt lat="42.77326" lon="19.53811">
        <ele>990.5</ele>
      </trkpt>
      <trkpt lat="42.77323" lon="19.53795">
        <ele>990.1</ele>
      </trkpt>
      <trkpt lat="42.77319" lon="19.53785">
        <ele>990.9</ele>
      </trkpt>
      <trkpt lat="42.77311" lon="19.53774">
        <ele>993.7</ele>
      </trkpt>
      <trkpt lat="42.77294" lon="19.53762">
        <ele>1000.7</ele>
      </trkpt>
      <trkpt lat="42.77278" lon="19.53753">
        <ele>1007.4</ele>
      </trkpt>
      <trkpt lat="42.77267" lon="19.53742">
        <ele>1009.7</ele>
      </trkpt>
      <trkpt lat="42.77261" lon="19.53731">
        <ele>1008.4</ele>
      </trkpt>
      <trkpt lat="42.77244" lon="19.53698">
        <ele>1001.3</ele>
      </trkpt>
      <trkpt lat="42.77244" lon="19.53698">
        <ele>1001.3</ele>
      </trkpt>
      <trkpt lat="42.77226" lon="19.53662">
        <ele>993.0</ele>
      </trkpt>
      <trkpt lat="42.7721" lon="19.53637">
        <ele>992.2</ele>
      </trkpt>
      <trkpt lat="42.77187" lon="19.53601">
        <ele>985.6</ele>
      </trkpt>
      <trkpt lat="42.77163" lon="19.53575">
        <ele>980.0</ele>
      </trkpt>
      <trkpt lat="42.77154" lon="19.53569">
        <ele>980.1</ele>
      </trkpt>
      <trkpt lat="42.77145" lon="19.53567">
        <ele>980.2</ele>
      </trkpt>
      <trkpt lat="42.77137" lon="19.53572">
        <ele>980.3</ele>
      </trkpt>
      <trkpt lat="42.77118" lon="19.53588">
        <ele>982.2</ele>
      </trkpt>
      <trkpt lat="42.77111" lon="19.53596">
        <ele>984.9</ele>
      </trkpt>
      <trkpt lat="42.77106" lon="19.53605">
        <ele>987.8</ele>
      </trkpt>
      <trkpt lat="42.77096" lon="19.53628">
        <ele>994.9</ele>
      </trkpt>
      <trkpt lat="42.77078" lon="19.53659">
        <ele>1002.5</ele>
      </trkpt>
      <trkpt lat="42.7706" lon="19.53695">
        <ele>1001.9</ele>
      </trkpt>
      <trkpt lat="42.77054" lon="19.53709">
        <ele>1000.9</ele>
      </trkpt>
      <trkpt lat="42.77051" lon="19.53722">
        <ele>1000.6</ele>
      </trkpt>
      <trkpt lat="42.77046" lon="19.53768">
        <ele>999.1</ele>
      </trkpt>
      <trkpt lat="42.77046" lon="19.53785">
        <ele>998.0</ele>
      </trkpt>
      <trkpt lat="42.77049" lon="19.53799">
        <ele>998.3</ele>
      </trkpt>
      <trkpt lat="42.77076" lon="19.53906">
        <ele>1008.6</ele>
      </trkpt>
      <trkpt lat="42.77076" lon="19.53906">
        <ele>1008.6</ele>
      </trkpt>
      <trkpt lat="42.77091" lon="19.53963">
        <ele>1012.5</ele>
      </trkpt>
      <trkpt lat="42.77093" lon="19.53983">
        <ele>1012.0</ele>
      </trkpt>
      <trkpt lat="42.77093" lon="19.53996">
        <ele>1011.0</ele>
      </trkpt>
      <trkpt lat="42.77087" lon="19.54046">
        <ele>1009.6</ele>
      </trkpt>
      <trkpt lat="42.77063" lon="19.54137">
        <ele>1006.0</ele>
      </trkpt>
      <trkpt lat="42.77062" lon="19.54144">
        <ele>1006.0</ele>
      </trkpt>
      <trkpt lat="42.77063" lon="19.54158">
        <ele>1007.0</ele>
      </trkpt>
      <trkpt lat="42.77066" lon="19.54165">
        <ele>1008.5</ele>
      </trkpt>
      <trkpt lat="42.77049" lon="19.54188">
        <ele>1007.0</ele>
      </trkpt>
      <trkpt lat="42.77018" lon="19.54237">
        <ele>1002.8</ele>
      </trkpt>
      <trkpt lat="42.76977" lon="19.54305">
        <ele>1003.5</ele>
      </trkpt>
      <trkpt lat="42.76937" lon="19.54373">
        <ele>999.2</ele>
      </trkpt>
      <trkpt lat="42.76937" lon="19.54373">
        <ele>999.2</ele>
      </trkpt>
      <trkpt lat="42.76907" lon="19.54424">
        <ele>994.3</ele>
      </trkpt>
      <trkpt lat="42.769" lon="19.54438">
        <ele>994.4</ele>
      </trkpt>
      <trkpt lat="42.76893" lon="19.54458">
        <ele>994.9</ele>
      </trkpt>
      <trkpt lat="42.76889" lon="19.54472">
        <ele>995.2</ele>
      </trkpt>
      <trkpt lat="42.76885" lon="19.54498">
        <ele>996.4</ele>
      </trkpt>
      <trkpt lat="42.76882" lon="19.54551">
        <ele>999.4</ele>
      </trkpt>
      <trkpt lat="42.7688" lon="19.54575">
        <ele>1000.5</ele>
      </trkpt>
      <trkpt lat="42.76877" lon="19.54596">
        <ele>1001.6</ele>
      </trkpt>
      <trkpt lat="42.76874" lon="19.54614">
        <ele>1002.6</ele>
      </trkpt>
      <trkpt lat="42.76869" lon="19.5463">
        <ele>1002.4</ele>
      </trkpt>
      <trkpt lat="42.7685" lon="19.54683">
        <ele>999.7</ele>
      </trkpt>
      <trkpt lat="42.76812" lon="19.5477">
        <ele>1002.4</ele>
      </trkpt>
      <trkpt lat="42.76804" lon="19.54786">
        <ele>1004.9</ele>
      </trkpt>
      <trkpt lat="42.76791" lon="19.54806">
        <ele>1006.4</ele>
      </trkpt>
      <trkpt lat="42.7678" lon="19.54821">
        <ele>1006.6</ele>
      </trkpt>
      <trkpt lat="42.76763" lon="19.54838">
        <ele>1004.7</ele>
      </trkpt>
      <trkpt lat="42.76751" lon="19.54849">
        <ele>1003.0</ele>
      </trkpt>
      <trkpt lat="42.76735" lon="19.54861">
        <ele>1002.9</ele>
      </trkpt>
      <trkpt lat="42.76713" lon="19.54873">
        <ele>1001.1</ele>
      </trkpt>
      <trkpt lat="42.76639" lon="19.54905">
        <ele>993.2</ele>
      </trkpt>
      <trkpt lat="42.76582" lon="19.54929">
        <ele>992.0</ele>
      </trkpt>
      <trkpt lat="42.76525" lon="19.54953">
        <ele>991.3</ele>
      </trkpt>
      <trkpt lat="42.76501" lon="19.54964">
        <ele>990.9</ele>
      </trkpt>
      <trkpt lat="42.76487" lon="19.54973">
        <ele>990.5</ele>
      </trkpt>
      <trkpt lat="42.76478" lon="19.54982">
        <ele>990.2</ele>
      </trkpt>
      <trkpt lat="42.76466" lon="19.54998">
        <ele>989.7</ele>
      </trkpt>
      <trkpt lat="42.76461" lon="19.55009">
        <ele>989.8</ele>
      </trkpt>
      <trkpt lat="42.76428" lon="19.55104">
        <ele>992.6</ele>
      </trkpt>
      <trkpt lat="42.76412" lon="19.55146">
        <ele>996.7</ele>
      </trkpt>
      <trkpt lat="42.76393" lon="19.55164">
        <ele>997.7</ele>
      </trkpt>
      <trkpt lat="42.76383" lon="19.5517">
        <ele>997.6</ele>
      </trkpt>
      <trkpt lat="42.76369" lon="19.55174">
        <ele>996.8</ele>
      </trkpt>
      <trkpt lat="42.76349" lon="19.55175">
        <ele>994.9</ele>
      </trkpt>
      <trkpt lat="42.76329" lon="19.5517">
        <ele>992.9</ele>
      </trkpt>
      <trkpt lat="42.76285" lon="19.55155">
        <ele>991.8</ele>
      </trkpt>
      <trkpt lat="42.76222" lon="19.55136">
        <ele>990.2</ele>
      </trkpt>
      <trkpt lat="42.76186" lon="19.55127">
        <ele>989.4</ele>
      </trkpt>
      <trkpt lat="42.76175" lon="19.55126">
        <ele>989.5</ele>
      </trkpt>
      <trkpt lat="42.76168" lon="19.55128">
        <ele>989.7</ele>
      </trkpt>
      <trkpt lat="42.7617" lon="19.55143">
        <ele>990.5</ele>
      </trkpt>
      <trkpt lat="42.76169" lon="19.55165">
        <ele>991.8</ele>
      </trkpt>
      <trkpt lat="42.76173" lon="19.55179">
        <ele>991.8</ele>
      </trkpt>
      <trkpt lat="42.76169" lon="19.55199">
        <ele>992.3</ele>
      </trkpt>
      <trkpt lat="42.76161" lon="19.55222">
        <ele>994.2</ele>
      </trkpt>
      <trkpt lat="42.76154" lon="19.55237">
        <ele>996.4</ele>
      </trkpt>
      <trkpt lat="42.76136" lon="19.55264">
        <ele>1001.6</ele>
      </trkpt>
      <trkpt lat="42.76121" lon="19.55281">
        <ele>1004.9</ele>
      </trkpt>
      <trkpt lat="42.76114" lon="19.55292">
        <ele>1006.1</ele>
      </trkpt>
      <trkpt lat="42.76108" lon="19.55305">
        <ele>1006.7</ele>
      </trkpt>
      <trkpt lat="42.76104" lon="19.55319">
        <ele>1006.6</ele>
      </trkpt>
      <trkpt lat="42.76103" lon="19.55329">
        <ele>1006.1</ele>
      </trkpt>
      <trkpt lat="42.76103" lon="19.55338">
        <ele>1005.5</ele>
      </trkpt>
      <trkpt lat="42.76111" lon="19.55434">
        <ele>999.3</ele>
      </trkpt>
      <trkpt lat="42.76111" lon="19.55458">
        <ele>998.7</ele>
      </trkpt>
      <trkpt lat="42.7611" lon="19.55473">
        <ele>998.5</ele>
      </trkpt>
      <trkpt lat="42.76107" lon="19.55489">
        <ele>998.6</ele>
      </trkpt>
      <trkpt lat="42.76102" lon="19.55502">
        <ele>999.0</ele>
      </trkpt>
      <trkpt lat="42.76094" lon="19.55517">
        <ele>999.3</ele>
      </trkpt>
      <trkpt lat="42.76062" lon="19.55556">
        <ele>1003.2</ele>
      </trkpt>
      <trkpt lat="42.76054" lon="19.55568">
        <ele>1004.5</ele>
      </trkpt>
      <trkpt lat="42.76045" lon="19.55582">
        <ele>1006.2</ele>
      </trkpt>
      <trkpt lat="42.76036" lon="19.556">
        <ele>1007.8</ele>
      </trkpt>
      <trkpt lat="42.76029" lon="19.55617">
        <ele>1008.9</ele>
      </trkpt>
      <trkpt lat="42.76022" lon="19.55635">
        <ele>1009.9</ele>
      </trkpt>
      <trkpt lat="42.76" lon="19.5572">
        <ele>1010.8</ele>
      </trkpt>
      <trkpt lat="42.75981" lon="19.55806">
        <ele>1013.5</ele>
      </trkpt>
      <trkpt lat="42.75977" lon="19.55835">
        <ele>1013.2</ele>
      </trkpt>
      <trkpt lat="42.75976" lon="19.55866">
        <ele>1009.8</ele>
      </trkpt>
      <trkpt lat="42.75976" lon="19.55907">
        <ele>1004.9</ele>
      </trkpt>
      <trkpt lat="42.75975" lon="19.5593">
        <ele>1003.5</ele>
      </trkpt>
      <trkpt lat="42.75968" lon="19.56003">
        <ele>1002.2</ele>
      </trkpt>
      <trkpt lat="42.75961" lon="19.56077">
        <ele>1004.5</ele>
      </trkpt>
      <trkpt lat="42.75958" lon="19.56089">
        <ele>1005.1</ele>
      </trkpt>
      <trkpt lat="42.75954" lon="19.56103">
        <ele>1005.8</ele>
      </trkpt>
      <trkpt lat="42.75933" lon="19.56158">
        <ele>1007.8</ele>
      </trkpt>
      <trkpt lat="42.75911" lon="19.56212">
        <ele>1010.3</ele>
      </trkpt>
      <trkpt lat="42.759" lon="19.56237">
        <ele>1014.3</ele>
      </trkpt>
      <trkpt lat="42.75874" lon="19.56289">
        <ele>1020.9</ele>
      </trkpt>
      <trkpt lat="42.75863" lon="19.56317">
        <ele>1021.7</ele>
      </trkpt>
      <trkpt lat="42.75851" lon="19.56354">
        <ele>1020.7</ele>
      </trkpt>
      <trkpt lat="42.75845" lon="19.56376">
        <ele>1018.9</ele>
      </trkpt>
      <trkpt lat="42.75833" lon="19.5643">
        <ele>1012.8</ele>
      </trkpt>
      <trkpt lat="42.75827" lon="19.56447">
        <ele>1012.8</ele>
      </trkpt>
      <trkpt lat="42.75818" lon="19.56463">
        <ele>1013.5</ele>
      </trkpt>
      <trkpt lat="42.75768" lon="19.56534">
        <ele>1016.6</ele>
      </trkpt>
      <trkpt lat="42.75742" lon="19.56567">
        <ele>1017.7</ele>
      </trkpt>
      <trkpt lat="42.75732" lon="19.56583">
        <ele>1018.7</ele>
      </trkpt>
      <trkpt lat="42.75725" lon="19.56596">
        <ele>1019.5</ele>
      </trkpt>
      <trkpt lat="42.7572" lon="19.56611">
        <ele>1019.1</ele>
      </trkpt>
      <trkpt lat="42.75702" lon="19.56673">
        <ele>1014.3</ele>
      </trkpt>
      <trkpt lat="42.75698" lon="19.56684">
        <ele>1013.9</ele>
      </trkpt>
      <trkpt lat="42.75691" lon="19.56695">
        <ele>1013.5</ele>
      </trkpt>
      <trkpt lat="42.75685" lon="19.56703">
        <ele>1013.2</ele>
      </trkpt>
      <trkpt lat="42.75678" lon="19.56709">
        <ele>1012.9</ele>
      </trkpt>
      <trkpt lat="42.7567" lon="19.56715">
        <ele>1012.5</ele>
      </trkpt>
      <trkpt lat="42.75663" lon="19.56719">
        <ele>1012.5</ele>
      </trkpt>
      <trkpt lat="42.75604" lon="19.56738">
        <ele>1015.0</ele>
      </trkpt>
      <trkpt lat="42.7557" lon="19.56751">
        <ele>1015.8</ele>
      </trkpt>
      <trkpt lat="42.75554" lon="19.56759">
        <ele>1016.9</ele>
      </trkpt>
      <trkpt lat="42.75541" lon="19.56767">
        <ele>1017.5</ele>
      </trkpt>
      <trkpt lat="42.7553" lon="19.56776">
        <ele>1017.6</ele>
      </trkpt>
      <trkpt lat="42.75518" lon="19.56787">
        <ele>1017.2</ele>
      </trkpt>
      <trkpt lat="42.75508" lon="19.56798">
        <ele>1016.5</ele>
      </trkpt>
      <trkpt lat="42.75484" lon="19.56829">
        <ele>1016.6</ele>
      </trkpt>
      <trkpt lat="42.75459" lon="19.56866">
        <ele>1019.6</ele>
      </trkpt>
      <trkpt lat="42.75439" lon="19.569">
        <ele>1018.9</ele>
      </trkpt>
      <trkpt lat="42.75416" lon="19.56946">
        <ele>1015.6</ele>
      </trkpt>
      <trkpt lat="42.75407" lon="19.56963">
        <ele>1015.4</ele>
      </trkpt>
      <trkpt lat="42.75367" lon="19.57024">
        <ele>1014.9</ele>
      </trkpt>
      <trkpt lat="42.75328" lon="19.57085">
        <ele>1012.3</ele>
      </trkpt>
      <trkpt lat="42.75296" lon="19.57134">
        <ele>1016.1</ele>
      </trkpt>
      <trkpt lat="42.75278" lon="19.5716">
        <ele>1015.7</ele>
      </trkpt>
      <trkpt lat="42.75262" lon="19.5718">
        <ele>1015.6</ele>
      </trkpt>
      <trkpt lat="42.75241" lon="19.57204">
        <ele>1017.2</ele>
      </trkpt>
      <trkpt lat="42.75201" lon="19.57246">
        <ele>1019.8</ele>
      </trkpt>
      <trkpt lat="42.7518" lon="19.57267">
        <ele>1021.1</ele>
      </trkpt>
      <trkpt lat="42.75138" lon="19.57306">
        <ele>1023.2</ele>
      </trkpt>
      <trkpt lat="42.75129" lon="19.57316">
        <ele>1023.2</ele>
      </trkpt>
      <trkpt lat="42.75121" lon="19.57324">
        <ele>1023.1</ele>
      </trkpt>
      <trkpt lat="42.75088" lon="19.57368">
        <ele>1024.1</ele>
      </trkpt>
      <trkpt lat="42.75077" lon="19.5738">
        <ele>1025.7</ele>
      </trkpt>
      <trkpt lat="42.75035" lon="19.57418">
        <ele>1033.5</ele>
      </trkpt>
      <trkpt lat="42.75031" lon="19.57425">
        <ele>1033.8</ele>
      </trkpt>
      <trkpt lat="42.75027" lon="19.57432">
        <ele>1033.9</ele>
      </trkpt>
      <trkpt lat="42.75018" lon="19.57468">
        <ele>1031.1</ele>
      </trkpt>
      <trkpt lat="42.75014" lon="19.57481">
        <ele>1029.7</ele>
      </trkpt>
      <trkpt lat="42.75009" lon="19.57493">
        <ele>1028.1</ele>
      </trkpt>
      <trkpt lat="42.75003" lon="19.57504">
        <ele>1026.9</ele>
      </trkpt>
      <trkpt lat="42.74998" lon="19.5751">
        <ele>1027.1</ele>
      </trkpt>
      <trkpt lat="42.74994" lon="19.57513">
        <ele>1027.8</ele>
      </trkpt>
      <trkpt lat="42.74971" lon="19.57522">
        <ele>1031.7</ele>
      </trkpt>
      <trkpt lat="42.74961" lon="19.57528">
        <ele>1033.0</ele>
      </trkpt>
      <trkpt lat="42.74952" lon="19.57534">
        <ele>1033.9</ele>
      </trkpt>
      <trkpt lat="42.74945" lon="19.57541">
        <ele>1034.2</ele>
      </trkpt>
      <trkpt lat="42.74933" lon="19.57555">
        <ele>1033.9</ele>
      </trkpt>
      <trkpt lat="42.74917" lon="19.57576">
        <ele>1032.3</ele>
      </trkpt>
      <trkpt lat="42.74909" lon="19.5759">
        <ele>1032.2</ele>
      </trkpt>
      <trkpt lat="42.74904" lon="19.57604">
        <ele>1032.4</ele>
      </trkpt>
      <trkpt lat="42.74898" lon="19.5763">
        <ele>1031.9</ele>
      </trkpt>
      <trkpt lat="42.74893" lon="19.57658">
        <ele>1030.9</ele>
      </trkpt>
      <trkpt lat="42.74891" lon="19.57685">
        <ele>1029.6</ele>
      </trkpt>
      <trkpt lat="42.74891" lon="19.57714">
        <ele>1027.8</ele>
      </trkpt>
      <trkpt lat="42.74894" lon="19.57741">
        <ele>1026.1</ele>
      </trkpt>
      <trkpt lat="42.74895" lon="19.57754">
        <ele>1025.4</ele>
      </trkpt>
      <trkpt lat="42.74895" lon="19.57769">
        <ele>1024.5</ele>
      </trkpt>
      <trkpt lat="42.74893" lon="19.57783">
        <ele>1024.1</ele>
      </trkpt>
      <trkpt lat="42.74889" lon="19.57796">
        <ele>1023.8</ele>
      </trkpt>
      <trkpt lat="42.74849" lon="19.57903">
        <ele>1026.2</ele>
      </trkpt>
      <trkpt lat="42.74833" lon="19.57938">
        <ele>1029.8</ele>
      </trkpt>
      <trkpt lat="42.74817" lon="19.57967">
        <ele>1033.8</ele>
      </trkpt>
      <trkpt lat="42.74803" lon="19.57987">
        <ele>1034.8</ele>
      </trkpt>
      <trkpt lat="42.7479" lon="19.58003">
        <ele>1034.8</ele>
      </trkpt>
      <trkpt lat="42.74778" lon="19.58015">
        <ele>1035.0</ele>
      </trkpt>
      <trkpt lat="42.74741" lon="19.58047">
        <ele>1034.1</ele>
      </trkpt>
      <trkpt lat="42.74733" lon="19.58057">
        <ele>1035.0</ele>
      </trkpt>
      <trkpt lat="42.74727" lon="19.58069">
        <ele>1036.0</ele>
      </trkpt>
      <trkpt lat="42.74723" lon="19.58081">
        <ele>1036.9</ele>
      </trkpt>
      <trkpt lat="42.7472" lon="19.58096">
        <ele>1037.2</ele>
      </trkpt>
      <trkpt lat="42.7472" lon="19.58109">
        <ele>1037.6</ele>
      </trkpt>
      <trkpt lat="42.74724" lon="19.58129">
        <ele>1038.6</ele>
      </trkpt>
      <trkpt lat="42.74731" lon="19.5815">
        <ele>1040.1</ele>
      </trkpt>
      <trkpt lat="42.7475" lon="19.58201">
        <ele>1039.7</ele>
      </trkpt>
      <trkpt lat="42.74759" lon="19.58222">
        <ele>1040.6</ele>
      </trkpt>
      <trkpt lat="42.74767" lon="19.58238">
        <ele>1041.5</ele>
      </trkpt>
      <trkpt lat="42.74774" lon="19.58248">
        <ele>1042.7</ele>
      </trkpt>
      <trkpt lat="42.74781" lon="19.58257">
        <ele>1044.2</ele>
      </trkpt>
      <trkpt lat="42.74792" lon="19.58263">
        <ele>1047.1</ele>
      </trkpt>
      <trkpt lat="42.74805" lon="19.58269">
        <ele>1050.4</ele>
      </trkpt>
      <trkpt lat="42.74812" lon="19.58272">
        <ele>1052.0</ele>
      </trkpt>
      <trkpt lat="42.74818" lon="19.58279">
        <ele>1053.0</ele>
      </trkpt>
      <trkpt lat="42.74824" lon="19.58288">
        <ele>1053.5</ele>
      </trkpt>
      <trkpt lat="42.74827" lon="19.58296">
        <ele>1053.3</ele>
      </trkpt>
      <trkpt lat="42.74829" lon="19.58303">
        <ele>1053.0</ele>
      </trkpt>
      <trkpt lat="42.7483" lon="19.58327">
        <ele>1050.1</ele>
      </trkpt>
      <trkpt lat="42.74832" lon="19.58339">
        <ele>1049.3</ele>
      </trkpt>
      <trkpt lat="42.74835" lon="19.58348">
        <ele>1049.7</ele>
      </trkpt>
      <trkpt lat="42.74845" lon="19.58372">
        <ele>1052.4</ele>
      </trkpt>
      <trkpt lat="42.74854" lon="19.58402">
        <ele>1053.4</ele>
      </trkpt>
      <trkpt lat="42.74859" lon="19.5842">
        <ele>1053.8</ele>
      </trkpt>
      <trkpt lat="42.74867" lon="19.58435">
        <ele>1056.7</ele>
      </trkpt>
      <trkpt lat="42.74875" lon="19.58457">
        <ele>1059.5</ele>
      </trkpt>
      <trkpt lat="42.74877" lon="19.58467">
        <ele>1060.2</ele>
      </trkpt>
      <trkpt lat="42.74878" lon="19.58479">
        <ele>1060.5</ele>
      </trkpt>
      <trkpt lat="42.74878" lon="19.58488">
        <ele>1060.4</ele>
      </trkpt>
      <trkpt lat="42.74877" lon="19.58499">
        <ele>1059.8</ele>
      </trkpt>
      <trkpt lat="42.74866" lon="19.58537">
        <ele>1054.3</ele>
      </trkpt>
      <trkpt lat="42.74864" lon="19.58548">
        <ele>1053.2</ele>
      </trkpt>
      <trkpt lat="42.74861" lon="19.58576">
        <ele>1051.5</ele>
      </trkpt>
      <trkpt lat="42.74852" lon="19.58625">
        <ele>1047.6</ele>
      </trkpt>
      <trkpt lat="42.74851" lon="19.58635">
        <ele>1047.2</ele>
      </trkpt>
      <trkpt lat="42.74852" lon="19.58647">
        <ele>1047.2</ele>
      </trkpt>
      <trkpt lat="42.74861" lon="19.587">
        <ele>1049.4</ele>
      </trkpt>
      <trkpt lat="42.74863" lon="19.58713">
        <ele>1049.9</ele>
      </trkpt>
      <trkpt lat="42.74863" lon="19.58724">
        <ele>1050.3</ele>
      </trkpt>
      <trkpt lat="42.74862" lon="19.58728">
        <ele>1050.5</ele>
      </trkpt>
      <trkpt lat="42.74859" lon="19.58732">
        <ele>1050.7</ele>
      </trkpt>
      <trkpt lat="42.74856" lon="19.58735">
        <ele>1051.0</ele>
      </trkpt>
      <trkpt lat="42.74834" lon="19.58747">
        <ele>1046.0</ele>
      </trkpt>
      <trkpt lat="42.74828" lon="19.58754">
        <ele>1045.6</ele>
      </trkpt>
      <trkpt lat="42.74825" lon="19.58765">
        <ele>1045.9</ele>
      </trkpt>
      <trkpt lat="42.74825" lon="19.5878">
        <ele>1046.7</ele>
      </trkpt>
      <trkpt lat="42.74827" lon="19.58792">
        <ele>1047.7</ele>
      </trkpt>
      <trkpt lat="42.74831" lon="19.58803">
        <ele>1048.9</ele>
      </trkpt>
      <trkpt lat="42.74843" lon="19.58822">
        <ele>1053.2</ele>
      </trkpt>
      <trkpt lat="42.74845" lon="19.58827">
        <ele>1054.1</ele>
      </trkpt>
      <trkpt lat="42.74845" lon="19.58835">
        <ele>1054.7</ele>
      </trkpt>
      <trkpt lat="42.74844" lon="19.58844">
        <ele>1055.2</ele>
      </trkpt>
      <trkpt lat="42.74833" lon="19.58885">
        <ele>1055.3</ele>
      </trkpt>
      <trkpt lat="42.74827" lon="19.58904">
        <ele>1055.8</ele>
      </trkpt>
      <trkpt lat="42.74817" lon="19.58927">
        <ele>1057.0</ele>
      </trkpt>
      <trkpt lat="42.74806" lon="19.58948">
        <ele>1058.6</ele>
      </trkpt>
      <trkpt lat="42.74799" lon="19.5896">
        <ele>1059.2</ele>
      </trkpt>
      <trkpt lat="42.74774" lon="19.58995">
        <ele>1058.6</ele>
      </trkpt>
      <trkpt lat="42.74754" lon="19.59028">
        <ele>1057.8</ele>
      </trkpt>
      <trkpt lat="42.74745" lon="19.59047">
        <ele>1058.1</ele>
      </trkpt>
      <trkpt lat="42.74731" lon="19.5908">
        <ele>1058.6</ele>
      </trkpt>
      <trkpt lat="42.74711" lon="19.59126">
        <ele>1055.5</ele>
      </trkpt>
      <trkpt lat="42.74705" lon="19.59144">
        <ele>1054.8</ele>
      </trkpt>
      <trkpt lat="42.74702" lon="19.59162">
        <ele>1054.9</ele>
      </trkpt>
      <trkpt lat="42.747" lon="19.59182">
        <ele>1055.3</ele>
      </trkpt>
      <trkpt lat="42.74699" lon="19.59197">
        <ele>1055.7</ele>
      </trkpt>
      <trkpt lat="42.747" lon="19.5921">
        <ele>1056.5</ele>
      </trkpt>
      <trkpt lat="42.74709" lon="19.59286">
        <ele>1059.0</ele>
      </trkpt>
      <trkpt lat="42.74711" lon="19.59297">
        <ele>1059.1</ele>
      </trkpt>
      <trkpt lat="42.74714" lon="19.59309">
        <ele>1059.2</ele>
      </trkpt>
      <trkpt lat="42.74719" lon="19.5932">
        <ele>1059.7</ele>
      </trkpt>
      <trkpt lat="42.7474" lon="19.59352">
        <ele>1060.6</ele>
      </trkpt>
      <trkpt lat="42.74746" lon="19.59362">
        <ele>1060.2</ele>
      </trkpt>
      <trkpt lat="42.7475" lon="19.59372">
        <ele>1059.4</ele>
      </trkpt>
      <trkpt lat="42.74758" lon="19.59397">
        <ele>1059.7</ele>
      </trkpt>
      <trkpt lat="42.74771" lon="19.59427">
        <ele>1061.8</ele>
      </trkpt>
      <trkpt lat="42.74778" lon="19.59436">
        <ele>1063.8</ele>
      </trkpt>
      <trkpt lat="42.74786" lon="19.59442">
        <ele>1066.0</ele>
      </trkpt>
      <trkpt lat="42.74797" lon="19.59449">
        <ele>1068.9</ele>
      </trkpt>
      <trkpt lat="42.74804" lon="19.59457">
        <ele>1070.1</ele>
      </trkpt>
      <trkpt lat="42.74816" lon="19.59477">
        <ele>1070.4</ele>
      </trkpt>
      <trkpt lat="42.74824" lon="19.59497">
        <ele>1068.8</ele>
      </trkpt>
      <trkpt lat="42.7483" lon="19.5952">
        <ele>1068.5</ele>
      </trkpt>
      <trkpt lat="42.74833" lon="19.59539">
        <ele>1068.1</ele>
      </trkpt>
      <trkpt lat="42.74833" lon="19.59539">
        <ele>1068.1</ele>
      </trkpt>
      <trkpt lat="42.74833" lon="19.59539">
        <ele>1068.1</ele>
      </trkpt>
      <trkpt lat="42.74842" lon="19.59591">
        <ele>1069.1</ele>
      </trkpt>
      <trkpt lat="42.74845" lon="19.59624">
        <ele>1067.8</ele>
      </trkpt>
      <trkpt lat="42.74847" lon="19.59664">
        <ele>1065.6</ele>
      </trkpt>
      <trkpt lat="42.74854" lon="19.59701">
        <ele>1065.8</ele>
      </trkpt>
      <trkpt lat="42.74859" lon="19.59718">
        <ele>1066.7</ele>
      </trkpt>
      <trkpt lat="42.74882" lon="19.59791">
        <ele>1069.6</ele>
      </trkpt>
      <trkpt lat="42.74898" lon="19.59862">
        <ele>1068.7</ele>
      </trkpt>
      <trkpt lat="42.74905" lon="19.59896">
        <ele>1068.3</ele>
      </trkpt>
      <trkpt lat="42.74907" lon="19.59902">
        <ele>1068.2</ele>
      </trkpt>
      <trkpt lat="42.7492" lon="19.59918">
        <ele>1068.0</ele>
      </trkpt>
      <trkpt lat="42.74928" lon="19.59932">
        <ele>1071.4</ele>
      </trkpt>
      <trkpt lat="42.74936" lon="19.59946">
        <ele>1073.8</ele>
      </trkpt>
      <trkpt lat="42.74944" lon="19.59963">
        <ele>1075.3</ele>
      </trkpt>
      <trkpt lat="42.74948" lon="19.59974">
        <ele>1075.7</ele>
      </trkpt>
      <trkpt lat="42.7495" lon="19.59985">
        <ele>1075.8</ele>
      </trkpt>
      <trkpt lat="42.74952" lon="19.59997">
        <ele>1075.7</ele>
      </trkpt>
      <trkpt lat="42.74953" lon="19.60009">
        <ele>1075.6</ele>
      </trkpt>
      <trkpt lat="42.74951" lon="19.60067">
        <ele>1075.5</ele>
      </trkpt>
      <trkpt lat="42.74948" lon="19.60099">
        <ele>1074.4</ele>
      </trkpt>
      <trkpt lat="42.74945" lon="19.60115">
        <ele>1073.3</ele>
      </trkpt>
      <trkpt lat="42.74941" lon="19.60128">
        <ele>1072.7</ele>
      </trkpt>
      <trkpt lat="42.74935" lon="19.6014">
        <ele>1072.5</ele>
      </trkpt>
      <trkpt lat="42.74909" lon="19.60182">
        <ele>1075.2</ele>
      </trkpt>
      <trkpt lat="42.74907" lon="19.60188">
        <ele>1075.8</ele>
      </trkpt>
      <trkpt lat="42.74906" lon="19.60194">
        <ele>1076.2</ele>
      </trkpt>
      <trkpt lat="42.74906" lon="19.602">
        <ele>1076.3</ele>
      </trkpt>
      <trkpt lat="42.7491" lon="19.6022">
        <ele>1075.6</ele>
      </trkpt>
      <trkpt lat="42.74911" lon="19.60233">
        <ele>1075.5</ele>
      </trkpt>
      <trkpt lat="42.74912" lon="19.60292">
        <ele>1084.6</ele>
      </trkpt>
      <trkpt lat="42.74915" lon="19.60305">
        <ele>1086.4</ele>
      </trkpt>
      <trkpt lat="42.7492" lon="19.60318">
        <ele>1087.8</ele>
      </trkpt>
      <trkpt lat="42.74928" lon="19.60329">
        <ele>1087.9</ele>
      </trkpt>
      <trkpt lat="42.74962" lon="19.60363">
        <ele>1086.9</ele>
      </trkpt>
      <trkpt lat="42.74985" lon="19.60382">
        <ele>1085.3</ele>
      </trkpt>
      <trkpt lat="42.75001" lon="19.60398">
        <ele>1084.8</ele>
      </trkpt>
      <trkpt lat="42.75007" lon="19.60402">
        <ele>1084.4</ele>
      </trkpt>
      <trkpt lat="42.75017" lon="19.60406">
        <ele>1082.9</ele>
      </trkpt>
      <trkpt lat="42.75024" lon="19.60411">
        <ele>1082.2</ele>
      </trkpt>
      <trkpt lat="42.75029" lon="19.60418">
        <ele>1082.1</ele>
      </trkpt>
      <trkpt lat="42.75034" lon="19.60427">
        <ele>1081.8</ele>
      </trkpt>
      <trkpt lat="42.75037" lon="19.60438">
        <ele>1082.1</ele>
      </trkpt>
      <trkpt lat="42.75039" lon="19.60448">
        <ele>1082.6</ele>
      </trkpt>
      <trkpt lat="42.7504" lon="19.6046">
        <ele>1083.7</ele>
      </trkpt>
      <trkpt lat="42.7504" lon="19.60488">
        <ele>1086.7</ele>
      </trkpt>
      <trkpt lat="42.75039" lon="19.60531">
        <ele>1089.0</ele>
      </trkpt>
      <trkpt lat="42.75039" lon="19.60551">
        <ele>1089.5</ele>
      </trkpt>
      <trkpt lat="42.75041" lon="19.60572">
        <ele>1089.4</ele>
      </trkpt>
      <trkpt lat="42.75048" lon="19.60617">
        <ele>1086.7</ele>
      </trkpt>
      <trkpt lat="42.75048" lon="19.60633">
        <ele>1086.1</ele>
      </trkpt>
      <trkpt lat="42.75046" lon="19.60643">
        <ele>1086.3</ele>
      </trkpt>
      <trkpt lat="42.75042" lon="19.60652">
        <ele>1086.9</ele>
      </trkpt>
      <trkpt lat="42.75029" lon="19.60668">
        <ele>1089.3</ele>
      </trkpt>
      <trkpt lat="42.75025" lon="19.60675">
        <ele>1090.0</ele>
      </trkpt>
      <trkpt lat="42.75022" lon="19.60684">
        <ele>1090.4</ele>
      </trkpt>
      <trkpt lat="42.75022" lon="19.60691">
        <ele>1090.1</ele>
      </trkpt>
      <trkpt lat="42.75023" lon="19.60701">
        <ele>1089.6</ele>
      </trkpt>
      <trkpt lat="42.75033" lon="19.60729">
        <ele>1086.7</ele>
      </trkpt>
      <trkpt lat="42.75034" lon="19.60734">
        <ele>1086.3</ele>
      </trkpt>
      <trkpt lat="42.75034" lon="19.60743">
        <ele>1086.1</ele>
      </trkpt>
      <trkpt lat="42.75031" lon="19.60753">
        <ele>1086.1</ele>
      </trkpt>
      <trkpt lat="42.75024" lon="19.60766">
        <ele>1086.0</ele>
      </trkpt>
      <trkpt lat="42.75013" lon="19.6078">
        <ele>1086.5</ele>
      </trkpt>
      <trkpt lat="42.74991" lon="19.60801">
        <ele>1089.1</ele>
      </trkpt>
      <trkpt lat="42.74986" lon="19.60809">
        <ele>1089.7</ele>
      </trkpt>
      <trkpt lat="42.74982" lon="19.60821">
        <ele>1089.8</ele>
      </trkpt>
      <trkpt lat="42.74974" lon="19.60855">
        <ele>1089.0</ele>
      </trkpt>
      <trkpt lat="42.74958" lon="19.60893">
        <ele>1090.4</ele>
      </trkpt>
      <trkpt lat="42.74953" lon="19.60908">
        <ele>1090.5</ele>
      </trkpt>
      <trkpt lat="42.74949" lon="19.60922">
        <ele>1090.5</ele>
      </trkpt>
      <trkpt lat="42.74945" lon="19.60947">
        <ele>1089.5</ele>
      </trkpt>
      <trkpt lat="42.74942" lon="19.60956">
        <ele>1089.6</ele>
      </trkpt>
      <trkpt lat="42.74938" lon="19.60966">
        <ele>1089.8</ele>
      </trkpt>
      <trkpt lat="42.7493" lon="19.60982">
        <ele>1090.4</ele>
      </trkpt>
      <trkpt lat="42.74928" lon="19.6099">
        <ele>1090.1</ele>
      </trkpt>
      <trkpt lat="42.74927" lon="19.60999">
        <ele>1089.5</ele>
      </trkpt>
      <trkpt lat="42.74928" lon="19.61006">
        <ele>1089.3</ele>
      </trkpt>
      <trkpt lat="42.74938" lon="19.61033">
        <ele>1087.4</ele>
      </trkpt>
      <trkpt lat="42.74942" lon="19.61051">
        <ele>1086.8</ele>
      </trkpt>
      <trkpt lat="42.74943" lon="19.61068">
        <ele>1087.0</ele>
      </trkpt>
      <trkpt lat="42.74941" lon="19.61088">
        <ele>1087.6</ele>
      </trkpt>
      <trkpt lat="42.74926" lon="19.61132">
        <ele>1088.9</ele>
      </trkpt>
      <trkpt lat="42.74921" lon="19.61141">
        <ele>1089.6</ele>
      </trkpt>
      <trkpt lat="42.74906" lon="19.61166">
        <ele>1091.3</ele>
      </trkpt>
      <trkpt lat="42.74904" lon="19.61172">
        <ele>1091.7</ele>
      </trkpt>
      <trkpt lat="42.74901" lon="19.61179">
        <ele>1092.2</ele>
      </trkpt>
      <trkpt lat="42.74892" lon="19.61231">
        <ele>1093.9</ele>
      </trkpt>
      <trkpt lat="42.74891" lon="19.61241">
        <ele>1094.1</ele>
      </trkpt>
      <trkpt lat="42.74891" lon="19.61254">
        <ele>1094.2</ele>
      </trkpt>
      <trkpt lat="42.74893" lon="19.61266">
        <ele>1094.0</ele>
      </trkpt>
      <trkpt lat="42.74902" lon="19.61294">
        <ele>1092.7</ele>
      </trkpt>
      <trkpt lat="42.74903" lon="19.61304">
        <ele>1092.8</ele>
      </trkpt>
      <trkpt lat="42.74903" lon="19.61311">
        <ele>1093.1</ele>
      </trkpt>
      <trkpt lat="42.74901" lon="19.61321">
        <ele>1093.9</ele>
      </trkpt>
      <trkpt lat="42.74892" lon="19.61346">
        <ele>1095.7</ele>
      </trkpt>
      <trkpt lat="42.74887" lon="19.61363">
        <ele>1095.8</ele>
      </trkpt>
      <trkpt lat="42.74883" lon="19.61379">
        <ele>1095.7</ele>
      </trkpt>
      <trkpt lat="42.74879" lon="19.61397">
        <ele>1095.5</ele>
      </trkpt>
      <trkpt lat="42.74874" lon="19.61432">
        <ele>1093.7</ele>
      </trkpt>
      <trkpt lat="42.7487" lon="19.61444">
        <ele>1093.1</ele>
      </trkpt>
      <trkpt lat="42.74864" lon="19.61455">
        <ele>1092.9</ele>
      </trkpt>
      <trkpt lat="42.74846" lon="19.6148">
        <ele>1092.7</ele>
      </trkpt>
      <trkpt lat="42.74821" lon="19.61519">
        <ele>1094.1</ele>
      </trkpt>
      <trkpt lat="42.74814" lon="19.61535">
        <ele>1095.3</ele>
      </trkpt>
      <trkpt lat="42.74812" lon="19.61539">
        <ele>1095.6</ele>
      </trkpt>
      <trkpt lat="42.74812" lon="19.61547">
        <ele>1095.6</ele>
      </trkpt>
      <trkpt lat="42.74812" lon="19.61554">
        <ele>1095.5</ele>
      </trkpt>
      <trkpt lat="42.74814" lon="19.61559">
        <ele>1095.1</ele>
      </trkpt>
      <trkpt lat="42.7483" lon="19.61591">
        <ele>1091.7</ele>
      </trkpt>
      <trkpt lat="42.74834" lon="19.61603">
        <ele>1091.0</ele>
      </trkpt>
      <trkpt lat="42.74837" lon="19.61614">
        <ele>1090.9</ele>
      </trkpt>
      <trkpt lat="42.74839" lon="19.61629">
        <ele>1091.0</ele>
      </trkpt>
      <trkpt lat="42.7484" lon="19.61642">
        <ele>1091.1</ele>
      </trkpt>
      <trkpt lat="42.74839" lon="19.61653">
        <ele>1091.1</ele>
      </trkpt>
      <trkpt lat="42.74837" lon="19.61668">
        <ele>1091.1</ele>
      </trkpt>
      <trkpt lat="42.74834" lon="19.61682">
        <ele>1090.7</ele>
      </trkpt>
      <trkpt lat="42.74829" lon="19.61695">
        <ele>1091.1</ele>
      </trkpt>
      <trkpt lat="42.74806" lon="19.61733">
        <ele>1093.5</ele>
      </trkpt>
      <trkpt lat="42.74779" lon="19.61787">
        <ele>1093.5</ele>
      </trkpt>
      <trkpt lat="42.74752" lon="19.6184">
        <ele>1088.3</ele>
      </trkpt>
      <trkpt lat="42.74735" lon="19.61877">
        <ele>1092.5</ele>
      </trkpt>
      <trkpt lat="42.74729" lon="19.61894">
        <ele>1094.1</ele>
      </trkpt>
      <trkpt lat="42.7471" lon="19.61969">
        <ele>1096.8</ele>
      </trkpt>
      <trkpt lat="42.7469" lon="19.62044">
        <ele>1097.8</ele>
      </trkpt>
      <trkpt lat="42.74682" lon="19.62063">
        <ele>1097.1</ele>
      </trkpt>
      <trkpt lat="42.74672" lon="19.6208">
        <ele>1095.2</ele>
      </trkpt>
      <trkpt lat="42.74663" lon="19.62094">
        <ele>1095.6</ele>
      </trkpt>
      <trkpt lat="42.74658" lon="19.62098">
        <ele>1096.4</ele>
      </trkpt>
      <trkpt lat="42.74654" lon="19.621">
        <ele>1096.8</ele>
      </trkpt>
      <trkpt lat="42.74648" lon="19.62102">
        <ele>1097.4</ele>
      </trkpt>
      <trkpt lat="42.74621" lon="19.62104">
        <ele>1099.0</ele>
      </trkpt>
      <trkpt lat="42.74612" lon="19.62108">
        <ele>1099.4</ele>
      </trkpt>
      <trkpt lat="42.74604" lon="19.62115">
        <ele>1099.4</ele>
      </trkpt>
      <trkpt lat="42.746" lon="19.62121">
        <ele>1099.2</ele>
      </trkpt>
      <trkpt lat="42.74596" lon="19.62129">
        <ele>1098.7</ele>
      </trkpt>
      <trkpt lat="42.74564" lon="19.62227">
        <ele>1098.0</ele>
      </trkpt>
      <trkpt lat="42.74557" lon="19.62241">
        <ele>1098.2</ele>
      </trkpt>
      <trkpt lat="42.74551" lon="19.62249">
        <ele>1098.2</ele>
      </trkpt>
      <trkpt lat="42.74544" lon="19.62255">
        <ele>1098.8</ele>
      </trkpt>
      <trkpt lat="42.74513" lon="19.62272">
        <ele>1099.1</ele>
      </trkpt>
      <trkpt lat="42.74504" lon="19.6228">
        <ele>1098.4</ele>
      </trkpt>
      <trkpt lat="42.74499" lon="19.62286">
        <ele>1098.0</ele>
      </trkpt>
      <trkpt lat="42.74495" lon="19.62294">
        <ele>1098.0</ele>
      </trkpt>
      <trkpt lat="42.74493" lon="19.62301">
        <ele>1097.9</ele>
      </trkpt>
      <trkpt lat="42.74491" lon="19.62309">
        <ele>1097.6</ele>
      </trkpt>
      <trkpt lat="42.74491" lon="19.62319">
        <ele>1097.0</ele>
      </trkpt>
      <trkpt lat="42.74491" lon="19.62328">
        <ele>1098.1</ele>
      </trkpt>
      <trkpt lat="42.74493" lon="19.62337">
        <ele>1099.4</ele>
      </trkpt>
      <trkpt lat="42.74496" lon="19.62346">
        <ele>1100.7</ele>
      </trkpt>
      <trkpt lat="42.7451" lon="19.62384">
        <ele>1106.4</ele>
      </trkpt>
      <trkpt lat="42.74513" lon="19.62395">
        <ele>1107.9</ele>
      </trkpt>
      <trkpt lat="42.74515" lon="19.62403">
        <ele>1109.1</ele>
      </trkpt>
      <trkpt lat="42.74514" lon="19.62414">
        <ele>1110.6</ele>
      </trkpt>
      <trkpt lat="42.74511" lon="19.62423">
        <ele>1110.8</ele>
      </trkpt>
      <trkpt lat="42.74503" lon="19.62437">
        <ele>1109.7</ele>
      </trkpt>
      <trkpt lat="42.74479" lon="19.62482">
        <ele>1112.8</ele>
      </trkpt>
      <trkpt lat="42.74471" lon="19.625">
        <ele>1113.4</ele>
      </trkpt>
      <trkpt lat="42.74452" lon="19.62567">
        <ele>1110.2</ele>
      </trkpt>
      <trkpt lat="42.74434" lon="19.62633">
        <ele>1112.2</ele>
      </trkpt>
      <trkpt lat="42.74426" lon="19.62657">
        <ele>1112.0</ele>
      </trkpt>
      <trkpt lat="42.74416" lon="19.62683">
        <ele>1111.3</ele>
      </trkpt>
      <trkpt lat="42.74404" lon="19.62703">
        <ele>1113.4</ele>
      </trkpt>
      <trkpt lat="42.74401" lon="19.62712">
        <ele>1114.2</ele>
      </trkpt>
      <trkpt lat="42.74398" lon="19.62723">
        <ele>1115.0</ele>
      </trkpt>
      <trkpt lat="42.74392" lon="19.62762">
        <ele>1118.4</ele>
      </trkpt>
      <trkpt lat="42.74384" lon="19.62788">
        <ele>1120.2</ele>
      </trkpt>
      <trkpt lat="42.74353" lon="19.62862">
        <ele>1118.5</ele>
      </trkpt>
      <trkpt lat="42.74349" lon="19.62871">
        <ele>1117.8</ele>
      </trkpt>
      <trkpt lat="42.74347" lon="19.62883">
        <ele>1118.3</ele>
      </trkpt>
      <trkpt lat="42.74346" lon="19.62893">
        <ele>1118.9</ele>
      </trkpt>
      <trkpt lat="42.74348" lon="19.62926">
        <ele>1124.7</ele>
      </trkpt>
      <trkpt lat="42.74348" lon="19.62936">
        <ele>1127.2</ele>
      </trkpt>
      <trkpt lat="42.74347" lon="19.62946">
        <ele>1129.2</ele>
      </trkpt>
      <trkpt lat="42.74343" lon="19.62955">
        <ele>1129.5</ele>
      </trkpt>
      <trkpt lat="42.74338" lon="19.62964">
        <ele>1129.3</ele>
      </trkpt>
      <trkpt lat="42.743" lon="19.63005">
        <ele>1129.2</ele>
      </trkpt>
      <trkpt lat="42.74253" lon="19.63042">
        <ele>1122.4</ele>
      </trkpt>
      <trkpt lat="42.74245" lon="19.63052">
        <ele>1122.2</ele>
      </trkpt>
      <trkpt lat="42.74238" lon="19.63065">
        <ele>1122.9</ele>
      </trkpt>
      <trkpt lat="42.74236" lon="19.63071">
        <ele>1123.2</ele>
      </trkpt>
      <trkpt lat="42.74236" lon="19.63078">
        <ele>1123.9</ele>
      </trkpt>
      <trkpt lat="42.74236" lon="19.63085">
        <ele>1124.4</ele>
      </trkpt>
      <trkpt lat="42.74238" lon="19.63092">
        <ele>1125.2</ele>
      </trkpt>
      <trkpt lat="42.74243" lon="19.631">
        <ele>1126.4</ele>
      </trkpt>
      <trkpt lat="42.74254" lon="19.63111">
        <ele>1127.8</ele>
      </trkpt>
      <trkpt lat="42.74258" lon="19.63118">
        <ele>1128.6</ele>
      </trkpt>
      <trkpt lat="42.7426" lon="19.63125">
        <ele>1129.2</ele>
      </trkpt>
      <trkpt lat="42.74261" lon="19.63132">
        <ele>1129.7</ele>
      </trkpt>
      <trkpt lat="42.74261" lon="19.63141">
        <ele>1130.4</ele>
      </trkpt>
      <trkpt lat="42.74261" lon="19.6315">
        <ele>1131.2</ele>
      </trkpt>
      <trkpt lat="42.74258" lon="19.6316">
        <ele>1132.0</ele>
      </trkpt>
      <trkpt lat="42.74255" lon="19.63167">
        <ele>1132.7</ele>
      </trkpt>
      <trkpt lat="42.74249" lon="19.63174">
        <ele>1133.6</ele>
      </trkpt>
      <trkpt lat="42.74242" lon="19.63178">
        <ele>1133.7</ele>
      </trkpt>
      <trkpt lat="42.74233" lon="19.63179">
        <ele>1133.0</ele>
      </trkpt>
      <trkpt lat="42.7418" lon="19.63169">
        <ele>1125.7</ele>
      </trkpt>
      <trkpt lat="42.74176" lon="19.6317">
        <ele>1125.4</ele>
      </trkpt>
      <trkpt lat="42.74171" lon="19.63172">
        <ele>1125.2</ele>
      </trkpt>
      <trkpt lat="42.74167" lon="19.63176">
        <ele>1125.4</ele>
      </trkpt>
      <trkpt lat="42.74163" lon="19.63182">
        <ele>1126.0</ele>
      </trkpt>
      <trkpt lat="42.74144" lon="19.63227">
        <ele>1130.0</ele>
      </trkpt>
      <trkpt lat="42.74125" lon="19.63294">
        <ele>1136.1</ele>
      </trkpt>
      <trkpt lat="42.74118" lon="19.63306">
        <ele>1136.1</ele>
      </trkpt>
      <trkpt lat="42.74103" lon="19.63326">
        <ele>1134.3</ele>
      </trkpt>
      <trkpt lat="42.741" lon="19.63332">
        <ele>1134.1</ele>
      </trkpt>
      <trkpt lat="42.74097" lon="19.63341">
        <ele>1134.8</ele>
      </trkpt>
      <trkpt lat="42.74094" lon="19.63362">
        <ele>1137.9</ele>
      </trkpt>
      <trkpt lat="42.7409" lon="19.63375">
        <ele>1139.2</ele>
      </trkpt>
      <trkpt lat="42.74069" lon="19.63419">
        <ele>1141.7</ele>
      </trkpt>
      <trkpt lat="42.74064" lon="19.63434">
        <ele>1142.5</ele>
      </trkpt>
      <trkpt lat="42.74048" lon="19.63487">
        <ele>1144.6</ele>
      </trkpt>
      <trkpt lat="42.74047" lon="19.63497">
        <ele>1145.4</ele>
      </trkpt>
      <trkpt lat="42.74047" lon="19.63505">
        <ele>1146.4</ele>
      </trkpt>
      <trkpt lat="42.74048" lon="19.63513">
        <ele>1147.7</ele>
      </trkpt>
      <trkpt lat="42.74056" lon="19.63533">
        <ele>1153.1</ele>
      </trkpt>
      <trkpt lat="42.74057" lon="19.63539">
        <ele>1154.2</ele>
      </trkpt>
      <trkpt lat="42.74056" lon="19.63544">
        <ele>1154.5</ele>
      </trkpt>
      <trkpt lat="42.74054" lon="19.63549">
        <ele>1154.4</ele>
      </trkpt>
      <trkpt lat="42.74043" lon="19.63564">
        <ele>1152.2</ele>
      </trkpt>
      <trkpt lat="42.74037" lon="19.63576">
        <ele>1151.4</ele>
      </trkpt>
      <trkpt lat="42.74013" lon="19.63644">
        <ele>1153.1</ele>
      </trkpt>
      <trkpt lat="42.74008" lon="19.6366">
        <ele>1153.9</ele>
      </trkpt>
      <trkpt lat="42.74005" lon="19.63676">
        <ele>1155.4</ele>
      </trkpt>
      <trkpt lat="42.73996" lon="19.63694">
        <ele>1155.4</ele>
      </trkpt>
      <trkpt lat="42.73988" lon="19.63706">
        <ele>1154.9</ele>
      </trkpt>
      <trkpt lat="42.73984" lon="19.63714">
        <ele>1154.9</ele>
      </trkpt>
      <trkpt lat="42.73981" lon="19.63723">
        <ele>1155.5</ele>
      </trkpt>
      <trkpt lat="42.73976" lon="19.63756">
        <ele>1159.1</ele>
      </trkpt>
      <trkpt lat="42.73971" lon="19.63771">
        <ele>1159.6</ele>
      </trkpt>
      <trkpt lat="42.73965" lon="19.63781">
        <ele>1159.0</ele>
      </trkpt>
      <trkpt lat="42.73929" lon="19.63825">
        <ele>1152.4</ele>
      </trkpt>
      <trkpt lat="42.73926" lon="19.63832">
        <ele>1152.2</ele>
      </trkpt>
      <trkpt lat="42.73925" lon="19.63841">
        <ele>1152.6</ele>
      </trkpt>
      <trkpt lat="42.73925" lon="19.63847">
        <ele>1153.1</ele>
      </trkpt>
      <trkpt lat="42.73928" lon="19.63854">
        <ele>1154.6</ele>
      </trkpt>
      <trkpt lat="42.73953" lon="19.63898">
        <ele>1165.5</ele>
      </trkpt>
      <trkpt lat="42.73963" lon="19.63919">
        <ele>1169.5</ele>
      </trkpt>
      <trkpt lat="42.73967" lon="19.63931">
        <ele>1171.1</ele>
      </trkpt>
      <trkpt lat="42.73973" lon="19.63953">
        <ele>1173.3</ele>
      </trkpt>
      <trkpt lat="42.73986" lon="19.63982">
        <ele>1175.9</ele>
      </trkpt>
      <trkpt lat="42.73993" lon="19.64001">
        <ele>1176.6</ele>
      </trkpt>
      <trkpt lat="42.73997" lon="19.64017">
        <ele>1180.2</ele>
      </trkpt>
      <trkpt lat="42.73998" lon="19.64023">
        <ele>1181.5</ele>
      </trkpt>
      <trkpt lat="42.73996" lon="19.64029">
        <ele>1182.6</ele>
      </trkpt>
      <trkpt lat="42.73994" lon="19.64034">
        <ele>1183.5</ele>
      </trkpt>
      <trkpt lat="42.7399" lon="19.64038">
        <ele>1184.0</ele>
      </trkpt>
      <trkpt lat="42.73985" lon="19.6404">
        <ele>1184.0</ele>
      </trkpt>
      <trkpt lat="42.7398" lon="19.6404">
        <ele>1183.6</ele>
      </trkpt>
      <trkpt lat="42.73933" lon="19.64012">
        <ele>1173.9</ele>
      </trkpt>
      <trkpt lat="42.73927" lon="19.6401">
        <ele>1173.0</ele>
      </trkpt>
      <trkpt lat="42.73919" lon="19.64011">
        <ele>1172.6</ele>
      </trkpt>
      <trkpt lat="42.73914" lon="19.64013">
        <ele>1172.1</ele>
      </trkpt>
      <trkpt lat="42.73909" lon="19.64017">
        <ele>1171.7</ele>
      </trkpt>
      <trkpt lat="42.73883" lon="19.64053">
        <ele>1173.3</ele>
      </trkpt>
      <trkpt lat="42.73853" lon="19.64082">
        <ele>1173.2</ele>
      </trkpt>
      <trkpt lat="42.73839" lon="19.64097">
        <ele>1173.3</ele>
      </trkpt>
      <trkpt lat="42.7383" lon="19.64111">
        <ele>1173.8</ele>
      </trkpt>
      <trkpt lat="42.73808" lon="19.64163">
        <ele>1178.2</ele>
      </trkpt>
      <trkpt lat="42.73791" lon="19.64213">
        <ele>1184.6</ele>
      </trkpt>
      <trkpt lat="42.73787" lon="19.64222">
        <ele>1185.5</ele>
      </trkpt>
      <trkpt lat="42.73775" lon="19.64243">
        <ele>1186.5</ele>
      </trkpt>
      <trkpt lat="42.73754" lon="19.64286">
        <ele>1190.8</ele>
      </trkpt>
      <trkpt lat="42.73749" lon="19.64298">
        <ele>1192.3</ele>
      </trkpt>
      <trkpt lat="42.73738" lon="19.64326">
        <ele>1195.4</ele>
      </trkpt>
      <trkpt lat="42.73732" lon="19.64336">
        <ele>1195.1</ele>
      </trkpt>
      <trkpt lat="42.73713" lon="19.64359">
        <ele>1189.1</ele>
      </trkpt>
      <trkpt lat="42.73709" lon="19.64365">
        <ele>1187.9</ele>
      </trkpt>
      <trkpt lat="42.73706" lon="19.64375">
        <ele>1187.3</ele>
      </trkpt>
      <trkpt lat="42.73705" lon="19.6439">
        <ele>1187.8</ele>
      </trkpt>
      <trkpt lat="42.73706" lon="19.64403">
        <ele>1189.1</ele>
      </trkpt>
      <trkpt lat="42.73714" lon="19.64432">
        <ele>1192.5</ele>
      </trkpt>
      <trkpt lat="42.73733" lon="19.64488">
        <ele>1197.2</ele>
      </trkpt>
      <trkpt lat="42.7375" lon="19.64552">
        <ele>1204.6</ele>
      </trkpt>
      <trkpt lat="42.73752" lon="19.64567">
        <ele>1205.8</ele>
      </trkpt>
      <trkpt lat="42.73752" lon="19.64577">
        <ele>1205.9</ele>
      </trkpt>
      <trkpt lat="42.73751" lon="19.64588">
        <ele>1206.3</ele>
      </trkpt>
      <trkpt lat="42.73745" lon="19.64621">
        <ele>1208.8</ele>
      </trkpt>
      <trkpt lat="42.73739" lon="19.64633">
        <ele>1207.8</ele>
      </trkpt>
      <trkpt lat="42.73726" lon="19.64654">
        <ele>1204.4</ele>
      </trkpt>
      <trkpt lat="42.73685" lon="19.64729">
        <ele>1201.9</ele>
      </trkpt>
      <trkpt lat="42.73658" lon="19.64771">
        <ele>1198.4</ele>
      </trkpt>
      <trkpt lat="42.73653" lon="19.64781">
        <ele>1198.1</ele>
      </trkpt>
      <trkpt lat="42.7365" lon="19.64791">
        <ele>1198.8</ele>
      </trkpt>
      <trkpt lat="42.73634" lon="19.64849">
        <ele>1202.3</ele>
      </trkpt>
      <trkpt lat="42.73619" lon="19.64907">
        <ele>1205.3</ele>
      </trkpt>
      <trkpt lat="42.73612" lon="19.64924">
        <ele>1204.8</ele>
      </trkpt>
      <trkpt lat="42.73596" lon="19.64954">
        <ele>1200.2</ele>
      </trkpt>
      <trkpt lat="42.7359" lon="19.6497">
        <ele>1198.5</ele>
      </trkpt>
      <trkpt lat="42.73583" lon="19.65004">
        <ele>1197.0</ele>
      </trkpt>
      <trkpt lat="42.7358" lon="19.65028">
        <ele>1196.5</ele>
      </trkpt>
      <trkpt lat="42.73581" lon="19.65041">
        <ele>1197.2</ele>
      </trkpt>
      <trkpt lat="42.73587" lon="19.65058">
        <ele>1200.6</ele>
      </trkpt>
      <trkpt lat="42.73589" lon="19.65068">
        <ele>1202.1</ele>
      </trkpt>
      <trkpt lat="42.73588" lon="19.65078">
        <ele>1201.8</ele>
      </trkpt>
      <trkpt lat="42.73584" lon="19.65095">
        <ele>1199.6</ele>
      </trkpt>
      <trkpt lat="42.73584" lon="19.65104">
        <ele>1199.7</ele>
      </trkpt>
      <trkpt lat="42.73584" lon="19.65113">
        <ele>1199.8</ele>
      </trkpt>
      <trkpt lat="42.7359" lon="19.65137">
        <ele>1204.0</ele>
      </trkpt>
      <trkpt lat="42.73591" lon="19.65145">
        <ele>1204.7</ele>
      </trkpt>
      <trkpt lat="42.73591" lon="19.65154">
        <ele>1204.9</ele>
      </trkpt>
      <trkpt lat="42.73587" lon="19.65188">
        <ele>1201.3</ele>
      </trkpt>
      <trkpt lat="42.73586" lon="19.65204">
        <ele>1199.9</ele>
      </trkpt>
      <trkpt lat="42.73588" lon="19.65221">
        <ele>1200.3</ele>
      </trkpt>
      <trkpt lat="42.73591" lon="19.65237">
        <ele>1201.2</ele>
      </trkpt>
      <trkpt lat="42.73594" lon="19.65249">
        <ele>1202.3</ele>
      </trkpt>
      <trkpt lat="42.73598" lon="19.6526">
        <ele>1203.6</ele>
      </trkpt>
      <trkpt lat="42.73617" lon="19.65299">
        <ele>1209.8</ele>
      </trkpt>
      <trkpt lat="42.73624" lon="19.65316">
        <ele>1211.3</ele>
      </trkpt>
      <trkpt lat="42.73628" lon="19.65329">
        <ele>1211.6</ele>
      </trkpt>
      <trkpt lat="42.73642" lon="19.6538">
        <ele>1210.6</ele>
      </trkpt>
      <trkpt lat="42.73646" lon="19.65389">
        <ele>1211.0</ele>
      </trkpt>
      <trkpt lat="42.73653" lon="19.65395">
        <ele>1213.0</ele>
      </trkpt>
      <trkpt lat="42.73658" lon="19.65397">
        <ele>1214.8</ele>
      </trkpt>
      <trkpt lat="42.73676" lon="19.65398">
        <ele>1223.1</ele>
      </trkpt>
      <trkpt lat="42.73683" lon="19.65401">
        <ele>1226.1</ele>
      </trkpt>
      <trkpt lat="42.73688" lon="19.65408">
        <ele>1227.5</ele>
      </trkpt>
      <trkpt lat="42.73691" lon="19.65414">
        <ele>1228.0</ele>
      </trkpt>
      <trkpt lat="42.73692" lon="19.65418">
        <ele>1228.2</ele>
      </trkpt>
      <trkpt lat="42.73692" lon="19.65425">
        <ele>1228.5</ele>
      </trkpt>
      <trkpt lat="42.73691" lon="19.6543">
        <ele>1228.3</ele>
      </trkpt>
      <trkpt lat="42.73688" lon="19.6544">
        <ele>1227.2</ele>
      </trkpt>
      <trkpt lat="42.73678" lon="19.65456">
        <ele>1222.6</ele>
      </trkpt>
      <trkpt lat="42.73663" lon="19.65472">
        <ele>1215.4</ele>
      </trkpt>
      <trkpt lat="42.73656" lon="19.65484">
        <ele>1212.7</ele>
      </trkpt>
      <trkpt lat="42.73652" lon="19.655">
        <ele>1211.3</ele>
      </trkpt>
      <trkpt lat="42.7365" lon="19.65516">
        <ele>1211.3</ele>
      </trkpt>
      <trkpt lat="42.73651" lon="19.65535">
        <ele>1212.8</ele>
      </trkpt>
      <trkpt lat="42.73659" lon="19.6558">
        <ele>1219.1</ele>
      </trkpt>
      <trkpt lat="42.73674" lon="19.65686">
        <ele>1221.1</ele>
      </trkpt>
      <trkpt lat="42.7368" lon="19.6572">
        <ele>1219.6</ele>
      </trkpt>
      <trkpt lat="42.73684" lon="19.65734">
        <ele>1219.6</ele>
      </trkpt>
      <trkpt lat="42.73692" lon="19.65748">
        <ele>1221.2</ele>
      </trkpt>
      <trkpt lat="42.73706" lon="19.65767">
        <ele>1224.1</ele>
      </trkpt>
      <trkpt lat="42.73709" lon="19.65773">
        <ele>1224.3</ele>
      </trkpt>
      <trkpt lat="42.73713" lon="19.65791">
        <ele>1222.7</ele>
      </trkpt>
      <trkpt lat="42.73716" lon="19.658">
        <ele>1222.3</ele>
      </trkpt>
      <trkpt lat="42.73747" lon="19.6586">
        <ele>1221.8</ele>
      </trkpt>
      <trkpt lat="42.73758" lon="19.65876">
        <ele>1221.0</ele>
      </trkpt>
      <trkpt lat="42.73772" lon="19.65892">
        <ele>1220.2</ele>
      </trkpt>
      <trkpt lat="42.73783" lon="19.65901">
        <ele>1220.1</ele>
      </trkpt>
      <trkpt lat="42.7379" lon="19.65906">
        <ele>1220.1</ele>
      </trkpt>
      <trkpt lat="42.73798" lon="19.65909">
        <ele>1220.8</ele>
      </trkpt>
      <trkpt lat="42.73804" lon="19.6591">
        <ele>1221.7</ele>
      </trkpt>
      <trkpt lat="42.73814" lon="19.6591">
        <ele>1223.7</ele>
      </trkpt>
      <trkpt lat="42.73856" lon="19.659">
        <ele>1239.8</ele>
      </trkpt>
      <trkpt lat="42.73866" lon="19.65901">
        <ele>1243.0</ele>
      </trkpt>
      <trkpt lat="42.73871" lon="19.65903">
        <ele>1244.0</ele>
      </trkpt>
      <trkpt lat="42.73877" lon="19.65907">
        <ele>1244.7</ele>
      </trkpt>
      <trkpt lat="42.73882" lon="19.65913">
        <ele>1244.4</ele>
      </trkpt>
      <trkpt lat="42.73885" lon="19.6592">
        <ele>1243.8</ele>
      </trkpt>
      <trkpt lat="42.73886" lon="19.65929">
        <ele>1243.1</ele>
      </trkpt>
      <trkpt lat="42.73883" lon="19.65936">
        <ele>1241.1</ele>
      </trkpt>
      <trkpt lat="42.73867" lon="19.65962">
        <ele>1231.2</ele>
      </trkpt>
      <trkpt lat="42.73865" lon="19.6597">
        <ele>1229.3</ele>
      </trkpt>
      <trkpt lat="42.73866" lon="19.65978">
        <ele>1228.6</ele>
      </trkpt>
      <trkpt lat="42.73895" lon="19.66062">
        <ele>1234.6</ele>
      </trkpt>
      <trkpt lat="42.73898" lon="19.66071">
        <ele>1234.9</ele>
      </trkpt>
      <trkpt lat="42.73903" lon="19.66077">
        <ele>1235.9</ele>
      </trkpt>
      <trkpt lat="42.73907" lon="19.66082">
        <ele>1236.6</ele>
      </trkpt>
      <trkpt lat="42.73926" lon="19.66094">
        <ele>1243.0</ele>
      </trkpt>
      <trkpt lat="42.7393" lon="19.661">
        <ele>1244.7</ele>
      </trkpt>
      <trkpt lat="42.73932" lon="19.66106">
        <ele>1245.5</ele>
      </trkpt>
      <trkpt lat="42.73931" lon="19.66114">
        <ele>1244.7</ele>
      </trkpt>
      <trkpt lat="42.73927" lon="19.66123">
        <ele>1242.3</ele>
      </trkpt>
      <trkpt lat="42.73925" lon="19.66133">
        <ele>1240.9</ele>
      </trkpt>
      <trkpt lat="42.73924" lon="19.6618">
        <ele>1239.0</ele>
      </trkpt>
      <trkpt lat="42.73919" lon="19.66281">
        <ele>1235.2</ele>
      </trkpt>
      <trkpt lat="42.73919" lon="19.66288">
        <ele>1234.8</ele>
      </trkpt>
      <trkpt lat="42.7392" lon="19.66296">
        <ele>1234.7</ele>
      </trkpt>
      <trkpt lat="42.73924" lon="19.66306">
        <ele>1235.8</ele>
      </trkpt>
      <trkpt lat="42.73929" lon="19.66312">
        <ele>1237.4</ele>
      </trkpt>
      <trkpt lat="42.73933" lon="19.66315">
        <ele>1238.8</ele>
      </trkpt>
      <trkpt lat="42.73961" lon="19.66325">
        <ele>1249.1</ele>
      </trkpt>
      <trkpt lat="42.73967" lon="19.66328">
        <ele>1251.1</ele>
      </trkpt>
      <trkpt lat="42.74039" lon="19.66376">
        <ele>1259.3</ele>
      </trkpt>
      <trkpt lat="42.74052" lon="19.66381">
        <ele>1260.5</ele>
      </trkpt>
      <trkpt lat="42.74058" lon="19.66383">
        <ele>1261.2</ele>
      </trkpt>
      <trkpt lat="42.74068" lon="19.66382">
        <ele>1263.8</ele>
      </trkpt>
      <trkpt lat="42.74092" lon="19.66379">
        <ele>1269.3</ele>
      </trkpt>
      <trkpt lat="42.74147" lon="19.66368">
        <ele>1278.0</ele>
      </trkpt>
      <trkpt lat="42.74164" lon="19.66366">
        <ele>1280.0</ele>
      </trkpt>
      <trkpt lat="42.7417" lon="19.66367">
        <ele>1280.8</ele>
      </trkpt>
      <trkpt lat="42.74174" lon="19.6637">
        <ele>1281.0</ele>
      </trkpt>
      <trkpt lat="42.74178" lon="19.66373">
        <ele>1281.2</ele>
      </trkpt>
      <trkpt lat="42.74188" lon="19.6639">
        <ele>1278.6</ele>
      </trkpt>
      <trkpt lat="42.74201" lon="19.66403">
        <ele>1278.0</ele>
      </trkpt>
      <trkpt lat="42.74259" lon="19.66447">
        <ele>1286.2</ele>
      </trkpt>
      <trkpt lat="42.74269" lon="19.66452">
        <ele>1286.4</ele>
      </trkpt>
      <trkpt lat="42.74278" lon="19.66454">
        <ele>1286.6</ele>
      </trkpt>
      <trkpt lat="42.7429" lon="19.66456">
        <ele>1286.8</ele>
      </trkpt>
      <trkpt lat="42.74295" lon="19.66454">
        <ele>1287.0</ele>
      </trkpt>
      <trkpt lat="42.743" lon="19.6645">
        <ele>1287.2</ele>
      </trkpt>
      <trkpt lat="42.74318" lon="19.6643">
        <ele>1288.6</ele>
      </trkpt>
      <trkpt lat="42.74329" lon="19.66421">
        <ele>1289.5</ele>
      </trkpt>
      <trkpt lat="42.74338" lon="19.66416">
        <ele>1290.5</ele>
      </trkpt>
      <trkpt lat="42.74377" lon="19.66402">
        <ele>1296.5</ele>
      </trkpt>
      <trkpt lat="42.74384" lon="19.66402">
        <ele>1296.6</ele>
      </trkpt>
      <trkpt lat="42.74391" lon="19.66403">
        <ele>1296.5</ele>
      </trkpt>
      <trkpt lat="42.74397" lon="19.66409">
        <ele>1295.4</ele>
      </trkpt>
      <trkpt lat="42.744" lon="19.66415">
        <ele>1294.3</ele>
      </trkpt>
      <trkpt lat="42.74402" lon="19.66426">
        <ele>1296.3</ele>
      </trkpt>
      <trkpt lat="42.74402" lon="19.66433">
        <ele>1298.0</ele>
      </trkpt>
      <trkpt lat="42.744" lon="19.6644">
        <ele>1299.3</ele>
      </trkpt>
      <trkpt lat="42.74397" lon="19.66445">
        <ele>1299.9</ele>
      </trkpt>
      <trkpt lat="42.74394" lon="19.6645">
        <ele>1300.4</ele>
      </trkpt>
      <trkpt lat="42.74384" lon="19.66458">
        <ele>1299.6</ele>
      </trkpt>
      <trkpt lat="42.74376" lon="19.66466">
        <ele>1298.7</ele>
      </trkpt>
      <trkpt lat="42.74371" lon="19.66473">
        <ele>1298.1</ele>
      </trkpt>
      <trkpt lat="42.74366" lon="19.66482">
        <ele>1297.3</ele>
      </trkpt>
      <trkpt lat="42.74362" lon="19.66491">
        <ele>1296.5</ele>
      </trkpt>
      <trkpt lat="42.74357" lon="19.66507">
        <ele>1297.3</ele>
      </trkpt>
      <trkpt lat="42.74351" lon="19.66542">
        <ele>1306.8</ele>
      </trkpt>
      <trkpt lat="42.74349" lon="19.66547">
        <ele>1307.7</ele>
      </trkpt>
      <trkpt lat="42.74345" lon="19.66551">
        <ele>1307.5</ele>
      </trkpt>
      <trkpt lat="42.74339" lon="19.66552">
        <ele>1305.4</ele>
      </trkpt>
      <trkpt lat="42.74324" lon="19.66546">
        <ele>1300.9</ele>
      </trkpt>
      <trkpt lat="42.74314" lon="19.66546">
        <ele>1300.7</ele>
      </trkpt>
      <trkpt lat="42.74306" lon="19.66548">
        <ele>1301.3</ele>
      </trkpt>
      <trkpt lat="42.74276" lon="19.6656">
        <ele>1304.6</ele>
      </trkpt>
      <trkpt lat="42.74259" lon="19.66565">
        <ele>1305.7</ele>
      </trkpt>
      <trkpt lat="42.74208" lon="19.66572">
        <ele>1308.4</ele>
      </trkpt>
      <trkpt lat="42.74178" lon="19.66573">
        <ele>1309.4</ele>
      </trkpt>
      <trkpt lat="42.74168" lon="19.66574">
        <ele>1310.1</ele>
      </trkpt>
      <trkpt lat="42.74127" lon="19.66585">
        <ele>1309.4</ele>
      </trkpt>
      <trkpt lat="42.7412" lon="19.66589">
        <ele>1309.9</ele>
      </trkpt>
      <trkpt lat="42.74111" lon="19.66598">
        <ele>1311.9</ele>
      </trkpt>
      <trkpt lat="42.74104" lon="19.66602">
        <ele>1312.3</ele>
      </trkpt>
      <trkpt lat="42.74098" lon="19.66603">
        <ele>1311.8</ele>
      </trkpt>
      <trkpt lat="42.74086" lon="19.66602">
        <ele>1309.7</ele>
      </trkpt>
      <trkpt lat="42.74057" lon="19.66595">
        <ele>1300.6</ele>
      </trkpt>
      <trkpt lat="42.74049" lon="19.66595">
        <ele>1298.7</ele>
      </trkpt>
      <trkpt lat="42.74043" lon="19.66595">
        <ele>1297.3</ele>
      </trkpt>
      <trkpt lat="42.74035" lon="19.66598">
        <ele>1295.9</ele>
      </trkpt>
      <trkpt lat="42.7403" lon="19.66602">
        <ele>1295.4</ele>
      </trkpt>
      <trkpt lat="42.74024" lon="19.66608">
        <ele>1294.8</ele>
      </trkpt>
      <trkpt lat="42.74021" lon="19.66616">
        <ele>1295.1</ele>
      </trkpt>
      <trkpt lat="42.74018" lon="19.66627">
        <ele>1295.7</ele>
      </trkpt>
      <trkpt lat="42.74019" lon="19.6664">
        <ele>1297.9</ele>
      </trkpt>
      <trkpt lat="42.74021" lon="19.66652">
        <ele>1300.4</ele>
      </trkpt>
      <trkpt lat="42.74035" lon="19.66704">
        <ele>1312.2</ele>
      </trkpt>
      <trkpt lat="42.74037" lon="19.6672">
        <ele>1314.6</ele>
      </trkpt>
      <trkpt lat="42.74036" lon="19.66732">
        <ele>1315.2</ele>
      </trkpt>
      <trkpt lat="42.74031" lon="19.66748">
        <ele>1313.7</ele>
      </trkpt>
      <trkpt lat="42.74029" lon="19.66759">
        <ele>1313.3</ele>
      </trkpt>
      <trkpt lat="42.74019" lon="19.66843">
        <ele>1313.3</ele>
      </trkpt>
      <trkpt lat="42.74019" lon="19.66861">
        <ele>1314.3</ele>
      </trkpt>
      <trkpt lat="42.74021" lon="19.6688">
        <ele>1316.4</ele>
      </trkpt>
      <trkpt lat="42.74028" lon="19.66914">
        <ele>1321.3</ele>
      </trkpt>
      <trkpt lat="42.74032" lon="19.66934">
        <ele>1323.1</ele>
      </trkpt>
      <trkpt lat="42.74036" lon="19.67006">
        <ele>1323.3</ele>
      </trkpt>
      <trkpt lat="42.74037" lon="19.67016">
        <ele>1322.2</ele>
      </trkpt>
      <trkpt lat="42.74039" lon="19.67026">
        <ele>1321.5</ele>
      </trkpt>
      <trkpt lat="42.74043" lon="19.67036">
        <ele>1321.5</ele>
      </trkpt>
      <trkpt lat="42.74047" lon="19.67046">
        <ele>1321.5</ele>
      </trkpt>
      <trkpt lat="42.74052" lon="19.67054">
        <ele>1322.1</ele>
      </trkpt>
      <trkpt lat="42.7406" lon="19.67063">
        <ele>1323.6</ele>
      </trkpt>
      <trkpt lat="42.74097" lon="19.67094">
        <ele>1331.1</ele>
      </trkpt>
      <trkpt lat="42.74109" lon="19.67103">
        <ele>1333.0</ele>
      </trkpt>
      <trkpt lat="42.7413" lon="19.67115">
        <ele>1337.1</ele>
      </trkpt>
      <trkpt lat="42.74133" lon="19.67118">
        <ele>1337.5</ele>
      </trkpt>
      <trkpt lat="42.74164" lon="19.67167">
        <ele>1338.1</ele>
      </trkpt>
      <trkpt lat="42.74174" lon="19.6718">
        <ele>1338.3</ele>
      </trkpt>
      <trkpt lat="42.74183" lon="19.6719">
        <ele>1338.8</ele>
      </trkpt>
      <trkpt lat="42.74189" lon="19.67194">
        <ele>1339.6</ele>
      </trkpt>
      <trkpt lat="42.74212" lon="19.67203">
        <ele>1344.2</ele>
      </trkpt>
      <trkpt lat="42.74216" lon="19.67203">
        <ele>1345.2</ele>
      </trkpt>
      <trkpt lat="42.74219" lon="19.67199">
        <ele>1346.7</ele>
      </trkpt>
      <trkpt lat="42.7422" lon="19.67196">
        <ele>1347.5</ele>
      </trkpt>
      <trkpt lat="42.74221" lon="19.67192">
        <ele>1348.4</ele>
      </trkpt>
      <trkpt lat="42.7422" lon="19.67188">
        <ele>1348.8</ele>
      </trkpt>
      <trkpt lat="42.74218" lon="19.67185">
        <ele>1348.8</ele>
      </trkpt>
      <trkpt lat="42.74215" lon="19.67183">
        <ele>1348.4</ele>
      </trkpt>
      <trkpt lat="42.74204" lon="19.6718">
        <ele>1346.1</ele>
      </trkpt>
      <trkpt lat="42.74193" lon="19.67173">
        <ele>1344.5</ele>
      </trkpt>
      <trkpt lat="42.74186" lon="19.67166">
        <ele>1344.0</ele>
      </trkpt>
      <trkpt lat="42.7418" lon="19.67158">
        <ele>1343.9</ele>
      </trkpt>
      <trkpt lat="42.74173" lon="19.67142">
        <ele>1345.1</ele>
      </trkpt>
      <trkpt lat="42.7416" lon="19.67099">
        <ele>1349.2</ele>
      </trkpt>
      <trkpt lat="42.74157" lon="19.6709">
        <ele>1349.9</ele>
      </trkpt>
      <trkpt lat="42.74151" lon="19.67079">
        <ele>1350.0</ele>
      </trkpt>
      <trkpt lat="42.74133" lon="19.6706">
        <ele>1347.6</ele>
      </trkpt>
      <trkpt lat="42.74122" lon="19.67044">
        <ele>1346.7</ele>
      </trkpt>
      <trkpt lat="42.74117" lon="19.67033">
        <ele>1346.7</ele>
      </trkpt>
      <trkpt lat="42.74113" lon="19.67022">
        <ele>1347.0</ele>
      </trkpt>
      <trkpt lat="42.74108" lon="19.67001">
        <ele>1348.4</ele>
      </trkpt>
      <trkpt lat="42.74106" lon="19.66986">
        <ele>1348.9</ele>
      </trkpt>
      <trkpt lat="42.74104" lon="19.66962">
        <ele>1349.8</ele>
      </trkpt>
      <trkpt lat="42.74105" lon="19.66946">
        <ele>1351.3</ele>
      </trkpt>
      <trkpt lat="42.74106" lon="19.66933">
        <ele>1352.5</ele>
      </trkpt>
      <trkpt lat="42.74115" lon="19.66867">
        <ele>1356.9</ele>
      </trkpt>
      <trkpt lat="42.74124" lon="19.66795">
        <ele>1358.3</ele>
      </trkpt>
      <trkpt lat="42.74127" lon="19.66772">
        <ele>1358.2</ele>
      </trkpt>
      <trkpt lat="42.74134" lon="19.66739">
        <ele>1356.8</ele>
      </trkpt>
      <trkpt lat="42.74138" lon="19.66735">
        <ele>1357.1</ele>
      </trkpt>
      <trkpt lat="42.74142" lon="19.66734">
        <ele>1358.0</ele>
      </trkpt>
      <trkpt lat="42.74145" lon="19.66739">
        <ele>1360.0</ele>
      </trkpt>
      <trkpt lat="42.74146" lon="19.66745">
        <ele>1361.7</ele>
      </trkpt>
      <trkpt lat="42.74142" lon="19.66779">
        <ele>1363.3</ele>
      </trkpt>
      <trkpt lat="42.74141" lon="19.66797">
        <ele>1364.0</ele>
      </trkpt>
      <trkpt lat="42.74142" lon="19.66838">
        <ele>1366.4</ele>
      </trkpt>
      <trkpt lat="42.74145" lon="19.66866">
        <ele>1367.2</ele>
      </trkpt>
      <trkpt lat="42.74148" lon="19.66889">
        <ele>1368.0</ele>
      </trkpt>
      <trkpt lat="42.74154" lon="19.66912">
        <ele>1369.8</ele>
      </trkpt>
      <trkpt lat="42.74161" lon="19.6693">
        <ele>1371.3</ele>
      </trkpt>
      <trkpt lat="42.74169" lon="19.66945">
        <ele>1373.0</ele>
      </trkpt>
      <trkpt lat="42.74177" lon="19.66958">
        <ele>1374.5</ele>
      </trkpt>
      <trkpt lat="42.74211" lon="19.67001">
        <ele>1379.5</ele>
      </trkpt>
      <trkpt lat="42.74246" lon="19.67045">
        <ele>1381.0</ele>
      </trkpt>
      <trkpt lat="42.74286" lon="19.67089">
        <ele>1384.3</ele>
      </trkpt>
      <trkpt lat="42.74295" lon="19.67097">
        <ele>1385.0</ele>
      </trkpt>
      <trkpt lat="42.74304" lon="19.67102">
        <ele>1386.2</ele>
      </trkpt>
      <trkpt lat="42.74327" lon="19.67112">
        <ele>1389.9</ele>
      </trkpt>
      <trkpt lat="42.74352" lon="19.67121">
        <ele>1393.7</ele>
      </trkpt>
      <trkpt lat="42.74358" lon="19.67125">
        <ele>1394.3</ele>
      </trkpt>
      <trkpt lat="42.74363" lon="19.6713">
        <ele>1394.4</ele>
      </trkpt>
      <trkpt lat="42.74367" lon="19.67135">
        <ele>1394.3</ele>
      </trkpt>
      <trkpt lat="42.74371" lon="19.67143">
        <ele>1393.7</ele>
      </trkpt>
      <trkpt lat="42.74389" lon="19.67196">
        <ele>1390.4</ele>
      </trkpt>
      <trkpt lat="42.74393" lon="19.67205">
        <ele>1390.6</ele>
      </trkpt>
      <trkpt lat="42.74397" lon="19.67213">
        <ele>1391.0</ele>
      </trkpt>
      <trkpt lat="42.74404" lon="19.67222">
        <ele>1392.3</ele>
      </trkpt>
      <trkpt lat="42.74418" lon="19.67237">
        <ele>1395.5</ele>
      </trkpt>
      <trkpt lat="42.7443" lon="19.67252">
        <ele>1397.7</ele>
      </trkpt>
      <trkpt lat="42.74475" lon="19.67322">
        <ele>1399.9</ele>
      </trkpt>
      <trkpt lat="42.74511" lon="19.67363">
        <ele>1408.0</ele>
      </trkpt>
      <trkpt lat="42.74532" lon="19.67384">
        <ele>1413.8</ele>
      </trkpt>
      <trkpt lat="42.74536" lon="19.67386">
        <ele>1414.9</ele>
      </trkpt>
      <trkpt lat="42.74541" lon="19.67386">
        <ele>1416.3</ele>
      </trkpt>
      <trkpt lat="42.74544" lon="19.67384">
        <ele>1417.1</ele>
      </trkpt>
      <trkpt lat="42.74546" lon="19.67379">
        <ele>1417.7</ele>
      </trkpt>
      <trkpt lat="42.74545" lon="19.67375">
        <ele>1417.4</ele>
      </trkpt>
      <trkpt lat="42.74544" lon="19.67371">
        <ele>1417.1</ele>
      </trkpt>
      <trkpt lat="42.74531" lon="19.6736">
        <ele>1413.6</ele>
      </trkpt>
      <trkpt lat="42.7451" lon="19.67335">
        <ele>1407.8</ele>
      </trkpt>
      <trkpt lat="42.74502" lon="19.67323">
        <ele>1407.3</ele>
      </trkpt>
      <trkpt lat="42.74496" lon="19.6731">
        <ele>1407.8</ele>
      </trkpt>
      <trkpt lat="42.7449" lon="19.67282">
        <ele>1410.7</ele>
      </trkpt>
      <trkpt lat="42.74488" lon="19.67273">
        <ele>1411.6</ele>
      </trkpt>
      <trkpt lat="42.74465" lon="19.67225">
        <ele>1410.8</ele>
      </trkpt>
      <trkpt lat="42.74457" lon="19.67201">
        <ele>1410.5</ele>
      </trkpt>
      <trkpt lat="42.74454" lon="19.6719">
        <ele>1410.6</ele>
      </trkpt>
      <trkpt lat="42.74448" lon="19.67157">
        <ele>1412.4</ele>
      </trkpt>
      <trkpt lat="42.74443" lon="19.67114">
        <ele>1417.9</ele>
      </trkpt>
      <trkpt lat="42.74441" lon="19.671">
        <ele>1419.6</ele>
      </trkpt>
      <trkpt lat="42.74424" lon="19.67045">
        <ele>1423.9</ele>
      </trkpt>
      <trkpt lat="42.74418" lon="19.67031">
        <ele>1424.8</ele>
      </trkpt>
      <trkpt lat="42.74395" lon="19.66991">
        <ele>1427.3</ele>
      </trkpt>
      <trkpt lat="42.74387" lon="19.66974">
        <ele>1428.1</ele>
      </trkpt>
      <trkpt lat="42.74361" lon="19.66906">
        <ele>1430.9</ele>
      </trkpt>
      <trkpt lat="42.74359" lon="19.66896">
        <ele>1430.4</ele>
      </trkpt>
      <trkpt lat="42.7436" lon="19.66888">
        <ele>1430.5</ele>
      </trkpt>
      <trkpt lat="42.74362" lon="19.66885">
        <ele>1430.8</ele>
      </trkpt>
      <trkpt lat="42.74364" lon="19.66884">
        <ele>1431.0</ele>
      </trkpt>
      <trkpt lat="42.74367" lon="19.66884">
        <ele>1431.5</ele>
      </trkpt>
      <trkpt lat="42.7437" lon="19.66886">
        <ele>1432.0</ele>
      </trkpt>
      <trkpt lat="42.74376" lon="19.66899">
        <ele>1433.2</ele>
      </trkpt>
      <trkpt lat="42.74393" lon="19.6694">
        <ele>1433.7</ele>
      </trkpt>
      <trkpt lat="42.744" lon="19.66951">
        <ele>1433.5</ele>
      </trkpt>
      <trkpt lat="42.74405" lon="19.66957">
        <ele>1433.6</ele>
      </trkpt>
      <trkpt lat="42.74446" lon="19.66996">
        <ele>1437.4</ele>
      </trkpt>
      <trkpt lat="42.74459" lon="19.67015">
        <ele>1437.5</ele>
      </trkpt>
      <trkpt lat="42.74503" lon="19.67073">
        <ele>1442.1</ele>
      </trkpt>
      <trkpt lat="42.7457" lon="19.67148">
        <ele>1447.2</ele>
      </trkpt>
      <trkpt lat="42.74579" lon="19.67161">
        <ele>1446.3</ele>
      </trkpt>
      <trkpt lat="42.74587" lon="19.67174">
        <ele>1447.0</ele>
      </trkpt>
      <trkpt lat="42.74595" lon="19.67193">
        <ele>1448.5</ele>
      </trkpt>
      <trkpt lat="42.7461" lon="19.67237">
        <ele>1448.6</ele>
      </trkpt>
      <trkpt lat="42.74613" lon="19.67243">
        <ele>1448.6</ele>
      </trkpt>
      <trkpt lat="42.74617" lon="19.67248">
        <ele>1448.9</ele>
      </trkpt>
      <trkpt lat="42.74622" lon="19.67253">
        <ele>1449.5</ele>
      </trkpt>
      <trkpt lat="42.74648" lon="19.67265">
        <ele>1454.8</ele>
      </trkpt>
      <trkpt lat="42.74655" lon="19.6727">
        <ele>1456.3</ele>
      </trkpt>
      <trkpt lat="42.74662" lon="19.67277">
        <ele>1457.8</ele>
      </trkpt>
      <trkpt lat="42.74669" lon="19.6729">
        <ele>1459.5</ele>
      </trkpt>
      <trkpt lat="42.74682" lon="19.67324">
        <ele>1463.4</ele>
      </trkpt>
      <trkpt lat="42.74696" lon="19.67349">
        <ele>1470.2</ele>
      </trkpt>
      <trkpt lat="42.74698" lon="19.67355">
        <ele>1471.7</ele>
      </trkpt>
      <trkpt lat="42.74698" lon="19.67361">
        <ele>1472.3</ele>
      </trkpt>
      <trkpt lat="42.74697" lon="19.67366">
        <ele>1472.4</ele>
      </trkpt>
      <trkpt lat="42.74693" lon="19.67375">
        <ele>1471.8</ele>
      </trkpt>
      <trkpt lat="42.74688" lon="19.67381">
        <ele>1470.5</ele>
      </trkpt>
      <trkpt lat="42.74677" lon="19.67388">
        <ele>1466.9</ele>
      </trkpt>
      <trkpt lat="42.74672" lon="19.67393">
        <ele>1465.5</ele>
      </trkpt>
      <trkpt lat="42.74667" lon="19.67401">
        <ele>1464.4</ele>
      </trkpt>
      <trkpt lat="42.74664" lon="19.67409">
        <ele>1464.0</ele>
      </trkpt>
      <trkpt lat="42.74663" lon="19.67421">
        <ele>1464.6</ele>
      </trkpt>
      <trkpt lat="42.74663" lon="19.67432">
        <ele>1465.3</ele>
      </trkpt>
      <trkpt lat="42.74665" lon="19.67442">
        <ele>1466.8</ele>
      </trkpt>
      <trkpt lat="42.7467" lon="19.67468">
        <ele>1470.4</ele>
      </trkpt>
      <trkpt lat="42.74671" lon="19.67478">
        <ele>1471.4</ele>
      </trkpt>
      <trkpt lat="42.74671" lon="19.67486">
        <ele>1471.9</ele>
      </trkpt>
      <trkpt lat="42.7467" lon="19.67492">
        <ele>1471.8</ele>
      </trkpt>
      <trkpt lat="42.7466" lon="19.67535">
        <ele>1473.8</ele>
      </trkpt>
      <trkpt lat="42.74654" lon="19.67575">
        <ele>1478.3</ele>
      </trkpt>
      <trkpt lat="42.74651" lon="19.67585">
        <ele>1479.6</ele>
      </trkpt>
      <trkpt lat="42.74647" lon="19.67592">
        <ele>1481.4</ele>
      </trkpt>
      <trkpt lat="42.74641" lon="19.67599">
        <ele>1482.7</ele>
      </trkpt>
      <trkpt lat="42.74635" lon="19.67603">
        <ele>1483.0</ele>
      </trkpt>
      <trkpt lat="42.74595" lon="19.6762">
        <ele>1480.8</ele>
      </trkpt>
      <trkpt lat="42.7459" lon="19.67623">
        <ele>1480.7</ele>
      </trkpt>
      <trkpt lat="42.74585" lon="19.67629">
        <ele>1481.7</ele>
      </trkpt>
      <trkpt lat="42.74571" lon="19.67653">
        <ele>1488.3</ele>
      </trkpt>
      <trkpt lat="42.74565" lon="19.67661">
        <ele>1490.4</ele>
      </trkpt>
      <trkpt lat="42.74558" lon="19.67667">
        <ele>1491.7</ele>
      </trkpt>
      <trkpt lat="42.74546" lon="19.67676">
        <ele>1493.6</ele>
      </trkpt>
      <trkpt lat="42.74538" lon="19.6768">
        <ele>1494.1</ele>
      </trkpt>
      <trkpt lat="42.74529" lon="19.67682">
        <ele>1493.8</ele>
      </trkpt>
      <trkpt lat="42.74521" lon="19.67679">
        <ele>1491.9</ele>
      </trkpt>
      <trkpt lat="42.74517" lon="19.67676">
        <ele>1490.6</ele>
      </trkpt>
      <trkpt lat="42.74501" lon="19.6766">
        <ele>1484.0</ele>
      </trkpt>
      <trkpt lat="42.74495" lon="19.67656">
        <ele>1481.8</ele>
      </trkpt>
      <trkpt lat="42.74489" lon="19.67654">
        <ele>1480.1</ele>
      </trkpt>
      <trkpt lat="42.74482" lon="19.67653">
        <ele>1478.5</ele>
      </trkpt>
      <trkpt lat="42.74477" lon="19.67653">
        <ele>1477.6</ele>
      </trkpt>
      <trkpt lat="42.74468" lon="19.67656">
        <ele>1476.9</ele>
      </trkpt>
      <trkpt lat="42.74459" lon="19.67661">
        <ele>1476.6</ele>
      </trkpt>
      <trkpt lat="42.74449" lon="19.67669">
        <ele>1476.9</ele>
      </trkpt>
      <trkpt lat="42.7443" lon="19.67688">
        <ele>1478.3</ele>
      </trkpt>
      <trkpt lat="42.74423" lon="19.67696">
        <ele>1479.0</ele>
      </trkpt>
      <trkpt lat="42.74418" lon="19.67704">
        <ele>1480.1</ele>
      </trkpt>
      <trkpt lat="42.74412" lon="19.67714">
        <ele>1482.1</ele>
      </trkpt>
      <trkpt lat="42.74409" lon="19.67723">
        <ele>1484.2</ele>
      </trkpt>
      <trkpt lat="42.74403" lon="19.67753">
        <ele>1492.1</ele>
      </trkpt>
      <trkpt lat="42.744" lon="19.67758">
        <ele>1493.8</ele>
      </trkpt>
      <trkpt lat="42.74397" lon="19.67763">
        <ele>1495.5</ele>
      </trkpt>
      <trkpt lat="42.74391" lon="19.67766">
        <ele>1496.3</ele>
      </trkpt>
      <trkpt lat="42.74377" lon="19.67769">
        <ele>1496.8</ele>
      </trkpt>
      <trkpt lat="42.74367" lon="19.67772">
        <ele>1497.5</ele>
      </trkpt>
      <trkpt lat="42.74304" lon="19.67812">
        <ele>1516.3</ele>
      </trkpt>
      <trkpt lat="42.74297" lon="19.67816">
        <ele>1518.6</ele>
      </trkpt>
      <trkpt lat="42.74289" lon="19.67817">
        <ele>1519.8</ele>
      </trkpt>
      <trkpt lat="42.7428" lon="19.67817">
        <ele>1520.6</ele>
      </trkpt>
      <trkpt lat="42.74272" lon="19.67814">
        <ele>1520.1</ele>
      </trkpt>
      <trkpt lat="42.74264" lon="19.67809">
        <ele>1518.8</ele>
      </trkpt>
      <trkpt lat="42.74256" lon="19.67799">
        <ele>1515.4</ele>
      </trkpt>
      <trkpt lat="42.74241" lon="19.67773">
        <ele>1506.7</ele>
      </trkpt>
      <trkpt lat="42.74235" lon="19.67764">
        <ele>1504.0</ele>
      </trkpt>
      <trkpt lat="42.74225" lon="19.67754">
        <ele>1501.7</ele>
      </trkpt>
      <trkpt lat="42.74214" lon="19.67749">
        <ele>1501.7</ele>
      </trkpt>
      <trkpt lat="42.74179" lon="19.67739">
        <ele>1504.5</ele>
      </trkpt>
      <trkpt lat="42.74149" lon="19.67732">
        <ele>1503.5</ele>
      </trkpt>
      <trkpt lat="42.74141" lon="19.67731">
        <ele>1502.8</ele>
      </trkpt>
      <trkpt lat="42.74133" lon="19.67731">
        <ele>1502.4</ele>
      </trkpt>
      <trkpt lat="42.74126" lon="19.67733">
        <ele>1502.6</ele>
      </trkpt>
      <trkpt lat="42.74119" lon="19.67736">
        <ele>1503.0</ele>
      </trkpt>
      <trkpt lat="42.74113" lon="19.6774">
        <ele>1503.6</ele>
      </trkpt>
      <trkpt lat="42.74105" lon="19.67747">
        <ele>1504.8</ele>
      </trkpt>
      <trkpt lat="42.74098" lon="19.67756">
        <ele>1506.2</ele>
      </trkpt>
      <trkpt lat="42.74092" lon="19.67765">
        <ele>1507.2</ele>
      </trkpt>
      <trkpt lat="42.74087" lon="19.67775">
        <ele>1508.4</ele>
      </trkpt>
      <trkpt lat="42.74068" lon="19.67833">
        <ele>1510.2</ele>
      </trkpt>
      <trkpt lat="42.74061" lon="19.6786">
        <ele>1510.9</ele>
      </trkpt>
      <trkpt lat="42.74057" lon="19.67886">
        <ele>1512.9</ele>
      </trkpt>
      <trkpt lat="42.74056" lon="19.67916">
        <ele>1516.8</ele>
      </trkpt>
      <trkpt lat="42.74057" lon="19.67936">
        <ele>1521.3</ele>
      </trkpt>
      <trkpt lat="42.74058" lon="19.67951">
        <ele>1524.8</ele>
      </trkpt>
      <trkpt lat="42.74065" lon="19.67984">
        <ele>1534.2</ele>
      </trkpt>
      <trkpt lat="42.74064" lon="19.67992">
        <ele>1535.5</ele>
      </trkpt>
      <trkpt lat="42.74062" lon="19.68001">
        <ele>1536.7</ele>
      </trkpt>
      <trkpt lat="42.74058" lon="19.68009">
        <ele>1538.3</ele>
      </trkpt>
      <trkpt lat="42.74052" lon="19.68015">
        <ele>1538.4</ele>
      </trkpt>
      <trkpt lat="42.74042" lon="19.68019">
        <ele>1536.4</ele>
      </trkpt>
      <trkpt lat="42.74031" lon="19.68021">
        <ele>1533.4</ele>
      </trkpt>
      <trkpt lat="42.74024" lon="19.68024">
        <ele>1532.1</ele>
      </trkpt>
      <trkpt lat="42.74016" lon="19.68032">
        <ele>1532.5</ele>
      </trkpt>
      <trkpt lat="42.73994" lon="19.6806">
        <ele>1537.1</ele>
      </trkpt>
      <trkpt lat="42.73983" lon="19.6807">
        <ele>1538.4</ele>
      </trkpt>
      <trkpt lat="42.73975" lon="19.68074">
        <ele>1537.9</ele>
      </trkpt>
      <trkpt lat="42.73957" lon="19.68081">
        <ele>1535.8</ele>
      </trkpt>
      <trkpt lat="42.73941" lon="19.6809">
        <ele>1534.7</ele>
      </trkpt>
      <trkpt lat="42.73926" lon="19.68103">
        <ele>1535.0</ele>
      </trkpt>
      <trkpt lat="42.73914" lon="19.68119">
        <ele>1536.6</ele>
      </trkpt>
      <trkpt lat="42.73903" lon="19.68139">
        <ele>1538.9</ele>
      </trkpt>
      <trkpt lat="42.73882" lon="19.6819">
        <ele>1543.1</ele>
      </trkpt>
      <trkpt lat="42.73876" lon="19.68205">
        <ele>1543.1</ele>
      </trkpt>
      <trkpt lat="42.73868" lon="19.68232">
        <ele>1543.9</ele>
      </trkpt>
      <trkpt lat="42.7386" lon="19.68276">
        <ele>1549.4</ele>
      </trkpt>
      <trkpt lat="42.73856" lon="19.68289">
        <ele>1550.8</ele>
      </trkpt>
      <trkpt lat="42.73851" lon="19.683">
        <ele>1551.4</ele>
      </trkpt>
      <trkpt lat="42.73844" lon="19.68313">
        <ele>1551.8</ele>
      </trkpt>
      <trkpt lat="42.73835" lon="19.68324">
        <ele>1551.0</ele>
      </trkpt>
      <trkpt lat="42.73791" lon="19.68368">
        <ele>1557.8</ele>
      </trkpt>
      <trkpt lat="42.73778" lon="19.68375">
        <ele>1558.5</ele>
      </trkpt>
      <trkpt lat="42.73764" lon="19.68379">
        <ele>1558.3</ele>
      </trkpt>
      <trkpt lat="42.73753" lon="19.6838">
        <ele>1557.3</ele>
      </trkpt>
      <trkpt lat="42.7371" lon="19.68377">
        <ele>1556.9</ele>
      </trkpt>
      <trkpt lat="42.7369" lon="19.68378">
        <ele>1557.7</ele>
      </trkpt>
      <trkpt lat="42.73672" lon="19.68381">
        <ele>1559.0</ele>
      </trkpt>
      <trkpt lat="42.73636" lon="19.6839">
        <ele>1560.6</ele>
      </trkpt>
      <trkpt lat="42.73619" lon="19.68393">
        <ele>1560.7</ele>
      </trkpt>
      <trkpt lat="42.73601" lon="19.68393">
        <ele>1560.0</ele>
      </trkpt>
      <trkpt lat="42.73568" lon="19.6839">
        <ele>1560.3</ele>
      </trkpt>
      <trkpt lat="42.73562" lon="19.68392">
        <ele>1561.1</ele>
      </trkpt>
      <trkpt lat="42.73557" lon="19.68398">
        <ele>1562.5</ele>
      </trkpt>
      <trkpt lat="42.73555" lon="19.68403">
        <ele>1563.5</ele>
      </trkpt>
      <trkpt lat="42.73554" lon="19.68409">
        <ele>1564.6</ele>
      </trkpt>
      <trkpt lat="42.73552" lon="19.68442">
        <ele>1565.1</ele>
      </trkpt>
      <trkpt lat="42.73552" lon="19.6846">
        <ele>1564.4</ele>
      </trkpt>
      <trkpt lat="42.73553" lon="19.68466">
        <ele>1564.1</ele>
      </trkpt>
      <trkpt lat="42.73554" lon="19.68472">
        <ele>1563.8</ele>
      </trkpt>
      <trkpt lat="42.73558" lon="19.68479">
        <ele>1563.3</ele>
      </trkpt>
      <trkpt lat="42.73561" lon="19.68483">
        <ele>1562.9</ele>
      </trkpt>
      <trkpt lat="42.73558" lon="19.68487">
        <ele>1563.0</ele>
      </trkpt>
      <trkpt lat="42.73552" lon="19.68491">
        <ele>1563.2</ele>
      </trkpt>
      <trkpt lat="42.73533" lon="19.68494">
        <ele>1564.3</ele>
      </trkpt>
      <trkpt lat="42.7351" lon="19.68493">
        <ele>1565.8</ele>
      </trkpt>
      <trkpt lat="42.73484" lon="19.68498">
        <ele>1568.0</ele>
      </trkpt>
      <trkpt lat="42.7346" lon="19.68501">
        <ele>1570.6</ele>
      </trkpt>
      <trkpt lat="42.73436" lon="19.68502">
        <ele>1573.3</ele>
      </trkpt>
      <trkpt lat="42.73422" lon="19.68504">
        <ele>1574.5</ele>
      </trkpt>
      <trkpt lat="42.73407" lon="19.68509">
        <ele>1574.6</ele>
      </trkpt>
      <trkpt lat="42.73391" lon="19.68511">
        <ele>1575.1</ele>
      </trkpt>
      <trkpt lat="42.73369" lon="19.68498">
        <ele>1578.3</ele>
      </trkpt>
      <trkpt lat="42.73359" lon="19.68493">
        <ele>1578.7</ele>
      </trkpt>
      <trkpt lat="42.73349" lon="19.68492">
        <ele>1579.0</ele>
      </trkpt>
      <trkpt lat="42.73326" lon="19.68501">
        <ele>1580.6</ele>
      </trkpt>
      <trkpt lat="42.7328" lon="19.68523">
        <ele>1583.7</ele>
      </trkpt>
      <trkpt lat="42.73271" lon="19.68534">
        <ele>1584.4</ele>
      </trkpt>
      <trkpt lat="42.73257" lon="19.68554">
        <ele>1586.1</ele>
      </trkpt>
      <trkpt lat="42.73246" lon="19.68575">
        <ele>1587.9</ele>
      </trkpt>
      <trkpt lat="42.73228" lon="19.68614">
        <ele>1587.5</ele>
      </trkpt>
      <trkpt lat="42.73212" lon="19.68643">
        <ele>1587.9</ele>
      </trkpt>
      <trkpt lat="42.73202" lon="19.68655">
        <ele>1589.4</ele>
      </trkpt>
      <trkpt lat="42.73193" lon="19.68664">
        <ele>1591.1</ele>
      </trkpt>
      <trkpt lat="42.73166" lon="19.68684">
        <ele>1595.2</ele>
      </trkpt>
      <trkpt lat="42.73132" lon="19.68723">
        <ele>1596.6</ele>
      </trkpt>
      <trkpt lat="42.73124" lon="19.68728">
        <ele>1598.0</ele>
      </trkpt>
      <trkpt lat="42.73117" lon="19.68729">
        <ele>1600.0</ele>
      </trkpt>
      <trkpt lat="42.73101" lon="19.68735">
        <ele>1603.8</ele>
      </trkpt>
      <trkpt lat="42.73096" lon="19.68739">
        <ele>1604.7</ele>
      </trkpt>
      <trkpt lat="42.73089" lon="19.68749">
        <ele>1605.3</ele>
      </trkpt>
      <trkpt lat="42.7308" lon="19.68766">
        <ele>1605.0</ele>
      </trkpt>
      <trkpt lat="42.7307" lon="19.68792">
        <ele>1603.4</ele>
      </trkpt>
      <trkpt lat="42.73059" lon="19.68815">
        <ele>1602.9</ele>
      </trkpt>
      <trkpt lat="42.73036" lon="19.68845">
        <ele>1604.9</ele>
      </trkpt>
      <trkpt lat="42.73026" lon="19.68854">
        <ele>1606.2</ele>
      </trkpt>
      <trkpt lat="42.73017" lon="19.68859">
        <ele>1608.0</ele>
      </trkpt>
      <trkpt lat="42.73003" lon="19.68864">
        <ele>1611.4</ele>
      </trkpt>
      <trkpt lat="42.72969" lon="19.68871">
        <ele>1607.8</ele>
      </trkpt>
      <trkpt lat="42.72957" lon="19.68869">
        <ele>1607.0</ele>
      </trkpt>
      <trkpt lat="42.72937" lon="19.68862">
        <ele>1606.3</ele>
      </trkpt>
      <trkpt lat="42.72922" lon="19.68855">
        <ele>1605.9</ele>
      </trkpt>
      <trkpt lat="42.72901" lon="19.68843">
        <ele>1607.5</ele>
      </trkpt>
      <trkpt lat="42.72892" lon="19.68833">
        <ele>1609.0</ele>
      </trkpt>
      <trkpt lat="42.72878" lon="19.68817">
        <ele>1608.4</ele>
      </trkpt>
      <trkpt lat="42.72868" lon="19.68811">
        <ele>1608.1</ele>
      </trkpt>
      <trkpt lat="42.72861" lon="19.6881">
        <ele>1608.0</ele>
      </trkpt>
      <trkpt lat="42.72856" lon="19.68811">
        <ele>1608.0</ele>
      </trkpt>
      <trkpt lat="42.72847" lon="19.68817">
        <ele>1608.1</ele>
      </trkpt>
      <trkpt lat="42.72805" lon="19.68881">
        <ele>1612.0</ele>
      </trkpt>
      <trkpt lat="42.7276" lon="19.6893">
        <ele>1617.4</ele>
      </trkpt>
      <trkpt lat="42.72749" lon="19.68938">
        <ele>1618.9</ele>
      </trkpt>
      <trkpt lat="42.72732" lon="19.68947">
        <ele>1621.9</ele>
      </trkpt>
      <trkpt lat="42.72725" lon="19.68952">
        <ele>1622.8</ele>
      </trkpt>
      <trkpt lat="42.72706" lon="19.68979">
        <ele>1621.9</ele>
      </trkpt>
      <trkpt lat="42.72694" lon="19.68992">
        <ele>1622.0</ele>
      </trkpt>
      <trkpt lat="42.72689" lon="19.68995">
        <ele>1622.6</ele>
      </trkpt>
      <trkpt lat="42.72689" lon="19.68995">
        <ele>1622.6</ele>
      </trkpt>
      <trkpt lat="42.72665" lon="19.6901">
        <ele>1625.2</ele>
      </trkpt>
      <trkpt lat="42.72637" lon="19.69024">
        <ele>1627.1</ele>
      </trkpt>
      <trkpt lat="42.72616" lon="19.69033">
        <ele>1628.5</ele>
      </trkpt>
      <trkpt lat="42.72597" lon="19.69037">
        <ele>1630.6</ele>
      </trkpt>
      <trkpt lat="42.72584" lon="19.69038">
        <ele>1632.5</ele>
      </trkpt>
      <trkpt lat="42.72562" lon="19.69036">
        <ele>1636.9</ele>
      </trkpt>
      <trkpt lat="42.72551" lon="19.69037">
        <ele>1638.5</ele>
      </trkpt>
      <trkpt lat="42.72534" lon="19.69043">
        <ele>1639.7</ele>
      </trkpt>
      <trkpt lat="42.72485" lon="19.69078">
        <ele>1639.5</ele>
      </trkpt>
      <trkpt lat="42.72436" lon="19.69113">
        <ele>1641.1</ele>
      </trkpt>
      <trkpt lat="42.72405" lon="19.69131">
        <ele>1642.9</ele>
      </trkpt>
      <trkpt lat="42.72385" lon="19.69147">
        <ele>1642.8</ele>
      </trkpt>
      <trkpt lat="42.72355" lon="19.69166">
        <ele>1643.3</ele>
      </trkpt>
      <trkpt lat="42.72335" lon="19.69185">
        <ele>1641.6</ele>
      </trkpt>
      <trkpt lat="42.72313" lon="19.69207">
        <ele>1641.4</ele>
      </trkpt>
      <trkpt lat="42.72297" lon="19.69218">
        <ele>1642.6</ele>
      </trkpt>
      <trkpt lat="42.72288" lon="19.69229">
        <ele>1641.9</ele>
      </trkpt>
      <trkpt lat="42.7227" lon="19.69256">
        <ele>1639.3</ele>
      </trkpt>
      <trkpt lat="42.72257" lon="19.69268">
        <ele>1639.7</ele>
      </trkpt>
      <trkpt lat="42.72226" lon="19.69297">
        <ele>1641.1</ele>
      </trkpt>
      <trkpt lat="42.72201" lon="19.69309">
        <ele>1645.2</ele>
      </trkpt>
      <trkpt lat="42.72184" lon="19.69326">
        <ele>1645.3</ele>
      </trkpt>
      <trkpt lat="42.72166" lon="19.69351">
        <ele>1644.7</ele>
      </trkpt>
      <trkpt lat="42.72158" lon="19.69368">
        <ele>1644.3</ele>
      </trkpt>
      <trkpt lat="42.72152" lon="19.69391">
        <ele>1641.7</ele>
      </trkpt>
      <trkpt lat="42.72144" lon="19.69408">
        <ele>1641.0</ele>
      </trkpt>
      <trkpt lat="42.7212" lon="19.69454">
        <ele>1639.2</ele>
      </trkpt>
      <trkpt lat="42.721" lon="19.69485">
        <ele>1638.4</ele>
      </trkpt>
      <trkpt lat="42.72081" lon="19.6951">
        <ele>1639.1</ele>
      </trkpt>
      <trkpt lat="42.72028" lon="19.696">
        <ele>1637.3</ele>
      </trkpt>
      <trkpt lat="42.7201" lon="19.69624">
        <ele>1637.7</ele>
      </trkpt>
      <trkpt lat="42.71992" lon="19.69643">
        <ele>1638.8</ele>
      </trkpt>
      <trkpt lat="42.71952" lon="19.69684">
        <ele>1639.8</ele>
      </trkpt>
      <trkpt lat="42.71898" lon="19.69751">
        <ele>1636.0</ele>
      </trkpt>
      <trkpt lat="42.71849" lon="19.69806">
        <ele>1635.7</ele>
      </trkpt>
      <trkpt lat="42.71831" lon="19.6983">
        <ele>1636.4</ele>
      </trkpt>
      <trkpt lat="42.71816" lon="19.69883">
        <ele>1632.1</ele>
      </trkpt>
      <trkpt lat="42.71808" lon="19.69918">
        <ele>1628.8</ele>
      </trkpt>
      <trkpt lat="42.7181" lon="19.69936">
        <ele>1628.3</ele>
      </trkpt>
      <trkpt lat="42.71811" lon="19.69967">
        <ele>1628.3</ele>
      </trkpt>
      <trkpt lat="42.71808" lon="19.69994">
        <ele>1629.5</ele>
      </trkpt>
      <trkpt lat="42.71798" lon="19.70109">
        <ele>1623.3</ele>
      </trkpt>
      <trkpt lat="42.71801" lon="19.70143">
        <ele>1620.3</ele>
      </trkpt>
      <trkpt lat="42.71817" lon="19.70206">
        <ele>1618.8</ele>
      </trkpt>
      <trkpt lat="42.71833" lon="19.70269">
        <ele>1620.7</ele>
      </trkpt>
      <trkpt lat="42.71845" lon="19.7032">
        <ele>1618.3</ele>
      </trkpt>
      <trkpt lat="42.7185" lon="19.70355">
        <ele>1617.0</ele>
      </trkpt>
      <trkpt lat="42.71851" lon="19.7039">
        <ele>1616.6</ele>
      </trkpt>
      <trkpt lat="42.71851" lon="19.7044">
        <ele>1615.7</ele>
      </trkpt>
      <trkpt lat="42.71848" lon="19.70471">
        <ele>1615.6</ele>
      </trkpt>
      <trkpt lat="42.7184" lon="19.70516">
        <ele>1616.7</ele>
      </trkpt>
      <trkpt lat="42.71837" lon="19.70558">
        <ele>1614.5</ele>
      </trkpt>
      <trkpt lat="42.71836" lon="19.70635">
        <ele>1609.1</ele>
      </trkpt>
      <trkpt lat="42.71831" lon="19.70668">
        <ele>1608.3</ele>
      </trkpt>
      <trkpt lat="42.71823" lon="19.70698">
        <ele>1609.8</ele>
      </trkpt>
      <trkpt lat="42.7182" lon="19.70727">
        <ele>1610.9</ele>
      </trkpt>
      <trkpt lat="42.7182" lon="19.70754">
        <ele>1611.9</ele>
      </trkpt>
      <trkpt lat="42.71823" lon="19.7078">
        <ele>1614.4</ele>
      </trkpt>
      <trkpt lat="42.71837" lon="19.70816">
        <ele>1615.9</ele>
      </trkpt>
      <trkpt lat="42.71857" lon="19.70861">
        <ele>1610.3</ele>
      </trkpt>
      <trkpt lat="42.71867" lon="19.70905">
        <ele>1609.2</ele>
      </trkpt>
      <trkpt lat="42.71872" lon="19.70962">
        <ele>1608.2</ele>
      </trkpt>
      <trkpt lat="42.71873" lon="19.71004">
        <ele>1607.9</ele>
      </trkpt>
      <trkpt lat="42.71874" lon="19.7102">
        <ele>1607.1</ele>
      </trkpt>
      <trkpt lat="42.71878" lon="19.71062">
        <ele>1604.5</ele>
      </trkpt>
      <trkpt lat="42.71887" lon="19.71105">
        <ele>1600.2</ele>
      </trkpt>
      <trkpt lat="42.71902" lon="19.71144">
        <ele>1595.7</ele>
      </trkpt>
      <trkpt lat="42.71907" lon="19.71166">
        <ele>1595.3</ele>
      </trkpt>
      <trkpt lat="42.71906" lon="19.71184">
        <ele>1594.0</ele>
      </trkpt>
      <trkpt lat="42.71901" lon="19.71199">
        <ele>1593.7</ele>
      </trkpt>
      <trkpt lat="42.71892" lon="19.71213">
        <ele>1593.9</ele>
      </trkpt>
      <trkpt lat="42.71875" lon="19.71236">
        <ele>1593.8</ele>
      </trkpt>
      <trkpt lat="42.71861" lon="19.71251">
        <ele>1593.5</ele>
      </trkpt>
      <trkpt lat="42.71841" lon="19.71263">
        <ele>1593.3</ele>
      </trkpt>
      <trkpt lat="42.71795" lon="19.7128">
        <ele>1593.4</ele>
      </trkpt>
      <trkpt lat="42.71736" lon="19.71312">
        <ele>1591.9</ele>
      </trkpt>
      <trkpt lat="42.71684" lon="19.71352">
        <ele>1589.0</ele>
      </trkpt>
      <trkpt lat="42.71633" lon="19.71391">
        <ele>1581.7</ele>
      </trkpt>
      <trkpt lat="42.71605" lon="19.71408">
        <ele>1577.4</ele>
      </trkpt>
      <trkpt lat="42.71572" lon="19.71414">
        <ele>1575.7</ele>
      </trkpt>
      <trkpt lat="42.71556" lon="19.7142">
        <ele>1574.6</ele>
      </trkpt>
      <trkpt lat="42.71511" lon="19.71451">
        <ele>1569.8</ele>
      </trkpt>
      <trkpt lat="42.71475" lon="19.71472">
        <ele>1564.0</ele>
      </trkpt>
      <trkpt lat="42.71461" lon="19.71484">
        <ele>1561.3</ele>
      </trkpt>
      <trkpt lat="42.71439" lon="19.71516">
        <ele>1557.2</ele>
      </trkpt>
      <trkpt lat="42.71423" lon="19.71539">
        <ele>1555.6</ele>
      </trkpt>
      <trkpt lat="42.71402" lon="19.71592">
        <ele>1549.7</ele>
      </trkpt>
      <trkpt lat="42.71393" lon="19.71624">
        <ele>1544.6</ele>
      </trkpt>
      <trkpt lat="42.71387" lon="19.71649">
        <ele>1540.9</ele>
      </trkpt>
      <trkpt lat="42.71383" lon="19.71727">
        <ele>1533.3</ele>
      </trkpt>
      <trkpt lat="42.71379" lon="19.71742">
        <ele>1531.3</ele>
      </trkpt>
      <trkpt lat="42.71373" lon="19.7177">
        <ele>1527.8</ele>
      </trkpt>
      <trkpt lat="42.71374" lon="19.71799">
        <ele>1525.2</ele>
      </trkpt>
      <trkpt lat="42.71372" lon="19.71851">
        <ele>1519.3</ele>
      </trkpt>
      <trkpt lat="42.71367" lon="19.71881">
        <ele>1515.0</ele>
      </trkpt>
      <trkpt lat="42.71358" lon="19.71919">
        <ele>1510.1</ele>
      </trkpt>
      <trkpt lat="42.71324" lon="19.72014">
        <ele>1503.4</ele>
      </trkpt>
      <trkpt lat="42.7129" lon="19.72109">
        <ele>1490.6</ele>
      </trkpt>
      <trkpt lat="42.71256" lon="19.72204">
        <ele>1479.9</ele>
      </trkpt>
      <trkpt lat="42.71256" lon="19.72233">
        <ele>1479.4</ele>
      </trkpt>
      <trkpt lat="42.71263" lon="19.72249">
        <ele>1479.0</ele>
      </trkpt>
      <trkpt lat="42.71263" lon="19.72262">
        <ele>1477.6</ele>
      </trkpt>
      <trkpt lat="42.71258" lon="19.72276">
        <ele>1476.2</ele>
      </trkpt>
      <trkpt lat="42.7123" lon="19.72312">
        <ele>1469.1</ele>
      </trkpt>
      <trkpt lat="42.71217" lon="19.72322">
        <ele>1465.8</ele>
      </trkpt>
      <trkpt lat="42.71195" lon="19.72325">
        <ele>1461.5</ele>
      </trkpt>
      <trkpt lat="42.71163" lon="19.7232">
        <ele>1455.2</ele>
      </trkpt>
      <trkpt lat="42.71143" lon="19.72334">
        <ele>1448.6</ele>
      </trkpt>
      <trkpt lat="42.71119" lon="19.72366">
        <ele>1439.0</ele>
      </trkpt>
      <trkpt lat="42.71101" lon="19.72423">
        <ele>1431.2</ele>
      </trkpt>
      <trkpt lat="42.71083" lon="19.72489">
        <ele>1424.4</ele>
      </trkpt>
      <trkpt lat="42.71063" lon="19.72539">
        <ele>1418.2</ele>
      </trkpt>
      <trkpt lat="42.71036" lon="19.72585">
        <ele>1414.6</ele>
      </trkpt>
      <trkpt lat="42.71011" lon="19.72619">
        <ele>1412.2</ele>
      </trkpt>
      <trkpt lat="42.70977" lon="19.72662">
        <ele>1409.5</ele>
      </trkpt>
      <trkpt lat="42.70944" lon="19.72705">
        <ele>1404.6</ele>
      </trkpt>
      <trkpt lat="42.70923" lon="19.72721">
        <ele>1403.4</ele>
      </trkpt>
      <trkpt lat="42.70892" lon="19.72758">
        <ele>1400.6</ele>
      </trkpt>
      <trkpt lat="42.7088" lon="19.72786">
        <ele>1397.8</ele>
      </trkpt>
      <trkpt lat="42.70847" lon="19.72823">
        <ele>1394.4</ele>
      </trkpt>
      <trkpt lat="42.7082" lon="19.72873">
        <ele>1392.5</ele>
      </trkpt>
      <trkpt lat="42.70809" lon="19.72889">
        <ele>1393.0</ele>
      </trkpt>
      <trkpt lat="42.70798" lon="19.72896">
        <ele>1393.6</ele>
      </trkpt>
      <trkpt lat="42.70763" lon="19.72903">
        <ele>1395.6</ele>
      </trkpt>
      <trkpt lat="42.70731" lon="19.7293">
        <ele>1398.1</ele>
      </trkpt>
      <trkpt lat="42.70719" lon="19.72936">
        <ele>1396.6</ele>
      </trkpt>
      <trkpt lat="42.70701" lon="19.72949">
        <ele>1395.9</ele>
      </trkpt>
      <trkpt lat="42.70683" lon="19.72965">
        <ele>1396.7</ele>
      </trkpt>
      <trkpt lat="42.70603" lon="19.73018">
        <ele>1401.0</ele>
      </trkpt>
      <trkpt lat="42.70582" lon="19.73026">
        <ele>1399.5</ele>
      </trkpt>
      <trkpt lat="42.70568" lon="19.73046">
        <ele>1400.4</ele>
      </trkpt>
      <trkpt lat="42.70553" lon="19.73081">
        <ele>1402.7</ele>
      </trkpt>
      <trkpt lat="42.70553" lon="19.7311">
        <ele>1402.7</ele>
      </trkpt>
      <trkpt lat="42.70561" lon="19.73149">
        <ele>1404.3</ele>
      </trkpt>
      <trkpt lat="42.7058" lon="19.73197">
        <ele>1407.3</ele>
      </trkpt>
      <trkpt lat="42.70593" lon="19.73248">
        <ele>1407.8</ele>
      </trkpt>
      <trkpt lat="42.7061" lon="19.73293">
        <ele>1409.6</ele>
      </trkpt>
      <trkpt lat="42.70645" lon="19.73357">
        <ele>1412.2</ele>
      </trkpt>
      <trkpt lat="42.70663" lon="19.73402">
        <ele>1410.9</ele>
      </trkpt>
      <trkpt lat="42.70685" lon="19.73446">
        <ele>1409.1</ele>
      </trkpt>
      <trkpt lat="42.7072" lon="19.735">
        <ele>1409.4</ele>
      </trkpt>
      <trkpt lat="42.70758" lon="19.73547">
        <ele>1407.1</ele>
      </trkpt>
      <trkpt lat="42.70806" lon="19.736">
        <ele>1404.2</ele>
      </trkpt>
      <trkpt lat="42.70825" lon="19.73624">
        <ele>1402.4</ele>
      </trkpt>
      <trkpt lat="42.70837" lon="19.73644">
        <ele>1399.7</ele>
      </trkpt>
      <trkpt lat="42.70841" lon="19.73652">
        <ele>1398.3</ele>
      </trkpt>
      <trkpt lat="42.70846" lon="19.7368">
        <ele>1394.6</ele>
      </trkpt>
      <trkpt lat="42.70856" lon="19.73708">
        <ele>1392.3</ele>
      </trkpt>
      <trkpt lat="42.7087" lon="19.73725">
        <ele>1392.1</ele>
      </trkpt>
      <trkpt lat="42.70892" lon="19.73747">
        <ele>1392.7</ele>
      </trkpt>
      <trkpt lat="42.70916" lon="19.73768">
        <ele>1391.8</ele>
      </trkpt>
      <trkpt lat="42.70933" lon="19.73817">
        <ele>1383.6</ele>
      </trkpt>
      <trkpt lat="42.70933" lon="19.73817">
        <ele>1383.6</ele>
      </trkpt>
      <trkpt lat="42.70935" lon="19.73826">
        <ele>1382.2</ele>
      </trkpt>
      <trkpt lat="42.7097" lon="19.73899">
        <ele>1376.3</ele>
      </trkpt>
      <trkpt lat="42.70989" lon="19.73934">
        <ele>1372.5</ele>
      </trkpt>
      <trkpt lat="42.71007" lon="19.73956">
        <ele>1370.9</ele>
      </trkpt>
      <trkpt lat="42.7103" lon="19.73978">
        <ele>1372.0</ele>
      </trkpt>
      <trkpt lat="42.71056" lon="19.74016">
        <ele>1372.4</ele>
      </trkpt>
      <trkpt lat="42.71071" lon="19.74055">
        <ele>1371.2</ele>
      </trkpt>
      <trkpt lat="42.71082" lon="19.74088">
        <ele>1370.0</ele>
      </trkpt>
      <trkpt lat="42.71101" lon="19.74124">
        <ele>1369.0</ele>
      </trkpt>
      <trkpt lat="42.71117" lon="19.74181">
        <ele>1365.0</ele>
      </trkpt>
      <trkpt lat="42.71128" lon="19.74261">
        <ele>1355.3</ele>
      </trkpt>
      <trkpt lat="42.71126" lon="19.74294">
        <ele>1348.9</ele>
      </trkpt>
      <trkpt lat="42.71117" lon="19.74333">
        <ele>1340.7</ele>
      </trkpt>
      <trkpt lat="42.7111" lon="19.74383">
        <ele>1331.7</ele>
      </trkpt>
      <trkpt lat="42.71115" lon="19.7444">
        <ele>1323.4</ele>
      </trkpt>
      <trkpt lat="42.71114" lon="19.74484">
        <ele>1316.2</ele>
      </trkpt>
      <trkpt lat="42.71115" lon="19.74503">
        <ele>1313.3</ele>
      </trkpt>
      <trkpt lat="42.71102" lon="19.74505">
        <ele>1311.5</ele>
      </trkpt>
      <trkpt lat="42.71085" lon="19.74505">
        <ele>1309.6</ele>
      </trkpt>
      <trkpt lat="42.71085" lon="19.74505">
        <ele>1309.6</ele>
      </trkpt>
      <trkpt lat="42.71043" lon="19.74494">
        <ele>1300.7</ele>
      </trkpt>
      <trkpt lat="42.71046" lon="19.74507">
        <ele>1299.9</ele>
      </trkpt>
      <trkpt lat="42.71077" lon="19.74551">
        <ele>1302.5</ele>
      </trkpt>
      <trkpt lat="42.71077" lon="19.74551">
        <ele>1302.5</ele>
      </trkpt>
      <trkpt lat="42.71142" lon="19.74615">
        <ele>1300.1</ele>
      </trkpt>
      <trkpt lat="42.7116" lon="19.74641">
        <ele>1299.8</ele>
      </trkpt>
      <trkpt lat="42.71183" lon="19.74683">
        <ele>1296.0</ele>
      </trkpt>
      <trkpt lat="42.71191" lon="19.74704">
        <ele>1295.3</ele>
      </trkpt>
      <trkpt lat="42.71207" lon="19.74776">
        <ele>1296.6</ele>
      </trkpt>
      <trkpt lat="42.71226" lon="19.74834">
        <ele>1301.4</ele>
      </trkpt>
      <trkpt lat="42.71245" lon="19.74893">
        <ele>1304.9</ele>
      </trkpt>
      <trkpt lat="42.71251" lon="19.74984">
        <ele>1302.4</ele>
      </trkpt>
      <trkpt lat="42.71245" lon="19.7506">
        <ele>1297.6</ele>
      </trkpt>
      <trkpt lat="42.71244" lon="19.75105">
        <ele>1297.4</ele>
      </trkpt>
      <trkpt lat="42.71242" lon="19.75132">
        <ele>1298.7</ele>
      </trkpt>
      <trkpt lat="42.71244" lon="19.75152">
        <ele>1300.1</ele>
      </trkpt>
      <trkpt lat="42.71247" lon="19.75158">
        <ele>1301.0</ele>
      </trkpt>
      <trkpt lat="42.71253" lon="19.75165">
        <ele>1301.5</ele>
      </trkpt>
      <trkpt lat="42.71268" lon="19.75202">
        <ele>1301.7</ele>
      </trkpt>
      <trkpt lat="42.7128" lon="19.75218">
        <ele>1301.5</ele>
      </trkpt>
      <trkpt lat="42.71288" lon="19.75229">
        <ele>1301.6</ele>
      </trkpt>
      <trkpt lat="42.7129" lon="19.75237">
        <ele>1302.0</ele>
      </trkpt>
      <trkpt lat="42.7129" lon="19.75246">
        <ele>1302.8</ele>
      </trkpt>
      <trkpt lat="42.71291" lon="19.7528">
        <ele>1304.7</ele>
      </trkpt>
      <trkpt lat="42.71303" lon="19.75319">
        <ele>1305.6</ele>
      </trkpt>
      <trkpt lat="42.71308" lon="19.75336">
        <ele>1306.1</ele>
      </trkpt>
      <trkpt lat="42.71339" lon="19.75391">
        <ele>1309.4</ele>
      </trkpt>
      <trkpt lat="42.71369" lon="19.75447">
        <ele>1313.9</ele>
      </trkpt>
      <trkpt lat="42.71399" lon="19.75491">
        <ele>1314.9</ele>
      </trkpt>
      <trkpt lat="42.71429" lon="19.75522">
        <ele>1314.2</ele>
      </trkpt>
      <trkpt lat="42.71456" lon="19.75548">
        <ele>1315.9</ele>
      </trkpt>
      <trkpt lat="42.71468" lon="19.75562">
        <ele>1316.8</ele>
      </trkpt>
      <trkpt lat="42.71476" lon="19.75576">
        <ele>1317.9</ele>
      </trkpt>
      <trkpt lat="42.71491" lon="19.75592">
        <ele>1319.9</ele>
      </trkpt>
      <trkpt lat="42.71521" lon="19.75598">
        <ele>1318.5</ele>
      </trkpt>
      <trkpt lat="42.71531" lon="19.75603">
        <ele>1318.7</ele>
      </trkpt>
      <trkpt lat="42.71552" lon="19.75605">
        <ele>1317.0</ele>
      </trkpt>
      <trkpt lat="42.71563" lon="19.75605">
        <ele>1316.0</ele>
      </trkpt>
      <trkpt lat="42.71624" lon="19.75635">
        <ele>1317.4</ele>
      </trkpt>
      <trkpt lat="42.7169" lon="19.75663">
        <ele>1318.1</ele>
      </trkpt>
      <trkpt lat="42.71723" lon="19.75675">
        <ele>1320.0</ele>
      </trkpt>
      <trkpt lat="42.71741" lon="19.7569">
        <ele>1324.4</ele>
      </trkpt>
      <trkpt lat="42.71821" lon="19.75727">
        <ele>1335.5</ele>
      </trkpt>
      <trkpt lat="42.71873" lon="19.75753">
        <ele>1338.3</ele>
      </trkpt>
      <trkpt lat="42.71925" lon="19.75779">
        <ele>1339.0</ele>
      </trkpt>
      <trkpt lat="42.71957" lon="19.758">
        <ele>1338.7</ele>
      </trkpt>
      <trkpt lat="42.71967" lon="19.75803">
        <ele>1337.7</ele>
      </trkpt>
      <trkpt lat="42.71981" lon="19.75802">
        <ele>1335.6</ele>
      </trkpt>
      <trkpt lat="42.72003" lon="19.75797">
        <ele>1332.2</ele>
      </trkpt>
      <trkpt lat="42.72024" lon="19.75778">
        <ele>1329.0</ele>
      </trkpt>
      <trkpt lat="42.72051" lon="19.7576">
        <ele>1326.1</ele>
      </trkpt>
      <trkpt lat="42.72076" lon="19.7575">
        <ele>1324.4</ele>
      </trkpt>
      <trkpt lat="42.72087" lon="19.7575">
        <ele>1323.2</ele>
      </trkpt>
      <trkpt lat="42.72098" lon="19.75754">
        <ele>1320.8</ele>
      </trkpt>
      <trkpt lat="42.7215" lon="19.75784">
        <ele>1310.6</ele>
      </trkpt>
      <trkpt lat="42.72164" lon="19.75799">
        <ele>1308.5</ele>
      </trkpt>
      <trkpt lat="42.72176" lon="19.75818">
        <ele>1306.8</ele>
      </trkpt>
      <trkpt lat="42.72183" lon="19.75832">
        <ele>1305.8</ele>
      </trkpt>
      <trkpt lat="42.72185" lon="19.75845">
        <ele>1304.3</ele>
      </trkpt>
      <trkpt lat="42.72187" lon="19.75888">
        <ele>1299.7</ele>
      </trkpt>
      <trkpt lat="42.72186" lon="19.75907">
        <ele>1298.2</ele>
      </trkpt>
      <trkpt lat="42.72187" lon="19.75923">
        <ele>1296.0</ele>
      </trkpt>
      <trkpt lat="42.72186" lon="19.75946">
        <ele>1293.2</ele>
      </trkpt>
      <trkpt lat="42.72174" lon="19.75981">
        <ele>1292.3</ele>
      </trkpt>
      <trkpt lat="42.72172" lon="19.75993">
        <ele>1291.3</ele>
      </trkpt>
      <trkpt lat="42.72175" lon="19.76028">
        <ele>1286.3</ele>
      </trkpt>
      <trkpt lat="42.72178" lon="19.76045">
        <ele>1283.8</ele>
      </trkpt>
      <trkpt lat="42.72185" lon="19.7606">
        <ele>1280.8</ele>
      </trkpt>
      <trkpt lat="42.7219" lon="19.76079">
        <ele>1278.1</ele>
      </trkpt>
      <trkpt lat="42.72191" lon="19.76099">
        <ele>1274.9</ele>
      </trkpt>
      <trkpt lat="42.72189" lon="19.76113">
        <ele>1272.8</ele>
      </trkpt>
      <trkpt lat="42.72171" lon="19.76166">
        <ele>1267.2</ele>
      </trkpt>
      <trkpt lat="42.72165" lon="19.76178">
        <ele>1265.7</ele>
      </trkpt>
      <trkpt lat="42.7213" lon="19.76224">
        <ele>1258.8</ele>
      </trkpt>
      <trkpt lat="42.72101" lon="19.76249">
        <ele>1255.7</ele>
      </trkpt>
      <trkpt lat="42.72101" lon="19.76254">
        <ele>1254.8</ele>
      </trkpt>
      <trkpt lat="42.72102" lon="19.76259">
        <ele>1253.7</ele>
      </trkpt>
      <trkpt lat="42.72105" lon="19.76262">
        <ele>1252.9</ele>
      </trkpt>
      <trkpt lat="42.7212" lon="19.76259">
        <ele>1252.2</ele>
      </trkpt>
      <trkpt lat="42.72127" lon="19.76265">
        <ele>1250.5</ele>
      </trkpt>
      <trkpt lat="42.72138" lon="19.7628">
        <ele>1246.9</ele>
      </trkpt>
      <trkpt lat="42.7215" lon="19.76285">
        <ele>1245.0</ele>
      </trkpt>
      <trkpt lat="42.72158" lon="19.76287">
        <ele>1244.0</ele>
      </trkpt>
      <trkpt lat="42.72173" lon="19.76283">
        <ele>1242.8</ele>
      </trkpt>
      <trkpt lat="42.72187" lon="19.76271">
        <ele>1242.4</ele>
      </trkpt>
      <trkpt lat="42.72228" lon="19.76231">
        <ele>1242.7</ele>
      </trkpt>
      <trkpt lat="42.72249" lon="19.76212">
        <ele>1242.5</ele>
      </trkpt>
      <trkpt lat="42.72266" lon="19.76202">
        <ele>1241.4</ele>
      </trkpt>
      <trkpt lat="42.72266" lon="19.76202">
        <ele>1241.4</ele>
      </trkpt>
      <trkpt lat="42.72266" lon="19.76202">
        <ele>1241.4</ele>
      </trkpt>
      <trkpt lat="42.72283" lon="19.76192">
        <ele>1240.2</ele>
      </trkpt>
      <trkpt lat="42.72303" lon="19.76187">
        <ele>1237.4</ele>
      </trkpt>
      <trkpt lat="42.72325" lon="19.76179">
        <ele>1234.6</ele>
      </trkpt>
      <trkpt lat="42.72329" lon="19.76179">
        <ele>1233.9</ele>
      </trkpt>
      <trkpt lat="42.72332" lon="19.76181">
        <ele>1233.0</ele>
      </trkpt>
      <trkpt lat="42.72336" lon="19.76191">
        <ele>1230.4</ele>
      </trkpt>
      <trkpt lat="42.72335" lon="19.76201">
        <ele>1229.1</ele>
      </trkpt>
      <trkpt lat="42.7232" lon="19.76229">
        <ele>1227.5</ele>
      </trkpt>
      <trkpt lat="42.72292" lon="19.76267">
        <ele>1224.9</ele>
      </trkpt>
      <trkpt lat="42.72263" lon="19.76328">
        <ele>1216.3</ele>
      </trkpt>
      <trkpt lat="42.72233" lon="19.76396">
        <ele>1205.3</ele>
      </trkpt>
      <trkpt lat="42.72192" lon="19.76458">
        <ele>1196.2</ele>
      </trkpt>
      <trkpt lat="42.72175" lon="19.76481">
        <ele>1192.3</ele>
      </trkpt>
      <trkpt lat="42.72157" lon="19.76497">
        <ele>1191.3</ele>
      </trkpt>
      <trkpt lat="42.72141" lon="19.76503">
        <ele>1193.8</ele>
      </trkpt>
      <trkpt lat="42.72132" lon="19.76508">
        <ele>1194.9</ele>
      </trkpt>
      <trkpt lat="42.72103" lon="19.76553">
        <ele>1192.8</ele>
      </trkpt>
      <trkpt lat="42.72087" lon="19.76586">
        <ele>1191.0</ele>
      </trkpt>
      <trkpt lat="42.72086" lon="19.76595">
        <ele>1191.3</ele>
      </trkpt>
      <trkpt lat="42.72086" lon="19.76595">
        <ele>1191.3</ele>
      </trkpt>
      <trkpt lat="42.72086" lon="19.76595">
        <ele>1191.3</ele>
      </trkpt>
      <trkpt lat="42.72086" lon="19.76595">
        <ele>1191.3</ele>
      </trkpt>
      <trkpt lat="42.72085" lon="19.76609">
        <ele>1191.8</ele>
      </trkpt>
      <trkpt lat="42.72092" lon="19.76628">
        <ele>1189.6</ele>
      </trkpt>
      <trkpt lat="42.72107" lon="19.76646">
        <ele>1184.4</ele>
      </trkpt>
      <trkpt lat="42.7212" lon="19.76691">
        <ele>1181.1</ele>
      </trkpt>
      <trkpt lat="42.72155" lon="19.7674">
        <ele>1168.3</ele>
      </trkpt>
      <trkpt lat="42.72164" lon="19.76775">
        <ele>1163.3</ele>
      </trkpt>
      <trkpt lat="42.72169" lon="19.76803">
        <ele>1160.3</ele>
      </trkpt>
      <trkpt lat="42.72174" lon="19.76855">
        <ele>1157.1</ele>
      </trkpt>
      <trkpt lat="42.72166" lon="19.76875">
        <ele>1159.2</ele>
      </trkpt>
      <trkpt lat="42.72156" lon="19.76888">
        <ele>1160.8</ele>
      </trkpt>
      <trkpt lat="42.72125" lon="19.76938">
        <ele>1158.3</ele>
      </trkpt>
      <trkpt lat="42.721" lon="19.76974">
        <ele>1153.0</ele>
      </trkpt>
      <trkpt lat="42.72076" lon="19.77002">
        <ele>1149.1</ele>
      </trkpt>
      <trkpt lat="42.72062" lon="19.77023">
        <ele>1149.4</ele>
      </trkpt>
      <trkpt lat="42.72054" lon="19.77041">
        <ele>1149.4</ele>
      </trkpt>
      <trkpt lat="42.72056" lon="19.77057">
        <ele>1147.4</ele>
      </trkpt>
      <trkpt lat="42.7206" lon="19.77066">
        <ele>1145.4</ele>
      </trkpt>
      <trkpt lat="42.72063" lon="19.77082">
        <ele>1142.7</ele>
      </trkpt>
      <trkpt lat="42.72074" lon="19.7711">
        <ele>1137.0</ele>
      </trkpt>
      <trkpt lat="42.72097" lon="19.77121">
        <ele>1131.5</ele>
      </trkpt>
      <trkpt lat="42.72117" lon="19.77122">
        <ele>1128.7</ele>
      </trkpt>
      <trkpt lat="42.72139" lon="19.77127">
        <ele>1125.0</ele>
      </trkpt>
      <trkpt lat="42.72157" lon="19.77129">
        <ele>1122.2</ele>
      </trkpt>
      <trkpt lat="42.72206" lon="19.77144">
        <ele>1114.6</ele>
      </trkpt>
      <trkpt lat="42.72249" lon="19.77147">
        <ele>1110.4</ele>
      </trkpt>
      <trkpt lat="42.72279" lon="19.77134">
        <ele>1108.4</ele>
      </trkpt>
      <trkpt lat="42.72291" lon="19.77125">
        <ele>1108.1</ele>
      </trkpt>
      <trkpt lat="42.72308" lon="19.77117">
        <ele>1106.9</ele>
      </trkpt>
      <trkpt lat="42.72319" lon="19.7711">
        <ele>1106.3</ele>
      </trkpt>
      <trkpt lat="42.72345" lon="19.77105">
        <ele>1102.0</ele>
      </trkpt>
      <trkpt lat="42.72363" lon="19.77108">
        <ele>1097.4</ele>
      </trkpt>
      <trkpt lat="42.72375" lon="19.77131">
        <ele>1093.1</ele>
      </trkpt>
      <trkpt lat="42.72384" lon="19.77161">
        <ele>1090.2</ele>
      </trkpt>
      <trkpt lat="42.724" lon="19.77198">
        <ele>1085.2</ele>
      </trkpt>
      <trkpt lat="42.72414" lon="19.77217">
        <ele>1083.1</ele>
      </trkpt>
      <trkpt lat="42.72431" lon="19.77232">
        <ele>1079.3</ele>
      </trkpt>
      <trkpt lat="42.72445" lon="19.77252">
        <ele>1076.5</ele>
      </trkpt>
      <trkpt lat="42.72462" lon="19.77286">
        <ele>1073.6</ele>
      </trkpt>
      <trkpt lat="42.72483" lon="19.77335">
        <ele>1074.0</ele>
      </trkpt>
      <trkpt lat="42.72499" lon="19.77361">
        <ele>1072.3</ele>
      </trkpt>
      <trkpt lat="42.72519" lon="19.7738">
        <ele>1067.0</ele>
      </trkpt>
      <trkpt lat="42.72539" lon="19.77396">
        <ele>1063.9</ele>
      </trkpt>
      <trkpt lat="42.7256" lon="19.77405">
        <ele>1062.1</ele>
      </trkpt>
      <trkpt lat="42.72581" lon="19.77413">
        <ele>1061.5</ele>
      </trkpt>
      <trkpt lat="42.726" lon="19.77417">
        <ele>1059.2</ele>
      </trkpt>
      <trkpt lat="42.72617" lon="19.77423">
        <ele>1056.2</ele>
      </trkpt>
      <trkpt lat="42.72653" lon="19.77447">
        <ele>1051.9</ele>
      </trkpt>
      <trkpt lat="42.72695" lon="19.77478">
        <ele>1049.8</ele>
      </trkpt>
      <trkpt lat="42.72739" lon="19.77519">
        <ele>1047.6</ele>
      </trkpt>
      <trkpt lat="42.72749" lon="19.77525">
        <ele>1046.8</ele>
      </trkpt>
      <trkpt lat="42.7276" lon="19.77529">
        <ele>1045.3</ele>
      </trkpt>
      <trkpt lat="42.72769" lon="19.77533">
        <ele>1044.1</ele>
      </trkpt>
      <trkpt lat="42.72785" lon="19.77549">
        <ele>1042.6</ele>
      </trkpt>
      <trkpt lat="42.72818" lon="19.77586">
        <ele>1042.9</ele>
      </trkpt>
      <trkpt lat="42.72849" lon="19.77624">
        <ele>1036.3</ele>
      </trkpt>
      <trkpt lat="42.72871" lon="19.77653">
        <ele>1031.9</ele>
      </trkpt>
      <trkpt lat="42.72878" lon="19.77658">
        <ele>1031.0</ele>
      </trkpt>
      <trkpt lat="42.729" lon="19.77671">
        <ele>1028.8</ele>
      </trkpt>
      <trkpt lat="42.72929" lon="19.77698">
        <ele>1023.0</ele>
      </trkpt>
      <trkpt lat="42.72959" lon="19.77722">
        <ele>1016.2</ele>
      </trkpt>
      <trkpt lat="42.72965" lon="19.77728">
        <ele>1015.1</ele>
      </trkpt>
      <trkpt lat="42.72969" lon="19.77735">
        <ele>1014.4</ele>
      </trkpt>
      <trkpt lat="42.72975" lon="19.77749">
        <ele>1013.6</ele>
      </trkpt>
      <trkpt lat="42.72984" lon="19.77779">
        <ele>1012.1</ele>
      </trkpt>
      <trkpt lat="42.73015" lon="19.7785">
        <ele>1007.7</ele>
      </trkpt>
      <trkpt lat="42.73023" lon="19.77865">
        <ele>1005.4</ele>
      </trkpt>
      <trkpt lat="42.73034" lon="19.77877">
        <ele>1003.6</ele>
      </trkpt>
      <trkpt lat="42.73042" lon="19.77883">
        <ele>1002.9</ele>
      </trkpt>
      <trkpt lat="42.73051" lon="19.77891">
        <ele>1002.5</ele>
      </trkpt>
      <trkpt lat="42.73062" lon="19.77911">
        <ele>1003.7</ele>
      </trkpt>
      <trkpt lat="42.73078" lon="19.77942">
        <ele>1003.5</ele>
      </trkpt>
      <trkpt lat="42.73085" lon="19.77954">
        <ele>1002.8</ele>
      </trkpt>
      <trkpt lat="42.73093" lon="19.77961">
        <ele>1000.5</ele>
      </trkpt>
      <trkpt lat="42.73106" lon="19.77967">
        <ele>997.3</ele>
      </trkpt>
      <trkpt lat="42.7311" lon="19.77974">
        <ele>996.5</ele>
      </trkpt>
      <trkpt lat="42.7311" lon="19.77978">
        <ele>996.5</ele>
      </trkpt>
      <trkpt lat="42.73109" lon="19.77986">
        <ele>996.8</ele>
      </trkpt>
      <trkpt lat="42.73107" lon="19.7799">
        <ele>997.2</ele>
      </trkpt>
      <trkpt lat="42.73098" lon="19.77997">
        <ele>998.8</ele>
      </trkpt>
      <trkpt lat="42.73088" lon="19.78001">
        <ele>1000.1</ele>
      </trkpt>
      <trkpt lat="42.7308" lon="19.78002">
        <ele>1000.2</ele>
      </trkpt>
      <trkpt lat="42.73045" lon="19.7799">
        <ele>997.3</ele>
      </trkpt>
      <trkpt lat="42.73017" lon="19.77984">
        <ele>994.9</ele>
      </trkpt>
      <trkpt lat="42.72995" lon="19.77981">
        <ele>992.8</ele>
      </trkpt>
      <trkpt lat="42.72988" lon="19.77982">
        <ele>991.7</ele>
      </trkpt>
      <trkpt lat="42.72985" lon="19.77984">
        <ele>991.0</ele>
      </trkpt>
      <trkpt lat="42.72983" lon="19.77991">
        <ele>989.8</ele>
      </trkpt>
      <trkpt lat="42.72984" lon="19.77999">
        <ele>988.8</ele>
      </trkpt>
      <trkpt lat="42.72986" lon="19.78004">
        <ele>988.1</ele>
      </trkpt>
      <trkpt lat="42.73009" lon="19.78046">
        <ele>982.3</ele>
      </trkpt>
      <trkpt lat="42.73024" lon="19.78078">
        <ele>977.6</ele>
      </trkpt>
      <trkpt lat="42.73032" lon="19.78099">
        <ele>974.8</ele>
      </trkpt>
      <trkpt lat="42.73049" lon="19.78153">
        <ele>967.4</ele>
      </trkpt>
      <trkpt lat="42.73064" lon="19.78216">
        <ele>962.1</ele>
      </trkpt>
      <trkpt lat="42.73075" lon="19.78245">
        <ele>960.6</ele>
      </trkpt>
      <trkpt lat="42.73106" lon="19.78304">
        <ele>960.7</ele>
      </trkpt>
      <trkpt lat="42.73117" lon="19.7832">
        <ele>960.8</ele>
      </trkpt>
      <trkpt lat="42.73119" lon="19.78326">
        <ele>960.5</ele>
      </trkpt>
      <trkpt lat="42.73119" lon="19.78331">
        <ele>960.1</ele>
      </trkpt>
      <trkpt lat="42.73118" lon="19.78334">
        <ele>959.6</ele>
      </trkpt>
      <trkpt lat="42.73116" lon="19.78337">
        <ele>958.9</ele>
      </trkpt>
      <trkpt lat="42.73111" lon="19.78338">
        <ele>958.2</ele>
      </trkpt>
      <trkpt lat="42.73091" lon="19.78332">
        <ele>956.9</ele>
      </trkpt>
      <trkpt lat="42.73047" lon="19.78321">
        <ele>950.2</ele>
      </trkpt>
      <trkpt lat="42.7303" lon="19.78315">
        <ele>947.8</ele>
      </trkpt>
      <trkpt lat="42.73025" lon="19.78314">
        <ele>947.1</ele>
      </trkpt>
      <trkpt lat="42.73022" lon="19.78314">
        <ele>946.6</ele>
      </trkpt>
      <trkpt lat="42.73019" lon="19.78315">
        <ele>945.9</ele>
      </trkpt>
      <trkpt lat="42.73016" lon="19.78319">
        <ele>944.9</ele>
      </trkpt>
      <trkpt lat="42.73015" lon="19.78323">
        <ele>944.2</ele>
      </trkpt>
      <trkpt lat="42.73015" lon="19.7833">
        <ele>943.3</ele>
      </trkpt>
      <trkpt lat="42.73017" lon="19.78336">
        <ele>942.9</ele>
      </trkpt>
      <trkpt lat="42.73021" lon="19.78345">
        <ele>942.3</ele>
      </trkpt>
      <trkpt lat="42.73028" lon="19.78352">
        <ele>942.5</ele>
      </trkpt>
      <trkpt lat="42.73056" lon="19.78369">
        <ele>944.3</ele>
      </trkpt>
      <trkpt lat="42.73068" lon="19.7838">
        <ele>944.2</ele>
      </trkpt>
      <trkpt lat="42.73075" lon="19.78387">
        <ele>943.8</ele>
      </trkpt>
      <trkpt lat="42.73079" lon="19.78394">
        <ele>943.0</ele>
      </trkpt>
      <trkpt lat="42.73082" lon="19.78403">
        <ele>941.6</ele>
      </trkpt>
      <trkpt lat="42.73086" lon="19.78416">
        <ele>939.7</ele>
      </trkpt>
      <trkpt lat="42.73098" lon="19.78471">
        <ele>935.7</ele>
      </trkpt>
      <trkpt lat="42.73103" lon="19.78482">
        <ele>935.2</ele>
      </trkpt>
      <trkpt lat="42.73121" lon="19.78507">
        <ele>934.9</ele>
      </trkpt>
      <trkpt lat="42.7313" lon="19.78518">
        <ele>934.6</ele>
      </trkpt>
      <trkpt lat="42.7314" lon="19.78527">
        <ele>934.6</ele>
      </trkpt>
      <trkpt lat="42.73183" lon="19.78557">
        <ele>931.4</ele>
      </trkpt>
      <trkpt lat="42.73205" lon="19.78576">
        <ele>925.8</ele>
      </trkpt>
      <trkpt lat="42.73209" lon="19.78581">
        <ele>924.4</ele>
      </trkpt>
      <trkpt lat="42.73211" lon="19.78587">
        <ele>923.1</ele>
      </trkpt>
      <trkpt lat="42.73211" lon="19.78595">
        <ele>921.9</ele>
      </trkpt>
      <trkpt lat="42.7321" lon="19.786">
        <ele>921.1</ele>
      </trkpt>
      <trkpt lat="42.73208" lon="19.78604">
        <ele>920.7</ele>
      </trkpt>
      <trkpt lat="42.73205" lon="19.78608">
        <ele>920.3</ele>
      </trkpt>
      <trkpt lat="42.73166" lon="19.78637">
        <ele>918.9</ele>
      </trkpt>
      <trkpt lat="42.73135" lon="19.78656">
        <ele>914.1</ele>
      </trkpt>
      <trkpt lat="42.73125" lon="19.78666">
        <ele>912.1</ele>
      </trkpt>
      <trkpt lat="42.73115" lon="19.7868">
        <ele>909.7</ele>
      </trkpt>
      <trkpt lat="42.73112" lon="19.78686">
        <ele>908.8</ele>
      </trkpt>
      <trkpt lat="42.7311" lon="19.78696">
        <ele>907.4</ele>
      </trkpt>
      <trkpt lat="42.7311" lon="19.78703">
        <ele>906.5</ele>
      </trkpt>
      <trkpt lat="42.73114" lon="19.7872">
        <ele>904.3</ele>
      </trkpt>
      <trkpt lat="42.73115" lon="19.78728">
        <ele>903.2</ele>
      </trkpt>
      <trkpt lat="42.73114" lon="19.78755">
        <ele>899.5</ele>
      </trkpt>
      <trkpt lat="42.73114" lon="19.78755">
        <ele>899.5</ele>
      </trkpt>
      <trkpt lat="42.73112" lon="19.78779">
        <ele>896.0</ele>
      </trkpt>
      <trkpt lat="42.73115" lon="19.78789">
        <ele>894.4</ele>
      </trkpt>
      <trkpt lat="42.7311" lon="19.78801">
        <ele>892.8</ele>
      </trkpt>
      <trkpt lat="42.73103" lon="19.78812">
        <ele>891.4</ele>
      </trkpt>
      <trkpt lat="42.73096" lon="19.78819">
        <ele>890.6</ele>
      </trkpt>
      <trkpt lat="42.73091" lon="19.78821">
        <ele>890.5</ele>
      </trkpt>
      <trkpt lat="42.73086" lon="19.78821">
        <ele>890.7</ele>
      </trkpt>
      <trkpt lat="42.73078" lon="19.78818">
        <ele>890.2</ele>
      </trkpt>
      <trkpt lat="42.7303" lon="19.78797">
        <ele>884.4</ele>
      </trkpt>
      <trkpt lat="42.73015" lon="19.78788">
        <ele>882.8</ele>
      </trkpt>
      <trkpt lat="42.73007" lon="19.7878">
        <ele>882.4</ele>
      </trkpt>
      <trkpt lat="42.73" lon="19.7877">
        <ele>882.4</ele>
      </trkpt>
      <trkpt lat="42.7299" lon="19.78749">
        <ele>882.7</ele>
      </trkpt>
      <trkpt lat="42.72975" lon="19.78726">
        <ele>881.8</ele>
      </trkpt>
      <trkpt lat="42.72925" lon="19.78636">
        <ele>880.4</ele>
      </trkpt>
      <trkpt lat="42.7292" lon="19.78632">
        <ele>879.8</ele>
      </trkpt>
      <trkpt lat="42.72915" lon="19.78631">
        <ele>878.7</ele>
      </trkpt>
      <trkpt lat="42.7291" lon="19.78633">
        <ele>877.0</ele>
      </trkpt>
      <trkpt lat="42.72906" lon="19.78639">
        <ele>875.0</ele>
      </trkpt>
      <trkpt lat="42.72903" lon="19.78652">
        <ele>872.2</ele>
      </trkpt>
      <trkpt lat="42.72901" lon="19.78668">
        <ele>869.1</ele>
      </trkpt>
      <trkpt lat="42.72902" lon="19.78694">
        <ele>866.3</ele>
      </trkpt>
      <trkpt lat="42.72907" lon="19.78731">
        <ele>863.6</ele>
      </trkpt>
      <trkpt lat="42.72914" lon="19.7876">
        <ele>862.1</ele>
      </trkpt>
      <trkpt lat="42.72924" lon="19.78792">
        <ele>858.9</ele>
      </trkpt>
      <trkpt lat="42.72928" lon="19.78827">
        <ele>853.6</ele>
      </trkpt>
      <trkpt lat="42.72936" lon="19.78887">
        <ele>845.8</ele>
      </trkpt>
      <trkpt lat="42.72941" lon="19.78927">
        <ele>840.2</ele>
      </trkpt>
      <trkpt lat="42.72948" lon="19.78947">
        <ele>838.0</ele>
      </trkpt>
      <trkpt lat="42.72959" lon="19.78969">
        <ele>836.3</ele>
      </trkpt>
      <trkpt lat="42.72976" lon="19.79008">
        <ele>831.9</ele>
      </trkpt>
      <trkpt lat="42.72976" lon="19.79008">
        <ele>831.9</ele>
      </trkpt>
      <trkpt lat="42.72987" lon="19.79028">
        <ele>829.6</ele>
      </trkpt>
      <trkpt lat="42.73013" lon="19.79064">
        <ele>826.3</ele>
      </trkpt>
      <trkpt lat="42.73035" lon="19.79088">
        <ele>823.2</ele>
      </trkpt>
      <trkpt lat="42.7308" lon="19.79129">
        <ele>816.8</ele>
      </trkpt>
      <trkpt lat="42.7309" lon="19.7914">
        <ele>815.0</ele>
      </trkpt>
      <trkpt lat="42.73125" lon="19.79198">
        <ele>804.0</ele>
      </trkpt>
      <trkpt lat="42.73161" lon="19.79256">
        <ele>794.0</ele>
      </trkpt>
      <trkpt lat="42.73175" lon="19.79272">
        <ele>789.9</ele>
      </trkpt>
      <trkpt lat="42.73181" lon="19.79277">
        <ele>788.1</ele>
      </trkpt>
      <trkpt lat="42.73187" lon="19.79277">
        <ele>787.7</ele>
      </trkpt>
      <trkpt lat="42.73192" lon="19.79276">
        <ele>787.7</ele>
      </trkpt>
      <trkpt lat="42.73204" lon="19.79266">
        <ele>789.5</ele>
      </trkpt>
      <trkpt lat="42.73218" lon="19.79248">
        <ele>792.5</ele>
      </trkpt>
      <trkpt lat="42.73246" lon="19.79218">
        <ele>794.2</ele>
      </trkpt>
      <trkpt lat="42.73263" lon="19.79201">
        <ele>794.3</ele>
      </trkpt>
      <trkpt lat="42.73273" lon="19.79196">
        <ele>793.6</ele>
      </trkpt>
      <trkpt lat="42.73286" lon="19.79191">
        <ele>792.3</ele>
      </trkpt>
      <trkpt lat="42.73294" lon="19.7919">
        <ele>791.3</ele>
      </trkpt>
      <trkpt lat="42.73301" lon="19.79192">
        <ele>790.1</ele>
      </trkpt>
      <trkpt lat="42.73307" lon="19.79199">
        <ele>788.6</ele>
      </trkpt>
      <trkpt lat="42.73312" lon="19.7921">
        <ele>787.0</ele>
      </trkpt>
      <trkpt lat="42.73313" lon="19.79216">
        <ele>786.4</ele>
      </trkpt>
      <trkpt lat="42.73313" lon="19.79221">
        <ele>786.0</ele>
      </trkpt>
      <trkpt lat="42.73303" lon="19.79248">
        <ele>784.7</ele>
      </trkpt>
      <trkpt lat="42.733" lon="19.79254">
        <ele>784.4</ele>
      </trkpt>
      <trkpt lat="42.73295" lon="19.7926">
        <ele>784.1</ele>
      </trkpt>
      <trkpt lat="42.73295" lon="19.7926">
        <ele>784.1</ele>
      </trkpt>
      <trkpt lat="42.73281" lon="19.79273">
        <ele>783.3</ele>
      </trkpt>
      <trkpt lat="42.73307" lon="19.79316">
        <ele>777.7</ele>
      </trkpt>
      <trkpt lat="42.73297" lon="19.79324">
        <ele>776.7</ele>
      </trkpt>
      <trkpt lat="42.73286" lon="19.7933">
        <ele>775.7</ele>
      </trkpt>
      <trkpt lat="42.73276" lon="19.79335">
        <ele>774.5</ele>
      </trkpt>
      <trkpt lat="42.73265" lon="19.79338">
        <ele>773.2</ele>
      </trkpt>
      <trkpt lat="42.73255" lon="19.79339">
        <ele>772.6</ele>
      </trkpt>
      <trkpt lat="42.73213" lon="19.7934">
        <ele>771.2</ele>
      </trkpt>
      <trkpt lat="42.73187" lon="19.79339">
        <ele>770.9</ele>
      </trkpt>
      <trkpt lat="42.73168" lon="19.79337">
        <ele>771.0</ele>
      </trkpt>
      <trkpt lat="42.73149" lon="19.7933">
        <ele>771.2</ele>
      </trkpt>
      <trkpt lat="42.73129" lon="19.7932">
        <ele>771.6</ele>
      </trkpt>
      <trkpt lat="42.73118" lon="19.79313">
        <ele>771.9</ele>
      </trkpt>
      <trkpt lat="42.73118" lon="19.79313">
        <ele>771.9</ele>
      </trkpt>
      <trkpt lat="42.73109" lon="19.79306">
        <ele>772.2</ele>
      </trkpt>
      <trkpt lat="42.73096" lon="19.79335">
        <ele>764.9</ele>
      </trkpt>
      <trkpt lat="42.7309" lon="19.79338">
        <ele>763.7</ele>
      </trkpt>
      <trkpt lat="42.73086" lon="19.79338">
        <ele>763.3</ele>
      </trkpt>
      <trkpt lat="42.7307" lon="19.79333">
        <ele>762.6</ele>
      </trkpt>
      <trkpt lat="42.73033" lon="19.79317">
        <ele>761.4</ele>
      </trkpt>
      <trkpt lat="42.73021" lon="19.79315">
        <ele>760.5</ele>
      </trkpt>
      <trkpt lat="42.73015" lon="19.79317">
        <ele>759.5</ele>
      </trkpt>
      <trkpt lat="42.72997" lon="19.79327">
        <ele>756.1</ele>
      </trkpt>
      <trkpt lat="42.72966" lon="19.79348">
        <ele>753.3</ele>
      </trkpt>
      <trkpt lat="42.72947" lon="19.79362">
        <ele>752.4</ele>
      </trkpt>
      <trkpt lat="42.72943" lon="19.79367">
        <ele>752.2</ele>
      </trkpt>
      <trkpt lat="42.72919" lon="19.79412">
        <ele>751.0</ele>
      </trkpt>
      <trkpt lat="42.72907" lon="19.79414">
        <ele>751.0</ele>
      </trkpt>
      <trkpt lat="42.72903" lon="19.79417">
        <ele>750.8</ele>
      </trkpt>
      <trkpt lat="42.72901" lon="19.79422">
        <ele>750.8</ele>
      </trkpt>
      <trkpt lat="42.729" lon="19.79428">
        <ele>750.8</ele>
      </trkpt>
      <trkpt lat="42.72903" lon="19.79456">
        <ele>750.7</ele>
      </trkpt>
      <trkpt lat="42.72903" lon="19.79461">
        <ele>750.7</ele>
      </trkpt>
      <trkpt lat="42.72896" lon="19.79461">
        <ele>751.1</ele>
      </trkpt>
      <trkpt lat="42.72903" lon="19.79474">
        <ele>751.7</ele>
      </trkpt>
      <trkpt lat="42.72937" lon="19.79529">
        <ele>754.8</ele>
      </trkpt>
      <trkpt lat="42.72993" lon="19.79618">
        <ele>759.9</ele>
      </trkpt>
      <trkpt lat="42.73049" lon="19.79707">
        <ele>760.0</ele>
      </trkpt>
      <trkpt lat="42.73065" lon="19.79737">
        <ele>759.3</ele>
      </trkpt>
      <trkpt lat="42.73075" lon="19.79759">
        <ele>759.0</ele>
      </trkpt>
      <trkpt lat="42.73084" lon="19.79784">
        <ele>759.6</ele>
      </trkpt>
      <trkpt lat="42.73091" lon="19.79813">
        <ele>761.2</ele>
      </trkpt>
      <trkpt lat="42.73095" lon="19.79841">
        <ele>762.4</ele>
      </trkpt>
      <trkpt lat="42.73097" lon="19.79868">
        <ele>762.8</ele>
      </trkpt>
      <trkpt lat="42.73096" lon="19.79895">
        <ele>763.8</ele>
      </trkpt>
      <trkpt lat="42.73094" lon="19.79914">
        <ele>765.0</ele>
      </trkpt>
      <trkpt lat="42.73091" lon="19.79934">
        <ele>764.4</ele>
      </trkpt>
      <trkpt lat="42.73087" lon="19.79953">
        <ele>763.6</ele>
      </trkpt>
      <trkpt lat="42.73082" lon="19.79971">
        <ele>763.3</ele>
      </trkpt>
      <trkpt lat="42.73077" lon="19.79987">
        <ele>763.6</ele>
      </trkpt>
      <trkpt lat="42.73068" lon="19.80007">
        <ele>765.1</ele>
      </trkpt>
      <trkpt lat="42.7306" lon="19.80024">
        <ele>766.5</ele>
      </trkpt>
      <trkpt lat="42.73029" lon="19.80081">
        <ele>772.1</ele>
      </trkpt>
      <trkpt lat="42.73013" lon="19.80114">
        <ele>772.1</ele>
      </trkpt>
      <trkpt lat="42.73013" lon="19.80114">
        <ele>772.1</ele>
      </trkpt>
      <trkpt lat="42.72999" lon="19.80148">
        <ele>769.4</ele>
      </trkpt>
      <trkpt lat="42.72989" lon="19.80175">
        <ele>770.9</ele>
      </trkpt>
      <trkpt lat="42.72982" lon="19.80201">
        <ele>773.1</ele>
      </trkpt>
      <trkpt lat="42.72975" lon="19.80226">
        <ele>774.9</ele>
      </trkpt>
      <trkpt lat="42.72969" lon="19.80256">
        <ele>775.6</ele>
      </trkpt>
      <trkpt lat="42.72964" lon="19.80288">
        <ele>776.6</ele>
      </trkpt>
      <trkpt lat="42.72961" lon="19.80323">
        <ele>776.3</ele>
      </trkpt>
      <trkpt lat="42.72959" lon="19.80349">
        <ele>776.4</ele>
      </trkpt>
      <trkpt lat="42.72959" lon="19.80435">
        <ele>775.1</ele>
      </trkpt>
      <trkpt lat="42.72957" lon="19.80462">
        <ele>775.8</ele>
      </trkpt>
      <trkpt lat="42.72953" lon="19.80492">
        <ele>777.4</ele>
      </trkpt>
      <trkpt lat="42.72948" lon="19.80519">
        <ele>778.5</ele>
      </trkpt>
      <trkpt lat="42.72933" lon="19.80577">
        <ele>781.3</ele>
      </trkpt>
      <trkpt lat="42.72919" lon="19.80635">
        <ele>780.6</ele>
      </trkpt>
      <trkpt lat="42.72914" lon="19.80658">
        <ele>780.3</ele>
      </trkpt>
      <trkpt lat="42.72911" lon="19.80685">
        <ele>781.0</ele>
      </trkpt>
      <trkpt lat="42.72909" lon="19.80707">
        <ele>782.0</ele>
      </trkpt>
      <trkpt lat="42.72909" lon="19.80726">
        <ele>781.9</ele>
      </trkpt>
      <trkpt lat="42.7291" lon="19.8083">
        <ele>775.7</ele>
      </trkpt>
      <trkpt lat="42.72908" lon="19.80857">
        <ele>776.1</ele>
      </trkpt>
      <trkpt lat="42.72903" lon="19.80902">
        <ele>778.0</ele>
      </trkpt>
      <trkpt lat="42.72902" lon="19.80923">
        <ele>778.6</ele>
      </trkpt>
      <trkpt lat="42.72901" lon="19.80948">
        <ele>780.7</ele>
      </trkpt>
      <trkpt lat="42.72903" lon="19.80977">
        <ele>781.5</ele>
      </trkpt>
      <trkpt lat="42.72906" lon="19.81003">
        <ele>781.8</ele>
      </trkpt>
      <trkpt lat="42.72913" lon="19.81034">
        <ele>782.6</ele>
      </trkpt>
      <trkpt lat="42.72935" lon="19.81108">
        <ele>784.6</ele>
      </trkpt>
      <trkpt lat="42.72957" lon="19.81182">
        <ele>785.7</ele>
      </trkpt>
      <trkpt lat="42.72976" lon="19.81241">
        <ele>785.6</ele>
      </trkpt>
      <trkpt lat="42.72985" lon="19.81265">
        <ele>785.8</ele>
      </trkpt>
      <trkpt lat="42.73023" lon="19.81361">
        <ele>792.7</ele>
      </trkpt>
      <trkpt lat="42.73061" lon="19.81456">
        <ele>789.9</ele>
      </trkpt>
      <trkpt lat="42.73075" lon="19.81492">
        <ele>787.8</ele>
      </trkpt>
      <trkpt lat="42.73082" lon="19.81516">
        <ele>786.7</ele>
      </trkpt>
      <trkpt lat="42.73099" lon="19.81596">
        <ele>790.0</ele>
      </trkpt>
      <trkpt lat="42.73115" lon="19.81675">
        <ele>787.1</ele>
      </trkpt>
      <trkpt lat="42.7312" lon="19.81695">
        <ele>786.5</ele>
      </trkpt>
      <trkpt lat="42.73147" lon="19.81778">
        <ele>783.7</ele>
      </trkpt>
      <trkpt lat="42.73149" lon="19.81789">
        <ele>783.8</ele>
      </trkpt>
      <trkpt lat="42.73156" lon="19.81819">
        <ele>783.7</ele>
      </trkpt>
      <trkpt lat="42.73159" lon="19.81846">
        <ele>783.5</ele>
      </trkpt>
      <trkpt lat="42.73159" lon="19.81881">
        <ele>782.9</ele>
      </trkpt>
      <trkpt lat="42.73156" lon="19.81914">
        <ele>783.8</ele>
      </trkpt>
      <trkpt lat="42.73151" lon="19.81938">
        <ele>783.5</ele>
      </trkpt>
      <trkpt lat="42.73144" lon="19.81964">
        <ele>783.9</ele>
      </trkpt>
      <trkpt lat="42.73135" lon="19.81991">
        <ele>785.6</ele>
      </trkpt>
      <trkpt lat="42.73124" lon="19.82015">
        <ele>787.2</ele>
      </trkpt>
      <trkpt lat="42.73078" lon="19.82095">
        <ele>786.0</ele>
      </trkpt>
      <trkpt lat="42.73069" lon="19.82115">
        <ele>787.7</ele>
      </trkpt>
      <trkpt lat="42.73062" lon="19.82134">
        <ele>788.2</ele>
      </trkpt>
      <trkpt lat="42.73054" lon="19.82159">
        <ele>788.1</ele>
      </trkpt>
      <trkpt lat="42.73049" lon="19.82182">
        <ele>788.1</ele>
      </trkpt>
      <trkpt lat="42.73035" lon="19.82258">
        <ele>786.2</ele>
      </trkpt>
      <trkpt lat="42.73031" lon="19.82274">
        <ele>785.3</ele>
      </trkpt>
      <trkpt lat="42.73023" lon="19.82299">
        <ele>783.6</ele>
      </trkpt>
      <trkpt lat="42.73013" lon="19.82322">
        <ele>781.6</ele>
      </trkpt>
      <trkpt lat="42.73" lon="19.82345">
        <ele>779.9</ele>
      </trkpt>
      <trkpt lat="42.72984" lon="19.82366">
        <ele>787.5</ele>
      </trkpt>
      <trkpt lat="42.72945" lon="19.82404">
        <ele>800.8</ele>
      </trkpt>
      <trkpt lat="42.72907" lon="19.82442">
        <ele>806.0</ele>
      </trkpt>
      <trkpt lat="42.7289" lon="19.8246">
        <ele>807.0</ele>
      </trkpt>
      <trkpt lat="42.72875" lon="19.82479">
        <ele>806.6</ele>
      </trkpt>
      <trkpt lat="42.72852" lon="19.82512">
        <ele>804.7</ele>
      </trkpt>
      <trkpt lat="42.72795" lon="19.82605">
        <ele>798.6</ele>
      </trkpt>
      <trkpt lat="42.72781" lon="19.82627">
        <ele>798.9</ele>
      </trkpt>
      <trkpt lat="42.72767" lon="19.82645">
        <ele>799.6</ele>
      </trkpt>
      <trkpt lat="42.72754" lon="19.8266">
        <ele>800.5</ele>
      </trkpt>
      <trkpt lat="42.72739" lon="19.82675">
        <ele>799.6</ele>
      </trkpt>
      <trkpt lat="42.72725" lon="19.82688">
        <ele>797.9</ele>
      </trkpt>
      <trkpt lat="42.72711" lon="19.82698">
        <ele>797.2</ele>
      </trkpt>
      <trkpt lat="42.72693" lon="19.82709">
        <ele>796.7</ele>
      </trkpt>
      <trkpt lat="42.72675" lon="19.82718">
        <ele>796.7</ele>
      </trkpt>
      <trkpt lat="42.72659" lon="19.82724">
        <ele>796.9</ele>
      </trkpt>
      <trkpt lat="42.72603" lon="19.82741">
        <ele>797.7</ele>
      </trkpt>
      <trkpt lat="42.72547" lon="19.82758">
        <ele>802.9</ele>
      </trkpt>
      <trkpt lat="42.72522" lon="19.82767">
        <ele>805.4</ele>
      </trkpt>
      <trkpt lat="42.72507" lon="19.82775">
        <ele>805.6</ele>
      </trkpt>
      <trkpt lat="42.72489" lon="19.82785">
        <ele>806.9</ele>
      </trkpt>
      <trkpt lat="42.72474" lon="19.82795">
        <ele>807.9</ele>
      </trkpt>
      <trkpt lat="42.72448" lon="19.82816">
        <ele>807.6</ele>
      </trkpt>
      <trkpt lat="42.72413" lon="19.82853">
        <ele>804.9</ele>
      </trkpt>
      <trkpt lat="42.72371" lon="19.82905">
        <ele>800.0</ele>
      </trkpt>
      <trkpt lat="42.7235" lon="19.82926">
        <ele>798.7</ele>
      </trkpt>
      <trkpt lat="42.72328" lon="19.82944">
        <ele>799.4</ele>
      </trkpt>
      <trkpt lat="42.72273" lon="19.82982">
        <ele>807.7</ele>
      </trkpt>
      <trkpt lat="42.7225" lon="19.83001">
        <ele>806.6</ele>
      </trkpt>
      <trkpt lat="42.72234" lon="19.83017">
        <ele>812.8</ele>
      </trkpt>
      <trkpt lat="42.7222" lon="19.83035">
        <ele>814.8</ele>
      </trkpt>
      <trkpt lat="42.7217" lon="19.83104">
        <ele>810.8</ele>
      </trkpt>
      <trkpt lat="42.72121" lon="19.83173">
        <ele>803.9</ele>
      </trkpt>
      <trkpt lat="42.7208" lon="19.83227">
        <ele>799.5</ele>
      </trkpt>
      <trkpt lat="42.72064" lon="19.83246">
        <ele>796.7</ele>
      </trkpt>
      <trkpt lat="42.72052" lon="19.8326">
        <ele>796.0</ele>
      </trkpt>
      <trkpt lat="42.72035" lon="19.83274">
        <ele>795.8</ele>
      </trkpt>
      <trkpt lat="42.72019" lon="19.83284">
        <ele>795.5</ele>
      </trkpt>
      <trkpt lat="42.72001" lon="19.83292">
        <ele>795.3</ele>
      </trkpt>
      <trkpt lat="42.71984" lon="19.83295">
        <ele>795.9</ele>
      </trkpt>
      <trkpt lat="42.71967" lon="19.83296">
        <ele>797.1</ele>
      </trkpt>
      <trkpt lat="42.71895" lon="19.83296">
        <ele>804.9</ele>
      </trkpt>
      <trkpt lat="42.71877" lon="19.83298">
        <ele>806.6</ele>
      </trkpt>
      <trkpt lat="42.71877" lon="19.83304">
        <ele>804.4</ele>
      </trkpt>
      <trkpt lat="42.71876" lon="19.83308">
        <ele>803.1</ele>
      </trkpt>
      <trkpt lat="42.71842" lon="19.83331">
        <ele>799.6</ele>
      </trkpt>
      <trkpt lat="42.71831" lon="19.83341">
        <ele>799.0</ele>
      </trkpt>
      <trkpt lat="42.71824" lon="19.83349">
        <ele>800.1</ele>
      </trkpt>
      <trkpt lat="42.71801" lon="19.83384">
        <ele>800.3</ele>
      </trkpt>
      <trkpt lat="42.71772" lon="19.83447">
        <ele>796.0</ele>
      </trkpt>
      <trkpt lat="42.71743" lon="19.8351">
        <ele>791.1</ele>
      </trkpt>
      <trkpt lat="42.71739" lon="19.83528">
        <ele>791.3</ele>
      </trkpt>
      <trkpt lat="42.71735" lon="19.83551">
        <ele>790.4</ele>
      </trkpt>
      <trkpt lat="42.71733" lon="19.83577">
        <ele>787.8</ele>
      </trkpt>
      <trkpt lat="42.71733" lon="19.83589">
        <ele>786.5</ele>
      </trkpt>
      <trkpt lat="42.71736" lon="19.83601">
        <ele>784.1</ele>
      </trkpt>
      <trkpt lat="42.71746" lon="19.83627">
        <ele>777.6</ele>
      </trkpt>
      <trkpt lat="42.71753" lon="19.83647">
        <ele>774.7</ele>
      </trkpt>
      <trkpt lat="42.7177" lon="19.83721">
        <ele>775.8</ele>
      </trkpt>
      <trkpt lat="42.71771" lon="19.83737">
        <ele>776.1</ele>
      </trkpt>
      <trkpt lat="42.71772" lon="19.83748">
        <ele>776.4</ele>
      </trkpt>
      <trkpt lat="42.7177" lon="19.83759">
        <ele>775.7</ele>
      </trkpt>
      <trkpt lat="42.71767" lon="19.83768">
        <ele>774.8</ele>
      </trkpt>
      <trkpt lat="42.71748" lon="19.83808">
        <ele>770.6</ele>
      </trkpt>
      <trkpt lat="42.71747" lon="19.83815">
        <ele>770.5</ele>
      </trkpt>
      <trkpt lat="42.71748" lon="19.83821">
        <ele>770.0</ele>
      </trkpt>
      <trkpt lat="42.7175" lon="19.83827">
        <ele>769.3</ele>
      </trkpt>
      <trkpt lat="42.71754" lon="19.8383">
        <ele>769.8</ele>
      </trkpt>
      <trkpt lat="42.71764" lon="19.83835">
        <ele>772.1</ele>
      </trkpt>
      <trkpt lat="42.71781" lon="19.83837">
        <ele>775.9</ele>
      </trkpt>
      <trkpt lat="42.71832" lon="19.83839">
        <ele>787.3</ele>
      </trkpt>
      <trkpt lat="42.71836" lon="19.83841">
        <ele>788.2</ele>
      </trkpt>
      <trkpt lat="42.71839" lon="19.83843">
        <ele>789.0</ele>
      </trkpt>
      <trkpt lat="42.7184" lon="19.83848">
        <ele>789.8</ele>
      </trkpt>
      <trkpt lat="42.7184" lon="19.83852">
        <ele>790.5</ele>
      </trkpt>
      <trkpt lat="42.71839" lon="19.83859">
        <ele>791.7</ele>
      </trkpt>
      <trkpt lat="42.71829" lon="19.83888">
        <ele>792.6</ele>
      </trkpt>
      <trkpt lat="42.71818" lon="19.83917">
        <ele>794.6</ele>
      </trkpt>
      <trkpt lat="42.71808" lon="19.83931">
        <ele>795.3</ele>
      </trkpt>
      <trkpt lat="42.71753" lon="19.83995">
        <ele>788.4</ele>
      </trkpt>
      <trkpt lat="42.71738" lon="19.84019">
        <ele>792.4</ele>
      </trkpt>
      <trkpt lat="42.71726" lon="19.84041">
        <ele>796.7</ele>
      </trkpt>
      <trkpt lat="42.71717" lon="19.84053">
        <ele>797.9</ele>
      </trkpt>
      <trkpt lat="42.71672" lon="19.84094">
        <ele>795.0</ele>
      </trkpt>
      <trkpt lat="42.71661" lon="19.84101">
        <ele>794.7</ele>
      </trkpt>
      <trkpt lat="42.71643" lon="19.8411">
        <ele>795.5</ele>
      </trkpt>
      <trkpt lat="42.71626" lon="19.8412">
        <ele>796.3</ele>
      </trkpt>
      <trkpt lat="42.71596" lon="19.84146">
        <ele>799.0</ele>
      </trkpt>
      <trkpt lat="42.7158" lon="19.84156">
        <ele>799.3</ele>
      </trkpt>
      <trkpt lat="42.71558" lon="19.84168">
        <ele>800.4</ele>
      </trkpt>
      <trkpt lat="42.71544" lon="19.84173">
        <ele>800.3</ele>
      </trkpt>
      <trkpt lat="42.71533" lon="19.84175">
        <ele>799.8</ele>
      </trkpt>
      <trkpt lat="42.71503" lon="19.84171">
        <ele>796.8</ele>
      </trkpt>
      <trkpt lat="42.71494" lon="19.84171">
        <ele>796.3</ele>
      </trkpt>
      <trkpt lat="42.71487" lon="19.84173">
        <ele>796.3</ele>
      </trkpt>
      <trkpt lat="42.71481" lon="19.84179">
        <ele>796.8</ele>
      </trkpt>
      <trkpt lat="42.71475" lon="19.84188">
        <ele>797.5</ele>
      </trkpt>
      <trkpt lat="42.71454" lon="19.84235">
        <ele>801.1</ele>
      </trkpt>
      <trkpt lat="42.71452" lon="19.84247">
        <ele>802.1</ele>
      </trkpt>
      <trkpt lat="42.7145" lon="19.84262">
        <ele>803.2</ele>
      </trkpt>
      <trkpt lat="42.7145" lon="19.84282">
        <ele>804.7</ele>
      </trkpt>
      <trkpt lat="42.71453" lon="19.84303">
        <ele>806.6</ele>
      </trkpt>
      <trkpt lat="42.7146" lon="19.84345">
        <ele>810.5</ele>
      </trkpt>
      <trkpt lat="42.71467" lon="19.84373">
        <ele>813.4</ele>
      </trkpt>
      <trkpt lat="42.71467" lon="19.84383">
        <ele>814.4</ele>
      </trkpt>
      <trkpt lat="42.71465" lon="19.84393">
        <ele>815.7</ele>
      </trkpt>
      <trkpt lat="42.7146" lon="19.844">
        <ele>817.2</ele>
      </trkpt>
      <trkpt lat="42.71452" lon="19.84405">
        <ele>819.0</ele>
      </trkpt>
      <trkpt lat="42.71444" lon="19.84407">
        <ele>820.5</ele>
      </trkpt>
      <trkpt lat="42.71439" lon="19.84405">
        <ele>821.0</ele>
      </trkpt>
      <trkpt lat="42.71432" lon="19.84397">
        <ele>820.5</ele>
      </trkpt>
      <trkpt lat="42.7139" lon="19.84316">
        <ele>811.2</ele>
      </trkpt>
      <trkpt lat="42.71387" lon="19.84311">
        <ele>811.1</ele>
      </trkpt>
      <trkpt lat="42.71383" lon="19.84309">
        <ele>811.5</ele>
      </trkpt>
      <trkpt lat="42.71378" lon="19.84308">
        <ele>812.3</ele>
      </trkpt>
      <trkpt lat="42.71361" lon="19.84308">
        <ele>815.4</ele>
      </trkpt>
      <trkpt lat="42.71353" lon="19.84306">
        <ele>816.5</ele>
      </trkpt>
      <trkpt lat="42.71328" lon="19.84294">
        <ele>818.5</ele>
      </trkpt>
      <trkpt lat="42.7132" lon="19.8429">
        <ele>818.6</ele>
      </trkpt>
      <trkpt lat="42.71313" lon="19.84289">
        <ele>819.1</ele>
      </trkpt>
      <trkpt lat="42.71305" lon="19.84288">
        <ele>819.7</ele>
      </trkpt>
      <trkpt lat="42.71232" lon="19.84292">
        <ele>828.9</ele>
      </trkpt>
      <trkpt lat="42.71227" lon="19.84292">
        <ele>829.5</ele>
      </trkpt>
      <trkpt lat="42.7122" lon="19.84289">
        <ele>829.4</ele>
      </trkpt>
      <trkpt lat="42.71192" lon="19.84271">
        <ele>827.0</ele>
      </trkpt>
      <trkpt lat="42.71181" lon="19.84266">
        <ele>826.9</ele>
      </trkpt>
      <trkpt lat="42.71141" lon="19.84256">
        <ele>828.6</ele>
      </trkpt>
      <trkpt lat="42.7113" lon="19.84251">
        <ele>828.3</ele>
      </trkpt>
      <trkpt lat="42.71122" lon="19.84246">
        <ele>827.4</ele>
      </trkpt>
      <trkpt lat="42.71122" lon="19.84246">
        <ele>827.4</ele>
      </trkpt>
      <trkpt lat="42.71122" lon="19.84246">
        <ele>827.4</ele>
      </trkpt>
      <trkpt lat="42.71111" lon="19.84239">
        <ele>826.2</ele>
      </trkpt>
      <trkpt lat="42.71098" lon="19.84234">
        <ele>825.9</ele>
      </trkpt>
      <trkpt lat="42.71054" lon="19.84228">
        <ele>831.1</ele>
      </trkpt>
      <trkpt lat="42.71032" lon="19.84231">
        <ele>836.2</ele>
      </trkpt>
      <trkpt lat="42.71025" lon="19.84229">
        <ele>836.8</ele>
      </trkpt>
      <trkpt lat="42.70983" lon="19.84201">
        <ele>833.7</ele>
      </trkpt>
      <trkpt lat="42.70967" lon="19.84193">
        <ele>833.0</ele>
      </trkpt>
      <trkpt lat="42.70956" lon="19.8419">
        <ele>833.4</ele>
      </trkpt>
      <trkpt lat="42.70915" lon="19.84182">
        <ele>835.8</ele>
      </trkpt>
      <trkpt lat="42.70909" lon="19.84182">
        <ele>836.1</ele>
      </trkpt>
      <trkpt lat="42.70903" lon="19.84183">
        <ele>836.8</ele>
      </trkpt>
      <trkpt lat="42.70878" lon="19.84194">
        <ele>842.3</ele>
      </trkpt>
      <trkpt lat="42.70869" lon="19.84195">
        <ele>843.2</ele>
      </trkpt>
      <trkpt lat="42.70844" lon="19.84193">
        <ele>843.8</ele>
      </trkpt>
      <trkpt lat="42.70828" lon="19.8419">
        <ele>843.6</ele>
      </trkpt>
      <trkpt lat="42.70775" lon="19.8417">
        <ele>840.0</ele>
      </trkpt>
      <trkpt lat="42.70768" lon="19.84171">
        <ele>840.9</ele>
      </trkpt>
      <trkpt lat="42.70755" lon="19.84174">
        <ele>842.9</ele>
      </trkpt>
      <trkpt lat="42.70746" lon="19.84178">
        <ele>844.6</ele>
      </trkpt>
      <trkpt lat="42.7074" lon="19.84182">
        <ele>845.8</ele>
      </trkpt>
      <trkpt lat="42.70731" lon="19.84192">
        <ele>848.7</ele>
      </trkpt>
      <trkpt lat="42.70716" lon="19.84213">
        <ele>854.0</ele>
      </trkpt>
      <trkpt lat="42.7071" lon="19.84219">
        <ele>855.3</ele>
      </trkpt>
      <trkpt lat="42.70675" lon="19.84232">
        <ele>856.1</ele>
      </trkpt>
      <trkpt lat="42.70668" lon="19.84233">
        <ele>855.8</ele>
      </trkpt>
      <trkpt lat="42.70662" lon="19.84231">
        <ele>856.6</ele>
      </trkpt>
      <trkpt lat="42.70649" lon="19.84226">
        <ele>859.2</ele>
      </trkpt>
      <trkpt lat="42.70642" lon="19.8422">
        <ele>860.1</ele>
      </trkpt>
      <trkpt lat="42.70636" lon="19.84213">
        <ele>860.5</ele>
      </trkpt>
      <trkpt lat="42.7063" lon="19.84203">
        <ele>860.4</ele>
      </trkpt>
      <trkpt lat="42.70626" lon="19.8419">
        <ele>859.3</ele>
      </trkpt>
      <trkpt lat="42.70624" lon="19.84178">
        <ele>857.8</ele>
      </trkpt>
      <trkpt lat="42.70622" lon="19.84154">
        <ele>854.0</ele>
      </trkpt>
      <trkpt lat="42.7062" lon="19.84142">
        <ele>852.4</ele>
      </trkpt>
      <trkpt lat="42.70618" lon="19.84133">
        <ele>851.2</ele>
      </trkpt>
      <trkpt lat="42.70613" lon="19.84125">
        <ele>851.1</ele>
      </trkpt>
      <trkpt lat="42.7058" lon="19.84083">
        <ele>851.6</ele>
      </trkpt>
      <trkpt lat="42.70566" lon="19.84074">
        <ele>852.0</ele>
      </trkpt>
      <trkpt lat="42.70558" lon="19.84072">
        <ele>853.1</ele>
      </trkpt>
      <trkpt lat="42.70553" lon="19.84068">
        <ele>853.0</ele>
      </trkpt>
      <trkpt lat="42.70548" lon="19.84062">
        <ele>852.3</ele>
      </trkpt>
      <trkpt lat="42.70539" lon="19.84043">
        <ele>848.7</ele>
      </trkpt>
      <trkpt lat="42.70533" lon="19.84035">
        <ele>847.7</ele>
      </trkpt>
      <trkpt lat="42.70527" lon="19.84031">
        <ele>847.9</ele>
      </trkpt>
      <trkpt lat="42.70516" lon="19.84027">
        <ele>849.2</ele>
      </trkpt>
      <trkpt lat="42.70509" lon="19.84026">
        <ele>850.5</ele>
      </trkpt>
      <trkpt lat="42.70502" lon="19.84025">
        <ele>851.8</ele>
      </trkpt>
      <trkpt lat="42.70485" lon="19.84028">
        <ele>855.8</ele>
      </trkpt>
      <trkpt lat="42.70478" lon="19.84028">
        <ele>857.0</ele>
      </trkpt>
      <trkpt lat="42.70471" lon="19.84026">
        <ele>857.7</ele>
      </trkpt>
      <trkpt lat="42.70425" lon="19.84006">
        <ele>858.8</ele>
      </trkpt>
      <trkpt lat="42.70417" lon="19.84005">
        <ele>859.8</ele>
      </trkpt>
      <trkpt lat="42.7041" lon="19.84004">
        <ele>859.7</ele>
      </trkpt>
      <trkpt lat="42.70403" lon="19.84005">
        <ele>860.3</ele>
      </trkpt>
      <trkpt lat="42.70383" lon="19.84012">
        <ele>863.6</ele>
      </trkpt>
      <trkpt lat="42.70351" lon="19.84019">
        <ele>867.4</ele>
      </trkpt>
      <trkpt lat="42.7033" lon="19.84028">
        <ele>871.4</ele>
      </trkpt>
      <trkpt lat="42.70321" lon="19.8403">
        <ele>872.2</ele>
      </trkpt>
      <trkpt lat="42.7031" lon="19.8403">
        <ele>872.2</ele>
      </trkpt>
      <trkpt lat="42.70286" lon="19.84027">
        <ele>871.3</ele>
      </trkpt>
      <trkpt lat="42.70255" lon="19.84033">
        <ele>873.3</ele>
      </trkpt>
      <trkpt lat="42.70248" lon="19.84032">
        <ele>873.0</ele>
      </trkpt>
      <trkpt lat="42.70226" lon="19.84026">
        <ele>871.0</ele>
      </trkpt>
      <trkpt lat="42.7022" lon="19.84026">
        <ele>871.0</ele>
      </trkpt>
      <trkpt lat="42.70176" lon="19.84036">
        <ele>874.4</ele>
      </trkpt>
      <trkpt lat="42.70166" lon="19.84037">
        <ele>874.8</ele>
      </trkpt>
      <trkpt lat="42.70153" lon="19.84037">
        <ele>874.8</ele>
      </trkpt>
      <trkpt lat="42.70143" lon="19.84035">
        <ele>874.0</ele>
      </trkpt>
      <trkpt lat="42.70133" lon="19.84032">
        <ele>873.0</ele>
      </trkpt>
      <trkpt lat="42.70124" lon="19.84028">
        <ele>871.8</ele>
      </trkpt>
      <trkpt lat="42.70117" lon="19.84026">
        <ele>871.2</ele>
      </trkpt>
      <trkpt lat="42.7011" lon="19.84026">
        <ele>871.2</ele>
      </trkpt>
      <trkpt lat="42.701" lon="19.84027">
        <ele>871.6</ele>
      </trkpt>
      <trkpt lat="42.70087" lon="19.84033">
        <ele>873.5</ele>
      </trkpt>
      <trkpt lat="42.70081" lon="19.84039">
        <ele>875.2</ele>
      </trkpt>
      <trkpt lat="42.70059" lon="19.84072">
        <ele>883.9</ele>
      </trkpt>
      <trkpt lat="42.70052" lon="19.84076">
        <ele>884.8</ele>
      </trkpt>
      <trkpt lat="42.70049" lon="19.84077">
        <ele>884.9</ele>
      </trkpt>
      <trkpt lat="42.70045" lon="19.84076">
        <ele>884.5</ele>
      </trkpt>
      <trkpt lat="42.70031" lon="19.84067">
        <ele>881.4</ele>
      </trkpt>
      <trkpt lat="42.70013" lon="19.8406">
        <ele>878.8</ele>
      </trkpt>
      <trkpt lat="42.70003" lon="19.84059">
        <ele>878.1</ele>
      </trkpt>
      <trkpt lat="42.69992" lon="19.84059">
        <ele>877.6</ele>
      </trkpt>
      <trkpt lat="42.6996" lon="19.84064">
        <ele>877.3</ele>
      </trkpt>
      <trkpt lat="42.69928" lon="19.84071">
        <ele>877.7</ele>
      </trkpt>
      <trkpt lat="42.69912" lon="19.84068">
        <ele>876.1</ele>
      </trkpt>
      <trkpt lat="42.69898" lon="19.84068">
        <ele>875.6</ele>
      </trkpt>
      <trkpt lat="42.69873" lon="19.84074">
        <ele>876.3</ele>
      </trkpt>
      <trkpt lat="42.69861" lon="19.84078">
        <ele>876.9</ele>
      </trkpt>
      <trkpt lat="42.69841" lon="19.84088">
        <ele>878.8</ele>
      </trkpt>
      <trkpt lat="42.69835" lon="19.8409">
        <ele>879.1</ele>
      </trkpt>
      <trkpt lat="42.69828" lon="19.84091">
        <ele>879.3</ele>
      </trkpt>
      <trkpt lat="42.698" lon="19.84091">
        <ele>879.5</ele>
      </trkpt>
      <trkpt lat="42.69794" lon="19.84089">
        <ele>879.0</ele>
      </trkpt>
      <trkpt lat="42.69778" lon="19.84082">
        <ele>877.3</ele>
      </trkpt>
      <trkpt lat="42.69773" lon="19.84082">
        <ele>877.3</ele>
      </trkpt>
      <trkpt lat="42.69766" lon="19.84086">
        <ele>878.5</ele>
      </trkpt>
      <trkpt lat="42.6976" lon="19.8409">
        <ele>879.5</ele>
      </trkpt>
      <trkpt lat="42.69746" lon="19.8411">
        <ele>883.6</ele>
      </trkpt>
      <trkpt lat="42.69731" lon="19.84127">
        <ele>884.8</ele>
      </trkpt>
      <trkpt lat="42.69723" lon="19.84138">
        <ele>886.0</ele>
      </trkpt>
      <trkpt lat="42.69705" lon="19.84175">
        <ele>892.2</ele>
      </trkpt>
      <trkpt lat="42.69701" lon="19.84185">
        <ele>893.6</ele>
      </trkpt>
      <trkpt lat="42.69694" lon="19.84211">
        <ele>897.8</ele>
      </trkpt>
      <trkpt lat="42.69691" lon="19.84219">
        <ele>899.0</ele>
      </trkpt>
      <trkpt lat="42.69687" lon="19.84221">
        <ele>898.7</ele>
      </trkpt>
      <trkpt lat="42.69663" lon="19.84223">
        <ele>895.0</ele>
      </trkpt>
      <trkpt lat="42.69656" lon="19.84226">
        <ele>894.7</ele>
      </trkpt>
      <trkpt lat="42.69635" lon="19.8424">
        <ele>895.0</ele>
      </trkpt>
      <trkpt lat="42.6962" lon="19.84254">
        <ele>896.2</ele>
      </trkpt>
      <trkpt lat="42.69614" lon="19.84262">
        <ele>897.1</ele>
      </trkpt>
      <trkpt lat="42.6961" lon="19.8427">
        <ele>898.3</ele>
      </trkpt>
      <trkpt lat="42.69608" lon="19.84281">
        <ele>900.2</ele>
      </trkpt>
      <trkpt lat="42.69602" lon="19.8431">
        <ele>905.2</ele>
      </trkpt>
      <trkpt lat="42.69599" lon="19.84318">
        <ele>906.4</ele>
      </trkpt>
      <trkpt lat="42.69595" lon="19.84326">
        <ele>907.4</ele>
      </trkpt>
      <trkpt lat="42.69589" lon="19.84332">
        <ele>907.6</ele>
      </trkpt>
      <trkpt lat="42.69578" lon="19.8434">
        <ele>907.6</ele>
      </trkpt>
      <trkpt lat="42.69567" lon="19.84352">
        <ele>908.3</ele>
      </trkpt>
      <trkpt lat="42.69561" lon="19.84361">
        <ele>909.2</ele>
      </trkpt>
      <trkpt lat="42.69517" lon="19.84445">
        <ele>918.5</ele>
      </trkpt>
      <trkpt lat="42.69489" lon="19.84483">
        <ele>920.1</ele>
      </trkpt>
      <trkpt lat="42.69478" lon="19.84506">
        <ele>924.4</ele>
      </trkpt>
      <trkpt lat="42.69468" lon="19.84516">
        <ele>926.4</ele>
      </trkpt>
      <trkpt lat="42.6945" lon="19.84523">
        <ele>926.2</ele>
      </trkpt>
      <trkpt lat="42.69443" lon="19.84528">
        <ele>926.8</ele>
      </trkpt>
      <trkpt lat="42.69433" lon="19.84537">
        <ele>928.1</ele>
      </trkpt>
      <trkpt lat="42.69407" lon="19.84571">
        <ele>933.7</ele>
      </trkpt>
      <trkpt lat="42.69389" lon="19.84588">
        <ele>935.3</ele>
      </trkpt>
      <trkpt lat="42.69364" lon="19.84621">
        <ele>941.1</ele>
      </trkpt>
      <trkpt lat="42.69359" lon="19.84626">
        <ele>941.5</ele>
      </trkpt>
      <trkpt lat="42.69353" lon="19.84629">
        <ele>941.0</ele>
      </trkpt>
      <trkpt lat="42.69331" lon="19.84633">
        <ele>936.9</ele>
      </trkpt>
      <trkpt lat="42.69323" lon="19.84636">
        <ele>936.2</ele>
      </trkpt>
      <trkpt lat="42.69313" lon="19.84641">
        <ele>935.6</ele>
      </trkpt>
      <trkpt lat="42.69302" lon="19.84648">
        <ele>935.1</ele>
      </trkpt>
      <trkpt lat="42.69283" lon="19.84664">
        <ele>934.4</ele>
      </trkpt>
      <trkpt lat="42.69275" lon="19.84672">
        <ele>934.4</ele>
      </trkpt>
      <trkpt lat="42.69266" lon="19.84684">
        <ele>935.0</ele>
      </trkpt>
      <trkpt lat="42.6925" lon="19.84711">
        <ele>936.6</ele>
      </trkpt>
      <trkpt lat="42.69241" lon="19.8473">
        <ele>937.8</ele>
      </trkpt>
      <trkpt lat="42.69218" lon="19.84786">
        <ele>941.7</ele>
      </trkpt>
      <trkpt lat="42.69212" lon="19.84799">
        <ele>942.4</ele>
      </trkpt>
      <trkpt lat="42.69204" lon="19.8481">
        <ele>941.9</ele>
      </trkpt>
      <trkpt lat="42.69176" lon="19.84839">
        <ele>937.7</ele>
      </trkpt>
      <trkpt lat="42.6915" lon="19.84861">
        <ele>932.8</ele>
      </trkpt>
      <trkpt lat="42.69105" lon="19.84925">
        <ele>927.7</ele>
      </trkpt>
      <trkpt lat="42.6909" lon="19.84951">
        <ele>926.3</ele>
      </trkpt>
      <trkpt lat="42.6908" lon="19.84975">
        <ele>926.7</ele>
      </trkpt>
      <trkpt lat="42.69074" lon="19.84986">
        <ele>926.4</ele>
      </trkpt>
      <trkpt lat="42.69068" lon="19.84994">
        <ele>925.7</ele>
      </trkpt>
      <trkpt lat="42.69051" lon="19.85014">
        <ele>923.2</ele>
      </trkpt>
      <trkpt lat="42.69046" lon="19.85022">
        <ele>922.9</ele>
      </trkpt>
      <trkpt lat="42.69043" lon="19.85031">
        <ele>923.5</ele>
      </trkpt>
      <trkpt lat="42.6904" lon="19.85054">
        <ele>926.7</ele>
      </trkpt>
      <trkpt lat="42.69037" lon="19.85065">
        <ele>927.8</ele>
      </trkpt>
      <trkpt lat="42.69028" lon="19.85082">
        <ele>928.5</ele>
      </trkpt>
      <trkpt lat="42.69024" lon="19.85092">
        <ele>929.3</ele>
      </trkpt>
      <trkpt lat="42.6902" lon="19.85104">
        <ele>930.4</ele>
      </trkpt>
      <trkpt lat="42.69018" lon="19.8511">
        <ele>931.0</ele>
      </trkpt>
      <trkpt lat="42.68996" lon="19.8513">
        <ele>928.8</ele>
      </trkpt>
      <trkpt lat="42.6898" lon="19.85155">
        <ele>928.8</ele>
      </trkpt>
      <trkpt lat="42.68965" lon="19.85193">
        <ele>934.6</ele>
      </trkpt>
      <trkpt lat="42.6895" lon="19.85224">
        <ele>939.5</ele>
      </trkpt>
      <trkpt lat="42.68943" lon="19.85236">
        <ele>941.0</ele>
      </trkpt>
      <trkpt lat="42.68938" lon="19.85243">
        <ele>941.5</ele>
      </trkpt>
      <trkpt lat="42.6893" lon="19.85248">
        <ele>940.6</ele>
      </trkpt>
      <trkpt lat="42.68915" lon="19.85252">
        <ele>936.8</ele>
      </trkpt>
      <trkpt lat="42.68907" lon="19.85256">
        <ele>934.6</ele>
      </trkpt>
      <trkpt lat="42.6889" lon="19.85268">
        <ele>930.7</ele>
      </trkpt>
      <trkpt lat="42.68881" lon="19.85278">
        <ele>929.5</ele>
      </trkpt>
      <trkpt lat="42.68862" lon="19.85308">
        <ele>928.8</ele>
      </trkpt>
      <trkpt lat="42.68845" lon="19.85344">
        <ele>929.4</ele>
      </trkpt>
      <trkpt lat="42.68831" lon="19.85389">
        <ele>930.7</ele>
      </trkpt>
      <trkpt lat="42.68828" lon="19.85401">
        <ele>931.4</ele>
      </trkpt>
      <trkpt lat="42.68824" lon="19.85413">
        <ele>931.6</ele>
      </trkpt>
      <trkpt lat="42.68812" lon="19.85434">
        <ele>928.0</ele>
      </trkpt>
      <trkpt lat="42.6881" lon="19.85442">
        <ele>927.5</ele>
      </trkpt>
      <trkpt lat="42.68809" lon="19.8545">
        <ele>927.5</ele>
      </trkpt>
      <trkpt lat="42.68809" lon="19.85459">
        <ele>927.8</ele>
      </trkpt>
      <trkpt lat="42.68812" lon="19.85466">
        <ele>929.2</ele>
      </trkpt>
      <trkpt lat="42.68815" lon="19.85471">
        <ele>930.5</ele>
      </trkpt>
      <trkpt lat="42.68822" lon="19.85477">
        <ele>933.3</ele>
      </trkpt>
      <trkpt lat="42.68836" lon="19.85485">
        <ele>938.7</ele>
      </trkpt>
      <trkpt lat="42.68841" lon="19.85488">
        <ele>940.8</ele>
      </trkpt>
      <trkpt lat="42.68844" lon="19.85492">
        <ele>942.1</ele>
      </trkpt>
      <trkpt lat="42.68846" lon="19.85499">
        <ele>943.1</ele>
      </trkpt>
      <trkpt lat="42.68846" lon="19.8551">
        <ele>944.5</ele>
      </trkpt>
      <trkpt lat="42.68847" lon="19.85526">
        <ele>947.1</ele>
      </trkpt>
      <trkpt lat="42.6885" lon="19.85538">
        <ele>949.9</ele>
      </trkpt>
      <trkpt lat="42.68851" lon="19.85546">
        <ele>951.4</ele>
      </trkpt>
      <trkpt lat="42.6885" lon="19.85552">
        <ele>951.8</ele>
      </trkpt>
      <trkpt lat="42.68849" lon="19.85558">
        <ele>952.2</ele>
      </trkpt>
      <trkpt lat="42.68844" lon="19.85564">
        <ele>950.9</ele>
      </trkpt>
      <trkpt lat="42.68836" lon="19.85572">
        <ele>948.6</ele>
      </trkpt>
      <trkpt lat="42.68823" lon="19.85588">
        <ele>946.4</ele>
      </trkpt>
      <trkpt lat="42.6881" lon="19.85605">
        <ele>946.1</ele>
      </trkpt>
      <trkpt lat="42.68803" lon="19.85618">
        <ele>947.0</ele>
      </trkpt>
      <trkpt lat="42.68797" lon="19.85632">
        <ele>948.6</ele>
      </trkpt>
      <trkpt lat="42.68792" lon="19.85651">
        <ele>951.8</ele>
      </trkpt>
      <trkpt lat="42.68787" lon="19.85674">
        <ele>955.9</ele>
      </trkpt>
      <trkpt lat="42.68782" lon="19.85704">
        <ele>961.5</ele>
      </trkpt>
      <trkpt lat="42.68777" lon="19.85714">
        <ele>962.2</ele>
      </trkpt>
      <trkpt lat="42.68772" lon="19.85721">
        <ele>962.1</ele>
      </trkpt>
      <trkpt lat="42.68765" lon="19.85725">
        <ele>960.6</ele>
      </trkpt>
      <trkpt lat="42.68744" lon="19.85731">
        <ele>955.8</ele>
      </trkpt>
      <trkpt lat="42.68737" lon="19.85734">
        <ele>955.5</ele>
      </trkpt>
      <trkpt lat="42.6873" lon="19.85739">
        <ele>955.8</ele>
      </trkpt>
      <trkpt lat="42.6872" lon="19.85748">
        <ele>956.8</ele>
      </trkpt>
      <trkpt lat="42.68705" lon="19.85758">
        <ele>956.8</ele>
      </trkpt>
      <trkpt lat="42.68696" lon="19.85763">
        <ele>956.5</ele>
      </trkpt>
      <trkpt lat="42.68662" lon="19.85778">
        <ele>953.4</ele>
      </trkpt>
      <trkpt lat="42.68651" lon="19.85784">
        <ele>952.2</ele>
      </trkpt>
      <trkpt lat="42.68637" lon="19.85797">
        <ele>951.6</ele>
      </trkpt>
      <trkpt lat="42.68609" lon="19.85816">
        <ele>948.8</ele>
      </trkpt>
      <trkpt lat="42.68603" lon="19.85826">
        <ele>949.2</ele>
      </trkpt>
      <trkpt lat="42.686" lon="19.85839">
        <ele>950.5</ele>
      </trkpt>
      <trkpt lat="42.68597" lon="19.85862">
        <ele>952.4</ele>
      </trkpt>
      <trkpt lat="42.68586" lon="19.85901">
        <ele>953.3</ele>
      </trkpt>
      <trkpt lat="42.68595" lon="19.85957">
        <ele>958.6</ele>
      </trkpt>
      <trkpt lat="42.6859" lon="19.85988">
        <ele>957.3</ele>
      </trkpt>
      <trkpt lat="42.68559" lon="19.86022">
        <ele>947.6</ele>
      </trkpt>
      <trkpt lat="42.68547" lon="19.86065">
        <ele>945.9</ele>
      </trkpt>
      <trkpt lat="42.68523" lon="19.861">
        <ele>940.3</ele>
      </trkpt>
      <trkpt lat="42.68505" lon="19.86131">
        <ele>939.0</ele>
      </trkpt>
      <trkpt lat="42.68487" lon="19.86147">
        <ele>935.9</ele>
      </trkpt>
      <trkpt lat="42.68464" lon="19.8616">
        <ele>930.6</ele>
      </trkpt>
      <trkpt lat="42.68449" lon="19.86176">
        <ele>928.2</ele>
      </trkpt>
      <trkpt lat="42.68437" lon="19.86194">
        <ele>926.7</ele>
      </trkpt>
      <trkpt lat="42.68423" lon="19.86231">
        <ele>926.8</ele>
      </trkpt>
      <trkpt lat="42.6842" lon="19.86235">
        <ele>926.2</ele>
      </trkpt>
      <trkpt lat="42.6842" lon="19.86235">
        <ele>926.2</ele>
      </trkpt>
      <trkpt lat="42.68399" lon="19.86263">
        <ele>923.0</ele>
      </trkpt>
      <trkpt lat="42.6839" lon="19.86285">
        <ele>921.8</ele>
      </trkpt>
      <trkpt lat="42.68388" lon="19.86287">
        <ele>921.4</ele>
      </trkpt>
      <trkpt lat="42.68386" lon="19.86288">
        <ele>920.9</ele>
      </trkpt>
      <trkpt lat="42.68383" lon="19.86286">
        <ele>920.0</ele>
      </trkpt>
      <trkpt lat="42.68381" lon="19.8628">
        <ele>919.2</ele>
      </trkpt>
      <trkpt lat="42.68376" lon="19.86262">
        <ele>916.9</ele>
      </trkpt>
      <trkpt lat="42.68372" lon="19.86258">
        <ele>915.6</ele>
      </trkpt>
      <trkpt lat="42.68365" lon="19.86254">
        <ele>913.6</ele>
      </trkpt>
      <trkpt lat="42.68341" lon="19.86251">
        <ele>907.1</ele>
      </trkpt>
      <trkpt lat="42.68337" lon="19.86249">
        <ele>905.8</ele>
      </trkpt>
      <trkpt lat="42.68328" lon="19.86242">
        <ele>902.4</ele>
      </trkpt>
      <trkpt lat="42.68323" lon="19.86242">
        <ele>901.2</ele>
      </trkpt>
      <trkpt lat="42.68319" lon="19.86244">
        <ele>900.5</ele>
      </trkpt>
      <trkpt lat="42.68318" lon="19.86247">
        <ele>900.7</ele>
      </trkpt>
      <trkpt lat="42.68319" lon="19.86253">
        <ele>901.6</ele>
      </trkpt>
      <trkpt lat="42.68329" lon="19.86272">
        <ele>905.3</ele>
      </trkpt>
      <trkpt lat="42.68344" lon="19.86291">
        <ele>910.2</ele>
      </trkpt>
      <trkpt lat="42.68348" lon="19.86298">
        <ele>911.7</ele>
      </trkpt>
      <trkpt lat="42.68349" lon="19.86302">
        <ele>912.1</ele>
      </trkpt>
      <trkpt lat="42.68349" lon="19.86306">
        <ele>912.4</ele>
      </trkpt>
      <trkpt lat="42.68346" lon="19.86309">
        <ele>911.8</ele>
      </trkpt>
      <trkpt lat="42.68326" lon="19.86318">
        <ele>907.7</ele>
      </trkpt>
      <trkpt lat="42.68316" lon="19.8632">
        <ele>906.1</ele>
      </trkpt>
      <trkpt lat="42.6827" lon="19.8632">
        <ele>897.7</ele>
      </trkpt>
      <trkpt lat="42.68225" lon="19.86319">
        <ele>885.0</ele>
      </trkpt>
      <trkpt lat="42.6822" lon="19.8632">
        <ele>883.4</ele>
      </trkpt>
      <trkpt lat="42.68213" lon="19.86326">
        <ele>881.9</ele>
      </trkpt>
      <trkpt lat="42.68197" lon="19.86356">
        <ele>880.5</ele>
      </trkpt>
      <trkpt lat="42.68191" lon="19.8637">
        <ele>880.1</ele>
      </trkpt>
      <trkpt lat="42.68189" lon="19.86381">
        <ele>880.8</ele>
      </trkpt>
      <trkpt lat="42.68189" lon="19.86392">
        <ele>882.2</ele>
      </trkpt>
      <trkpt lat="42.6819" lon="19.86404">
        <ele>884.1</ele>
      </trkpt>
      <trkpt lat="42.68189" lon="19.86415">
        <ele>885.1</ele>
      </trkpt>
      <trkpt lat="42.68185" lon="19.86433">
        <ele>884.7</ele>
      </trkpt>
      <trkpt lat="42.68168" lon="19.86467">
        <ele>879.4</ele>
      </trkpt>
      <trkpt lat="42.68155" lon="19.86489">
        <ele>875.8</ele>
      </trkpt>
      <trkpt lat="42.68153" lon="19.86495">
        <ele>875.4</ele>
      </trkpt>
      <trkpt lat="42.68151" lon="19.86538">
        <ele>876.4</ele>
      </trkpt>
      <trkpt lat="42.68144" lon="19.86574">
        <ele>876.1</ele>
      </trkpt>
      <trkpt lat="42.68145" lon="19.86578">
        <ele>876.6</ele>
      </trkpt>
      <trkpt lat="42.68164" lon="19.86605">
        <ele>884.8</ele>
      </trkpt>
      <trkpt lat="42.68166" lon="19.8661">
        <ele>886.0</ele>
      </trkpt>
      <trkpt lat="42.68165" lon="19.86614">
        <ele>886.5</ele>
      </trkpt>
      <trkpt lat="42.68163" lon="19.86617">
        <ele>886.6</ele>
      </trkpt>
      <trkpt lat="42.68159" lon="19.86619">
        <ele>886.1</ele>
      </trkpt>
      <trkpt lat="42.68151" lon="19.86619">
        <ele>884.6</ele>
      </trkpt>
      <trkpt lat="42.68127" lon="19.86611">
        <ele>878.4</ele>
      </trkpt>
      <trkpt lat="42.6811" lon="19.86607">
        <ele>874.0</ele>
      </trkpt>
      <trkpt lat="42.68096" lon="19.86607">
        <ele>871.1</ele>
      </trkpt>
      <trkpt lat="42.68074" lon="19.86614">
        <ele>868.6</ele>
      </trkpt>
      <trkpt lat="42.68049" lon="19.8663">
        <ele>867.5</ele>
      </trkpt>
      <trkpt lat="42.68038" lon="19.86662">
        <ele>872.0</ele>
      </trkpt>
      <trkpt lat="42.68012" lon="19.86716">
        <ele>876.8</ele>
      </trkpt>
      <trkpt lat="42.67993" lon="19.86731">
        <ele>874.5</ele>
      </trkpt>
      <trkpt lat="42.67975" lon="19.86748">
        <ele>873.3</ele>
      </trkpt>
      <trkpt lat="42.67951" lon="19.86766">
        <ele>869.2</ele>
      </trkpt>
      <trkpt lat="42.67929" lon="19.86786">
        <ele>864.8</ele>
      </trkpt>
      <trkpt lat="42.67917" lon="19.868">
        <ele>862.1</ele>
      </trkpt>
      <trkpt lat="42.67909" lon="19.86823">
        <ele>862.4</ele>
      </trkpt>
      <trkpt lat="42.67908" lon="19.86837">
        <ele>862.9</ele>
      </trkpt>
      <trkpt lat="42.67911" lon="19.86863">
        <ele>863.4</ele>
      </trkpt>
      <trkpt lat="42.67913" lon="19.86875">
        <ele>863.6</ele>
      </trkpt>
      <trkpt lat="42.67913" lon="19.86888">
        <ele>863.7</ele>
      </trkpt>
      <trkpt lat="42.67907" lon="19.86896">
        <ele>863.2</ele>
      </trkpt>
      <trkpt lat="42.679" lon="19.86895">
        <ele>862.5</ele>
      </trkpt>
      <trkpt lat="42.67882" lon="19.86876">
        <ele>860.5</ele>
      </trkpt>
      <trkpt lat="42.67875" lon="19.86875">
        <ele>859.8</ele>
      </trkpt>
      <trkpt lat="42.67818" lon="19.86888">
        <ele>856.0</ele>
      </trkpt>
      <trkpt lat="42.67762" lon="19.86901">
        <ele>856.0</ele>
      </trkpt>
      <trkpt lat="42.67747" lon="19.86902">
        <ele>855.9</ele>
      </trkpt>
      <trkpt lat="42.67694" lon="19.86876">
        <ele>850.5</ele>
      </trkpt>
      <trkpt lat="42.67681" lon="19.86879">
        <ele>850.3</ele>
      </trkpt>
      <trkpt lat="42.67633" lon="19.86915">
        <ele>852.6</ele>
      </trkpt>
      <trkpt lat="42.67617" lon="19.86932">
        <ele>853.0</ele>
      </trkpt>
      <trkpt lat="42.67606" lon="19.86946">
        <ele>853.1</ele>
      </trkpt>
      <trkpt lat="42.67599" lon="19.86961">
        <ele>853.9</ele>
      </trkpt>
      <trkpt lat="42.6759" lon="19.87001">
        <ele>857.3</ele>
      </trkpt>
      <trkpt lat="42.67564" lon="19.87055">
        <ele>860.0</ele>
      </trkpt>
      <trkpt lat="42.67534" lon="19.8709">
        <ele>858.6</ele>
      </trkpt>
      <trkpt lat="42.67522" lon="19.87115">
        <ele>858.5</ele>
      </trkpt>
      <trkpt lat="42.67508" lon="19.87128">
        <ele>856.5</ele>
      </trkpt>
      <trkpt lat="42.67498" lon="19.87142">
        <ele>855.8</ele>
      </trkpt>
      <trkpt lat="42.67459" lon="19.87229">
        <ele>857.9</ele>
      </trkpt>
      <trkpt lat="42.67419" lon="19.87316">
        <ele>859.4</ele>
      </trkpt>
      <trkpt lat="42.674" lon="19.87387">
        <ele>863.0</ele>
      </trkpt>
      <trkpt lat="42.67384" lon="19.874">
        <ele>863.0</ele>
      </trkpt>
      <trkpt lat="42.67368" lon="19.8742">
        <ele>863.3</ele>
      </trkpt>
      <trkpt lat="42.67325" lon="19.87499">
        <ele>864.3</ele>
      </trkpt>
      <trkpt lat="42.67297" lon="19.87531">
        <ele>863.5</ele>
      </trkpt>
      <trkpt lat="42.67265" lon="19.87603">
        <ele>865.4</ele>
      </trkpt>
      <trkpt lat="42.67241" lon="19.87634">
        <ele>865.8</ele>
      </trkpt>
      <trkpt lat="42.67203" lon="19.87693">
        <ele>869.5</ele>
      </trkpt>
      <trkpt lat="42.67165" lon="19.87753">
        <ele>870.2</ele>
      </trkpt>
      <trkpt lat="42.67128" lon="19.87787">
        <ele>867.8</ele>
      </trkpt>
      <trkpt lat="42.67121" lon="19.87797">
        <ele>867.6</ele>
      </trkpt>
      <trkpt lat="42.67115" lon="19.87812">
        <ele>867.9</ele>
      </trkpt>
      <trkpt lat="42.671" lon="19.87828">
        <ele>866.3</ele>
      </trkpt>
      <trkpt lat="42.67092" lon="19.87842">
        <ele>866.2</ele>
      </trkpt>
      <trkpt lat="42.67082" lon="19.87868">
        <ele>867.2</ele>
      </trkpt>
      <trkpt lat="42.67075" lon="19.879">
        <ele>869.4</ele>
      </trkpt>
      <trkpt lat="42.67063" lon="19.8792">
        <ele>868.9</ele>
      </trkpt>
      <trkpt lat="42.67058" lon="19.87956">
        <ele>875.1</ele>
      </trkpt>
      <trkpt lat="42.67037" lon="19.87974">
        <ele>871.7</ele>
      </trkpt>
      <trkpt lat="42.67023" lon="19.8799">
        <ele>869.8</ele>
      </trkpt>
      <trkpt lat="42.66989" lon="19.8805">
        <ele>867.5</ele>
      </trkpt>
      <trkpt lat="42.66982" lon="19.88076">
        <ele>869.6</ele>
      </trkpt>
      <trkpt lat="42.6698" lon="19.88109">
        <ele>873.1</ele>
      </trkpt>
      <trkpt lat="42.66978" lon="19.8814">
        <ele>875.9</ele>
      </trkpt>
      <trkpt lat="42.66966" lon="19.88175">
        <ele>875.9</ele>
      </trkpt>
      <trkpt lat="42.6694" lon="19.88207">
        <ele>870.4</ele>
      </trkpt>
      <trkpt lat="42.66928" lon="19.88243">
        <ele>869.5</ele>
      </trkpt>
      <trkpt lat="42.66913" lon="19.883">
        <ele>869.9</ele>
      </trkpt>
      <trkpt lat="42.66902" lon="19.88357">
        <ele>871.8</ele>
      </trkpt>
      <trkpt lat="42.66888" lon="19.88392">
        <ele>870.7</ele>
      </trkpt>
      <trkpt lat="42.66873" lon="19.88418">
        <ele>868.6</ele>
      </trkpt>
      <trkpt lat="42.66856" lon="19.88489">
        <ele>871.8</ele>
      </trkpt>
      <trkpt lat="42.66837" lon="19.88589">
        <ele>874.5</ele>
      </trkpt>
      <trkpt lat="42.66817" lon="19.88617">
        <ele>874.9</ele>
      </trkpt>
      <trkpt lat="42.66801" lon="19.88631">
        <ele>874.8</ele>
      </trkpt>
      <trkpt lat="42.66792" lon="19.88635">
        <ele>874.4</ele>
      </trkpt>
      <trkpt lat="42.66782" lon="19.88633">
        <ele>873.3</ele>
      </trkpt>
      <trkpt lat="42.66757" lon="19.88611">
        <ele>869.6</ele>
      </trkpt>
      <trkpt lat="42.66749" lon="19.88609">
        <ele>868.7</ele>
      </trkpt>
      <trkpt lat="42.66738" lon="19.88617">
        <ele>867.5</ele>
      </trkpt>
      <trkpt lat="42.66727" lon="19.88634">
        <ele>867.4</ele>
      </trkpt>
      <trkpt lat="42.66718" lon="19.88643">
        <ele>867.1</ele>
      </trkpt>
      <trkpt lat="42.66711" lon="19.88646">
        <ele>866.5</ele>
      </trkpt>
      <trkpt lat="42.66703" lon="19.88643">
        <ele>865.1</ele>
      </trkpt>
      <trkpt lat="42.66677" lon="19.88621">
        <ele>858.5</ele>
      </trkpt>
      <trkpt lat="42.66653" lon="19.88623">
        <ele>855.2</ele>
      </trkpt>
      <trkpt lat="42.66636" lon="19.88638">
        <ele>854.8</ele>
      </trkpt>
      <trkpt lat="42.66622" lon="19.88662">
        <ele>855.9</ele>
      </trkpt>
      <trkpt lat="42.66613" lon="19.88667">
        <ele>855.0</ele>
      </trkpt>
      <trkpt lat="42.66603" lon="19.88678">
        <ele>854.7</ele>
      </trkpt>
      <trkpt lat="42.66585" lon="19.88692">
        <ele>853.9</ele>
      </trkpt>
      <trkpt lat="42.66563" lon="19.88707">
        <ele>852.3</ele>
      </trkpt>
      <trkpt lat="42.66554" lon="19.88714">
        <ele>851.6</ele>
      </trkpt>
      <trkpt lat="42.66517" lon="19.88764">
        <ele>850.2</ele>
      </trkpt>
      <trkpt lat="42.66507" lon="19.88776">
        <ele>850.0</ele>
      </trkpt>
      <trkpt lat="42.66502" lon="19.8878">
        <ele>849.7</ele>
      </trkpt>
      <trkpt lat="42.66496" lon="19.8878">
        <ele>848.9</ele>
      </trkpt>
      <trkpt lat="42.66487" lon="19.88778">
        <ele>847.6</ele>
      </trkpt>
      <trkpt lat="42.66482" lon="19.88778">
        <ele>847.1</ele>
      </trkpt>
      <trkpt lat="42.66474" lon="19.88783">
        <ele>846.8</ele>
      </trkpt>
      <trkpt lat="42.66465" lon="19.88791">
        <ele>846.5</ele>
      </trkpt>
      <trkpt lat="42.66458" lon="19.88793">
        <ele>845.8</ele>
      </trkpt>
      <trkpt lat="42.6645" lon="19.88791">
        <ele>844.7</ele>
      </trkpt>
      <trkpt lat="42.66442" lon="19.88787">
        <ele>843.4</ele>
      </trkpt>
      <trkpt lat="42.66403" lon="19.88723">
        <ele>837.2</ele>
      </trkpt>
      <trkpt lat="42.66395" lon="19.88717">
        <ele>836.7</ele>
      </trkpt>
      <trkpt lat="42.66377" lon="19.88706">
        <ele>835.7</ele>
      </trkpt>
      <trkpt lat="42.66365" lon="19.88696">
        <ele>835.1</ele>
      </trkpt>
      <trkpt lat="42.66355" lon="19.88692">
        <ele>834.8</ele>
      </trkpt>
      <trkpt lat="42.66352" lon="19.88692">
        <ele>834.7</ele>
      </trkpt>
      <trkpt lat="42.66348" lon="19.88696">
        <ele>834.7</ele>
      </trkpt>
      <trkpt lat="42.66331" lon="19.88751">
        <ele>835.0</ele>
      </trkpt>
      <trkpt lat="42.66328" lon="19.88757">
        <ele>835.3</ele>
      </trkpt>
      <trkpt lat="42.6632" lon="19.88763">
        <ele>835.5</ele>
      </trkpt>
      <trkpt lat="42.66309" lon="19.88745">
        <ele>834.9</ele>
      </trkpt>
      <trkpt lat="42.6628" lon="19.88701">
        <ele>833.3</ele>
      </trkpt>
      <trkpt lat="42.66245" lon="19.88644">
        <ele>833.5</ele>
      </trkpt>
      <trkpt lat="42.66207" lon="19.8859">
        <ele>833.7</ele>
      </trkpt>
      <trkpt lat="42.66199" lon="19.8858">
        <ele>833.7</ele>
      </trkpt>
      <trkpt lat="42.66199" lon="19.88575">
        <ele>833.7</ele>
      </trkpt>
      <trkpt lat="42.66198" lon="19.88572">
        <ele>833.7</ele>
      </trkpt>
      <trkpt lat="42.66194" lon="19.88567">
        <ele>833.8</ele>
      </trkpt>
      <trkpt lat="42.66191" lon="19.88567">
        <ele>834.1</ele>
      </trkpt>
      <trkpt lat="42.66186" lon="19.88569">
        <ele>834.5</ele>
      </trkpt>
      <trkpt lat="42.66183" lon="19.88575">
        <ele>834.7</ele>
      </trkpt>
      <trkpt lat="42.66184" lon="19.88583">
        <ele>834.5</ele>
      </trkpt>
      <trkpt lat="42.66179" lon="19.88606">
        <ele>834.8</ele>
      </trkpt>
      <trkpt lat="42.66145" lon="19.8866">
        <ele>843.4</ele>
      </trkpt>
      <trkpt lat="42.66112" lon="19.88714">
        <ele>849.6</ele>
      </trkpt>
      <trkpt lat="42.66067" lon="19.88779">
        <ele>855.0</ele>
      </trkpt>
      <trkpt lat="42.6601" lon="19.88854">
        <ele>863.1</ele>
      </trkpt>
      <trkpt lat="42.65995" lon="19.88879">
        <ele>862.1</ele>
      </trkpt>
      <trkpt lat="42.6599" lon="19.8889">
        <ele>861.5</ele>
      </trkpt>
      <trkpt lat="42.65968" lon="19.88943">
        <ele>863.3</ele>
      </trkpt>
      <trkpt lat="42.65945" lon="19.88997">
        <ele>867.9</ele>
      </trkpt>
      <trkpt lat="42.65931" lon="19.89026">
        <ele>868.3</ele>
      </trkpt>
      <trkpt lat="42.65886" lon="19.89099">
        <ele>871.8</ele>
      </trkpt>
      <trkpt lat="42.6588" lon="19.8911">
        <ele>873.5</ele>
      </trkpt>
      <trkpt lat="42.65872" lon="19.89127">
        <ele>875.5</ele>
      </trkpt>
      <trkpt lat="42.65867" lon="19.89145">
        <ele>876.2</ele>
      </trkpt>
      <trkpt lat="42.65864" lon="19.8916">
        <ele>876.1</ele>
      </trkpt>
      <trkpt lat="42.65861" lon="19.89178">
        <ele>876.8</ele>
      </trkpt>
      <trkpt lat="42.65861" lon="19.89197">
        <ele>876.4</ele>
      </trkpt>
      <trkpt lat="42.65861" lon="19.89215">
        <ele>876.1</ele>
      </trkpt>
      <trkpt lat="42.65864" lon="19.89233">
        <ele>874.4</ele>
      </trkpt>
      <trkpt lat="42.65868" lon="19.89252">
        <ele>872.5</ele>
      </trkpt>
      <trkpt lat="42.65873" lon="19.89268">
        <ele>870.8</ele>
      </trkpt>
      <trkpt lat="42.65879" lon="19.89284">
        <ele>869.0</ele>
      </trkpt>
      <trkpt lat="42.65907" lon="19.89342">
        <ele>862.8</ele>
      </trkpt>
      <trkpt lat="42.65912" lon="19.89356">
        <ele>862.7</ele>
      </trkpt>
      <trkpt lat="42.65916" lon="19.89369">
        <ele>863.0</ele>
      </trkpt>
      <trkpt lat="42.65918" lon="19.89382">
        <ele>863.9</ele>
      </trkpt>
      <trkpt lat="42.65919" lon="19.89395">
        <ele>865.0</ele>
      </trkpt>
      <trkpt lat="42.65922" lon="19.89486">
        <ele>867.5</ele>
      </trkpt>
      <trkpt lat="42.65924" lon="19.89604">
        <ele>869.3</ele>
      </trkpt>
      <trkpt lat="42.65923" lon="19.89623">
        <ele>869.7</ele>
      </trkpt>
      <trkpt lat="42.65922" lon="19.89643">
        <ele>870.2</ele>
      </trkpt>
      <trkpt lat="42.65918" lon="19.89664">
        <ele>870.9</ele>
      </trkpt>
      <trkpt lat="42.65914" lon="19.89684">
        <ele>871.6</ele>
      </trkpt>
      <trkpt lat="42.65896" lon="19.89738">
        <ele>874.0</ele>
      </trkpt>
      <trkpt lat="42.65881" lon="19.8978">
        <ele>875.7</ele>
      </trkpt>
      <trkpt lat="42.65867" lon="19.89819">
        <ele>877.1</ele>
      </trkpt>
      <trkpt lat="42.6586" lon="19.89836">
        <ele>877.7</ele>
      </trkpt>
      <trkpt lat="42.65847" lon="19.89858">
        <ele>877.8</ele>
      </trkpt>
      <trkpt lat="42.65838" lon="19.8987">
        <ele>877.9</ele>
      </trkpt>
      <trkpt lat="42.65796" lon="19.89918">
        <ele>880.1</ele>
      </trkpt>
      <trkpt lat="42.65783" lon="19.89936">
        <ele>881.4</ele>
      </trkpt>
      <trkpt lat="42.65773" lon="19.89955">
        <ele>882.4</ele>
      </trkpt>
      <trkpt lat="42.65766" lon="19.89973">
        <ele>883.2</ele>
      </trkpt>
      <trkpt lat="42.65759" lon="19.89996">
        <ele>884.1</ele>
      </trkpt>
      <trkpt lat="42.65733" lon="19.90098">
        <ele>881.5</ele>
      </trkpt>
      <trkpt lat="42.65717" lon="19.90148">
        <ele>879.9</ele>
      </trkpt>
      <trkpt lat="42.65706" lon="19.90176">
        <ele>879.9</ele>
      </trkpt>
      <trkpt lat="42.65661" lon="19.9028">
        <ele>884.6</ele>
      </trkpt>
      <trkpt lat="42.65617" lon="19.90383">
        <ele>884.9</ele>
      </trkpt>
      <trkpt lat="42.65607" lon="19.9041">
        <ele>884.9</ele>
      </trkpt>
      <trkpt lat="42.65581" lon="19.90486">
        <ele>886.0</ele>
      </trkpt>
      <trkpt lat="42.65567" lon="19.90531">
        <ele>884.5</ele>
      </trkpt>
      <trkpt lat="42.65559" lon="19.90564">
        <ele>882.9</ele>
      </trkpt>
      <trkpt lat="42.65555" lon="19.90588">
        <ele>883.1</ele>
      </trkpt>
      <trkpt lat="42.65555" lon="19.90609">
        <ele>883.3</ele>
      </trkpt>
      <trkpt lat="42.65557" lon="19.90641">
        <ele>883.6</ele>
      </trkpt>
      <trkpt lat="42.65565" lon="19.90703">
        <ele>884.2</ele>
      </trkpt>
      <trkpt lat="42.65572" lon="19.90768">
        <ele>884.9</ele>
      </trkpt>
      <trkpt lat="42.65573" lon="19.9079">
        <ele>885.3</ele>
      </trkpt>
      <trkpt lat="42.65572" lon="19.9081">
        <ele>885.7</ele>
      </trkpt>
      <trkpt lat="42.65556" lon="19.9093">
        <ele>886.0</ele>
      </trkpt>
      <trkpt lat="42.65553" lon="19.90974">
        <ele>887.1</ele>
      </trkpt>
      <trkpt lat="42.65548" lon="19.91062">
        <ele>888.3</ele>
      </trkpt>
      <trkpt lat="42.65546" lon="19.91088">
        <ele>888.5</ele>
      </trkpt>
      <trkpt lat="42.6554" lon="19.91117">
        <ele>888.8</ele>
      </trkpt>
      <trkpt lat="42.65514" lon="19.9122">
        <ele>891.6</ele>
      </trkpt>
      <trkpt lat="42.6551" lon="19.91243">
        <ele>892.5</ele>
      </trkpt>
      <trkpt lat="42.65506" lon="19.91287">
        <ele>894.7</ele>
      </trkpt>
      <trkpt lat="42.655" lon="19.91372">
        <ele>898.0</ele>
      </trkpt>
      <trkpt lat="42.65494" lon="19.91457">
        <ele>900.0</ele>
      </trkpt>
      <trkpt lat="42.65494" lon="19.91457">
        <ele>900.0</ele>
      </trkpt>
      <trkpt lat="42.65494" lon="19.91457">
        <ele>900.0</ele>
      </trkpt>
      <trkpt lat="42.65494" lon="19.91457">
        <ele>900.0</ele>
      </trkpt>
      <trkpt lat="42.65494" lon="19.91457">
        <ele>900.0</ele>
      </trkpt>
      <trkpt lat="42.65492" lon="19.91487">
        <ele>899.9</ele>
      </trkpt>
      <trkpt lat="42.65493" lon="19.91534">
        <ele>897.7</ele>
      </trkpt>
      <trkpt lat="42.65499" lon="19.91638">
        <ele>891.9</ele>
      </trkpt>
      <trkpt lat="42.65499" lon="19.91664">
        <ele>891.5</ele>
      </trkpt>
      <trkpt lat="42.65496" lon="19.91694">
        <ele>892.1</ele>
      </trkpt>
      <trkpt lat="42.65491" lon="19.91717">
        <ele>893.3</ele>
      </trkpt>
      <trkpt lat="42.65487" lon="19.91733">
        <ele>894.1</ele>
      </trkpt>
      <trkpt lat="42.65482" lon="19.91749">
        <ele>894.9</ele>
      </trkpt>
      <trkpt lat="42.65475" lon="19.91767">
        <ele>893.4</ele>
      </trkpt>
      <trkpt lat="42.65466" lon="19.91786">
        <ele>892.0</ele>
      </trkpt>
      <trkpt lat="42.65457" lon="19.91801">
        <ele>891.3</ele>
      </trkpt>
      <trkpt lat="42.65447" lon="19.91817">
        <ele>890.5</ele>
      </trkpt>
      <trkpt lat="42.65438" lon="19.91829">
        <ele>890.1</ele>
      </trkpt>
      <trkpt lat="42.65402" lon="19.91866">
        <ele>893.3</ele>
      </trkpt>
      <trkpt lat="42.65366" lon="19.91904">
        <ele>895.8</ele>
      </trkpt>
      <trkpt lat="42.65351" lon="19.91922">
        <ele>895.5</ele>
      </trkpt>
      <trkpt lat="42.65314" lon="19.91969">
        <ele>896.5</ele>
      </trkpt>
      <trkpt lat="42.65278" lon="19.92016">
        <ele>897.7</ele>
      </trkpt>
      <trkpt lat="42.65223" lon="19.92076">
        <ele>900.4</ele>
      </trkpt>
      <trkpt lat="42.65168" lon="19.92136">
        <ele>903.5</ele>
      </trkpt>
      <trkpt lat="42.65123" lon="19.92184">
        <ele>904.7</ele>
      </trkpt>
      <trkpt lat="42.65107" lon="19.92201">
        <ele>905.2</ele>
      </trkpt>
      <trkpt lat="42.65083" lon="19.92219">
        <ele>906.4</ele>
      </trkpt>
      <trkpt lat="42.6506" lon="19.92234">
        <ele>907.7</ele>
      </trkpt>
      <trkpt lat="42.6501" lon="19.92263">
        <ele>908.7</ele>
      </trkpt>
      <trkpt lat="42.64994" lon="19.92274">
        <ele>909.8</ele>
      </trkpt>
      <trkpt lat="42.64984" lon="19.92283">
        <ele>911.0</ele>
      </trkpt>
      <trkpt lat="42.64969" lon="19.92301">
        <ele>910.9</ele>
      </trkpt>
      <trkpt lat="42.64919" lon="19.9238">
        <ele>903.3</ele>
      </trkpt>
      <trkpt lat="42.64904" lon="19.92399">
        <ele>902.4</ele>
      </trkpt>
      <trkpt lat="42.64889" lon="19.92416">
        <ele>901.4</ele>
      </trkpt>
      <trkpt lat="42.64829" lon="19.92471">
        <ele>903.2</ele>
      </trkpt>
      <trkpt lat="42.64769" lon="19.92526">
        <ele>903.5</ele>
      </trkpt>
      <trkpt lat="42.64709" lon="19.92582">
        <ele>904.6</ele>
      </trkpt>
      <trkpt lat="42.64649" lon="19.92637">
        <ele>904.0</ele>
      </trkpt>
      <trkpt lat="42.64615" lon="19.92666">
        <ele>902.4</ele>
      </trkpt>
      <trkpt lat="42.64605" lon="19.92672">
        <ele>901.7</ele>
      </trkpt>
      <trkpt lat="42.64591" lon="19.92679">
        <ele>900.8</ele>
      </trkpt>
      <trkpt lat="42.64571" lon="19.92684">
        <ele>900.5</ele>
      </trkpt>
      <trkpt lat="42.64509" lon="19.92692">
        <ele>902.1</ele>
      </trkpt>
      <trkpt lat="42.64497" lon="19.92694">
        <ele>902.6</ele>
      </trkpt>
      <trkpt lat="42.64488" lon="19.92697">
        <ele>903.1</ele>
      </trkpt>
      <trkpt lat="42.64474" lon="19.92704">
        <ele>903.7</ele>
      </trkpt>
      <trkpt lat="42.64458" lon="19.92717">
        <ele>903.9</ele>
      </trkpt>
      <trkpt lat="42.64449" lon="19.92728">
        <ele>903.7</ele>
      </trkpt>
      <trkpt lat="42.64426" lon="19.92761">
        <ele>903.1</ele>
      </trkpt>
      <trkpt lat="42.64369" lon="19.92847">
        <ele>904.4</ele>
      </trkpt>
      <trkpt lat="42.64312" lon="19.92933">
        <ele>905.6</ele>
      </trkpt>
      <trkpt lat="42.64255" lon="19.9302">
        <ele>902.4</ele>
      </trkpt>
      <trkpt lat="42.64243" lon="19.93037">
        <ele>903.7</ele>
      </trkpt>
      <trkpt lat="42.64231" lon="19.93052">
        <ele>905.2</ele>
      </trkpt>
      <trkpt lat="42.64214" lon="19.9307">
        <ele>906.5</ele>
      </trkpt>
      <trkpt lat="42.64194" lon="19.93089">
        <ele>907.1</ele>
      </trkpt>
      <trkpt lat="42.64173" lon="19.93104">
        <ele>907.2</ele>
      </trkpt>
      <trkpt lat="42.64154" lon="19.93116">
        <ele>907.8</ele>
      </trkpt>
      <trkpt lat="42.64099" lon="19.93144">
        <ele>909.2</ele>
      </trkpt>
      <trkpt lat="42.64043" lon="19.93172">
        <ele>909.4</ele>
      </trkpt>
      <trkpt lat="42.64004" lon="19.93188">
        <ele>910.7</ele>
      </trkpt>
      <trkpt lat="42.63945" lon="19.9321">
        <ele>913.4</ele>
      </trkpt>
      <trkpt lat="42.63886" lon="19.93232">
        <ele>912.0</ele>
      </trkpt>
      <trkpt lat="42.63851" lon="19.93244">
        <ele>910.0</ele>
      </trkpt>
      <trkpt lat="42.63825" lon="19.9325">
        <ele>909.1</ele>
      </trkpt>
      <trkpt lat="42.63797" lon="19.93254">
        <ele>909.3</ele>
      </trkpt>
      <trkpt lat="42.63766" lon="19.93256">
        <ele>909.6</ele>
      </trkpt>
      <trkpt lat="42.63716" lon="19.93254">
        <ele>910.7</ele>
      </trkpt>
      <trkpt lat="42.63643" lon="19.93248">
        <ele>912.8</ele>
      </trkpt>
      <trkpt lat="42.6357" lon="19.93243">
        <ele>915.0</ele>
      </trkpt>
      <trkpt lat="42.63497" lon="19.93237">
        <ele>918.5</ele>
      </trkpt>
      <trkpt lat="42.63475" lon="19.93236">
        <ele>919.9</ele>
      </trkpt>
      <trkpt lat="42.63445" lon="19.93238">
        <ele>921.1</ele>
      </trkpt>
      <trkpt lat="42.63364" lon="19.93247">
        <ele>921.1</ele>
      </trkpt>
      <trkpt lat="42.63283" lon="19.93256">
        <ele>921.5</ele>
      </trkpt>
      <trkpt lat="42.63202" lon="19.93265">
        <ele>921.8</ele>
      </trkpt>
      <trkpt lat="42.63121" lon="19.93274">
        <ele>922.6</ele>
      </trkpt>
      <trkpt lat="42.63041" lon="19.93283">
        <ele>923.1</ele>
      </trkpt>
      <trkpt lat="42.6296" lon="19.93292">
        <ele>923.4</ele>
      </trkpt>
      <trkpt lat="42.62932" lon="19.93295">
        <ele>924.0</ele>
      </trkpt>
      <trkpt lat="42.62908" lon="19.93296">
        <ele>924.3</ele>
      </trkpt>
      <trkpt lat="42.62885" lon="19.93294">
        <ele>924.4</ele>
      </trkpt>
      <trkpt lat="42.62866" lon="19.93289">
        <ele>924.7</ele>
      </trkpt>
      <trkpt lat="42.62784" lon="19.93254">
        <ele>927.5</ele>
      </trkpt>
      <trkpt lat="42.62702" lon="19.93219">
        <ele>928.1</ele>
      </trkpt>
      <trkpt lat="42.62682" lon="19.93209">
        <ele>928.3</ele>
      </trkpt>
      <trkpt lat="42.62668" lon="19.932">
        <ele>928.6</ele>
      </trkpt>
      <trkpt lat="42.62658" lon="19.93192">
        <ele>929.4</ele>
      </trkpt>
      <trkpt lat="42.62649" lon="19.93182">
        <ele>930.2</ele>
      </trkpt>
      <trkpt lat="42.6264" lon="19.93169">
        <ele>930.9</ele>
      </trkpt>
      <trkpt lat="42.62632" lon="19.93154">
        <ele>931.3</ele>
      </trkpt>
      <trkpt lat="42.62626" lon="19.9314">
        <ele>931.5</ele>
      </trkpt>
      <trkpt lat="42.62588" lon="19.93033">
        <ele>927.4</ele>
      </trkpt>
      <trkpt lat="42.62583" lon="19.9302">
        <ele>926.2</ele>
      </trkpt>
      <trkpt lat="42.62577" lon="19.9301">
        <ele>926.4</ele>
      </trkpt>
      <trkpt lat="42.62568" lon="19.92995">
        <ele>927.2</ele>
      </trkpt>
      <trkpt lat="42.62559" lon="19.92985">
        <ele>928.5</ele>
      </trkpt>
      <trkpt lat="42.62547" lon="19.92975">
        <ele>929.9</ele>
      </trkpt>
      <trkpt lat="42.62535" lon="19.92968">
        <ele>930.8</ele>
      </trkpt>
      <trkpt lat="42.62523" lon="19.92963">
        <ele>931.6</ele>
      </trkpt>
      <trkpt lat="42.62509" lon="19.9296">
        <ele>932.5</ele>
      </trkpt>
      <trkpt lat="42.62447" lon="19.92956">
        <ele>932.2</ele>
      </trkpt>
      <trkpt lat="42.62384" lon="19.92952">
        <ele>929.9</ele>
      </trkpt>
      <trkpt lat="42.62321" lon="19.92948">
        <ele>926.2</ele>
      </trkpt>
      <trkpt lat="42.6231" lon="19.92946">
        <ele>925.1</ele>
      </trkpt>
      <trkpt lat="42.62296" lon="19.92942">
        <ele>923.8</ele>
      </trkpt>
      <trkpt lat="42.62283" lon="19.92936">
        <ele>922.6</ele>
      </trkpt>
      <trkpt lat="42.62271" lon="19.92928">
        <ele>921.6</ele>
      </trkpt>
      <trkpt lat="42.62262" lon="19.9292">
        <ele>920.9</ele>
      </trkpt>
      <trkpt lat="42.62253" lon="19.9291">
        <ele>920.5</ele>
      </trkpt>
      <trkpt lat="42.62201" lon="19.92841">
        <ele>919.7</ele>
      </trkpt>
      <trkpt lat="42.62189" lon="19.92829">
        <ele>919.6</ele>
      </trkpt>
      <trkpt lat="42.62175" lon="19.92818">
        <ele>919.7</ele>
      </trkpt>
      <trkpt lat="42.6216" lon="19.92808">
        <ele>919.8</ele>
      </trkpt>
      <trkpt lat="42.62145" lon="19.92802">
        <ele>919.5</ele>
      </trkpt>
      <trkpt lat="42.62127" lon="19.92797">
        <ele>918.9</ele>
      </trkpt>
      <trkpt lat="42.62109" lon="19.92796">
        <ele>918.1</ele>
      </trkpt>
      <trkpt lat="42.62091" lon="19.92797">
        <ele>917.0</ele>
      </trkpt>
      <trkpt lat="42.62039" lon="19.92807">
        <ele>916.8</ele>
      </trkpt>
      <trkpt lat="42.61987" lon="19.92818">
        <ele>916.4</ele>
      </trkpt>
      <trkpt lat="42.61975" lon="19.92818">
        <ele>915.9</ele>
      </trkpt>
      <trkpt lat="42.6196" lon="19.92815">
        <ele>915.5</ele>
      </trkpt>
      <trkpt lat="42.61947" lon="19.9281">
        <ele>915.4</ele>
      </trkpt>
      <trkpt lat="42.61934" lon="19.92801">
        <ele>915.7</ele>
      </trkpt>
      <trkpt lat="42.61876" lon="19.9275">
        <ele>916.1</ele>
      </trkpt>
      <trkpt lat="42.61858" lon="19.92739">
        <ele>914.0</ele>
      </trkpt>
      <trkpt lat="42.61845" lon="19.92733">
        <ele>912.8</ele>
      </trkpt>
      <trkpt lat="42.6183" lon="19.92728">
        <ele>911.6</ele>
      </trkpt>
      <trkpt lat="42.61771" lon="19.92722">
        <ele>910.2</ele>
      </trkpt>
      <trkpt lat="42.61758" lon="19.92718">
        <ele>909.9</ele>
      </trkpt>
      <trkpt lat="42.61698" lon="19.92692">
        <ele>909.5</ele>
      </trkpt>
      <trkpt lat="42.61638" lon="19.92666">
        <ele>909.4</ele>
      </trkpt>
      <trkpt lat="42.61608" lon="19.92649">
        <ele>910.5</ele>
      </trkpt>
      <trkpt lat="42.61562" lon="19.92617">
        <ele>912.0</ele>
      </trkpt>
      <trkpt lat="42.61516" lon="19.92585">
        <ele>912.3</ele>
      </trkpt>
      <trkpt lat="42.61504" lon="19.9258">
        <ele>912.3</ele>
      </trkpt>
      <trkpt lat="42.61486" lon="19.92576">
        <ele>912.6</ele>
      </trkpt>
      <trkpt lat="42.61469" lon="19.92576">
        <ele>912.8</ele>
      </trkpt>
      <trkpt lat="42.61456" lon="19.9258">
        <ele>912.7</ele>
      </trkpt>
      <trkpt lat="42.61447" lon="19.92584">
        <ele>912.6</ele>
      </trkpt>
      <trkpt lat="42.61399" lon="19.9261">
        <ele>913.1</ele>
      </trkpt>
      <trkpt lat="42.61347" lon="19.92638">
        <ele>914.4</ele>
      </trkpt>
      <trkpt lat="42.61296" lon="19.92666">
        <ele>913.5</ele>
      </trkpt>
      <trkpt lat="42.61266" lon="19.92681">
        <ele>913.2</ele>
      </trkpt>
      <trkpt lat="42.61227" lon="19.92702">
        <ele>913.0</ele>
      </trkpt>
      <trkpt lat="42.61212" lon="19.92708">
        <ele>913.2</ele>
      </trkpt>
      <trkpt lat="42.612" lon="19.92712">
        <ele>913.3</ele>
      </trkpt>
      <trkpt lat="42.61189" lon="19.92712">
        <ele>913.6</ele>
      </trkpt>
      <trkpt lat="42.61177" lon="19.9271">
        <ele>914.1</ele>
      </trkpt>
      <trkpt lat="42.61169" lon="19.92706">
        <ele>914.6</ele>
      </trkpt>
      <trkpt lat="42.61121" lon="19.92673">
        <ele>916.0</ele>
      </trkpt>
      <trkpt lat="42.61073" lon="19.9264">
        <ele>917.5</ele>
      </trkpt>
      <trkpt lat="42.61061" lon="19.92634">
        <ele>917.7</ele>
      </trkpt>
      <trkpt lat="42.61049" lon="19.92629">
        <ele>917.8</ele>
      </trkpt>
      <trkpt lat="42.61038" lon="19.92626">
        <ele>917.9</ele>
      </trkpt>
      <trkpt lat="42.60951" lon="19.92613">
        <ele>917.6</ele>
      </trkpt>
      <trkpt lat="42.60935" lon="19.92611">
        <ele>917.5</ele>
      </trkpt>
      <trkpt lat="42.60922" lon="19.92613">
        <ele>917.5</ele>
      </trkpt>
      <trkpt lat="42.60912" lon="19.92616">
        <ele>917.5</ele>
      </trkpt>
      <trkpt lat="42.60863" lon="19.92648">
        <ele>916.4</ele>
      </trkpt>
      <trkpt lat="42.60843" lon="19.92663">
        <ele>916.0</ele>
      </trkpt>
      <trkpt lat="42.60837" lon="19.92669">
        <ele>915.8</ele>
      </trkpt>
      <trkpt lat="42.60828" lon="19.9268">
        <ele>915.3</ele>
      </trkpt>
      <trkpt lat="42.60824" lon="19.92689">
        <ele>915.1</ele>
      </trkpt>
      <trkpt lat="42.6082" lon="19.92712">
        <ele>914.7</ele>
      </trkpt>
      <trkpt lat="42.60813" lon="19.92761">
        <ele>914.0</ele>
      </trkpt>
      <trkpt lat="42.60811" lon="19.92773">
        <ele>913.8</ele>
      </trkpt>
      <trkpt lat="42.60806" lon="19.9279">
        <ele>913.6</ele>
      </trkpt>
      <trkpt lat="42.60803" lon="19.92797">
        <ele>913.8</ele>
      </trkpt>
      <trkpt lat="42.608" lon="19.92801">
        <ele>914.0</ele>
      </trkpt>
      <trkpt lat="42.60782" lon="19.92822">
        <ele>914.4</ele>
      </trkpt>
      <trkpt lat="42.60728" lon="19.92875">
        <ele>914.8</ele>
      </trkpt>
      <trkpt lat="42.60674" lon="19.92928">
        <ele>914.4</ele>
      </trkpt>
      <trkpt lat="42.60639" lon="19.92964">
        <ele>916.7</ele>
      </trkpt>
      <trkpt lat="42.60629" lon="19.92976">
        <ele>917.7</ele>
      </trkpt>
      <trkpt lat="42.60608" lon="19.93006">
        <ele>920.2</ele>
      </trkpt>
      <trkpt lat="42.60551" lon="19.931">
        <ele>922.2</ele>
      </trkpt>
      <trkpt lat="42.60524" lon="19.93141">
        <ele>923.4</ele>
      </trkpt>
      <trkpt lat="42.60504" lon="19.93161">
        <ele>923.8</ele>
      </trkpt>
      <trkpt lat="42.60493" lon="19.9317">
        <ele>923.8</ele>
      </trkpt>
      <trkpt lat="42.60452" lon="19.93196">
        <ele>923.4</ele>
      </trkpt>
      <trkpt lat="42.60438" lon="19.93208">
        <ele>923.5</ele>
      </trkpt>
      <trkpt lat="42.60421" lon="19.93225">
        <ele>923.9</ele>
      </trkpt>
      <trkpt lat="42.60405" lon="19.93249">
        <ele>924.5</ele>
      </trkpt>
      <trkpt lat="42.60358" lon="19.93326">
        <ele>927.2</ele>
      </trkpt>
      <trkpt lat="42.60346" lon="19.93341">
        <ele>928.2</ele>
      </trkpt>
      <trkpt lat="42.60294" lon="19.9338">
        <ele>930.7</ele>
      </trkpt>
      <trkpt lat="42.60243" lon="19.93425">
        <ele>933.1</ele>
      </trkpt>
      <trkpt lat="42.60192" lon="19.93469">
        <ele>936.1</ele>
      </trkpt>
      <trkpt lat="42.6015" lon="19.93498">
        <ele>935.7</ele>
      </trkpt>
      <trkpt lat="42.60113" lon="19.93529">
        <ele>936.1</ele>
      </trkpt>
      <trkpt lat="42.60086" lon="19.93553">
        <ele>936.6</ele>
      </trkpt>
      <trkpt lat="42.60068" lon="19.93564">
        <ele>936.7</ele>
      </trkpt>
      <trkpt lat="42.60043" lon="19.93577">
        <ele>936.7</ele>
      </trkpt>
      <trkpt lat="42.60019" lon="19.93595">
        <ele>936.3</ele>
      </trkpt>
      <trkpt lat="42.60005" lon="19.93613">
        <ele>936.2</ele>
      </trkpt>
      <trkpt lat="42.59977" lon="19.93655">
        <ele>938.0</ele>
      </trkpt>
      <trkpt lat="42.59949" lon="19.93699">
        <ele>939.4</ele>
      </trkpt>
      <trkpt lat="42.599" lon="19.93794">
        <ele>942.6</ele>
      </trkpt>
      <trkpt lat="42.59852" lon="19.93889">
        <ele>945.9</ele>
      </trkpt>
      <trkpt lat="42.59841" lon="19.93913">
        <ele>946.8</ele>
      </trkpt>
      <trkpt lat="42.59801" lon="19.93993">
        <ele>946.1</ele>
      </trkpt>
      <trkpt lat="42.5976" lon="19.94074">
        <ele>945.1</ele>
      </trkpt>
      <trkpt lat="42.59757" lon="19.94083">
        <ele>945.0</ele>
      </trkpt>
      <trkpt lat="42.59743" lon="19.94148">
        <ele>946.7</ele>
      </trkpt>
      <trkpt lat="42.59729" lon="19.94212">
        <ele>949.4</ele>
      </trkpt>
      <trkpt lat="42.59716" lon="19.94275">
        <ele>951.7</ele>
      </trkpt>
      <trkpt lat="42.59704" lon="19.94338">
        <ele>953.7</ele>
      </trkpt>
    </trkseg>
  </trk>
</gpx>
