<?xml version="1.0" encoding="UTF-8"?>
<gpx xmlns:gpxdata="http://www.cluetrust.com/XML/GPXDATA/1/0" xmlns:xsi="http://www.w3.org/2001/XMLSchema-instance" xmlns="http://www.topografix.com/GPX/1/1" version="1.1" creator="http://ridewithgps.com/" xsi:schemaLocation="http://www.topografix.com/GPX/1/1 http://www.topografix.com/GPX/1/1/gpx.xsd http://www.cluetrust.com/XML/GPXDATA/1/0 http://www.cluetrust.com/Schemas/gpxdata10.xsd">
  <metadata>
    <name>Transdinarica - predlog 1 (onako grubo)</name>
    <link href="https://ridewithgps.com/routes/48314904">
      <text>Transdinarica - predlog 1 (onako grubo)</text>
    </link>
    <time>2024-09-05T01:17:13Z</time>
  </metadata>
  <trk>
    <name>Transdinarica - predlog 1 (onako grubo)</name>
    <trkseg>
      <trkpt lat="43.71315" lon="17.24365">
        <ele>871.3</ele>
      </trkpt>
      <trkpt lat="43.7133" lon="17.2437">
        <ele>871.4</ele>
      </trkpt>
      <trkpt lat="43.71335" lon="17.24377">
        <ele>871.5</ele>
      </trkpt>
      <trkpt lat="43.71354" lon="17.24395">
        <ele>872.0</ele>
      </trkpt>
      <trkpt lat="43.71366" lon="17.24369">
        <ele>871.8</ele>
      </trkpt>
      <trkpt lat="43.71376" lon="17.24342">
        <ele>871.6</ele>
      </trkpt>
      <trkpt lat="43.71396" lon="17.24271">
        <ele>873.2</ele>
      </trkpt>
      <trkpt lat="43.71401" lon="17.24236">
        <ele>874.1</ele>
      </trkpt>
      <trkpt lat="43.71402" lon="17.24208">
        <ele>874.7</ele>
      </trkpt>
      <trkpt lat="43.71401" lon="17.24169">
        <ele>875.4</ele>
      </trkpt>
      <trkpt lat="43.71396" lon="17.24127">
        <ele>875.7</ele>
      </trkpt>
      <trkpt lat="43.71386" lon="17.24069">
        <ele>875.9</ele>
      </trkpt>
      <trkpt lat="43.71379" lon="17.23993">
        <ele>875.8</ele>
      </trkpt>
      <trkpt lat="43.71384" lon="17.23975">
        <ele>876.2</ele>
      </trkpt>
      <trkpt lat="43.71391" lon="17.23963">
        <ele>876.5</ele>
      </trkpt>
      <trkpt lat="43.71396" lon="17.23959">
        <ele>876.6</ele>
      </trkpt>
      <trkpt lat="43.71402" lon="17.2395">
        <ele>876.8</ele>
      </trkpt>
      <trkpt lat="43.71406" lon="17.23937">
        <ele>876.9</ele>
      </trkpt>
      <trkpt lat="43.71406" lon="17.23922">
        <ele>877.0</ele>
      </trkpt>
      <trkpt lat="43.71404" lon="17.23917">
        <ele>877.0</ele>
      </trkpt>
      <trkpt lat="43.71397" lon="17.23903">
        <ele>877.1</ele>
      </trkpt>
      <trkpt lat="43.71391" lon="17.23898">
        <ele>877.1</ele>
      </trkpt>
      <trkpt lat="43.71384" lon="17.23896">
        <ele>877.2</ele>
      </trkpt>
      <trkpt lat="43.71376" lon="17.23897">
        <ele>877.2</ele>
      </trkpt>
      <trkpt lat="43.71367" lon="17.23902">
        <ele>877.2</ele>
      </trkpt>
      <trkpt lat="43.7136" lon="17.23911">
        <ele>877.1</ele>
      </trkpt>
      <trkpt lat="43.71357" lon="17.23921">
        <ele>876.9</ele>
      </trkpt>
      <trkpt lat="43.71348" lon="17.23932">
        <ele>876.5</ele>
      </trkpt>
      <trkpt lat="43.71333" lon="17.23943">
        <ele>876.1</ele>
      </trkpt>
      <trkpt lat="43.71318" lon="17.23943">
        <ele>876.2</ele>
      </trkpt>
      <trkpt lat="43.71275" lon="17.23936">
        <ele>876.8</ele>
      </trkpt>
      <trkpt lat="43.7124" lon="17.23927">
        <ele>877.0</ele>
      </trkpt>
      <trkpt lat="43.71183" lon="17.23906">
        <ele>874.2</ele>
      </trkpt>
      <trkpt lat="43.71118" lon="17.23871">
        <ele>873.9</ele>
      </trkpt>
      <trkpt lat="43.71111" lon="17.23866">
        <ele>873.9</ele>
      </trkpt>
      <trkpt lat="43.71056" lon="17.23825">
        <ele>873.7</ele>
      </trkpt>
      <trkpt lat="43.71024" lon="17.23797">
        <ele>874.2</ele>
      </trkpt>
      <trkpt lat="43.70974" lon="17.23747">
        <ele>875.3</ele>
      </trkpt>
      <trkpt lat="43.70918" lon="17.23675">
        <ele>876.2</ele>
      </trkpt>
      <trkpt lat="43.709" lon="17.23649">
        <ele>875.7</ele>
      </trkpt>
      <trkpt lat="43.70867" lon="17.23593">
        <ele>875.9</ele>
      </trkpt>
      <trkpt lat="43.70828" lon="17.23514">
        <ele>877.6</ele>
      </trkpt>
      <trkpt lat="43.70806" lon="17.23463">
        <ele>877.9</ele>
      </trkpt>
      <trkpt lat="43.70788" lon="17.23412">
        <ele>878.4</ele>
      </trkpt>
      <trkpt lat="43.70762" lon="17.23325">
        <ele>878.5</ele>
      </trkpt>
      <trkpt lat="43.70745" lon="17.23243">
        <ele>878.0</ele>
      </trkpt>
      <trkpt lat="43.70727" lon="17.23161">
        <ele>877.8</ele>
      </trkpt>
      <trkpt lat="43.7071" lon="17.23078">
        <ele>878.5</ele>
      </trkpt>
      <trkpt lat="43.70689" lon="17.22995">
        <ele>877.5</ele>
      </trkpt>
      <trkpt lat="43.7066" lon="17.22904">
        <ele>877.1</ele>
      </trkpt>
      <trkpt lat="43.70632" lon="17.22813">
        <ele>877.6</ele>
      </trkpt>
      <trkpt lat="43.70597" lon="17.2273">
        <ele>876.7</ele>
      </trkpt>
      <trkpt lat="43.70563" lon="17.22646">
        <ele>875.0</ele>
      </trkpt>
      <trkpt lat="43.70511" lon="17.22546">
        <ele>875.9</ele>
      </trkpt>
      <trkpt lat="43.70463" lon="17.2246">
        <ele>875.9</ele>
      </trkpt>
      <trkpt lat="43.70414" lon="17.22375">
        <ele>875.5</ele>
      </trkpt>
      <trkpt lat="43.70373" lon="17.2229">
        <ele>877.0</ele>
      </trkpt>
      <trkpt lat="43.70348" lon="17.22227">
        <ele>876.6</ele>
      </trkpt>
      <trkpt lat="43.70324" lon="17.22164">
        <ele>876.3</ele>
      </trkpt>
      <trkpt lat="43.70322" lon="17.22158">
        <ele>876.3</ele>
      </trkpt>
      <trkpt lat="43.70283" lon="17.22069">
        <ele>876.0</ele>
      </trkpt>
      <trkpt lat="43.70254" lon="17.22019">
        <ele>875.9</ele>
      </trkpt>
      <trkpt lat="43.70226" lon="17.2197">
        <ele>876.0</ele>
      </trkpt>
      <trkpt lat="43.70179" lon="17.21902">
        <ele>875.3</ele>
      </trkpt>
      <trkpt lat="43.70132" lon="17.21834">
        <ele>873.6</ele>
      </trkpt>
      <trkpt lat="43.70102" lon="17.2177">
        <ele>873.9</ele>
      </trkpt>
      <trkpt lat="43.70093" lon="17.21745">
        <ele>873.6</ele>
      </trkpt>
      <trkpt lat="43.70085" lon="17.21719">
        <ele>873.5</ele>
      </trkpt>
      <trkpt lat="43.70073" lon="17.21669">
        <ele>873.8</ele>
      </trkpt>
      <trkpt lat="43.70064" lon="17.21609">
        <ele>875.7</ele>
      </trkpt>
      <trkpt lat="43.70022" lon="17.21582">
        <ele>875.6</ele>
      </trkpt>
      <trkpt lat="43.69966" lon="17.21542">
        <ele>876.1</ele>
      </trkpt>
      <trkpt lat="43.6991" lon="17.21501">
        <ele>875.7</ele>
      </trkpt>
      <trkpt lat="43.69837" lon="17.21451">
        <ele>872.0</ele>
      </trkpt>
      <trkpt lat="43.69764" lon="17.21402">
        <ele>869.7</ele>
      </trkpt>
      <trkpt lat="43.69691" lon="17.21352">
        <ele>868.7</ele>
      </trkpt>
      <trkpt lat="43.69618" lon="17.21302">
        <ele>869.0</ele>
      </trkpt>
      <trkpt lat="43.69544" lon="17.21252">
        <ele>868.5</ele>
      </trkpt>
      <trkpt lat="43.69486" lon="17.21211">
        <ele>868.5</ele>
      </trkpt>
      <trkpt lat="43.69427" lon="17.2117">
        <ele>868.0</ele>
      </trkpt>
      <trkpt lat="43.69409" lon="17.21149">
        <ele>867.8</ele>
      </trkpt>
      <trkpt lat="43.69408" lon="17.21141">
        <ele>867.8</ele>
      </trkpt>
      <trkpt lat="43.69402" lon="17.2113">
        <ele>867.6</ele>
      </trkpt>
      <trkpt lat="43.69395" lon="17.21126">
        <ele>867.4</ele>
      </trkpt>
      <trkpt lat="43.69385" lon="17.2113">
        <ele>867.1</ele>
      </trkpt>
      <trkpt lat="43.69372" lon="17.21128">
        <ele>866.7</ele>
      </trkpt>
      <trkpt lat="43.69352" lon="17.2112">
        <ele>866.0</ele>
      </trkpt>
      <trkpt lat="43.69273" lon="17.21066">
        <ele>865.2</ele>
      </trkpt>
      <trkpt lat="43.69195" lon="17.21012">
        <ele>865.9</ele>
      </trkpt>
      <trkpt lat="43.69116" lon="17.20958">
        <ele>865.5</ele>
      </trkpt>
      <trkpt lat="43.69038" lon="17.20904">
        <ele>864.9</ele>
      </trkpt>
      <trkpt lat="43.68959" lon="17.2085">
        <ele>865.0</ele>
      </trkpt>
      <trkpt lat="43.68881" lon="17.20796">
        <ele>865.6</ele>
      </trkpt>
      <trkpt lat="43.68802" lon="17.20742">
        <ele>864.0</ele>
      </trkpt>
      <trkpt lat="43.68724" lon="17.20689">
        <ele>864.9</ele>
      </trkpt>
      <trkpt lat="43.68646" lon="17.20635">
        <ele>865.8</ele>
      </trkpt>
      <trkpt lat="43.68576" lon="17.20586">
        <ele>864.7</ele>
      </trkpt>
      <trkpt lat="43.68507" lon="17.20538">
        <ele>862.7</ele>
      </trkpt>
      <trkpt lat="43.68438" lon="17.2049">
        <ele>862.9</ele>
      </trkpt>
      <trkpt lat="43.68369" lon="17.20441">
        <ele>864.4</ele>
      </trkpt>
      <trkpt lat="43.683" lon="17.20393">
        <ele>863.7</ele>
      </trkpt>
      <trkpt lat="43.68222" lon="17.2034">
        <ele>858.5</ele>
      </trkpt>
      <trkpt lat="43.68144" lon="17.20286">
        <ele>860.9</ele>
      </trkpt>
      <trkpt lat="43.68066" lon="17.20233">
        <ele>860.2</ele>
      </trkpt>
      <trkpt lat="43.67989" lon="17.2018">
        <ele>861.2</ele>
      </trkpt>
      <trkpt lat="43.67911" lon="17.20127">
        <ele>859.9</ele>
      </trkpt>
      <trkpt lat="43.67833" lon="17.20073">
        <ele>858.4</ele>
      </trkpt>
      <trkpt lat="43.67755" lon="17.2002">
        <ele>858.6</ele>
      </trkpt>
      <trkpt lat="43.67677" lon="17.19967">
        <ele>857.2</ele>
      </trkpt>
      <trkpt lat="43.67599" lon="17.19913">
        <ele>860.4</ele>
      </trkpt>
      <trkpt lat="43.67565" lon="17.19886">
        <ele>860.6</ele>
      </trkpt>
      <trkpt lat="43.67551" lon="17.19871">
        <ele>860.5</ele>
      </trkpt>
      <trkpt lat="43.67519" lon="17.19826">
        <ele>860.2</ele>
      </trkpt>
      <trkpt lat="43.67486" lon="17.1978">
        <ele>861.0</ele>
      </trkpt>
      <trkpt lat="43.67444" lon="17.19728">
        <ele>859.9</ele>
      </trkpt>
      <trkpt lat="43.67424" lon="17.19711">
        <ele>859.2</ele>
      </trkpt>
      <trkpt lat="43.67402" lon="17.19699">
        <ele>859.0</ele>
      </trkpt>
      <trkpt lat="43.67371" lon="17.19687">
        <ele>859.3</ele>
      </trkpt>
      <trkpt lat="43.6734" lon="17.19684">
        <ele>859.5</ele>
      </trkpt>
      <trkpt lat="43.67309" lon="17.19688">
        <ele>858.6</ele>
      </trkpt>
      <trkpt lat="43.67261" lon="17.197">
        <ele>859.4</ele>
      </trkpt>
      <trkpt lat="43.67226" lon="17.19711">
        <ele>860.0</ele>
      </trkpt>
      <trkpt lat="43.67168" lon="17.19728">
        <ele>861.0</ele>
      </trkpt>
      <trkpt lat="43.67135" lon="17.19744">
        <ele>860.6</ele>
      </trkpt>
      <trkpt lat="43.67111" lon="17.1976">
        <ele>860.4</ele>
      </trkpt>
      <trkpt lat="43.67085" lon="17.19782">
        <ele>860.9</ele>
      </trkpt>
      <trkpt lat="43.67072" lon="17.19797">
        <ele>861.5</ele>
      </trkpt>
      <trkpt lat="43.67043" lon="17.19842">
        <ele>862.3</ele>
      </trkpt>
      <trkpt lat="43.67006" lon="17.19922">
        <ele>862.5</ele>
      </trkpt>
      <trkpt lat="43.66968" lon="17.20003">
        <ele>862.3</ele>
      </trkpt>
      <trkpt lat="43.66931" lon="17.20083">
        <ele>863.3</ele>
      </trkpt>
      <trkpt lat="43.66894" lon="17.20164">
        <ele>864.1</ele>
      </trkpt>
      <trkpt lat="43.66857" lon="17.20239">
        <ele>862.8</ele>
      </trkpt>
      <trkpt lat="43.66819" lon="17.203">
        <ele>863.8</ele>
      </trkpt>
      <trkpt lat="43.66754" lon="17.2038">
        <ele>863.3</ele>
      </trkpt>
      <trkpt lat="43.66686" lon="17.20447">
        <ele>865.2</ele>
      </trkpt>
      <trkpt lat="43.66619" lon="17.20514">
        <ele>865.3</ele>
      </trkpt>
      <trkpt lat="43.66551" lon="17.20582">
        <ele>863.6</ele>
      </trkpt>
      <trkpt lat="43.66488" lon="17.20647">
        <ele>867.1</ele>
      </trkpt>
      <trkpt lat="43.66425" lon="17.20712">
        <ele>867.1</ele>
      </trkpt>
      <trkpt lat="43.66386" lon="17.20747">
        <ele>866.5</ele>
      </trkpt>
      <trkpt lat="43.66347" lon="17.20782">
        <ele>867.4</ele>
      </trkpt>
      <trkpt lat="43.66288" lon="17.2083">
        <ele>869.0</ele>
      </trkpt>
      <trkpt lat="43.66228" lon="17.20879">
        <ele>867.7</ele>
      </trkpt>
      <trkpt lat="43.66175" lon="17.20924">
        <ele>867.0</ele>
      </trkpt>
      <trkpt lat="43.66135" lon="17.20964">
        <ele>867.8</ele>
      </trkpt>
      <trkpt lat="43.66096" lon="17.21004">
        <ele>868.6</ele>
      </trkpt>
      <trkpt lat="43.66035" lon="17.21071">
        <ele>864.7</ele>
      </trkpt>
      <trkpt lat="43.65974" lon="17.21138">
        <ele>867.5</ele>
      </trkpt>
      <trkpt lat="43.65913" lon="17.21204">
        <ele>868.8</ele>
      </trkpt>
      <trkpt lat="43.65873" lon="17.21249">
        <ele>868.6</ele>
      </trkpt>
      <trkpt lat="43.65834" lon="17.21294">
        <ele>870.4</ele>
      </trkpt>
      <trkpt lat="43.6577" lon="17.21365">
        <ele>870.0</ele>
      </trkpt>
      <trkpt lat="43.65706" lon="17.21436">
        <ele>870.2</ele>
      </trkpt>
      <trkpt lat="43.65642" lon="17.21507">
        <ele>867.2</ele>
      </trkpt>
      <trkpt lat="43.65578" lon="17.21578">
        <ele>867.1</ele>
      </trkpt>
      <trkpt lat="43.65514" lon="17.21649">
        <ele>868.8</ele>
      </trkpt>
      <trkpt lat="43.65458" lon="17.21717">
        <ele>868.5</ele>
      </trkpt>
      <trkpt lat="43.65403" lon="17.21786">
        <ele>867.8</ele>
      </trkpt>
      <trkpt lat="43.65372" lon="17.21831">
        <ele>867.5</ele>
      </trkpt>
      <trkpt lat="43.65341" lon="17.21876">
        <ele>868.1</ele>
      </trkpt>
      <trkpt lat="43.6531" lon="17.21926">
        <ele>868.8</ele>
      </trkpt>
      <trkpt lat="43.65279" lon="17.21976">
        <ele>869.3</ele>
      </trkpt>
      <trkpt lat="43.65246" lon="17.22034">
        <ele>871.0</ele>
      </trkpt>
      <trkpt lat="43.65213" lon="17.22091">
        <ele>869.3</ele>
      </trkpt>
      <trkpt lat="43.65172" lon="17.22172">
        <ele>864.7</ele>
      </trkpt>
      <trkpt lat="43.65125" lon="17.22278">
        <ele>870.2</ele>
      </trkpt>
      <trkpt lat="43.65078" lon="17.22384">
        <ele>872.1</ele>
      </trkpt>
      <trkpt lat="43.65032" lon="17.2249">
        <ele>868.8</ele>
      </trkpt>
      <trkpt lat="43.64987" lon="17.22572">
        <ele>867.3</ele>
      </trkpt>
      <trkpt lat="43.64975" lon="17.22593">
        <ele>868.2</ele>
      </trkpt>
      <trkpt lat="43.64936" lon="17.22654">
        <ele>872.7</ele>
      </trkpt>
      <trkpt lat="43.64895" lon="17.22706">
        <ele>874.2</ele>
      </trkpt>
      <trkpt lat="43.64826" lon="17.22777">
        <ele>873.0</ele>
      </trkpt>
      <trkpt lat="43.64771" lon="17.22816">
        <ele>872.5</ele>
      </trkpt>
      <trkpt lat="43.64716" lon="17.22856">
        <ele>873.2</ele>
      </trkpt>
      <trkpt lat="43.64643" lon="17.229">
        <ele>874.4</ele>
      </trkpt>
      <trkpt lat="43.64571" lon="17.22944">
        <ele>875.9</ele>
      </trkpt>
      <trkpt lat="43.64499" lon="17.22988">
        <ele>876.7</ele>
      </trkpt>
      <trkpt lat="43.64426" lon="17.23032">
        <ele>878.3</ele>
      </trkpt>
      <trkpt lat="43.64354" lon="17.23076">
        <ele>878.1</ele>
      </trkpt>
      <trkpt lat="43.64274" lon="17.23131">
        <ele>877.0</ele>
      </trkpt>
      <trkpt lat="43.6422" lon="17.23174">
        <ele>877.1</ele>
      </trkpt>
      <trkpt lat="43.64166" lon="17.23216">
        <ele>878.4</ele>
      </trkpt>
      <trkpt lat="43.64111" lon="17.23271">
        <ele>880.0</ele>
      </trkpt>
      <trkpt lat="43.64056" lon="17.23325">
        <ele>879.1</ele>
      </trkpt>
      <trkpt lat="43.63999" lon="17.23392">
        <ele>877.9</ele>
      </trkpt>
      <trkpt lat="43.63956" lon="17.23449">
        <ele>879.0</ele>
      </trkpt>
      <trkpt lat="43.63919" lon="17.23501">
        <ele>880.9</ele>
      </trkpt>
      <trkpt lat="43.6387" lon="17.23578">
        <ele>881.6</ele>
      </trkpt>
      <trkpt lat="43.63821" lon="17.23655">
        <ele>879.2</ele>
      </trkpt>
      <trkpt lat="43.63772" lon="17.23732">
        <ele>877.3</ele>
      </trkpt>
      <trkpt lat="43.63716" lon="17.23824">
        <ele>876.9</ele>
      </trkpt>
      <trkpt lat="43.63661" lon="17.23916">
        <ele>877.1</ele>
      </trkpt>
      <trkpt lat="43.63605" lon="17.24008">
        <ele>878.2</ele>
      </trkpt>
      <trkpt lat="43.63549" lon="17.241">
        <ele>878.9</ele>
      </trkpt>
      <trkpt lat="43.63493" lon="17.24192">
        <ele>879.2</ele>
      </trkpt>
      <trkpt lat="43.63453" lon="17.24252">
        <ele>879.7</ele>
      </trkpt>
      <trkpt lat="43.63404" lon="17.24314">
        <ele>880.5</ele>
      </trkpt>
      <trkpt lat="43.63345" lon="17.24381">
        <ele>880.4</ele>
      </trkpt>
      <trkpt lat="43.63285" lon="17.24447">
        <ele>880.1</ele>
      </trkpt>
      <trkpt lat="43.63226" lon="17.24513">
        <ele>881.2</ele>
      </trkpt>
      <trkpt lat="43.63169" lon="17.24573">
        <ele>883.1</ele>
      </trkpt>
      <trkpt lat="43.63111" lon="17.24633">
        <ele>883.4</ele>
      </trkpt>
      <trkpt lat="43.63054" lon="17.24693">
        <ele>884.4</ele>
      </trkpt>
      <trkpt lat="43.62986" lon="17.24771">
        <ele>884.9</ele>
      </trkpt>
      <trkpt lat="43.62939" lon="17.24828">
        <ele>884.1</ele>
      </trkpt>
      <trkpt lat="43.62892" lon="17.24885">
        <ele>883.9</ele>
      </trkpt>
      <trkpt lat="43.62858" lon="17.24932">
        <ele>884.6</ele>
      </trkpt>
      <trkpt lat="43.62824" lon="17.24978">
        <ele>884.7</ele>
      </trkpt>
      <trkpt lat="43.62759" lon="17.25058">
        <ele>882.0</ele>
      </trkpt>
      <trkpt lat="43.62725" lon="17.25104">
        <ele>881.9</ele>
      </trkpt>
      <trkpt lat="43.62691" lon="17.25149">
        <ele>882.5</ele>
      </trkpt>
      <trkpt lat="43.62654" lon="17.25202">
        <ele>883.8</ele>
      </trkpt>
      <trkpt lat="43.62617" lon="17.25255">
        <ele>884.5</ele>
      </trkpt>
      <trkpt lat="43.62564" lon="17.25327">
        <ele>885.5</ele>
      </trkpt>
      <trkpt lat="43.6251" lon="17.25399">
        <ele>884.5</ele>
      </trkpt>
      <trkpt lat="43.62456" lon="17.25471">
        <ele>884.3</ele>
      </trkpt>
      <trkpt lat="43.62402" lon="17.25543">
        <ele>884.6</ele>
      </trkpt>
      <trkpt lat="43.62348" lon="17.25615">
        <ele>884.0</ele>
      </trkpt>
      <trkpt lat="43.62295" lon="17.25687">
        <ele>885.2</ele>
      </trkpt>
      <trkpt lat="43.62236" lon="17.25768">
        <ele>886.3</ele>
      </trkpt>
      <trkpt lat="43.62178" lon="17.25849">
        <ele>887.4</ele>
      </trkpt>
      <trkpt lat="43.62143" lon="17.25908">
        <ele>887.1</ele>
      </trkpt>
      <trkpt lat="43.62109" lon="17.25968">
        <ele>886.6</ele>
      </trkpt>
      <trkpt lat="43.62056" lon="17.26067">
        <ele>886.4</ele>
      </trkpt>
      <trkpt lat="43.62003" lon="17.26167">
        <ele>887.8</ele>
      </trkpt>
      <trkpt lat="43.6195" lon="17.26266">
        <ele>888.2</ele>
      </trkpt>
      <trkpt lat="43.61918" lon="17.26317">
        <ele>889.1</ele>
      </trkpt>
      <trkpt lat="43.61861" lon="17.26379">
        <ele>887.8</ele>
      </trkpt>
      <trkpt lat="43.61826" lon="17.2641">
        <ele>885.7</ele>
      </trkpt>
      <trkpt lat="43.6178" lon="17.26438">
        <ele>885.3</ele>
      </trkpt>
      <trkpt lat="43.61706" lon="17.26472">
        <ele>884.4</ele>
      </trkpt>
      <trkpt lat="43.61631" lon="17.26506">
        <ele>882.4</ele>
      </trkpt>
      <trkpt lat="43.61556" lon="17.2654">
        <ele>883.0</ele>
      </trkpt>
      <trkpt lat="43.61502" lon="17.2657">
        <ele>883.9</ele>
      </trkpt>
      <trkpt lat="43.61429" lon="17.26618">
        <ele>887.1</ele>
      </trkpt>
      <trkpt lat="43.61356" lon="17.26666">
        <ele>883.8</ele>
      </trkpt>
      <trkpt lat="43.61283" lon="17.26715">
        <ele>883.7</ele>
      </trkpt>
      <trkpt lat="43.61204" lon="17.26762">
        <ele>883.2</ele>
      </trkpt>
      <trkpt lat="43.61152" lon="17.26788">
        <ele>883.4</ele>
      </trkpt>
      <trkpt lat="43.61089" lon="17.26824">
        <ele>885.2</ele>
      </trkpt>
      <trkpt lat="43.61025" lon="17.26859">
        <ele>887.4</ele>
      </trkpt>
      <trkpt lat="43.60969" lon="17.26899">
        <ele>890.2</ele>
      </trkpt>
      <trkpt lat="43.60923" lon="17.26937">
        <ele>890.6</ele>
      </trkpt>
      <trkpt lat="43.60876" lon="17.26975">
        <ele>889.0</ele>
      </trkpt>
      <trkpt lat="43.60808" lon="17.27025">
        <ele>888.2</ele>
      </trkpt>
      <trkpt lat="43.60757" lon="17.27058">
        <ele>888.9</ele>
      </trkpt>
      <trkpt lat="43.60705" lon="17.2709">
        <ele>889.4</ele>
      </trkpt>
      <trkpt lat="43.60639" lon="17.2713">
        <ele>887.7</ele>
      </trkpt>
      <trkpt lat="43.60574" lon="17.2717">
        <ele>885.1</ele>
      </trkpt>
      <trkpt lat="43.60493" lon="17.2722">
        <ele>885.7</ele>
      </trkpt>
      <trkpt lat="43.60437" lon="17.27253">
        <ele>884.9</ele>
      </trkpt>
      <trkpt lat="43.60381" lon="17.27285">
        <ele>882.8</ele>
      </trkpt>
      <trkpt lat="43.60323" lon="17.27314">
        <ele>882.4</ele>
      </trkpt>
      <trkpt lat="43.60265" lon="17.27344">
        <ele>884.2</ele>
      </trkpt>
      <trkpt lat="43.60208" lon="17.2736">
        <ele>883.9</ele>
      </trkpt>
      <trkpt lat="43.60142" lon="17.27375">
        <ele>883.4</ele>
      </trkpt>
      <trkpt lat="43.60077" lon="17.2739">
        <ele>884.2</ele>
      </trkpt>
      <trkpt lat="43.60021" lon="17.27395">
        <ele>883.3</ele>
      </trkpt>
      <trkpt lat="43.59958" lon="17.27399">
        <ele>883.3</ele>
      </trkpt>
      <trkpt lat="43.59871" lon="17.27397">
        <ele>883.4</ele>
      </trkpt>
      <trkpt lat="43.59784" lon="17.27396">
        <ele>883.9</ele>
      </trkpt>
      <trkpt lat="43.59697" lon="17.27394">
        <ele>886.0</ele>
      </trkpt>
      <trkpt lat="43.59651" lon="17.27387">
        <ele>886.5</ele>
      </trkpt>
      <trkpt lat="43.59629" lon="17.27381">
        <ele>885.9</ele>
      </trkpt>
      <trkpt lat="43.59585" lon="17.2736">
        <ele>885.1</ele>
      </trkpt>
      <trkpt lat="43.59542" lon="17.2734">
        <ele>884.8</ele>
      </trkpt>
      <trkpt lat="43.59489" lon="17.27322">
        <ele>884.7</ele>
      </trkpt>
      <trkpt lat="43.5942" lon="17.27312">
        <ele>885.3</ele>
      </trkpt>
      <trkpt lat="43.59372" lon="17.27312">
        <ele>884.7</ele>
      </trkpt>
      <trkpt lat="43.59334" lon="17.27318">
        <ele>884.2</ele>
      </trkpt>
      <trkpt lat="43.59253" lon="17.27337">
        <ele>884.0</ele>
      </trkpt>
      <trkpt lat="43.59172" lon="17.27359">
        <ele>890.0</ele>
      </trkpt>
      <trkpt lat="43.59092" lon="17.27382">
        <ele>891.8</ele>
      </trkpt>
      <trkpt lat="43.59067" lon="17.27392">
        <ele>892.4</ele>
      </trkpt>
      <trkpt lat="43.59037" lon="17.27407">
        <ele>893.6</ele>
      </trkpt>
      <trkpt lat="43.59012" lon="17.27423">
        <ele>894.8</ele>
      </trkpt>
      <trkpt lat="43.58985" lon="17.27444">
        <ele>893.7</ele>
      </trkpt>
      <trkpt lat="43.58943" lon="17.27487">
        <ele>890.7</ele>
      </trkpt>
      <trkpt lat="43.58916" lon="17.27522">
        <ele>889.5</ele>
      </trkpt>
      <trkpt lat="43.58875" lon="17.27583">
        <ele>889.5</ele>
      </trkpt>
      <trkpt lat="43.58835" lon="17.27645">
        <ele>890.9</ele>
      </trkpt>
      <trkpt lat="43.58792" lon="17.27727">
        <ele>894.7</ele>
      </trkpt>
      <trkpt lat="43.58766" lon="17.27789">
        <ele>898.1</ele>
      </trkpt>
      <trkpt lat="43.58742" lon="17.27861">
        <ele>901.5</ele>
      </trkpt>
      <trkpt lat="43.58719" lon="17.27942">
        <ele>903.0</ele>
      </trkpt>
      <trkpt lat="43.58694" lon="17.28038">
        <ele>903.0</ele>
      </trkpt>
      <trkpt lat="43.58668" lon="17.28134">
        <ele>903.4</ele>
      </trkpt>
      <trkpt lat="43.58653" lon="17.28182">
        <ele>903.1</ele>
      </trkpt>
      <trkpt lat="43.58639" lon="17.2822">
        <ele>903.1</ele>
      </trkpt>
      <trkpt lat="43.58614" lon="17.28277">
        <ele>901.6</ele>
      </trkpt>
      <trkpt lat="43.58588" lon="17.28334">
        <ele>899.0</ele>
      </trkpt>
      <trkpt lat="43.58564" lon="17.28408">
        <ele>897.8</ele>
      </trkpt>
      <trkpt lat="43.58542" lon="17.28505">
        <ele>896.8</ele>
      </trkpt>
      <trkpt lat="43.58528" lon="17.28556">
        <ele>896.1</ele>
      </trkpt>
      <trkpt lat="43.58517" lon="17.28587">
        <ele>896.0</ele>
      </trkpt>
      <trkpt lat="43.58505" lon="17.28617">
        <ele>896.7</ele>
      </trkpt>
      <trkpt lat="43.58489" lon="17.28644">
        <ele>899.0</ele>
      </trkpt>
      <trkpt lat="43.58472" lon="17.28669">
        <ele>900.7</ele>
      </trkpt>
      <trkpt lat="43.58452" lon="17.28692">
        <ele>903.1</ele>
      </trkpt>
      <trkpt lat="43.58433" lon="17.28708">
        <ele>904.6</ele>
      </trkpt>
      <trkpt lat="43.58389" lon="17.28735">
        <ele>905.6</ele>
      </trkpt>
      <trkpt lat="43.58373" lon="17.2874">
        <ele>905.9</ele>
      </trkpt>
      <trkpt lat="43.58355" lon="17.28741">
        <ele>906.5</ele>
      </trkpt>
      <trkpt lat="43.58338" lon="17.28738">
        <ele>907.1</ele>
      </trkpt>
      <trkpt lat="43.5832" lon="17.28731">
        <ele>908.0</ele>
      </trkpt>
      <trkpt lat="43.583" lon="17.28718">
        <ele>908.8</ele>
      </trkpt>
      <trkpt lat="43.58284" lon="17.28706">
        <ele>909.1</ele>
      </trkpt>
      <trkpt lat="43.58268" lon="17.28691">
        <ele>909.0</ele>
      </trkpt>
      <trkpt lat="43.58238" lon="17.28652">
        <ele>909.5</ele>
      </trkpt>
      <trkpt lat="43.58209" lon="17.28622">
        <ele>911.0</ele>
      </trkpt>
      <trkpt lat="43.58174" lon="17.28594">
        <ele>909.9</ele>
      </trkpt>
      <trkpt lat="43.58158" lon="17.28585">
        <ele>908.8</ele>
      </trkpt>
      <trkpt lat="43.58124" lon="17.28574">
        <ele>908.1</ele>
      </trkpt>
      <trkpt lat="43.58107" lon="17.28572">
        <ele>907.7</ele>
      </trkpt>
      <trkpt lat="43.58024" lon="17.28566">
        <ele>906.8</ele>
      </trkpt>
      <trkpt lat="43.57941" lon="17.2856">
        <ele>908.4</ele>
      </trkpt>
      <trkpt lat="43.5789" lon="17.28545">
        <ele>910.5</ele>
      </trkpt>
      <trkpt lat="43.57842" lon="17.28524">
        <ele>912.1</ele>
      </trkpt>
      <trkpt lat="43.57794" lon="17.28503">
        <ele>913.0</ele>
      </trkpt>
      <trkpt lat="43.57753" lon="17.28491">
        <ele>914.5</ele>
      </trkpt>
      <trkpt lat="43.57725" lon="17.28486">
        <ele>915.5</ele>
      </trkpt>
      <trkpt lat="43.57661" lon="17.28483">
        <ele>918.0</ele>
      </trkpt>
      <trkpt lat="43.57592" lon="17.28489">
        <ele>917.6</ele>
      </trkpt>
      <trkpt lat="43.57523" lon="17.28495">
        <ele>913.5</ele>
      </trkpt>
      <trkpt lat="43.57472" lon="17.28497">
        <ele>912.6</ele>
      </trkpt>
      <trkpt lat="43.57422" lon="17.28499">
        <ele>913.1</ele>
      </trkpt>
      <trkpt lat="43.57376" lon="17.28499">
        <ele>914.1</ele>
      </trkpt>
      <trkpt lat="43.57329" lon="17.28498">
        <ele>915.6</ele>
      </trkpt>
      <trkpt lat="43.57272" lon="17.28494">
        <ele>919.6</ele>
      </trkpt>
      <trkpt lat="43.57193" lon="17.28496">
        <ele>927.4</ele>
      </trkpt>
      <trkpt lat="43.57133" lon="17.28506">
        <ele>934.4</ele>
      </trkpt>
      <trkpt lat="43.57102" lon="17.28516">
        <ele>938.4</ele>
      </trkpt>
      <trkpt lat="43.57074" lon="17.28528">
        <ele>941.7</ele>
      </trkpt>
      <trkpt lat="43.57029" lon="17.28555">
        <ele>944.3</ele>
      </trkpt>
      <trkpt lat="43.56984" lon="17.28575">
        <ele>946.5</ele>
      </trkpt>
      <trkpt lat="43.56924" lon="17.28608">
        <ele>948.9</ele>
      </trkpt>
      <trkpt lat="43.56865" lon="17.28641">
        <ele>949.9</ele>
      </trkpt>
      <trkpt lat="43.56838" lon="17.2865">
        <ele>950.5</ele>
      </trkpt>
      <trkpt lat="43.56807" lon="17.28658">
        <ele>949.1</ele>
      </trkpt>
      <trkpt lat="43.56789" lon="17.2866">
        <ele>948.4</ele>
      </trkpt>
      <trkpt lat="43.56748" lon="17.28656">
        <ele>947.3</ele>
      </trkpt>
      <trkpt lat="43.56721" lon="17.2865">
        <ele>946.1</ele>
      </trkpt>
      <trkpt lat="43.56681" lon="17.28634">
        <ele>944.5</ele>
      </trkpt>
      <trkpt lat="43.56645" lon="17.28611">
        <ele>943.5</ele>
      </trkpt>
      <trkpt lat="43.56622" lon="17.28592">
        <ele>943.1</ele>
      </trkpt>
      <trkpt lat="43.56582" lon="17.28545">
        <ele>942.9</ele>
      </trkpt>
      <trkpt lat="43.5656" lon="17.28513">
        <ele>943.0</ele>
      </trkpt>
      <trkpt lat="43.56531" lon="17.28459">
        <ele>940.9</ele>
      </trkpt>
      <trkpt lat="43.56513" lon="17.28429">
        <ele>938.6</ele>
      </trkpt>
      <trkpt lat="43.56494" lon="17.28402">
        <ele>937.0</ele>
      </trkpt>
      <trkpt lat="43.56474" lon="17.28378">
        <ele>937.5</ele>
      </trkpt>
      <trkpt lat="43.56452" lon="17.28357">
        <ele>938.0</ele>
      </trkpt>
      <trkpt lat="43.56432" lon="17.28341">
        <ele>938.5</ele>
      </trkpt>
      <trkpt lat="43.56409" lon="17.28327">
        <ele>938.4</ele>
      </trkpt>
      <trkpt lat="43.56364" lon="17.28302">
        <ele>934.6</ele>
      </trkpt>
      <trkpt lat="43.56297" lon="17.28279">
        <ele>927.6</ele>
      </trkpt>
      <trkpt lat="43.56229" lon="17.28256">
        <ele>920.8</ele>
      </trkpt>
      <trkpt lat="43.56193" lon="17.28235">
        <ele>917.4</ele>
      </trkpt>
      <trkpt lat="43.56159" lon="17.28206">
        <ele>913.2</ele>
      </trkpt>
      <trkpt lat="43.56113" lon="17.2816">
        <ele>912.9</ele>
      </trkpt>
      <trkpt lat="43.56057" lon="17.28087">
        <ele>907.1</ele>
      </trkpt>
      <trkpt lat="43.56015" lon="17.28044">
        <ele>907.6</ele>
      </trkpt>
      <trkpt lat="43.55967" lon="17.28003">
        <ele>908.5</ele>
      </trkpt>
      <trkpt lat="43.55922" lon="17.2797">
        <ele>906.2</ele>
      </trkpt>
      <trkpt lat="43.55857" lon="17.27936">
        <ele>901.4</ele>
      </trkpt>
      <trkpt lat="43.55821" lon="17.27921">
        <ele>898.3</ele>
      </trkpt>
      <trkpt lat="43.5577" lon="17.27909">
        <ele>896.8</ele>
      </trkpt>
      <trkpt lat="43.55719" lon="17.27897">
        <ele>897.2</ele>
      </trkpt>
      <trkpt lat="43.55665" lon="17.27882">
        <ele>897.5</ele>
      </trkpt>
      <trkpt lat="43.5562" lon="17.27867">
        <ele>899.3</ele>
      </trkpt>
      <trkpt lat="43.55579" lon="17.27846">
        <ele>898.6</ele>
      </trkpt>
      <trkpt lat="43.55516" lon="17.27802">
        <ele>895.2</ele>
      </trkpt>
      <trkpt lat="43.55453" lon="17.27759">
        <ele>895.6</ele>
      </trkpt>
      <trkpt lat="43.5539" lon="17.27715">
        <ele>894.1</ele>
      </trkpt>
      <trkpt lat="43.55358" lon="17.27698">
        <ele>894.8</ele>
      </trkpt>
      <trkpt lat="43.55313" lon="17.27691">
        <ele>895.8</ele>
      </trkpt>
      <trkpt lat="43.55271" lon="17.27693">
        <ele>896.1</ele>
      </trkpt>
      <trkpt lat="43.55229" lon="17.27706">
        <ele>897.3</ele>
      </trkpt>
      <trkpt lat="43.55207" lon="17.27718">
        <ele>897.4</ele>
      </trkpt>
      <trkpt lat="43.55179" lon="17.27738">
        <ele>896.2</ele>
      </trkpt>
      <trkpt lat="43.55109" lon="17.27795">
        <ele>900.1</ele>
      </trkpt>
      <trkpt lat="43.5509" lon="17.27808">
        <ele>900.5</ele>
      </trkpt>
      <trkpt lat="43.55039" lon="17.27838">
        <ele>898.8</ele>
      </trkpt>
      <trkpt lat="43.55013" lon="17.27848">
        <ele>899.0</ele>
      </trkpt>
      <trkpt lat="43.54973" lon="17.27862">
        <ele>900.1</ele>
      </trkpt>
      <trkpt lat="43.54898" lon="17.27878">
        <ele>900.3</ele>
      </trkpt>
      <trkpt lat="43.54823" lon="17.27893">
        <ele>898.2</ele>
      </trkpt>
      <trkpt lat="43.54747" lon="17.27909">
        <ele>898.0</ele>
      </trkpt>
      <trkpt lat="43.54677" lon="17.27923">
        <ele>894.5</ele>
      </trkpt>
      <trkpt lat="43.54608" lon="17.27936">
        <ele>893.6</ele>
      </trkpt>
      <trkpt lat="43.54521" lon="17.27957">
        <ele>891.3</ele>
      </trkpt>
      <trkpt lat="43.54503" lon="17.27964">
        <ele>891.1</ele>
      </trkpt>
      <trkpt lat="43.54464" lon="17.27986">
        <ele>887.6</ele>
      </trkpt>
      <trkpt lat="43.54444" lon="17.28001">
        <ele>884.7</ele>
      </trkpt>
      <trkpt lat="43.54422" lon="17.28021">
        <ele>882.7</ele>
      </trkpt>
      <trkpt lat="43.54366" lon="17.28086">
        <ele>884.8</ele>
      </trkpt>
      <trkpt lat="43.54328" lon="17.28121">
        <ele>884.3</ele>
      </trkpt>
      <trkpt lat="43.54308" lon="17.28135">
        <ele>883.8</ele>
      </trkpt>
      <trkpt lat="43.54272" lon="17.28148">
        <ele>880.8</ele>
      </trkpt>
      <trkpt lat="43.54236" lon="17.28152">
        <ele>879.6</ele>
      </trkpt>
      <trkpt lat="43.54212" lon="17.28152">
        <ele>881.7</ele>
      </trkpt>
      <trkpt lat="43.54167" lon="17.28146">
        <ele>885.7</ele>
      </trkpt>
      <trkpt lat="43.54138" lon="17.28144">
        <ele>887.0</ele>
      </trkpt>
      <trkpt lat="43.54098" lon="17.28151">
        <ele>889.5</ele>
      </trkpt>
      <trkpt lat="43.54078" lon="17.28159">
        <ele>891.3</ele>
      </trkpt>
      <trkpt lat="43.54054" lon="17.28171">
        <ele>891.0</ele>
      </trkpt>
      <trkpt lat="43.54028" lon="17.28188">
        <ele>890.5</ele>
      </trkpt>
      <trkpt lat="43.53977" lon="17.28215">
        <ele>889.5</ele>
      </trkpt>
      <trkpt lat="43.53944" lon="17.2823">
        <ele>889.4</ele>
      </trkpt>
      <trkpt lat="43.53917" lon="17.28236">
        <ele>888.7</ele>
      </trkpt>
      <trkpt lat="43.53903" lon="17.28237">
        <ele>889.4</ele>
      </trkpt>
      <trkpt lat="43.53873" lon="17.28233">
        <ele>890.7</ele>
      </trkpt>
      <trkpt lat="43.53816" lon="17.28215">
        <ele>891.0</ele>
      </trkpt>
      <trkpt lat="43.53792" lon="17.28212">
        <ele>890.6</ele>
      </trkpt>
      <trkpt lat="43.53771" lon="17.28212">
        <ele>890.5</ele>
      </trkpt>
      <trkpt lat="43.53752" lon="17.28216">
        <ele>890.9</ele>
      </trkpt>
      <trkpt lat="43.53722" lon="17.28226">
        <ele>888.1</ele>
      </trkpt>
      <trkpt lat="43.53656" lon="17.2826">
        <ele>883.4</ele>
      </trkpt>
      <trkpt lat="43.53634" lon="17.28267">
        <ele>882.0</ele>
      </trkpt>
      <trkpt lat="43.53608" lon="17.28272">
        <ele>879.8</ele>
      </trkpt>
      <trkpt lat="43.53566" lon="17.2827">
        <ele>876.2</ele>
      </trkpt>
      <trkpt lat="43.53549" lon="17.28264">
        <ele>874.7</ele>
      </trkpt>
      <trkpt lat="43.53528" lon="17.28252">
        <ele>871.8</ele>
      </trkpt>
      <trkpt lat="43.53494" lon="17.28226">
        <ele>867.9</ele>
      </trkpt>
      <trkpt lat="43.53457" lon="17.28201">
        <ele>864.4</ele>
      </trkpt>
      <trkpt lat="43.53431" lon="17.28188">
        <ele>862.4</ele>
      </trkpt>
      <trkpt lat="43.53402" lon="17.28183">
        <ele>860.5</ele>
      </trkpt>
      <trkpt lat="43.53366" lon="17.28183">
        <ele>857.8</ele>
      </trkpt>
      <trkpt lat="43.53347" lon="17.28188">
        <ele>857.6</ele>
      </trkpt>
      <trkpt lat="43.5333" lon="17.28195">
        <ele>858.3</ele>
      </trkpt>
      <trkpt lat="43.53283" lon="17.28229">
        <ele>859.5</ele>
      </trkpt>
      <trkpt lat="43.53242" lon="17.28262">
        <ele>857.6</ele>
      </trkpt>
      <trkpt lat="43.53192" lon="17.28295">
        <ele>859.2</ele>
      </trkpt>
      <trkpt lat="43.5317" lon="17.28307">
        <ele>857.7</ele>
      </trkpt>
      <trkpt lat="43.53139" lon="17.28318">
        <ele>856.8</ele>
      </trkpt>
      <trkpt lat="43.53107" lon="17.28323">
        <ele>855.2</ele>
      </trkpt>
      <trkpt lat="43.53061" lon="17.28322">
        <ele>853.3</ele>
      </trkpt>
      <trkpt lat="43.53035" lon="17.28318">
        <ele>852.5</ele>
      </trkpt>
      <trkpt lat="43.53007" lon="17.28309">
        <ele>851.2</ele>
      </trkpt>
      <trkpt lat="43.52983" lon="17.28295">
        <ele>851.7</ele>
      </trkpt>
      <trkpt lat="43.52959" lon="17.28275">
        <ele>852.7</ele>
      </trkpt>
      <trkpt lat="43.52923" lon="17.28231">
        <ele>852.8</ele>
      </trkpt>
      <trkpt lat="43.52887" lon="17.28186">
        <ele>854.8</ele>
      </trkpt>
      <trkpt lat="43.52849" lon="17.28137">
        <ele>855.4</ele>
      </trkpt>
      <trkpt lat="43.52811" lon="17.28088">
        <ele>852.3</ele>
      </trkpt>
      <trkpt lat="43.52764" lon="17.28038">
        <ele>845.5</ele>
      </trkpt>
      <trkpt lat="43.52718" lon="17.27989">
        <ele>842.3</ele>
      </trkpt>
      <trkpt lat="43.52672" lon="17.27951">
        <ele>844.3</ele>
      </trkpt>
      <trkpt lat="43.52621" lon="17.27916">
        <ele>844.3</ele>
      </trkpt>
      <trkpt lat="43.52584" lon="17.27893">
        <ele>845.9</ele>
      </trkpt>
      <trkpt lat="43.52554" lon="17.27871">
        <ele>844.7</ele>
      </trkpt>
      <trkpt lat="43.52528" lon="17.27849">
        <ele>843.5</ele>
      </trkpt>
      <trkpt lat="43.52481" lon="17.27803">
        <ele>840.9</ele>
      </trkpt>
      <trkpt lat="43.52463" lon="17.27778">
        <ele>839.7</ele>
      </trkpt>
      <trkpt lat="43.52436" lon="17.27729">
        <ele>837.1</ele>
      </trkpt>
      <trkpt lat="43.52408" lon="17.27655">
        <ele>836.7</ele>
      </trkpt>
      <trkpt lat="43.5238" lon="17.27582">
        <ele>834.7</ele>
      </trkpt>
      <trkpt lat="43.52352" lon="17.27509">
        <ele>837.5</ele>
      </trkpt>
      <trkpt lat="43.52334" lon="17.27472">
        <ele>839.7</ele>
      </trkpt>
      <trkpt lat="43.52313" lon="17.27437">
        <ele>839.1</ele>
      </trkpt>
      <trkpt lat="43.52295" lon="17.27413">
        <ele>839.7</ele>
      </trkpt>
      <trkpt lat="43.52277" lon="17.27392">
        <ele>839.0</ele>
      </trkpt>
      <trkpt lat="43.52251" lon="17.27366">
        <ele>841.5</ele>
      </trkpt>
      <trkpt lat="43.52194" lon="17.27318">
        <ele>842.9</ele>
      </trkpt>
      <trkpt lat="43.52136" lon="17.27269">
        <ele>840.5</ele>
      </trkpt>
      <trkpt lat="43.52107" lon="17.2724">
        <ele>840.5</ele>
      </trkpt>
      <trkpt lat="43.52088" lon="17.27219">
        <ele>840.8</ele>
      </trkpt>
      <trkpt lat="43.5207" lon="17.27193">
        <ele>840.2</ele>
      </trkpt>
      <trkpt lat="43.5206" lon="17.27172">
        <ele>838.8</ele>
      </trkpt>
      <trkpt lat="43.52027" lon="17.27084">
        <ele>833.8</ele>
      </trkpt>
      <trkpt lat="43.51995" lon="17.26995">
        <ele>828.0</ele>
      </trkpt>
      <trkpt lat="43.51983" lon="17.26967">
        <ele>823.2</ele>
      </trkpt>
      <trkpt lat="43.51962" lon="17.26935">
        <ele>819.5</ele>
      </trkpt>
      <trkpt lat="43.5194" lon="17.26913">
        <ele>818.7</ele>
      </trkpt>
      <trkpt lat="43.51878" lon="17.26861">
        <ele>817.6</ele>
      </trkpt>
      <trkpt lat="43.51816" lon="17.2681">
        <ele>814.9</ele>
      </trkpt>
      <trkpt lat="43.51793" lon="17.26792">
        <ele>812.7</ele>
      </trkpt>
      <trkpt lat="43.51778" lon="17.26785">
        <ele>812.8</ele>
      </trkpt>
      <trkpt lat="43.51747" lon="17.26776">
        <ele>814.4</ele>
      </trkpt>
      <trkpt lat="43.5169" lon="17.26766">
        <ele>808.4</ele>
      </trkpt>
      <trkpt lat="43.51629" lon="17.26766">
        <ele>805.3</ele>
      </trkpt>
      <trkpt lat="43.51569" lon="17.26765">
        <ele>802.3</ele>
      </trkpt>
      <trkpt lat="43.51542" lon="17.26763">
        <ele>800.4</ele>
      </trkpt>
      <trkpt lat="43.51482" lon="17.26752">
        <ele>793.2</ele>
      </trkpt>
      <trkpt lat="43.51459" lon="17.26751">
        <ele>791.9</ele>
      </trkpt>
      <trkpt lat="43.51438" lon="17.26752">
        <ele>791.5</ele>
      </trkpt>
      <trkpt lat="43.51418" lon="17.26757">
        <ele>792.5</ele>
      </trkpt>
      <trkpt lat="43.51396" lon="17.26766">
        <ele>788.8</ele>
      </trkpt>
      <trkpt lat="43.51369" lon="17.26781">
        <ele>785.4</ele>
      </trkpt>
      <trkpt lat="43.51344" lon="17.268">
        <ele>784.6</ele>
      </trkpt>
      <trkpt lat="43.51301" lon="17.26844">
        <ele>789.1</ele>
      </trkpt>
      <trkpt lat="43.51257" lon="17.26888">
        <ele>788.5</ele>
      </trkpt>
      <trkpt lat="43.51193" lon="17.26942">
        <ele>780.2</ele>
      </trkpt>
      <trkpt lat="43.51146" lon="17.26967">
        <ele>775.6</ele>
      </trkpt>
      <trkpt lat="43.51083" lon="17.26983">
        <ele>770.3</ele>
      </trkpt>
      <trkpt lat="43.51058" lon="17.26992">
        <ele>769.8</ele>
      </trkpt>
      <trkpt lat="43.51039" lon="17.27001">
        <ele>769.8</ele>
      </trkpt>
      <trkpt lat="43.5101" lon="17.27022">
        <ele>768.4</ele>
      </trkpt>
      <trkpt lat="43.50985" lon="17.27047">
        <ele>766.9</ele>
      </trkpt>
      <trkpt lat="43.50952" lon="17.27091">
        <ele>765.1</ele>
      </trkpt>
      <trkpt lat="43.50919" lon="17.27134">
        <ele>763.3</ele>
      </trkpt>
      <trkpt lat="43.50898" lon="17.27156">
        <ele>762.3</ele>
      </trkpt>
      <trkpt lat="43.5087" lon="17.27178">
        <ele>760.9</ele>
      </trkpt>
      <trkpt lat="43.50814" lon="17.27215">
        <ele>756.7</ele>
      </trkpt>
      <trkpt lat="43.50758" lon="17.27252">
        <ele>750.4</ele>
      </trkpt>
      <trkpt lat="43.5073" lon="17.27275">
        <ele>749.0</ele>
      </trkpt>
      <trkpt lat="43.50699" lon="17.27303">
        <ele>747.8</ele>
      </trkpt>
      <trkpt lat="43.50642" lon="17.27366">
        <ele>745.7</ele>
      </trkpt>
      <trkpt lat="43.50619" lon="17.27393">
        <ele>744.8</ele>
      </trkpt>
      <trkpt lat="43.50603" lon="17.27415">
        <ele>744.1</ele>
      </trkpt>
      <trkpt lat="43.50587" lon="17.27441">
        <ele>742.7</ele>
      </trkpt>
      <trkpt lat="43.50571" lon="17.27475">
        <ele>741.3</ele>
      </trkpt>
      <trkpt lat="43.50539" lon="17.27571">
        <ele>738.1</ele>
      </trkpt>
      <trkpt lat="43.50531" lon="17.27613">
        <ele>737.2</ele>
      </trkpt>
      <trkpt lat="43.50516" lon="17.27714">
        <ele>735.2</ele>
      </trkpt>
      <trkpt lat="43.50501" lon="17.27815">
        <ele>734.5</ele>
      </trkpt>
      <trkpt lat="43.50486" lon="17.27917">
        <ele>732.5</ele>
      </trkpt>
      <trkpt lat="43.5047" lon="17.28018">
        <ele>729.2</ele>
      </trkpt>
      <trkpt lat="43.50455" lon="17.28119">
        <ele>729.0</ele>
      </trkpt>
      <trkpt lat="43.50444" lon="17.28189">
        <ele>727.4</ele>
      </trkpt>
      <trkpt lat="43.50432" lon="17.28259">
        <ele>725.2</ele>
      </trkpt>
      <trkpt lat="43.5042" lon="17.28301">
        <ele>724.2</ele>
      </trkpt>
      <trkpt lat="43.504" lon="17.28344">
        <ele>723.4</ele>
      </trkpt>
      <trkpt lat="43.50376" lon="17.28388">
        <ele>721.6</ele>
      </trkpt>
      <trkpt lat="43.50354" lon="17.28423">
        <ele>719.4</ele>
      </trkpt>
      <trkpt lat="43.50335" lon="17.28445">
        <ele>717.2</ele>
      </trkpt>
      <trkpt lat="43.50315" lon="17.28464">
        <ele>715.6</ele>
      </trkpt>
      <trkpt lat="43.50296" lon="17.28477">
        <ele>714.6</ele>
      </trkpt>
      <trkpt lat="43.50278" lon="17.28486">
        <ele>713.8</ele>
      </trkpt>
      <trkpt lat="43.5026" lon="17.28493">
        <ele>713.1</ele>
      </trkpt>
      <trkpt lat="43.50243" lon="17.28496">
        <ele>712.3</ele>
      </trkpt>
      <trkpt lat="43.50157" lon="17.28498">
        <ele>707.0</ele>
      </trkpt>
      <trkpt lat="43.50072" lon="17.285">
        <ele>699.9</ele>
      </trkpt>
      <trkpt lat="43.50004" lon="17.28511">
        <ele>693.5</ele>
      </trkpt>
      <trkpt lat="43.4997" lon="17.2852">
        <ele>690.6</ele>
      </trkpt>
      <trkpt lat="43.49937" lon="17.28532">
        <ele>688.2</ele>
      </trkpt>
      <trkpt lat="43.49899" lon="17.2855">
        <ele>686.7</ele>
      </trkpt>
      <trkpt lat="43.49823" lon="17.28595">
        <ele>687.7</ele>
      </trkpt>
      <trkpt lat="43.49747" lon="17.2864">
        <ele>683.6</ele>
      </trkpt>
      <trkpt lat="43.49725" lon="17.28657">
        <ele>681.2</ele>
      </trkpt>
      <trkpt lat="43.49703" lon="17.28679">
        <ele>678.9</ele>
      </trkpt>
      <trkpt lat="43.49684" lon="17.28703">
        <ele>677.2</ele>
      </trkpt>
      <trkpt lat="43.49667" lon="17.28729">
        <ele>676.3</ele>
      </trkpt>
      <trkpt lat="43.49646" lon="17.28768">
        <ele>674.9</ele>
      </trkpt>
      <trkpt lat="43.49614" lon="17.28836">
        <ele>672.6</ele>
      </trkpt>
      <trkpt lat="43.49583" lon="17.28905">
        <ele>671.8</ele>
      </trkpt>
      <trkpt lat="43.49566" lon="17.28937">
        <ele>671.9</ele>
      </trkpt>
      <trkpt lat="43.49551" lon="17.28963">
        <ele>671.5</ele>
      </trkpt>
      <trkpt lat="43.49532" lon="17.28986">
        <ele>669.7</ele>
      </trkpt>
      <trkpt lat="43.49503" lon="17.29014">
        <ele>666.2</ele>
      </trkpt>
      <trkpt lat="43.49438" lon="17.29073">
        <ele>664.2</ele>
      </trkpt>
      <trkpt lat="43.49373" lon="17.29132">
        <ele>660.4</ele>
      </trkpt>
      <trkpt lat="43.49346" lon="17.29151">
        <ele>658.2</ele>
      </trkpt>
      <trkpt lat="43.49301" lon="17.29172">
        <ele>654.7</ele>
      </trkpt>
      <trkpt lat="43.49256" lon="17.29193">
        <ele>651.5</ele>
      </trkpt>
      <trkpt lat="43.49223" lon="17.29212">
        <ele>650.0</ele>
      </trkpt>
      <trkpt lat="43.49193" lon="17.29231">
        <ele>648.8</ele>
      </trkpt>
      <trkpt lat="43.49165" lon="17.29253">
        <ele>647.9</ele>
      </trkpt>
      <trkpt lat="43.49141" lon="17.29275">
        <ele>645.8</ele>
      </trkpt>
      <trkpt lat="43.49084" lon="17.29332">
        <ele>642.9</ele>
      </trkpt>
      <trkpt lat="43.49027" lon="17.29389">
        <ele>641.1</ele>
      </trkpt>
      <trkpt lat="43.48971" lon="17.29445">
        <ele>636.9</ele>
      </trkpt>
      <trkpt lat="43.48945" lon="17.29465">
        <ele>634.4</ele>
      </trkpt>
      <trkpt lat="43.48912" lon="17.29487">
        <ele>631.9</ele>
      </trkpt>
      <trkpt lat="43.48851" lon="17.29518">
        <ele>630.0</ele>
      </trkpt>
      <trkpt lat="43.48791" lon="17.29549">
        <ele>629.5</ele>
      </trkpt>
      <trkpt lat="43.48772" lon="17.2956">
        <ele>629.2</ele>
      </trkpt>
      <trkpt lat="43.4875" lon="17.29576">
        <ele>628.6</ele>
      </trkpt>
      <trkpt lat="43.48694" lon="17.29625">
        <ele>626.1</ele>
      </trkpt>
      <trkpt lat="43.48638" lon="17.29674">
        <ele>624.1</ele>
      </trkpt>
      <trkpt lat="43.48585" lon="17.29718">
        <ele>624.2</ele>
      </trkpt>
      <trkpt lat="43.48532" lon="17.29763">
        <ele>623.7</ele>
      </trkpt>
      <trkpt lat="43.48466" lon="17.29826">
        <ele>623.7</ele>
      </trkpt>
      <trkpt lat="43.48447" lon="17.29836">
        <ele>622.6</ele>
      </trkpt>
      <trkpt lat="43.48434" lon="17.29838">
        <ele>621.6</ele>
      </trkpt>
      <trkpt lat="43.48431" lon="17.29835">
        <ele>621.3</ele>
      </trkpt>
      <trkpt lat="43.48423" lon="17.29833">
        <ele>620.5</ele>
      </trkpt>
      <trkpt lat="43.48416" lon="17.2984">
        <ele>620.2</ele>
      </trkpt>
      <trkpt lat="43.48413" lon="17.29845">
        <ele>620.3</ele>
      </trkpt>
      <trkpt lat="43.48413" lon="17.29857">
        <ele>620.7</ele>
      </trkpt>
      <trkpt lat="43.4841" lon="17.29874">
        <ele>621.2</ele>
      </trkpt>
      <trkpt lat="43.48399" lon="17.29905">
        <ele>621.3</ele>
      </trkpt>
      <trkpt lat="43.48365" lon="17.29954">
        <ele>618.8</ele>
      </trkpt>
      <trkpt lat="43.48335" lon="17.29992">
        <ele>616.2</ele>
      </trkpt>
      <trkpt lat="43.48302" lon="17.30023">
        <ele>616.2</ele>
      </trkpt>
      <trkpt lat="43.48274" lon="17.30046">
        <ele>616.3</ele>
      </trkpt>
      <trkpt lat="43.48231" lon="17.30084">
        <ele>616.5</ele>
      </trkpt>
      <trkpt lat="43.48204" lon="17.30117">
        <ele>618.1</ele>
      </trkpt>
      <trkpt lat="43.48191" lon="17.30138">
        <ele>618.9</ele>
      </trkpt>
      <trkpt lat="43.48156" lon="17.30204">
        <ele>618.6</ele>
      </trkpt>
      <trkpt lat="43.48138" lon="17.30233">
        <ele>617.5</ele>
      </trkpt>
      <trkpt lat="43.48125" lon="17.30249">
        <ele>617.0</ele>
      </trkpt>
      <trkpt lat="43.48122" lon="17.30251">
        <ele>617.0</ele>
      </trkpt>
      <trkpt lat="43.48115" lon="17.3026">
        <ele>617.0</ele>
      </trkpt>
      <trkpt lat="43.48114" lon="17.30274">
        <ele>617.0</ele>
      </trkpt>
      <trkpt lat="43.48115" lon="17.3028">
        <ele>617.1</ele>
      </trkpt>
      <trkpt lat="43.48122" lon="17.3029">
        <ele>617.2</ele>
      </trkpt>
      <trkpt lat="43.48133" lon="17.30293">
        <ele>617.4</ele>
      </trkpt>
      <trkpt lat="43.48142" lon="17.30301">
        <ele>617.7</ele>
      </trkpt>
      <trkpt lat="43.48147" lon="17.30313">
        <ele>618.0</ele>
      </trkpt>
      <trkpt lat="43.48149" lon="17.30327">
        <ele>618.3</ele>
      </trkpt>
      <trkpt lat="43.48148" lon="17.30337">
        <ele>618.5</ele>
      </trkpt>
      <trkpt lat="43.48134" lon="17.30378">
        <ele>619.5</ele>
      </trkpt>
      <trkpt lat="43.48128" lon="17.30403">
        <ele>620.2</ele>
      </trkpt>
      <trkpt lat="43.48113" lon="17.30497">
        <ele>620.4</ele>
      </trkpt>
      <trkpt lat="43.48098" lon="17.30592">
        <ele>626.2</ele>
      </trkpt>
      <trkpt lat="43.48082" lon="17.30687">
        <ele>629.6</ele>
      </trkpt>
      <trkpt lat="43.48067" lon="17.30782">
        <ele>633.1</ele>
      </trkpt>
      <trkpt lat="43.48054" lon="17.30854">
        <ele>635.9</ele>
      </trkpt>
      <trkpt lat="43.4804" lon="17.30903">
        <ele>635.6</ele>
      </trkpt>
      <trkpt lat="43.48026" lon="17.30946">
        <ele>635.5</ele>
      </trkpt>
      <trkpt lat="43.47991" lon="17.31042">
        <ele>636.3</ele>
      </trkpt>
      <trkpt lat="43.47956" lon="17.31137">
        <ele>639.2</ele>
      </trkpt>
      <trkpt lat="43.47931" lon="17.31194">
        <ele>640.6</ele>
      </trkpt>
      <trkpt lat="43.47891" lon="17.31271">
        <ele>643.5</ele>
      </trkpt>
      <trkpt lat="43.47851" lon="17.31349">
        <ele>644.5</ele>
      </trkpt>
      <trkpt lat="43.47815" lon="17.31435">
        <ele>646.4</ele>
      </trkpt>
      <trkpt lat="43.47801" lon="17.31479">
        <ele>649.0</ele>
      </trkpt>
      <trkpt lat="43.47775" lon="17.31584">
        <ele>654.5</ele>
      </trkpt>
      <trkpt lat="43.47748" lon="17.31689">
        <ele>657.3</ele>
      </trkpt>
      <trkpt lat="43.47721" lon="17.31795">
        <ele>660.9</ele>
      </trkpt>
      <trkpt lat="43.47695" lon="17.319">
        <ele>664.0</ele>
      </trkpt>
      <trkpt lat="43.47665" lon="17.31989">
        <ele>667.2</ele>
      </trkpt>
      <trkpt lat="43.47642" lon="17.32043">
        <ele>668.8</ele>
      </trkpt>
      <trkpt lat="43.47619" lon="17.32096">
        <ele>669.5</ele>
      </trkpt>
      <trkpt lat="43.47608" lon="17.32126">
        <ele>669.6</ele>
      </trkpt>
      <trkpt lat="43.47598" lon="17.32166">
        <ele>669.7</ele>
      </trkpt>
      <trkpt lat="43.47594" lon="17.322">
        <ele>669.1</ele>
      </trkpt>
      <trkpt lat="43.47593" lon="17.32225">
        <ele>668.8</ele>
      </trkpt>
      <trkpt lat="43.47596" lon="17.32288">
        <ele>668.7</ele>
      </trkpt>
      <trkpt lat="43.47598" lon="17.32351">
        <ele>669.1</ele>
      </trkpt>
      <trkpt lat="43.47591" lon="17.32421">
        <ele>668.8</ele>
      </trkpt>
      <trkpt lat="43.47584" lon="17.32451">
        <ele>668.9</ele>
      </trkpt>
      <trkpt lat="43.47573" lon="17.3248">
        <ele>669.7</ele>
      </trkpt>
      <trkpt lat="43.47544" lon="17.32542">
        <ele>674.5</ele>
      </trkpt>
      <trkpt lat="43.47506" lon="17.32615">
        <ele>680.3</ele>
      </trkpt>
      <trkpt lat="43.47468" lon="17.32689">
        <ele>682.5</ele>
      </trkpt>
      <trkpt lat="43.4746" lon="17.327">
        <ele>682.2</ele>
      </trkpt>
      <trkpt lat="43.47451" lon="17.3272">
        <ele>681.5</ele>
      </trkpt>
      <trkpt lat="43.47444" lon="17.32725">
        <ele>681.1</ele>
      </trkpt>
      <trkpt lat="43.47443" lon="17.32735">
        <ele>680.9</ele>
      </trkpt>
      <trkpt lat="43.47429" lon="17.32769">
        <ele>679.4</ele>
      </trkpt>
      <trkpt lat="43.47388" lon="17.32844">
        <ele>674.9</ele>
      </trkpt>
      <trkpt lat="43.47348" lon="17.32918">
        <ele>670.7</ele>
      </trkpt>
      <trkpt lat="43.47322" lon="17.32972">
        <ele>669.3</ele>
      </trkpt>
      <trkpt lat="43.47305" lon="17.33016">
        <ele>668.6</ele>
      </trkpt>
      <trkpt lat="43.47291" lon="17.33059">
        <ele>667.6</ele>
      </trkpt>
      <trkpt lat="43.47279" lon="17.33112">
        <ele>667.2</ele>
      </trkpt>
      <trkpt lat="43.47263" lon="17.33213">
        <ele>666.4</ele>
      </trkpt>
      <trkpt lat="43.47247" lon="17.33315">
        <ele>664.2</ele>
      </trkpt>
      <trkpt lat="43.47232" lon="17.33393">
        <ele>663.2</ele>
      </trkpt>
      <trkpt lat="43.47221" lon="17.33435">
        <ele>662.2</ele>
      </trkpt>
      <trkpt lat="43.47191" lon="17.33515">
        <ele>658.9</ele>
      </trkpt>
      <trkpt lat="43.47157" lon="17.33585">
        <ele>658.5</ele>
      </trkpt>
      <trkpt lat="43.47124" lon="17.33655">
        <ele>657.3</ele>
      </trkpt>
      <trkpt lat="43.4709" lon="17.33725">
        <ele>656.0</ele>
      </trkpt>
      <trkpt lat="43.47052" lon="17.33817">
        <ele>654.5</ele>
      </trkpt>
      <trkpt lat="43.47036" lon="17.33868">
        <ele>654.0</ele>
      </trkpt>
      <trkpt lat="43.47016" lon="17.3395">
        <ele>653.3</ele>
      </trkpt>
      <trkpt lat="43.47004" lon="17.3399">
        <ele>652.4</ele>
      </trkpt>
      <trkpt lat="43.46991" lon="17.34064">
        <ele>651.2</ele>
      </trkpt>
      <trkpt lat="43.46973" lon="17.34156">
        <ele>646.8</ele>
      </trkpt>
      <trkpt lat="43.46954" lon="17.34247">
        <ele>642.7</ele>
      </trkpt>
      <trkpt lat="43.46938" lon="17.34302">
        <ele>637.9</ele>
      </trkpt>
      <trkpt lat="43.4692" lon="17.34346">
        <ele>633.9</ele>
      </trkpt>
      <trkpt lat="43.46888" lon="17.34396">
        <ele>631.1</ele>
      </trkpt>
      <trkpt lat="43.46877" lon="17.3441">
        <ele>630.3</ele>
      </trkpt>
      <trkpt lat="43.46838" lon="17.34449">
        <ele>628.4</ele>
      </trkpt>
      <trkpt lat="43.46807" lon="17.34471">
        <ele>626.2</ele>
      </trkpt>
      <trkpt lat="43.46774" lon="17.34487">
        <ele>623.9</ele>
      </trkpt>
      <trkpt lat="43.46702" lon="17.34514">
        <ele>618.5</ele>
      </trkpt>
      <trkpt lat="43.4663" lon="17.3454">
        <ele>614.9</ele>
      </trkpt>
      <trkpt lat="43.46545" lon="17.3457">
        <ele>609.9</ele>
      </trkpt>
      <trkpt lat="43.4646" lon="17.34599">
        <ele>605.1</ele>
      </trkpt>
      <trkpt lat="43.46447" lon="17.34601">
        <ele>604.7</ele>
      </trkpt>
      <trkpt lat="43.46429" lon="17.34593">
        <ele>604.2</ele>
      </trkpt>
      <trkpt lat="43.4642" lon="17.3458">
        <ele>604.1</ele>
      </trkpt>
      <trkpt lat="43.46413" lon="17.34571">
        <ele>603.9</ele>
      </trkpt>
      <trkpt lat="43.46404" lon="17.34569">
        <ele>603.8</ele>
      </trkpt>
      <trkpt lat="43.46396" lon="17.34576">
        <ele>603.6</ele>
      </trkpt>
      <trkpt lat="43.46389" lon="17.34604">
        <ele>603.1</ele>
      </trkpt>
      <trkpt lat="43.46373" lon="17.34638">
        <ele>602.3</ele>
      </trkpt>
      <trkpt lat="43.46334" lon="17.3469">
        <ele>601.6</ele>
      </trkpt>
      <trkpt lat="43.46276" lon="17.34781">
        <ele>606.5</ele>
      </trkpt>
      <trkpt lat="43.46219" lon="17.34872">
        <ele>608.1</ele>
      </trkpt>
      <trkpt lat="43.4618" lon="17.34938">
        <ele>610.4</ele>
      </trkpt>
      <trkpt lat="43.46153" lon="17.34993">
        <ele>610.5</ele>
      </trkpt>
      <trkpt lat="43.46147" lon="17.35007">
        <ele>610.5</ele>
      </trkpt>
      <trkpt lat="43.4614" lon="17.35027">
        <ele>610.5</ele>
      </trkpt>
      <trkpt lat="43.46128" lon="17.35086">
        <ele>610.7</ele>
      </trkpt>
      <trkpt lat="43.46121" lon="17.35189">
        <ele>611.5</ele>
      </trkpt>
      <trkpt lat="43.46117" lon="17.35283">
        <ele>613.0</ele>
      </trkpt>
      <trkpt lat="43.46112" lon="17.35376">
        <ele>615.2</ele>
      </trkpt>
      <trkpt lat="43.46108" lon="17.3547">
        <ele>616.9</ele>
      </trkpt>
      <trkpt lat="43.46103" lon="17.3554">
        <ele>618.5</ele>
      </trkpt>
      <trkpt lat="43.46098" lon="17.3561">
        <ele>620.4</ele>
      </trkpt>
      <trkpt lat="43.46092" lon="17.35657">
        <ele>621.8</ele>
      </trkpt>
      <trkpt lat="43.46082" lon="17.35697">
        <ele>621.9</ele>
      </trkpt>
      <trkpt lat="43.46056" lon="17.35783">
        <ele>619.1</ele>
      </trkpt>
      <trkpt lat="43.46039" lon="17.35824">
        <ele>617.1</ele>
      </trkpt>
      <trkpt lat="43.46018" lon="17.35863">
        <ele>616.9</ele>
      </trkpt>
      <trkpt lat="43.45995" lon="17.359">
        <ele>617.3</ele>
      </trkpt>
      <trkpt lat="43.45976" lon="17.35926">
        <ele>617.7</ele>
      </trkpt>
      <trkpt lat="43.45947" lon="17.3596">
        <ele>617.6</ele>
      </trkpt>
      <trkpt lat="43.45893" lon="17.36013">
        <ele>616.5</ele>
      </trkpt>
      <trkpt lat="43.4584" lon="17.36065">
        <ele>614.6</ele>
      </trkpt>
      <trkpt lat="43.45812" lon="17.36096">
        <ele>615.0</ele>
      </trkpt>
      <trkpt lat="43.45781" lon="17.3614">
        <ele>614.8</ele>
      </trkpt>
      <trkpt lat="43.45749" lon="17.36189">
        <ele>613.8</ele>
      </trkpt>
      <trkpt lat="43.4573" lon="17.36224">
        <ele>614.2</ele>
      </trkpt>
      <trkpt lat="43.45701" lon="17.36287">
        <ele>612.5</ele>
      </trkpt>
      <trkpt lat="43.45687" lon="17.36323">
        <ele>610.9</ele>
      </trkpt>
      <trkpt lat="43.45669" lon="17.36378">
        <ele>609.8</ele>
      </trkpt>
      <trkpt lat="43.45654" lon="17.36436">
        <ele>609.7</ele>
      </trkpt>
      <trkpt lat="43.45641" lon="17.36504">
        <ele>609.7</ele>
      </trkpt>
      <trkpt lat="43.45632" lon="17.36573">
        <ele>607.1</ele>
      </trkpt>
      <trkpt lat="43.45628" lon="17.36619">
        <ele>607.7</ele>
      </trkpt>
      <trkpt lat="43.45624" lon="17.36648">
        <ele>608.6</ele>
      </trkpt>
      <trkpt lat="43.45612" lon="17.36703">
        <ele>609.6</ele>
      </trkpt>
      <trkpt lat="43.45605" lon="17.36728">
        <ele>610.1</ele>
      </trkpt>
      <trkpt lat="43.45592" lon="17.3676">
        <ele>611.0</ele>
      </trkpt>
      <trkpt lat="43.45575" lon="17.368">
        <ele>610.6</ele>
      </trkpt>
      <trkpt lat="43.45533" lon="17.36892">
        <ele>607.8</ele>
      </trkpt>
      <trkpt lat="43.45509" lon="17.36949">
        <ele>608.1</ele>
      </trkpt>
      <trkpt lat="43.45487" lon="17.37007">
        <ele>609.1</ele>
      </trkpt>
      <trkpt lat="43.45475" lon="17.37046">
        <ele>608.2</ele>
      </trkpt>
      <trkpt lat="43.45461" lon="17.37103">
        <ele>607.0</ele>
      </trkpt>
      <trkpt lat="43.45453" lon="17.3717">
        <ele>605.6</ele>
      </trkpt>
      <trkpt lat="43.45447" lon="17.37258">
        <ele>604.5</ele>
      </trkpt>
      <trkpt lat="43.45442" lon="17.37347">
        <ele>605.0</ele>
      </trkpt>
      <trkpt lat="43.45435" lon="17.3739">
        <ele>605.0</ele>
      </trkpt>
      <trkpt lat="43.45423" lon="17.37442">
        <ele>605.6</ele>
      </trkpt>
      <trkpt lat="43.45412" lon="17.37478">
        <ele>606.3</ele>
      </trkpt>
      <trkpt lat="43.45394" lon="17.37521">
        <ele>606.9</ele>
      </trkpt>
      <trkpt lat="43.45353" lon="17.37604">
        <ele>608.2</ele>
      </trkpt>
      <trkpt lat="43.45312" lon="17.37688">
        <ele>608.7</ele>
      </trkpt>
      <trkpt lat="43.45271" lon="17.37771">
        <ele>608.2</ele>
      </trkpt>
      <trkpt lat="43.45249" lon="17.37822">
        <ele>606.9</ele>
      </trkpt>
      <trkpt lat="43.45229" lon="17.37883">
        <ele>608.1</ele>
      </trkpt>
      <trkpt lat="43.45214" lon="17.37934">
        <ele>608.4</ele>
      </trkpt>
      <trkpt lat="43.45201" lon="17.3799">
        <ele>606.3</ele>
      </trkpt>
      <trkpt lat="43.45192" lon="17.38047">
        <ele>606.6</ele>
      </trkpt>
      <trkpt lat="43.45179" lon="17.3816">
        <ele>609.0</ele>
      </trkpt>
      <trkpt lat="43.45166" lon="17.38273">
        <ele>608.6</ele>
      </trkpt>
      <trkpt lat="43.45147" lon="17.38382">
        <ele>610.4</ele>
      </trkpt>
      <trkpt lat="43.45121" lon="17.38486">
        <ele>611.1</ele>
      </trkpt>
      <trkpt lat="43.45097" lon="17.38563">
        <ele>609.9</ele>
      </trkpt>
      <trkpt lat="43.45067" lon="17.38647">
        <ele>610.0</ele>
      </trkpt>
      <trkpt lat="43.45036" lon="17.38732">
        <ele>610.1</ele>
      </trkpt>
      <trkpt lat="43.45005" lon="17.38816">
        <ele>609.9</ele>
      </trkpt>
      <trkpt lat="43.44975" lon="17.38901">
        <ele>611.0</ele>
      </trkpt>
      <trkpt lat="43.44958" lon="17.38951">
        <ele>611.2</ele>
      </trkpt>
      <trkpt lat="43.44938" lon="17.39022">
        <ele>612.2</ele>
      </trkpt>
      <trkpt lat="43.44921" lon="17.39092">
        <ele>615.2</ele>
      </trkpt>
      <trkpt lat="43.44904" lon="17.39197">
        <ele>614.4</ele>
      </trkpt>
      <trkpt lat="43.44888" lon="17.39301">
        <ele>609.4</ele>
      </trkpt>
      <trkpt lat="43.44879" lon="17.39338">
        <ele>608.6</ele>
      </trkpt>
      <trkpt lat="43.44867" lon="17.3938">
        <ele>609.3</ele>
      </trkpt>
      <trkpt lat="43.4485" lon="17.39422">
        <ele>610.1</ele>
      </trkpt>
      <trkpt lat="43.44832" lon="17.39461">
        <ele>610.5</ele>
      </trkpt>
      <trkpt lat="43.44814" lon="17.39494">
        <ele>610.4</ele>
      </trkpt>
      <trkpt lat="43.44797" lon="17.39522">
        <ele>610.8</ele>
      </trkpt>
      <trkpt lat="43.44772" lon="17.39553">
        <ele>611.3</ele>
      </trkpt>
      <trkpt lat="43.44753" lon="17.39572">
        <ele>611.6</ele>
      </trkpt>
      <trkpt lat="43.44734" lon="17.39587">
        <ele>612.0</ele>
      </trkpt>
      <trkpt lat="43.44692" lon="17.39613">
        <ele>612.6</ele>
      </trkpt>
      <trkpt lat="43.44612" lon="17.39647">
        <ele>613.1</ele>
      </trkpt>
      <trkpt lat="43.44589" lon="17.39659">
        <ele>613.6</ele>
      </trkpt>
      <trkpt lat="43.44564" lon="17.39675">
        <ele>613.5</ele>
      </trkpt>
      <trkpt lat="43.44544" lon="17.39693">
        <ele>613.4</ele>
      </trkpt>
      <trkpt lat="43.4452" lon="17.39718">
        <ele>613.1</ele>
      </trkpt>
      <trkpt lat="43.445" lon="17.39742">
        <ele>612.7</ele>
      </trkpt>
      <trkpt lat="43.44474" lon="17.39791">
        <ele>611.7</ele>
      </trkpt>
      <trkpt lat="43.44456" lon="17.39831">
        <ele>611.0</ele>
      </trkpt>
      <trkpt lat="43.44438" lon="17.39889">
        <ele>611.8</ele>
      </trkpt>
      <trkpt lat="43.44414" lon="17.39992">
        <ele>609.9</ele>
      </trkpt>
      <trkpt lat="43.44406" lon="17.40047">
        <ele>610.1</ele>
      </trkpt>
      <trkpt lat="43.44404" lon="17.4008">
        <ele>610.6</ele>
      </trkpt>
      <trkpt lat="43.44404" lon="17.40117">
        <ele>611.2</ele>
      </trkpt>
      <trkpt lat="43.44407" lon="17.4015">
        <ele>612.2</ele>
      </trkpt>
      <trkpt lat="43.44421" lon="17.40234">
        <ele>614.0</ele>
      </trkpt>
      <trkpt lat="43.44424" lon="17.40262">
        <ele>614.2</ele>
      </trkpt>
      <trkpt lat="43.44426" lon="17.40375">
        <ele>613.3</ele>
      </trkpt>
      <trkpt lat="43.44428" lon="17.4041">
        <ele>613.3</ele>
      </trkpt>
      <trkpt lat="43.44434" lon="17.40435">
        <ele>613.7</ele>
      </trkpt>
      <trkpt lat="43.44443" lon="17.40458">
        <ele>614.3</ele>
      </trkpt>
      <trkpt lat="43.44456" lon="17.4048">
        <ele>615.2</ele>
      </trkpt>
      <trkpt lat="43.44489" lon="17.4052">
        <ele>617.7</ele>
      </trkpt>
      <trkpt lat="43.44504" lon="17.40544">
        <ele>618.8</ele>
      </trkpt>
      <trkpt lat="43.44508" lon="17.40551">
        <ele>619.4</ele>
      </trkpt>
      <trkpt lat="43.44513" lon="17.40572">
        <ele>619.9</ele>
      </trkpt>
      <trkpt lat="43.44515" lon="17.40592">
        <ele>620.7</ele>
      </trkpt>
      <trkpt lat="43.44513" lon="17.40611">
        <ele>621.5</ele>
      </trkpt>
      <trkpt lat="43.44508" lon="17.40632">
        <ele>621.4</ele>
      </trkpt>
      <trkpt lat="43.445" lon="17.40651">
        <ele>620.1</ele>
      </trkpt>
      <trkpt lat="43.44483" lon="17.40673">
        <ele>620.7</ele>
      </trkpt>
      <trkpt lat="43.44473" lon="17.40682">
        <ele>621.1</ele>
      </trkpt>
      <trkpt lat="43.44447" lon="17.40693">
        <ele>620.3</ele>
      </trkpt>
      <trkpt lat="43.44422" lon="17.40693">
        <ele>618.3</ele>
      </trkpt>
      <trkpt lat="43.44409" lon="17.40688">
        <ele>618.5</ele>
      </trkpt>
      <trkpt lat="43.44374" lon="17.40666">
        <ele>620.5</ele>
      </trkpt>
      <trkpt lat="43.44314" lon="17.40634">
        <ele>619.7</ele>
      </trkpt>
      <trkpt lat="43.44254" lon="17.40602">
        <ele>617.9</ele>
      </trkpt>
      <trkpt lat="43.44194" lon="17.4057">
        <ele>621.2</ele>
      </trkpt>
      <trkpt lat="43.44164" lon="17.40561">
        <ele>623.6</ele>
      </trkpt>
      <trkpt lat="43.44129" lon="17.4056">
        <ele>622.9</ele>
      </trkpt>
      <trkpt lat="43.44107" lon="17.40566">
        <ele>623.7</ele>
      </trkpt>
      <trkpt lat="43.44042" lon="17.40593">
        <ele>629.1</ele>
      </trkpt>
      <trkpt lat="43.44028" lon="17.40596">
        <ele>629.9</ele>
      </trkpt>
      <trkpt lat="43.43967" lon="17.40594">
        <ele>629.9</ele>
      </trkpt>
      <trkpt lat="43.4395" lon="17.40598">
        <ele>630.5</ele>
      </trkpt>
      <trkpt lat="43.43938" lon="17.40606">
        <ele>631.5</ele>
      </trkpt>
      <trkpt lat="43.43925" lon="17.40619">
        <ele>633.0</ele>
      </trkpt>
      <trkpt lat="43.43912" lon="17.40637">
        <ele>634.5</ele>
      </trkpt>
      <trkpt lat="43.439" lon="17.40667">
        <ele>636.6</ele>
      </trkpt>
      <trkpt lat="43.43887" lon="17.40705">
        <ele>639.7</ele>
      </trkpt>
      <trkpt lat="43.43879" lon="17.40724">
        <ele>641.0</ele>
      </trkpt>
      <trkpt lat="43.43871" lon="17.40738">
        <ele>641.9</ele>
      </trkpt>
      <trkpt lat="43.43859" lon="17.40754">
        <ele>642.6</ele>
      </trkpt>
      <trkpt lat="43.43844" lon="17.40768">
        <ele>642.7</ele>
      </trkpt>
      <trkpt lat="43.43811" lon="17.40791">
        <ele>642.5</ele>
      </trkpt>
      <trkpt lat="43.43796" lon="17.40804">
        <ele>642.7</ele>
      </trkpt>
      <trkpt lat="43.43781" lon="17.4082">
        <ele>643.1</ele>
      </trkpt>
      <trkpt lat="43.43769" lon="17.40839">
        <ele>643.8</ele>
      </trkpt>
      <trkpt lat="43.43754" lon="17.40869">
        <ele>645.2</ele>
      </trkpt>
      <trkpt lat="43.43745" lon="17.40896">
        <ele>647.2</ele>
      </trkpt>
      <trkpt lat="43.43729" lon="17.40959">
        <ele>651.4</ele>
      </trkpt>
      <trkpt lat="43.43713" lon="17.40991">
        <ele>653.1</ele>
      </trkpt>
      <trkpt lat="43.43699" lon="17.41007">
        <ele>654.1</ele>
      </trkpt>
      <trkpt lat="43.43629" lon="17.41056">
        <ele>659.3</ele>
      </trkpt>
      <trkpt lat="43.43579" lon="17.41103">
        <ele>661.4</ele>
      </trkpt>
      <trkpt lat="43.43546" lon="17.41138">
        <ele>664.2</ele>
      </trkpt>
      <trkpt lat="43.43502" lon="17.41172">
        <ele>667.4</ele>
      </trkpt>
      <trkpt lat="43.43469" lon="17.41188">
        <ele>668.9</ele>
      </trkpt>
      <trkpt lat="43.43403" lon="17.41211">
        <ele>671.2</ele>
      </trkpt>
      <trkpt lat="43.43373" lon="17.41217">
        <ele>671.6</ele>
      </trkpt>
      <trkpt lat="43.43358" lon="17.41224">
        <ele>672.1</ele>
      </trkpt>
      <trkpt lat="43.43319" lon="17.41247">
        <ele>674.5</ele>
      </trkpt>
      <trkpt lat="43.43281" lon="17.41277">
        <ele>679.4</ele>
      </trkpt>
      <trkpt lat="43.43265" lon="17.41294">
        <ele>681.5</ele>
      </trkpt>
      <trkpt lat="43.43247" lon="17.41318">
        <ele>684.0</ele>
      </trkpt>
      <trkpt lat="43.43221" lon="17.4137">
        <ele>687.5</ele>
      </trkpt>
      <trkpt lat="43.43212" lon="17.41384">
        <ele>687.7</ele>
      </trkpt>
      <trkpt lat="43.43204" lon="17.41391">
        <ele>687.6</ele>
      </trkpt>
      <trkpt lat="43.43195" lon="17.41395">
        <ele>687.5</ele>
      </trkpt>
      <trkpt lat="43.43185" lon="17.41395">
        <ele>687.4</ele>
      </trkpt>
      <trkpt lat="43.43177" lon="17.41393">
        <ele>687.5</ele>
      </trkpt>
      <trkpt lat="43.4317" lon="17.41386">
        <ele>687.8</ele>
      </trkpt>
      <trkpt lat="43.43163" lon="17.41374">
        <ele>689.1</ele>
      </trkpt>
      <trkpt lat="43.43159" lon="17.41359">
        <ele>690.6</ele>
      </trkpt>
      <trkpt lat="43.43159" lon="17.4128">
        <ele>691.5</ele>
      </trkpt>
      <trkpt lat="43.43158" lon="17.41248">
        <ele>691.4</ele>
      </trkpt>
      <trkpt lat="43.43156" lon="17.41226">
        <ele>691.8</ele>
      </trkpt>
      <trkpt lat="43.4315" lon="17.41202">
        <ele>692.7</ele>
      </trkpt>
      <trkpt lat="43.43138" lon="17.4118">
        <ele>694.2</ele>
      </trkpt>
      <trkpt lat="43.43125" lon="17.41167">
        <ele>695.5</ele>
      </trkpt>
      <trkpt lat="43.43081" lon="17.41135">
        <ele>699.1</ele>
      </trkpt>
      <trkpt lat="43.43068" lon="17.41123">
        <ele>700.1</ele>
      </trkpt>
      <trkpt lat="43.43055" lon="17.41111">
        <ele>700.8</ele>
      </trkpt>
      <trkpt lat="43.43023" lon="17.41068">
        <ele>701.3</ele>
      </trkpt>
      <trkpt lat="43.43012" lon="17.41059">
        <ele>701.8</ele>
      </trkpt>
      <trkpt lat="43.43001" lon="17.41054">
        <ele>702.5</ele>
      </trkpt>
      <trkpt lat="43.42982" lon="17.41052">
        <ele>704.1</ele>
      </trkpt>
      <trkpt lat="43.42932" lon="17.4106">
        <ele>708.7</ele>
      </trkpt>
      <trkpt lat="43.4288" lon="17.41062">
        <ele>711.7</ele>
      </trkpt>
      <trkpt lat="43.42868" lon="17.41066">
        <ele>712.1</ele>
      </trkpt>
      <trkpt lat="43.42857" lon="17.41076">
        <ele>712.3</ele>
      </trkpt>
      <trkpt lat="43.42846" lon="17.4109">
        <ele>712.8</ele>
      </trkpt>
      <trkpt lat="43.4281" lon="17.41149">
        <ele>713.2</ele>
      </trkpt>
      <trkpt lat="43.42796" lon="17.41168">
        <ele>712.0</ele>
      </trkpt>
      <trkpt lat="43.42786" lon="17.41177">
        <ele>711.7</ele>
      </trkpt>
      <trkpt lat="43.42778" lon="17.41182">
        <ele>711.2</ele>
      </trkpt>
      <trkpt lat="43.42765" lon="17.41185">
        <ele>710.0</ele>
      </trkpt>
      <trkpt lat="43.4274" lon="17.4118">
        <ele>707.8</ele>
      </trkpt>
      <trkpt lat="43.42726" lon="17.41167">
        <ele>706.9</ele>
      </trkpt>
      <trkpt lat="43.42685" lon="17.41103">
        <ele>706.1</ele>
      </trkpt>
      <trkpt lat="43.42672" lon="17.4109">
        <ele>704.7</ele>
      </trkpt>
      <trkpt lat="43.42658" lon="17.41081">
        <ele>703.7</ele>
      </trkpt>
      <trkpt lat="43.42644" lon="17.41076">
        <ele>703.2</ele>
      </trkpt>
      <trkpt lat="43.42627" lon="17.41075">
        <ele>702.5</ele>
      </trkpt>
      <trkpt lat="43.42609" lon="17.4108">
        <ele>701.4</ele>
      </trkpt>
      <trkpt lat="43.42548" lon="17.41111">
        <ele>698.2</ele>
      </trkpt>
      <trkpt lat="43.42522" lon="17.4112">
        <ele>696.7</ele>
      </trkpt>
      <trkpt lat="43.42503" lon="17.41125">
        <ele>695.6</ele>
      </trkpt>
      <trkpt lat="43.42474" lon="17.41128">
        <ele>692.5</ele>
      </trkpt>
      <trkpt lat="43.42427" lon="17.4113">
        <ele>687.4</ele>
      </trkpt>
      <trkpt lat="43.4241" lon="17.41134">
        <ele>685.9</ele>
      </trkpt>
      <trkpt lat="43.42392" lon="17.41143">
        <ele>685.1</ele>
      </trkpt>
      <trkpt lat="43.42368" lon="17.41159">
        <ele>683.3</ele>
      </trkpt>
      <trkpt lat="43.4234" lon="17.41181">
        <ele>680.7</ele>
      </trkpt>
      <trkpt lat="43.42307" lon="17.41214">
        <ele>675.5</ele>
      </trkpt>
      <trkpt lat="43.4229" lon="17.41227">
        <ele>673.3</ele>
      </trkpt>
      <trkpt lat="43.4227" lon="17.41233">
        <ele>672.3</ele>
      </trkpt>
      <trkpt lat="43.42251" lon="17.41232">
        <ele>672.7</ele>
      </trkpt>
      <trkpt lat="43.42238" lon="17.41228">
        <ele>673.5</ele>
      </trkpt>
      <trkpt lat="43.42189" lon="17.41201">
        <ele>679.0</ele>
      </trkpt>
      <trkpt lat="43.42175" lon="17.41199">
        <ele>679.4</ele>
      </trkpt>
      <trkpt lat="43.42162" lon="17.41202">
        <ele>679.2</ele>
      </trkpt>
      <trkpt lat="43.42148" lon="17.41209">
        <ele>678.8</ele>
      </trkpt>
      <trkpt lat="43.42122" lon="17.41242">
        <ele>673.9</ele>
      </trkpt>
      <trkpt lat="43.4211" lon="17.41251">
        <ele>672.9</ele>
      </trkpt>
      <trkpt lat="43.42096" lon="17.41259">
        <ele>672.2</ele>
      </trkpt>
      <trkpt lat="43.42043" lon="17.41276">
        <ele>670.5</ele>
      </trkpt>
      <trkpt lat="43.42011" lon="17.41289">
        <ele>668.4</ele>
      </trkpt>
      <trkpt lat="43.41991" lon="17.41294">
        <ele>666.1</ele>
      </trkpt>
      <trkpt lat="43.4197" lon="17.41295">
        <ele>662.8</ele>
      </trkpt>
      <trkpt lat="43.41938" lon="17.41291">
        <ele>658.8</ele>
      </trkpt>
      <trkpt lat="43.41925" lon="17.41285">
        <ele>657.7</ele>
      </trkpt>
      <trkpt lat="43.41914" lon="17.41276">
        <ele>656.4</ele>
      </trkpt>
      <trkpt lat="43.41906" lon="17.41264">
        <ele>654.4</ele>
      </trkpt>
      <trkpt lat="43.41901" lon="17.41248">
        <ele>653.7</ele>
      </trkpt>
      <trkpt lat="43.41897" lon="17.41228">
        <ele>652.6</ele>
      </trkpt>
      <trkpt lat="43.41896" lon="17.41205">
        <ele>653.0</ele>
      </trkpt>
      <trkpt lat="43.41898" lon="17.41181">
        <ele>654.8</ele>
      </trkpt>
      <trkpt lat="43.41907" lon="17.41125">
        <ele>658.5</ele>
      </trkpt>
      <trkpt lat="43.41909" lon="17.41103">
        <ele>659.0</ele>
      </trkpt>
      <trkpt lat="43.41908" lon="17.41083">
        <ele>658.1</ele>
      </trkpt>
      <trkpt lat="43.41904" lon="17.4106">
        <ele>659.4</ele>
      </trkpt>
      <trkpt lat="43.41898" lon="17.41039">
        <ele>659.9</ele>
      </trkpt>
      <trkpt lat="43.41888" lon="17.41019">
        <ele>659.0</ele>
      </trkpt>
      <trkpt lat="43.41876" lon="17.41001">
        <ele>657.7</ele>
      </trkpt>
      <trkpt lat="43.41861" lon="17.40986">
        <ele>657.7</ele>
      </trkpt>
      <trkpt lat="43.41847" lon="17.40976">
        <ele>656.7</ele>
      </trkpt>
      <trkpt lat="43.41826" lon="17.40968">
        <ele>655.8</ele>
      </trkpt>
      <trkpt lat="43.41811" lon="17.40965">
        <ele>657.9</ele>
      </trkpt>
      <trkpt lat="43.41797" lon="17.40965">
        <ele>658.9</ele>
      </trkpt>
      <trkpt lat="43.41782" lon="17.4097">
        <ele>658.0</ele>
      </trkpt>
      <trkpt lat="43.41774" lon="17.40976">
        <ele>656.3</ele>
      </trkpt>
      <trkpt lat="43.41763" lon="17.40988">
        <ele>652.5</ele>
      </trkpt>
      <trkpt lat="43.41728" lon="17.41069">
        <ele>638.9</ele>
      </trkpt>
      <trkpt lat="43.41716" lon="17.41087">
        <ele>637.7</ele>
      </trkpt>
      <trkpt lat="43.41695" lon="17.41111">
        <ele>639.1</ele>
      </trkpt>
      <trkpt lat="43.41681" lon="17.41131">
        <ele>639.4</ele>
      </trkpt>
      <trkpt lat="43.41658" lon="17.41197">
        <ele>634.3</ele>
      </trkpt>
      <trkpt lat="43.41636" lon="17.41264">
        <ele>628.6</ele>
      </trkpt>
      <trkpt lat="43.41625" lon="17.41285">
        <ele>627.6</ele>
      </trkpt>
      <trkpt lat="43.41615" lon="17.41299">
        <ele>626.9</ele>
      </trkpt>
      <trkpt lat="43.41603" lon="17.41309">
        <ele>626.9</ele>
      </trkpt>
      <trkpt lat="43.41564" lon="17.41323">
        <ele>626.5</ele>
      </trkpt>
      <trkpt lat="43.41488" lon="17.41336">
        <ele>625.2</ele>
      </trkpt>
      <trkpt lat="43.41474" lon="17.41342">
        <ele>627.2</ele>
      </trkpt>
      <trkpt lat="43.41457" lon="17.41355">
        <ele>628.5</ele>
      </trkpt>
      <trkpt lat="43.41449" lon="17.41368">
        <ele>627.7</ele>
      </trkpt>
      <trkpt lat="43.41444" lon="17.41386">
        <ele>625.2</ele>
      </trkpt>
      <trkpt lat="43.41443" lon="17.41405">
        <ele>621.6</ele>
      </trkpt>
      <trkpt lat="43.41447" lon="17.41423">
        <ele>618.2</ele>
      </trkpt>
      <trkpt lat="43.41452" lon="17.41439">
        <ele>616.4</ele>
      </trkpt>
      <trkpt lat="43.4146" lon="17.4145">
        <ele>614.2</ele>
      </trkpt>
      <trkpt lat="43.41474" lon="17.41461">
        <ele>610.7</ele>
      </trkpt>
      <trkpt lat="43.41487" lon="17.41467">
        <ele>607.5</ele>
      </trkpt>
      <trkpt lat="43.41505" lon="17.41469">
        <ele>604.2</ele>
      </trkpt>
      <trkpt lat="43.41575" lon="17.41464">
        <ele>601.4</ele>
      </trkpt>
      <trkpt lat="43.41645" lon="17.41458">
        <ele>602.0</ele>
      </trkpt>
      <trkpt lat="43.41658" lon="17.41463">
        <ele>601.3</ele>
      </trkpt>
      <trkpt lat="43.41671" lon="17.41472">
        <ele>600.4</ele>
      </trkpt>
      <trkpt lat="43.4168" lon="17.41486">
        <ele>599.5</ele>
      </trkpt>
      <trkpt lat="43.41705" lon="17.41538">
        <ele>594.7</ele>
      </trkpt>
      <trkpt lat="43.41737" lon="17.41576">
        <ele>592.6</ele>
      </trkpt>
      <trkpt lat="43.41748" lon="17.41595">
        <ele>590.9</ele>
      </trkpt>
      <trkpt lat="43.41767" lon="17.41635">
        <ele>585.8</ele>
      </trkpt>
      <trkpt lat="43.41778" lon="17.4165">
        <ele>584.3</ele>
      </trkpt>
      <trkpt lat="43.41788" lon="17.41659">
        <ele>583.7</ele>
      </trkpt>
      <trkpt lat="43.41799" lon="17.41667">
        <ele>583.5</ele>
      </trkpt>
      <trkpt lat="43.41815" lon="17.41676">
        <ele>583.1</ele>
      </trkpt>
      <trkpt lat="43.41875" lon="17.41699">
        <ele>582.3</ele>
      </trkpt>
      <trkpt lat="43.41935" lon="17.41721">
        <ele>580.3</ele>
      </trkpt>
      <trkpt lat="43.41964" lon="17.41735">
        <ele>579.5</ele>
      </trkpt>
      <trkpt lat="43.41982" lon="17.41746">
        <ele>578.6</ele>
      </trkpt>
      <trkpt lat="43.41994" lon="17.4176">
        <ele>577.6</ele>
      </trkpt>
      <trkpt lat="43.42001" lon="17.41777">
        <ele>576.7</ele>
      </trkpt>
      <trkpt lat="43.42006" lon="17.41795">
        <ele>576.4</ele>
      </trkpt>
      <trkpt lat="43.42007" lon="17.41814">
        <ele>575.2</ele>
      </trkpt>
      <trkpt lat="43.42005" lon="17.41835">
        <ele>573.0</ele>
      </trkpt>
      <trkpt lat="43.41983" lon="17.41903">
        <ele>570.3</ele>
      </trkpt>
      <trkpt lat="43.41971" lon="17.41946">
        <ele>568.5</ele>
      </trkpt>
      <trkpt lat="43.41964" lon="17.41989">
        <ele>568.4</ele>
      </trkpt>
      <trkpt lat="43.41959" lon="17.42008">
        <ele>568.6</ele>
      </trkpt>
      <trkpt lat="43.41939" lon="17.42054">
        <ele>568.9</ele>
      </trkpt>
      <trkpt lat="43.41921" lon="17.42081">
        <ele>565.5</ele>
      </trkpt>
      <trkpt lat="43.41883" lon="17.42124">
        <ele>561.3</ele>
      </trkpt>
      <trkpt lat="43.41869" lon="17.42141">
        <ele>559.5</ele>
      </trkpt>
      <trkpt lat="43.41856" lon="17.42162">
        <ele>558.4</ele>
      </trkpt>
      <trkpt lat="43.41847" lon="17.42182">
        <ele>557.5</ele>
      </trkpt>
      <trkpt lat="43.41829" lon="17.42231">
        <ele>556.6</ele>
      </trkpt>
      <trkpt lat="43.41821" lon="17.42248">
        <ele>556.4</ele>
      </trkpt>
      <trkpt lat="43.41808" lon="17.42265">
        <ele>555.0</ele>
      </trkpt>
      <trkpt lat="43.41751" lon="17.42311">
        <ele>546.8</ele>
      </trkpt>
      <trkpt lat="43.41738" lon="17.42328">
        <ele>545.5</ele>
      </trkpt>
      <trkpt lat="43.41724" lon="17.4235">
        <ele>545.3</ele>
      </trkpt>
      <trkpt lat="43.41675" lon="17.42449">
        <ele>544.8</ele>
      </trkpt>
      <trkpt lat="43.4166" lon="17.42473">
        <ele>543.6</ele>
      </trkpt>
      <trkpt lat="43.41641" lon="17.42496">
        <ele>541.6</ele>
      </trkpt>
      <trkpt lat="43.41575" lon="17.42563">
        <ele>537.0</ele>
      </trkpt>
      <trkpt lat="43.41547" lon="17.42599">
        <ele>534.6</ele>
      </trkpt>
      <trkpt lat="43.41501" lon="17.42664">
        <ele>528.9</ele>
      </trkpt>
      <trkpt lat="43.41455" lon="17.42729">
        <ele>527.9</ele>
      </trkpt>
      <trkpt lat="43.41411" lon="17.42806">
        <ele>525.5</ele>
      </trkpt>
      <trkpt lat="43.41379" lon="17.42846">
        <ele>522.6</ele>
      </trkpt>
      <trkpt lat="43.41352" lon="17.42882">
        <ele>520.6</ele>
      </trkpt>
      <trkpt lat="43.41292" lon="17.4297">
        <ele>517.0</ele>
      </trkpt>
      <trkpt lat="43.4127" lon="17.43006">
        <ele>517.0</ele>
      </trkpt>
      <trkpt lat="43.41235" lon="17.43071">
        <ele>518.0</ele>
      </trkpt>
      <trkpt lat="43.4118" lon="17.43151">
        <ele>510.7</ele>
      </trkpt>
      <trkpt lat="43.41155" lon="17.43199">
        <ele>509.8</ele>
      </trkpt>
      <trkpt lat="43.41124" lon="17.43251">
        <ele>507.9</ele>
      </trkpt>
      <trkpt lat="43.41089" lon="17.43297">
        <ele>507.0</ele>
      </trkpt>
      <trkpt lat="43.41035" lon="17.43348">
        <ele>503.7</ele>
      </trkpt>
      <trkpt lat="43.41006" lon="17.4337">
        <ele>501.0</ele>
      </trkpt>
      <trkpt lat="43.40944" lon="17.43412">
        <ele>495.6</ele>
      </trkpt>
      <trkpt lat="43.40932" lon="17.43423">
        <ele>494.6</ele>
      </trkpt>
      <trkpt lat="43.40914" lon="17.43445">
        <ele>493.4</ele>
      </trkpt>
      <trkpt lat="43.40899" lon="17.43469">
        <ele>493.4</ele>
      </trkpt>
      <trkpt lat="43.40888" lon="17.43494">
        <ele>493.9</ele>
      </trkpt>
      <trkpt lat="43.40852" lon="17.43607">
        <ele>490.3</ele>
      </trkpt>
      <trkpt lat="43.40815" lon="17.43719">
        <ele>488.0</ele>
      </trkpt>
      <trkpt lat="43.40803" lon="17.43751">
        <ele>486.7</ele>
      </trkpt>
      <trkpt lat="43.40791" lon="17.43775">
        <ele>486.7</ele>
      </trkpt>
      <trkpt lat="43.40776" lon="17.43797">
        <ele>485.7</ele>
      </trkpt>
      <trkpt lat="43.40746" lon="17.43829">
        <ele>482.3</ele>
      </trkpt>
      <trkpt lat="43.40717" lon="17.43852">
        <ele>480.7</ele>
      </trkpt>
      <trkpt lat="43.40695" lon="17.43865">
        <ele>478.4</ele>
      </trkpt>
      <trkpt lat="43.40667" lon="17.43878">
        <ele>474.4</ele>
      </trkpt>
      <trkpt lat="43.40652" lon="17.43888">
        <ele>471.6</ele>
      </trkpt>
      <trkpt lat="43.4064" lon="17.43901">
        <ele>470.3</ele>
      </trkpt>
      <trkpt lat="43.40609" lon="17.43957">
        <ele>470.5</ele>
      </trkpt>
      <trkpt lat="43.40562" lon="17.44017">
        <ele>464.7</ele>
      </trkpt>
      <trkpt lat="43.4055" lon="17.44038">
        <ele>464.3</ele>
      </trkpt>
      <trkpt lat="43.40539" lon="17.44062">
        <ele>464.2</ele>
      </trkpt>
      <trkpt lat="43.4053" lon="17.44087">
        <ele>464.6</ele>
      </trkpt>
      <trkpt lat="43.40519" lon="17.44133">
        <ele>465.7</ele>
      </trkpt>
      <trkpt lat="43.40513" lon="17.44151">
        <ele>465.3</ele>
      </trkpt>
      <trkpt lat="43.40503" lon="17.4417">
        <ele>463.2</ele>
      </trkpt>
      <trkpt lat="43.40471" lon="17.4422">
        <ele>460.6</ele>
      </trkpt>
      <trkpt lat="43.40439" lon="17.4427">
        <ele>456.6</ele>
      </trkpt>
      <trkpt lat="43.40419" lon="17.44307">
        <ele>455.4</ele>
      </trkpt>
      <trkpt lat="43.40391" lon="17.44364">
        <ele>453.6</ele>
      </trkpt>
      <trkpt lat="43.40366" lon="17.44426">
        <ele>453.0</ele>
      </trkpt>
      <trkpt lat="43.40341" lon="17.44488">
        <ele>450.0</ele>
      </trkpt>
      <trkpt lat="43.40312" lon="17.44549">
        <ele>446.5</ele>
      </trkpt>
      <trkpt lat="43.40299" lon="17.44581">
        <ele>445.8</ele>
      </trkpt>
      <trkpt lat="43.40275" lon="17.44648">
        <ele>445.1</ele>
      </trkpt>
      <trkpt lat="43.40264" lon="17.44674">
        <ele>444.4</ele>
      </trkpt>
      <trkpt lat="43.40234" lon="17.44737">
        <ele>442.5</ele>
      </trkpt>
      <trkpt lat="43.40198" lon="17.44797">
        <ele>436.4</ele>
      </trkpt>
      <trkpt lat="43.40186" lon="17.44824">
        <ele>434.2</ele>
      </trkpt>
      <trkpt lat="43.40167" lon="17.44893">
        <ele>434.8</ele>
      </trkpt>
      <trkpt lat="43.40157" lon="17.44923">
        <ele>435.9</ele>
      </trkpt>
      <trkpt lat="43.40145" lon="17.44949">
        <ele>435.8</ele>
      </trkpt>
      <trkpt lat="43.40113" lon="17.44998">
        <ele>430.5</ele>
      </trkpt>
      <trkpt lat="43.40105" lon="17.45015">
        <ele>429.6</ele>
      </trkpt>
      <trkpt lat="43.40078" lon="17.4509">
        <ele>428.4</ele>
      </trkpt>
      <trkpt lat="43.40067" lon="17.45113">
        <ele>428.9</ele>
      </trkpt>
      <trkpt lat="43.4002" lon="17.45192">
        <ele>422.7</ele>
      </trkpt>
      <trkpt lat="43.40011" lon="17.4521">
        <ele>421.5</ele>
      </trkpt>
      <trkpt lat="43.40003" lon="17.45235">
        <ele>421.9</ele>
      </trkpt>
      <trkpt lat="43.39988" lon="17.45305">
        <ele>422.6</ele>
      </trkpt>
      <trkpt lat="43.39968" lon="17.45374">
        <ele>420.6</ele>
      </trkpt>
      <trkpt lat="43.39947" lon="17.45443">
        <ele>417.7</ele>
      </trkpt>
      <trkpt lat="43.39941" lon="17.45471">
        <ele>416.9</ele>
      </trkpt>
      <trkpt lat="43.39932" lon="17.45537">
        <ele>418.1</ele>
      </trkpt>
      <trkpt lat="43.39927" lon="17.45559">
        <ele>417.6</ele>
      </trkpt>
      <trkpt lat="43.39921" lon="17.45577">
        <ele>416.5</ele>
      </trkpt>
      <trkpt lat="43.39889" lon="17.45635">
        <ele>411.4</ele>
      </trkpt>
      <trkpt lat="43.39858" lon="17.45694">
        <ele>406.9</ele>
      </trkpt>
      <trkpt lat="43.39846" lon="17.45725">
        <ele>406.0</ele>
      </trkpt>
      <trkpt lat="43.39828" lon="17.45792">
        <ele>405.5</ele>
      </trkpt>
      <trkpt lat="43.3981" lon="17.45859">
        <ele>404.4</ele>
      </trkpt>
      <trkpt lat="43.39785" lon="17.45971">
        <ele>401.6</ele>
      </trkpt>
      <trkpt lat="43.39761" lon="17.46084">
        <ele>397.0</ele>
      </trkpt>
      <trkpt lat="43.39738" lon="17.46172">
        <ele>396.6</ele>
      </trkpt>
      <trkpt lat="43.39702" lon="17.46285">
        <ele>389.5</ele>
      </trkpt>
      <trkpt lat="43.39665" lon="17.46397">
        <ele>384.5</ele>
      </trkpt>
      <trkpt lat="43.39629" lon="17.4651">
        <ele>382.4</ele>
      </trkpt>
      <trkpt lat="43.39593" lon="17.46623">
        <ele>375.1</ele>
      </trkpt>
      <trkpt lat="43.39556" lon="17.46735">
        <ele>369.6</ele>
      </trkpt>
      <trkpt lat="43.3952" lon="17.46848">
        <ele>365.8</ele>
      </trkpt>
      <trkpt lat="43.39513" lon="17.46875">
        <ele>364.7</ele>
      </trkpt>
      <trkpt lat="43.395" lon="17.46946">
        <ele>364.5</ele>
      </trkpt>
      <trkpt lat="43.39495" lon="17.46965">
        <ele>364.1</ele>
      </trkpt>
      <trkpt lat="43.39488" lon="17.46984">
        <ele>363.1</ele>
      </trkpt>
      <trkpt lat="43.39479" lon="17.47001">
        <ele>361.4</ele>
      </trkpt>
      <trkpt lat="43.39467" lon="17.47018">
        <ele>359.7</ele>
      </trkpt>
      <trkpt lat="43.39432" lon="17.4705">
        <ele>352.5</ele>
      </trkpt>
      <trkpt lat="43.39419" lon="17.47064">
        <ele>350.4</ele>
      </trkpt>
      <trkpt lat="43.39407" lon="17.47082">
        <ele>350.0</ele>
      </trkpt>
      <trkpt lat="43.39371" lon="17.47164">
        <ele>350.8</ele>
      </trkpt>
      <trkpt lat="43.39335" lon="17.47246">
        <ele>347.2</ele>
      </trkpt>
      <trkpt lat="43.39299" lon="17.47328">
        <ele>343.8</ele>
      </trkpt>
      <trkpt lat="43.39267" lon="17.47411">
        <ele>338.4</ele>
      </trkpt>
      <trkpt lat="43.39235" lon="17.47493">
        <ele>334.4</ele>
      </trkpt>
      <trkpt lat="43.39207" lon="17.47562">
        <ele>334.6</ele>
      </trkpt>
      <trkpt lat="43.39166" lon="17.47668">
        <ele>330.9</ele>
      </trkpt>
      <trkpt lat="43.39125" lon="17.47775">
        <ele>325.6</ele>
      </trkpt>
      <trkpt lat="43.39114" lon="17.47806">
        <ele>323.9</ele>
      </trkpt>
      <trkpt lat="43.39105" lon="17.4784">
        <ele>322.7</ele>
      </trkpt>
      <trkpt lat="43.391" lon="17.47867">
        <ele>322.1</ele>
      </trkpt>
      <trkpt lat="43.39096" lon="17.47905">
        <ele>322.1</ele>
      </trkpt>
      <trkpt lat="43.39097" lon="17.47932">
        <ele>321.7</ele>
      </trkpt>
      <trkpt lat="43.39103" lon="17.47968">
        <ele>320.2</ele>
      </trkpt>
      <trkpt lat="43.39115" lon="17.47998">
        <ele>319.4</ele>
      </trkpt>
      <trkpt lat="43.39126" lon="17.48015">
        <ele>319.6</ele>
      </trkpt>
      <trkpt lat="43.39159" lon="17.48057">
        <ele>321.6</ele>
      </trkpt>
      <trkpt lat="43.39167" lon="17.48072">
        <ele>322.2</ele>
      </trkpt>
      <trkpt lat="43.39172" lon="17.48089">
        <ele>322.9</ele>
      </trkpt>
      <trkpt lat="43.39176" lon="17.4811">
        <ele>323.7</ele>
      </trkpt>
      <trkpt lat="43.39176" lon="17.48171">
        <ele>324.2</ele>
      </trkpt>
      <trkpt lat="43.39175" lon="17.48204">
        <ele>324.7</ele>
      </trkpt>
      <trkpt lat="43.39172" lon="17.48223">
        <ele>324.5</ele>
      </trkpt>
      <trkpt lat="43.39149" lon="17.48283">
        <ele>322.1</ele>
      </trkpt>
      <trkpt lat="43.39125" lon="17.48339">
        <ele>320.6</ele>
      </trkpt>
      <trkpt lat="43.39117" lon="17.48352">
        <ele>320.2</ele>
      </trkpt>
      <trkpt lat="43.39106" lon="17.48363">
        <ele>319.7</ele>
      </trkpt>
      <trkpt lat="43.39092" lon="17.48372">
        <ele>319.0</ele>
      </trkpt>
      <trkpt lat="43.39052" lon="17.48383">
        <ele>318.0</ele>
      </trkpt>
      <trkpt lat="43.39034" lon="17.48393">
        <ele>318.0</ele>
      </trkpt>
      <trkpt lat="43.39022" lon="17.48406">
        <ele>318.1</ele>
      </trkpt>
      <trkpt lat="43.39002" lon="17.48438">
        <ele>318.8</ele>
      </trkpt>
      <trkpt lat="43.38953" lon="17.48534">
        <ele>320.4</ele>
      </trkpt>
      <trkpt lat="43.38927" lon="17.48617">
        <ele>319.0</ele>
      </trkpt>
      <trkpt lat="43.38908" lon="17.48663">
        <ele>317.5</ele>
      </trkpt>
      <trkpt lat="43.38892" lon="17.4869">
        <ele>317.1</ele>
      </trkpt>
      <trkpt lat="43.38849" lon="17.48755">
        <ele>316.0</ele>
      </trkpt>
      <trkpt lat="43.38835" lon="17.48779">
        <ele>315.5</ele>
      </trkpt>
      <trkpt lat="43.3881" lon="17.48836">
        <ele>314.2</ele>
      </trkpt>
      <trkpt lat="43.38785" lon="17.48894">
        <ele>314.3</ele>
      </trkpt>
      <trkpt lat="43.38752" lon="17.48974">
        <ele>313.3</ele>
      </trkpt>
      <trkpt lat="43.38743" lon="17.49005">
        <ele>313.8</ele>
      </trkpt>
      <trkpt lat="43.38735" lon="17.49039">
        <ele>313.8</ele>
      </trkpt>
      <trkpt lat="43.38725" lon="17.49115">
        <ele>313.1</ele>
      </trkpt>
      <trkpt lat="43.38716" lon="17.4919">
        <ele>312.3</ele>
      </trkpt>
      <trkpt lat="43.38706" lon="17.49233">
        <ele>312.1</ele>
      </trkpt>
      <trkpt lat="43.38695" lon="17.49274">
        <ele>311.9</ele>
      </trkpt>
      <trkpt lat="43.38661" lon="17.49385">
        <ele>311.4</ele>
      </trkpt>
      <trkpt lat="43.38653" lon="17.49416">
        <ele>311.7</ele>
      </trkpt>
      <trkpt lat="43.3863" lon="17.49533">
        <ele>312.7</ele>
      </trkpt>
      <trkpt lat="43.38607" lon="17.49649">
        <ele>311.8</ele>
      </trkpt>
      <trkpt lat="43.38593" lon="17.4973">
        <ele>311.0</ele>
      </trkpt>
      <trkpt lat="43.3858" lon="17.49812">
        <ele>311.8</ele>
      </trkpt>
      <trkpt lat="43.38566" lon="17.49893">
        <ele>312.1</ele>
      </trkpt>
      <trkpt lat="43.38551" lon="17.49986">
        <ele>312.8</ele>
      </trkpt>
      <trkpt lat="43.38536" lon="17.50079">
        <ele>311.0</ele>
      </trkpt>
      <trkpt lat="43.38522" lon="17.50172">
        <ele>310.4</ele>
      </trkpt>
      <trkpt lat="43.38506" lon="17.50245">
        <ele>309.9</ele>
      </trkpt>
      <trkpt lat="43.3849" lon="17.50318">
        <ele>310.3</ele>
      </trkpt>
      <trkpt lat="43.38466" lon="17.50402">
        <ele>309.4</ele>
      </trkpt>
      <trkpt lat="43.38442" lon="17.50486">
        <ele>308.5</ele>
      </trkpt>
      <trkpt lat="43.38427" lon="17.50531">
        <ele>308.7</ele>
      </trkpt>
      <trkpt lat="43.38405" lon="17.50589">
        <ele>310.0</ele>
      </trkpt>
      <trkpt lat="43.38383" lon="17.50648">
        <ele>308.2</ele>
      </trkpt>
      <trkpt lat="43.38345" lon="17.50736">
        <ele>305.7</ele>
      </trkpt>
      <trkpt lat="43.38308" lon="17.50824">
        <ele>305.9</ele>
      </trkpt>
      <trkpt lat="43.38292" lon="17.50867">
        <ele>305.6</ele>
      </trkpt>
      <trkpt lat="43.38279" lon="17.50906">
        <ele>305.3</ele>
      </trkpt>
      <trkpt lat="43.38269" lon="17.50944">
        <ele>304.9</ele>
      </trkpt>
      <trkpt lat="43.38265" lon="17.50967">
        <ele>304.9</ele>
      </trkpt>
      <trkpt lat="43.38247" lon="17.51084">
        <ele>305.9</ele>
      </trkpt>
      <trkpt lat="43.38229" lon="17.51202">
        <ele>305.8</ele>
      </trkpt>
      <trkpt lat="43.38211" lon="17.51319">
        <ele>307.3</ele>
      </trkpt>
      <trkpt lat="43.38196" lon="17.51406">
        <ele>311.4</ele>
      </trkpt>
      <trkpt lat="43.38181" lon="17.51493">
        <ele>312.9</ele>
      </trkpt>
      <trkpt lat="43.38175" lon="17.51543">
        <ele>311.2</ele>
      </trkpt>
      <trkpt lat="43.38174" lon="17.51569">
        <ele>310.3</ele>
      </trkpt>
      <trkpt lat="43.38174" lon="17.51604">
        <ele>310.2</ele>
      </trkpt>
      <trkpt lat="43.38176" lon="17.51627">
        <ele>310.8</ele>
      </trkpt>
      <trkpt lat="43.38181" lon="17.51665">
        <ele>311.7</ele>
      </trkpt>
      <trkpt lat="43.38186" lon="17.51689">
        <ele>312.2</ele>
      </trkpt>
      <trkpt lat="43.38202" lon="17.51751">
        <ele>313.7</ele>
      </trkpt>
      <trkpt lat="43.38219" lon="17.51812">
        <ele>316.4</ele>
      </trkpt>
      <trkpt lat="43.38233" lon="17.51884">
        <ele>317.8</ele>
      </trkpt>
      <trkpt lat="43.38242" lon="17.51953">
        <ele>319.1</ele>
      </trkpt>
      <trkpt lat="43.38243" lon="17.51989">
        <ele>320.1</ele>
      </trkpt>
      <trkpt lat="43.38242" lon="17.52019">
        <ele>321.3</ele>
      </trkpt>
      <trkpt lat="43.38236" lon="17.52084">
        <ele>324.0</ele>
      </trkpt>
      <trkpt lat="43.38218" lon="17.52152">
        <ele>327.5</ele>
      </trkpt>
      <trkpt lat="43.38206" lon="17.52194">
        <ele>328.6</ele>
      </trkpt>
      <trkpt lat="43.38179" lon="17.52266">
        <ele>329.4</ele>
      </trkpt>
      <trkpt lat="43.38152" lon="17.52337">
        <ele>331.1</ele>
      </trkpt>
      <trkpt lat="43.38146" lon="17.52358">
        <ele>331.4</ele>
      </trkpt>
      <trkpt lat="43.38139" lon="17.52397">
        <ele>332.3</ele>
      </trkpt>
      <trkpt lat="43.38137" lon="17.52417">
        <ele>333.0</ele>
      </trkpt>
      <trkpt lat="43.38138" lon="17.52458">
        <ele>333.0</ele>
      </trkpt>
      <trkpt lat="43.3814" lon="17.52478">
        <ele>333.2</ele>
      </trkpt>
      <trkpt lat="43.38147" lon="17.52508">
        <ele>334.1</ele>
      </trkpt>
      <trkpt lat="43.38165" lon="17.52567">
        <ele>335.9</ele>
      </trkpt>
      <trkpt lat="43.38183" lon="17.52626">
        <ele>338.9</ele>
      </trkpt>
      <trkpt lat="43.38189" lon="17.52657">
        <ele>340.0</ele>
      </trkpt>
      <trkpt lat="43.38195" lon="17.52709">
        <ele>339.8</ele>
      </trkpt>
      <trkpt lat="43.38195" lon="17.52744">
        <ele>339.7</ele>
      </trkpt>
      <trkpt lat="43.38193" lon="17.52771">
        <ele>339.3</ele>
      </trkpt>
      <trkpt lat="43.38184" lon="17.52824">
        <ele>338.6</ele>
      </trkpt>
      <trkpt lat="43.38178" lon="17.52847">
        <ele>338.1</ele>
      </trkpt>
      <trkpt lat="43.38146" lon="17.52941">
        <ele>334.4</ele>
      </trkpt>
      <trkpt lat="43.38113" lon="17.53035">
        <ele>329.6</ele>
      </trkpt>
      <trkpt lat="43.38092" lon="17.53114">
        <ele>326.5</ele>
      </trkpt>
      <trkpt lat="43.38077" lon="17.53178">
        <ele>324.4</ele>
      </trkpt>
      <trkpt lat="43.38074" lon="17.53203">
        <ele>323.5</ele>
      </trkpt>
      <trkpt lat="43.3807" lon="17.5326">
        <ele>320.9</ele>
      </trkpt>
      <trkpt lat="43.3807" lon="17.53349">
        <ele>317.7</ele>
      </trkpt>
      <trkpt lat="43.38073" lon="17.53437">
        <ele>313.8</ele>
      </trkpt>
      <trkpt lat="43.38076" lon="17.53524">
        <ele>309.5</ele>
      </trkpt>
      <trkpt lat="43.38076" lon="17.53562">
        <ele>308.5</ele>
      </trkpt>
      <trkpt lat="43.38071" lon="17.53624">
        <ele>309.2</ele>
      </trkpt>
      <trkpt lat="43.3806" lon="17.5369">
        <ele>310.0</ele>
      </trkpt>
      <trkpt lat="43.38045" lon="17.5375">
        <ele>310.5</ele>
      </trkpt>
      <trkpt lat="43.3803" lon="17.5381">
        <ele>311.0</ele>
      </trkpt>
      <trkpt lat="43.3802" lon="17.5386">
        <ele>310.6</ele>
      </trkpt>
      <trkpt lat="43.38014" lon="17.53902">
        <ele>310.2</ele>
      </trkpt>
      <trkpt lat="43.38014" lon="17.53965">
        <ele>309.9</ele>
      </trkpt>
      <trkpt lat="43.38019" lon="17.54038">
        <ele>308.1</ele>
      </trkpt>
      <trkpt lat="43.38024" lon="17.54111">
        <ele>304.4</ele>
      </trkpt>
      <trkpt lat="43.38025" lon="17.54141">
        <ele>302.5</ele>
      </trkpt>
      <trkpt lat="43.38024" lon="17.54163">
        <ele>301.2</ele>
      </trkpt>
      <trkpt lat="43.3802" lon="17.54187">
        <ele>299.6</ele>
      </trkpt>
      <trkpt lat="43.38009" lon="17.54236">
        <ele>296.4</ele>
      </trkpt>
      <trkpt lat="43.37998" lon="17.54266">
        <ele>294.5</ele>
      </trkpt>
      <trkpt lat="43.37957" lon="17.54354">
        <ele>292.2</ele>
      </trkpt>
      <trkpt lat="43.37949" lon="17.54376">
        <ele>291.4</ele>
      </trkpt>
      <trkpt lat="43.37936" lon="17.54428">
        <ele>290.9</ele>
      </trkpt>
      <trkpt lat="43.37927" lon="17.54479">
        <ele>290.4</ele>
      </trkpt>
      <trkpt lat="43.37907" lon="17.54581">
        <ele>289.6</ele>
      </trkpt>
      <trkpt lat="43.37887" lon="17.54682">
        <ele>291.1</ele>
      </trkpt>
      <trkpt lat="43.37867" lon="17.54784">
        <ele>289.8</ele>
      </trkpt>
      <trkpt lat="43.37853" lon="17.54867">
        <ele>287.6</ele>
      </trkpt>
      <trkpt lat="43.3784" lon="17.5495">
        <ele>285.7</ele>
      </trkpt>
      <trkpt lat="43.37835" lon="17.54989">
        <ele>285.9</ele>
      </trkpt>
      <trkpt lat="43.37833" lon="17.55018">
        <ele>285.8</ele>
      </trkpt>
      <trkpt lat="43.37832" lon="17.55091">
        <ele>284.7</ele>
      </trkpt>
      <trkpt lat="43.37831" lon="17.55163">
        <ele>282.0</ele>
      </trkpt>
      <trkpt lat="43.37829" lon="17.55259">
        <ele>281.8</ele>
      </trkpt>
      <trkpt lat="43.37827" lon="17.55354">
        <ele>281.8</ele>
      </trkpt>
      <trkpt lat="43.37824" lon="17.5545">
        <ele>282.7</ele>
      </trkpt>
      <trkpt lat="43.37822" lon="17.55546">
        <ele>282.8</ele>
      </trkpt>
      <trkpt lat="43.37811" lon="17.55664">
        <ele>281.5</ele>
      </trkpt>
      <trkpt lat="43.37799" lon="17.55783">
        <ele>280.6</ele>
      </trkpt>
      <trkpt lat="43.37788" lon="17.55902">
        <ele>277.7</ele>
      </trkpt>
      <trkpt lat="43.37787" lon="17.55964">
        <ele>277.8</ele>
      </trkpt>
      <trkpt lat="43.37792" lon="17.56079">
        <ele>279.4</ele>
      </trkpt>
      <trkpt lat="43.37797" lon="17.5613">
        <ele>278.9</ele>
      </trkpt>
      <trkpt lat="43.37813" lon="17.56237">
        <ele>277.2</ele>
      </trkpt>
      <trkpt lat="43.3783" lon="17.56344">
        <ele>277.6</ele>
      </trkpt>
      <trkpt lat="43.37847" lon="17.56452">
        <ele>274.4</ele>
      </trkpt>
      <trkpt lat="43.37863" lon="17.56559">
        <ele>274.6</ele>
      </trkpt>
      <trkpt lat="43.3788" lon="17.56666">
        <ele>274.4</ele>
      </trkpt>
      <trkpt lat="43.37896" lon="17.56773">
        <ele>274.0</ele>
      </trkpt>
      <trkpt lat="43.37913" lon="17.5688">
        <ele>273.0</ele>
      </trkpt>
      <trkpt lat="43.37929" lon="17.56987">
        <ele>272.3</ele>
      </trkpt>
      <trkpt lat="43.37944" lon="17.57084">
        <ele>272.0</ele>
      </trkpt>
      <trkpt lat="43.37959" lon="17.5718">
        <ele>271.5</ele>
      </trkpt>
      <trkpt lat="43.37973" lon="17.57277">
        <ele>271.0</ele>
      </trkpt>
      <trkpt lat="43.37988" lon="17.57374">
        <ele>271.5</ele>
      </trkpt>
      <trkpt lat="43.38003" lon="17.57479">
        <ele>270.1</ele>
      </trkpt>
      <trkpt lat="43.38018" lon="17.57584">
        <ele>270.4</ele>
      </trkpt>
      <trkpt lat="43.38034" lon="17.5769">
        <ele>269.7</ele>
      </trkpt>
      <trkpt lat="43.38049" lon="17.57795">
        <ele>270.4</ele>
      </trkpt>
      <trkpt lat="43.38054" lon="17.57899">
        <ele>268.7</ele>
      </trkpt>
      <trkpt lat="43.38057" lon="17.57996">
        <ele>269.6</ele>
      </trkpt>
      <trkpt lat="43.3806" lon="17.58094">
        <ele>269.1</ele>
      </trkpt>
      <trkpt lat="43.38063" lon="17.58191">
        <ele>267.5</ele>
      </trkpt>
      <trkpt lat="43.38064" lon="17.58286">
        <ele>267.1</ele>
      </trkpt>
      <trkpt lat="43.38065" lon="17.58382">
        <ele>269.5</ele>
      </trkpt>
      <trkpt lat="43.38067" lon="17.58477">
        <ele>275.1</ele>
      </trkpt>
      <trkpt lat="43.38061" lon="17.58503">
        <ele>276.3</ele>
      </trkpt>
      <trkpt lat="43.38059" lon="17.58507">
        <ele>276.1</ele>
      </trkpt>
      <trkpt lat="43.38053" lon="17.58511">
        <ele>275.7</ele>
      </trkpt>
      <trkpt lat="43.38046" lon="17.58515">
        <ele>275.3</ele>
      </trkpt>
      <trkpt lat="43.38043" lon="17.5852">
        <ele>275.1</ele>
      </trkpt>
      <trkpt lat="43.38041" lon="17.58529">
        <ele>275.0</ele>
      </trkpt>
      <trkpt lat="43.38041" lon="17.58535">
        <ele>275.0</ele>
      </trkpt>
      <trkpt lat="43.38044" lon="17.58542">
        <ele>275.1</ele>
      </trkpt>
      <trkpt lat="43.38062" lon="17.58556">
        <ele>275.5</ele>
      </trkpt>
      <trkpt lat="43.38067" lon="17.58571">
        <ele>275.3</ele>
      </trkpt>
      <trkpt lat="43.3807" lon="17.58608">
        <ele>273.3</ele>
      </trkpt>
      <trkpt lat="43.38072" lon="17.58655">
        <ele>270.2</ele>
      </trkpt>
      <trkpt lat="43.38068" lon="17.58671">
        <ele>269.1</ele>
      </trkpt>
      <trkpt lat="43.38063" lon="17.5868">
        <ele>268.5</ele>
      </trkpt>
      <trkpt lat="43.38062" lon="17.58691">
        <ele>268.0</ele>
      </trkpt>
      <trkpt lat="43.38068" lon="17.58715">
        <ele>267.3</ele>
      </trkpt>
      <trkpt lat="43.38069" lon="17.58731">
        <ele>266.7</ele>
      </trkpt>
      <trkpt lat="43.38058" lon="17.58792">
        <ele>264.8</ele>
      </trkpt>
      <trkpt lat="43.38046" lon="17.5884">
        <ele>264.9</ele>
      </trkpt>
      <trkpt lat="43.38031" lon="17.5888">
        <ele>265.0</ele>
      </trkpt>
      <trkpt lat="43.37999" lon="17.58938">
        <ele>265.1</ele>
      </trkpt>
      <trkpt lat="43.37978" lon="17.5897">
        <ele>265.3</ele>
      </trkpt>
      <trkpt lat="43.37963" lon="17.58988">
        <ele>266.6</ele>
      </trkpt>
      <trkpt lat="43.37919" lon="17.59031">
        <ele>268.0</ele>
      </trkpt>
      <trkpt lat="43.37862" lon="17.59067">
        <ele>271.9</ele>
      </trkpt>
      <trkpt lat="43.378" lon="17.59103">
        <ele>272.9</ele>
      </trkpt>
      <trkpt lat="43.37738" lon="17.5914">
        <ele>272.9</ele>
      </trkpt>
      <trkpt lat="43.37676" lon="17.59176">
        <ele>279.8</ele>
      </trkpt>
      <trkpt lat="43.37651" lon="17.59195">
        <ele>285.3</ele>
      </trkpt>
      <trkpt lat="43.37633" lon="17.59217">
        <ele>289.3</ele>
      </trkpt>
      <trkpt lat="43.37616" lon="17.59241">
        <ele>292.5</ele>
      </trkpt>
      <trkpt lat="43.37606" lon="17.59264">
        <ele>293.2</ele>
      </trkpt>
      <trkpt lat="43.37597" lon="17.59297">
        <ele>291.3</ele>
      </trkpt>
      <trkpt lat="43.37589" lon="17.59335">
        <ele>287.0</ele>
      </trkpt>
      <trkpt lat="43.37588" lon="17.59365">
        <ele>283.9</ele>
      </trkpt>
      <trkpt lat="43.37593" lon="17.59476">
        <ele>272.5</ele>
      </trkpt>
      <trkpt lat="43.37593" lon="17.5951">
        <ele>269.8</ele>
      </trkpt>
      <trkpt lat="43.3759" lon="17.59543">
        <ele>267.5</ele>
      </trkpt>
      <trkpt lat="43.37583" lon="17.59576">
        <ele>264.7</ele>
      </trkpt>
      <trkpt lat="43.37569" lon="17.59609">
        <ele>264.1</ele>
      </trkpt>
      <trkpt lat="43.37554" lon="17.59635">
        <ele>263.3</ele>
      </trkpt>
      <trkpt lat="43.37536" lon="17.59661">
        <ele>261.3</ele>
      </trkpt>
      <trkpt lat="43.37504" lon="17.59699">
        <ele>263.9</ele>
      </trkpt>
      <trkpt lat="43.37441" lon="17.59763">
        <ele>268.8</ele>
      </trkpt>
      <trkpt lat="43.37411" lon="17.59791">
        <ele>271.1</ele>
      </trkpt>
      <trkpt lat="43.37368" lon="17.59841">
        <ele>272.8</ele>
      </trkpt>
      <trkpt lat="43.37342" lon="17.59878">
        <ele>273.0</ele>
      </trkpt>
      <trkpt lat="43.37326" lon="17.59904">
        <ele>273.5</ele>
      </trkpt>
      <trkpt lat="43.37302" lon="17.59961">
        <ele>274.3</ele>
      </trkpt>
      <trkpt lat="43.37291" lon="17.60007">
        <ele>275.1</ele>
      </trkpt>
      <trkpt lat="43.37286" lon="17.60049">
        <ele>275.7</ele>
      </trkpt>
      <trkpt lat="43.37283" lon="17.60095">
        <ele>277.2</ele>
      </trkpt>
      <trkpt lat="43.37284" lon="17.60133">
        <ele>279.1</ele>
      </trkpt>
      <trkpt lat="43.37293" lon="17.60245">
        <ele>282.5</ele>
      </trkpt>
      <trkpt lat="43.37293" lon="17.60269">
        <ele>282.3</ele>
      </trkpt>
      <trkpt lat="43.37286" lon="17.60355">
        <ele>279.8</ele>
      </trkpt>
      <trkpt lat="43.37283" lon="17.60408">
        <ele>279.1</ele>
      </trkpt>
      <trkpt lat="43.37285" lon="17.60467">
        <ele>280.0</ele>
      </trkpt>
      <trkpt lat="43.37292" lon="17.60513">
        <ele>282.0</ele>
      </trkpt>
      <trkpt lat="43.37302" lon="17.60551">
        <ele>283.4</ele>
      </trkpt>
      <trkpt lat="43.37326" lon="17.60624">
        <ele>284.0</ele>
      </trkpt>
      <trkpt lat="43.37351" lon="17.60697">
        <ele>284.0</ele>
      </trkpt>
      <trkpt lat="43.37357" lon="17.60725">
        <ele>284.2</ele>
      </trkpt>
      <trkpt lat="43.37362" lon="17.60756">
        <ele>284.3</ele>
      </trkpt>
      <trkpt lat="43.37365" lon="17.6079">
        <ele>284.3</ele>
      </trkpt>
      <trkpt lat="43.37365" lon="17.60835">
        <ele>284.1</ele>
      </trkpt>
      <trkpt lat="43.37358" lon="17.60909">
        <ele>283.5</ele>
      </trkpt>
      <trkpt lat="43.37339" lon="17.60996">
        <ele>282.6</ele>
      </trkpt>
      <trkpt lat="43.3732" lon="17.61084">
        <ele>280.9</ele>
      </trkpt>
      <trkpt lat="43.37301" lon="17.61172">
        <ele>281.6</ele>
      </trkpt>
      <trkpt lat="43.37283" lon="17.61274">
        <ele>282.2</ele>
      </trkpt>
      <trkpt lat="43.37278" lon="17.6131">
        <ele>283.1</ele>
      </trkpt>
      <trkpt lat="43.37275" lon="17.6137">
        <ele>284.7</ele>
      </trkpt>
      <trkpt lat="43.37271" lon="17.61487">
        <ele>282.4</ele>
      </trkpt>
      <trkpt lat="43.37258" lon="17.6156">
        <ele>279.3</ele>
      </trkpt>
      <trkpt lat="43.37252" lon="17.61584">
        <ele>278.2</ele>
      </trkpt>
      <trkpt lat="43.37243" lon="17.6161">
        <ele>278.8</ele>
      </trkpt>
      <trkpt lat="43.37211" lon="17.61697">
        <ele>280.2</ele>
      </trkpt>
      <trkpt lat="43.37179" lon="17.61784">
        <ele>279.0</ele>
      </trkpt>
      <trkpt lat="43.37147" lon="17.61871">
        <ele>280.3</ele>
      </trkpt>
      <trkpt lat="43.37129" lon="17.61931">
        <ele>281.7</ele>
      </trkpt>
      <trkpt lat="43.37113" lon="17.62005">
        <ele>284.2</ele>
      </trkpt>
      <trkpt lat="43.37097" lon="17.62111">
        <ele>286.2</ele>
      </trkpt>
      <trkpt lat="43.37081" lon="17.62216">
        <ele>287.1</ele>
      </trkpt>
      <trkpt lat="43.37076" lon="17.62234">
        <ele>287.3</ele>
      </trkpt>
      <trkpt lat="43.37068" lon="17.62254">
        <ele>287.7</ele>
      </trkpt>
      <trkpt lat="43.37016" lon="17.62352">
        <ele>289.4</ele>
      </trkpt>
      <trkpt lat="43.36973" lon="17.62439">
        <ele>288.8</ele>
      </trkpt>
      <trkpt lat="43.36964" lon="17.62465">
        <ele>288.7</ele>
      </trkpt>
      <trkpt lat="43.36958" lon="17.62488">
        <ele>288.7</ele>
      </trkpt>
      <trkpt lat="43.36939" lon="17.62588">
        <ele>288.7</ele>
      </trkpt>
      <trkpt lat="43.36931" lon="17.62611">
        <ele>288.5</ele>
      </trkpt>
      <trkpt lat="43.36912" lon="17.62657">
        <ele>287.2</ele>
      </trkpt>
      <trkpt lat="43.36893" lon="17.62716">
        <ele>286.9</ele>
      </trkpt>
      <trkpt lat="43.36874" lon="17.62775">
        <ele>286.0</ele>
      </trkpt>
      <trkpt lat="43.36862" lon="17.62804">
        <ele>285.3</ele>
      </trkpt>
      <trkpt lat="43.36852" lon="17.62822">
        <ele>284.7</ele>
      </trkpt>
      <trkpt lat="43.36841" lon="17.62836">
        <ele>283.9</ele>
      </trkpt>
      <trkpt lat="43.36817" lon="17.62862">
        <ele>282.3</ele>
      </trkpt>
      <trkpt lat="43.36777" lon="17.62896">
        <ele>279.8</ele>
      </trkpt>
      <trkpt lat="43.36759" lon="17.6292">
        <ele>278.9</ele>
      </trkpt>
      <trkpt lat="43.36721" lon="17.63009">
        <ele>280.5</ele>
      </trkpt>
      <trkpt lat="43.36708" lon="17.63048">
        <ele>278.9</ele>
      </trkpt>
      <trkpt lat="43.36697" lon="17.63098">
        <ele>277.1</ele>
      </trkpt>
      <trkpt lat="43.36689" lon="17.6317">
        <ele>276.1</ele>
      </trkpt>
      <trkpt lat="43.3668" lon="17.63242">
        <ele>271.6</ele>
      </trkpt>
      <trkpt lat="43.36658" lon="17.63362">
        <ele>269.1</ele>
      </trkpt>
      <trkpt lat="43.36654" lon="17.63397">
        <ele>267.7</ele>
      </trkpt>
      <trkpt lat="43.36653" lon="17.63408">
        <ele>267.3</ele>
      </trkpt>
      <trkpt lat="43.36654" lon="17.63455">
        <ele>265.4</ele>
      </trkpt>
      <trkpt lat="43.36678" lon="17.63554">
        <ele>266.2</ele>
      </trkpt>
      <trkpt lat="43.36677" lon="17.63585">
        <ele>265.7</ele>
      </trkpt>
      <trkpt lat="43.36669" lon="17.63633">
        <ele>263.7</ele>
      </trkpt>
      <trkpt lat="43.36665" lon="17.63675">
        <ele>262.8</ele>
      </trkpt>
      <trkpt lat="43.36665" lon="17.63727">
        <ele>262.8</ele>
      </trkpt>
      <trkpt lat="43.36668" lon="17.63779">
        <ele>262.4</ele>
      </trkpt>
      <trkpt lat="43.36667" lon="17.63832">
        <ele>261.1</ele>
      </trkpt>
      <trkpt lat="43.36664" lon="17.6391">
        <ele>258.9</ele>
      </trkpt>
      <trkpt lat="43.36661" lon="17.63989">
        <ele>254.9</ele>
      </trkpt>
      <trkpt lat="43.36659" lon="17.64052">
        <ele>254.0</ele>
      </trkpt>
      <trkpt lat="43.36658" lon="17.64115">
        <ele>253.0</ele>
      </trkpt>
      <trkpt lat="43.36658" lon="17.64146">
        <ele>252.2</ele>
      </trkpt>
      <trkpt lat="43.36661" lon="17.64172">
        <ele>252.0</ele>
      </trkpt>
      <trkpt lat="43.36677" lon="17.64249">
        <ele>250.4</ele>
      </trkpt>
      <trkpt lat="43.36678" lon="17.64275">
        <ele>250.5</ele>
      </trkpt>
      <trkpt lat="43.36673" lon="17.64371">
        <ele>248.9</ele>
      </trkpt>
      <trkpt lat="43.36674" lon="17.64451">
        <ele>247.5</ele>
      </trkpt>
      <trkpt lat="43.36672" lon="17.64499">
        <ele>246.7</ele>
      </trkpt>
      <trkpt lat="43.36667" lon="17.64547">
        <ele>245.5</ele>
      </trkpt>
      <trkpt lat="43.3665" lon="17.64652">
        <ele>244.3</ele>
      </trkpt>
      <trkpt lat="43.36644" lon="17.64678">
        <ele>243.9</ele>
      </trkpt>
      <trkpt lat="43.36632" lon="17.64747">
        <ele>243.1</ele>
      </trkpt>
      <trkpt lat="43.36619" lon="17.64852">
        <ele>239.7</ele>
      </trkpt>
      <trkpt lat="43.36614" lon="17.649">
        <ele>238.5</ele>
      </trkpt>
      <trkpt lat="43.36614" lon="17.64951">
        <ele>238.1</ele>
      </trkpt>
      <trkpt lat="43.3662" lon="17.65015">
        <ele>238.5</ele>
      </trkpt>
      <trkpt lat="43.36627" lon="17.6508">
        <ele>239.5</ele>
      </trkpt>
      <trkpt lat="43.36632" lon="17.65107">
        <ele>239.5</ele>
      </trkpt>
      <trkpt lat="43.36643" lon="17.65142">
        <ele>239.4</ele>
      </trkpt>
      <trkpt lat="43.36673" lon="17.65195">
        <ele>239.4</ele>
      </trkpt>
      <trkpt lat="43.36703" lon="17.65247">
        <ele>240.1</ele>
      </trkpt>
      <trkpt lat="43.36711" lon="17.6527">
        <ele>240.7</ele>
      </trkpt>
      <trkpt lat="43.36715" lon="17.65295">
        <ele>241.1</ele>
      </trkpt>
      <trkpt lat="43.36716" lon="17.65315">
        <ele>241.1</ele>
      </trkpt>
      <trkpt lat="43.36711" lon="17.65349">
        <ele>241.1</ele>
      </trkpt>
      <trkpt lat="43.36681" lon="17.65462">
        <ele>240.6</ele>
      </trkpt>
      <trkpt lat="43.3665" lon="17.65576">
        <ele>240.8</ele>
      </trkpt>
      <trkpt lat="43.36619" lon="17.65689">
        <ele>239.8</ele>
      </trkpt>
      <trkpt lat="43.36609" lon="17.65732">
        <ele>240.0</ele>
      </trkpt>
      <trkpt lat="43.36605" lon="17.65773">
        <ele>240.4</ele>
      </trkpt>
      <trkpt lat="43.36608" lon="17.65822">
        <ele>240.6</ele>
      </trkpt>
      <trkpt lat="43.36616" lon="17.65897">
        <ele>238.9</ele>
      </trkpt>
      <trkpt lat="43.36623" lon="17.65972">
        <ele>238.1</ele>
      </trkpt>
      <trkpt lat="43.36634" lon="17.66084">
        <ele>238.2</ele>
      </trkpt>
      <trkpt lat="43.36644" lon="17.66197">
        <ele>238.0</ele>
      </trkpt>
      <trkpt lat="43.36654" lon="17.66309">
        <ele>237.8</ele>
      </trkpt>
      <trkpt lat="43.36664" lon="17.66421">
        <ele>238.9</ele>
      </trkpt>
      <trkpt lat="43.36666" lon="17.66476">
        <ele>239.0</ele>
      </trkpt>
      <trkpt lat="43.36664" lon="17.665">
        <ele>238.9</ele>
      </trkpt>
      <trkpt lat="43.36658" lon="17.66532">
        <ele>238.7</ele>
      </trkpt>
      <trkpt lat="43.36641" lon="17.66602">
        <ele>238.8</ele>
      </trkpt>
      <trkpt lat="43.36624" lon="17.66671">
        <ele>240.1</ele>
      </trkpt>
      <trkpt lat="43.3661" lon="17.66733">
        <ele>240.2</ele>
      </trkpt>
      <trkpt lat="43.36597" lon="17.66795">
        <ele>240.6</ele>
      </trkpt>
      <trkpt lat="43.36583" lon="17.66834">
        <ele>240.0</ele>
      </trkpt>
      <trkpt lat="43.36555" lon="17.66894">
        <ele>241.1</ele>
      </trkpt>
      <trkpt lat="43.36548" lon="17.66912">
        <ele>241.1</ele>
      </trkpt>
      <trkpt lat="43.36537" lon="17.66973">
        <ele>241.2</ele>
      </trkpt>
      <trkpt lat="43.36532" lon="17.66993">
        <ele>240.8</ele>
      </trkpt>
      <trkpt lat="43.36524" lon="17.67013">
        <ele>240.2</ele>
      </trkpt>
      <trkpt lat="43.36502" lon="17.67057">
        <ele>239.0</ele>
      </trkpt>
      <trkpt lat="43.36476" lon="17.67103">
        <ele>239.4</ele>
      </trkpt>
      <trkpt lat="43.36462" lon="17.67122">
        <ele>239.1</ele>
      </trkpt>
      <trkpt lat="43.36449" lon="17.67136">
        <ele>238.7</ele>
      </trkpt>
      <trkpt lat="43.36424" lon="17.67156">
        <ele>237.4</ele>
      </trkpt>
      <trkpt lat="43.36356" lon="17.67196">
        <ele>237.6</ele>
      </trkpt>
      <trkpt lat="43.36289" lon="17.67236">
        <ele>236.7</ele>
      </trkpt>
      <trkpt lat="43.36221" lon="17.67276">
        <ele>236.6</ele>
      </trkpt>
      <trkpt lat="43.36142" lon="17.67324">
        <ele>236.9</ele>
      </trkpt>
      <trkpt lat="43.36063" lon="17.67371">
        <ele>237.8</ele>
      </trkpt>
      <trkpt lat="43.35983" lon="17.67419">
        <ele>236.1</ele>
      </trkpt>
      <trkpt lat="43.35961" lon="17.67436">
        <ele>236.7</ele>
      </trkpt>
      <trkpt lat="43.35928" lon="17.67473">
        <ele>238.5</ele>
      </trkpt>
      <trkpt lat="43.35874" lon="17.67563">
        <ele>241.2</ele>
      </trkpt>
      <trkpt lat="43.35821" lon="17.67654">
        <ele>241.5</ele>
      </trkpt>
      <trkpt lat="43.35768" lon="17.67744">
        <ele>242.3</ele>
      </trkpt>
      <trkpt lat="43.35715" lon="17.67834">
        <ele>243.6</ele>
      </trkpt>
      <trkpt lat="43.35697" lon="17.67869">
        <ele>242.8</ele>
      </trkpt>
      <trkpt lat="43.35655" lon="17.67966">
        <ele>241.4</ele>
      </trkpt>
      <trkpt lat="43.35613" lon="17.68063">
        <ele>239.3</ele>
      </trkpt>
      <trkpt lat="43.35571" lon="17.6816">
        <ele>238.8</ele>
      </trkpt>
      <trkpt lat="43.35562" lon="17.68192">
        <ele>238.2</ele>
      </trkpt>
      <trkpt lat="43.35559" lon="17.68206">
        <ele>238.0</ele>
      </trkpt>
      <trkpt lat="43.35557" lon="17.68323">
        <ele>235.8</ele>
      </trkpt>
      <trkpt lat="43.35555" lon="17.6834">
        <ele>235.5</ele>
      </trkpt>
      <trkpt lat="43.35544" lon="17.68371">
        <ele>235.5</ele>
      </trkpt>
      <trkpt lat="43.35536" lon="17.68386">
        <ele>235.5</ele>
      </trkpt>
      <trkpt lat="43.35526" lon="17.68399">
        <ele>235.5</ele>
      </trkpt>
      <trkpt lat="43.35516" lon="17.68407">
        <ele>235.3</ele>
      </trkpt>
      <trkpt lat="43.35503" lon="17.68413">
        <ele>234.9</ele>
      </trkpt>
      <trkpt lat="43.3549" lon="17.68417">
        <ele>234.8</ele>
      </trkpt>
      <trkpt lat="43.35425" lon="17.68423">
        <ele>233.7</ele>
      </trkpt>
      <trkpt lat="43.35361" lon="17.68429">
        <ele>232.8</ele>
      </trkpt>
      <trkpt lat="43.35346" lon="17.68433">
        <ele>232.8</ele>
      </trkpt>
      <trkpt lat="43.3533" lon="17.68441">
        <ele>233.2</ele>
      </trkpt>
      <trkpt lat="43.35304" lon="17.68461">
        <ele>233.3</ele>
      </trkpt>
      <trkpt lat="43.35288" lon="17.68478">
        <ele>233.3</ele>
      </trkpt>
      <trkpt lat="43.35275" lon="17.68498">
        <ele>233.3</ele>
      </trkpt>
      <trkpt lat="43.35266" lon="17.68517">
        <ele>233.0</ele>
      </trkpt>
      <trkpt lat="43.35239" lon="17.68591">
        <ele>232.7</ele>
      </trkpt>
      <trkpt lat="43.35212" lon="17.68665">
        <ele>232.9</ele>
      </trkpt>
      <trkpt lat="43.35175" lon="17.68767">
        <ele>233.6</ele>
      </trkpt>
      <trkpt lat="43.35139" lon="17.68869">
        <ele>234.2</ele>
      </trkpt>
      <trkpt lat="43.35102" lon="17.68971">
        <ele>234.1</ele>
      </trkpt>
      <trkpt lat="43.35065" lon="17.69073">
        <ele>234.6</ele>
      </trkpt>
      <trkpt lat="43.35031" lon="17.69149">
        <ele>236.3</ele>
      </trkpt>
      <trkpt lat="43.34993" lon="17.69207">
        <ele>237.3</ele>
      </trkpt>
      <trkpt lat="43.34956" lon="17.69266">
        <ele>237.5</ele>
      </trkpt>
      <trkpt lat="43.34923" lon="17.69312">
        <ele>236.0</ele>
      </trkpt>
      <trkpt lat="43.34895" lon="17.69348">
        <ele>235.5</ele>
      </trkpt>
      <trkpt lat="43.34842" lon="17.69395">
        <ele>234.3</ele>
      </trkpt>
      <trkpt lat="43.34815" lon="17.69429">
        <ele>234.6</ele>
      </trkpt>
      <trkpt lat="43.34805" lon="17.69444">
        <ele>234.8</ele>
      </trkpt>
      <trkpt lat="43.34754" lon="17.69537">
        <ele>235.2</ele>
      </trkpt>
      <trkpt lat="43.34704" lon="17.69629">
        <ele>237.4</ele>
      </trkpt>
      <trkpt lat="43.34679" lon="17.69671">
        <ele>238.4</ele>
      </trkpt>
      <trkpt lat="43.34658" lon="17.69692">
        <ele>238.2</ele>
      </trkpt>
      <trkpt lat="43.34631" lon="17.69716">
        <ele>238.0</ele>
      </trkpt>
      <trkpt lat="43.34605" lon="17.69745">
        <ele>238.2</ele>
      </trkpt>
      <trkpt lat="43.34585" lon="17.69763">
        <ele>237.7</ele>
      </trkpt>
      <trkpt lat="43.34562" lon="17.69793">
        <ele>237.7</ele>
      </trkpt>
      <trkpt lat="43.34539" lon="17.6985">
        <ele>238.5</ele>
      </trkpt>
      <trkpt lat="43.34515" lon="17.69906">
        <ele>238.9</ele>
      </trkpt>
      <trkpt lat="43.34493" lon="17.69963">
        <ele>239.5</ele>
      </trkpt>
      <trkpt lat="43.34472" lon="17.7002">
        <ele>239.2</ele>
      </trkpt>
      <trkpt lat="43.34455" lon="17.70072">
        <ele>238.5</ele>
      </trkpt>
      <trkpt lat="43.3445" lon="17.70107">
        <ele>238.5</ele>
      </trkpt>
      <trkpt lat="43.34444" lon="17.70173">
        <ele>238.5</ele>
      </trkpt>
      <trkpt lat="43.34438" lon="17.7021">
        <ele>239.0</ele>
      </trkpt>
      <trkpt lat="43.34426" lon="17.70255">
        <ele>239.1</ele>
      </trkpt>
      <trkpt lat="43.34389" lon="17.70365">
        <ele>239.5</ele>
      </trkpt>
      <trkpt lat="43.34366" lon="17.70441">
        <ele>240.6</ele>
      </trkpt>
      <trkpt lat="43.34342" lon="17.70518">
        <ele>241.1</ele>
      </trkpt>
      <trkpt lat="43.34321" lon="17.7058">
        <ele>240.1</ele>
      </trkpt>
      <trkpt lat="43.34276" lon="17.70683">
        <ele>239.6</ele>
      </trkpt>
      <trkpt lat="43.34267" lon="17.70711">
        <ele>240.0</ele>
      </trkpt>
      <trkpt lat="43.3425" lon="17.70745">
        <ele>239.8</ele>
      </trkpt>
      <trkpt lat="43.34238" lon="17.70767">
        <ele>240.2</ele>
      </trkpt>
      <trkpt lat="43.3421" lon="17.70801">
        <ele>240.0</ele>
      </trkpt>
      <trkpt lat="43.34143" lon="17.70871">
        <ele>239.1</ele>
      </trkpt>
      <trkpt lat="43.34106" lon="17.70914">
        <ele>238.1</ele>
      </trkpt>
      <trkpt lat="43.34063" lon="17.70973">
        <ele>239.6</ele>
      </trkpt>
      <trkpt lat="43.34039" lon="17.71011">
        <ele>240.6</ele>
      </trkpt>
      <trkpt lat="43.34018" lon="17.7104">
        <ele>240.6</ele>
      </trkpt>
      <trkpt lat="43.33997" lon="17.7108">
        <ele>240.4</ele>
      </trkpt>
      <trkpt lat="43.33989" lon="17.71102">
        <ele>240.9</ele>
      </trkpt>
      <trkpt lat="43.33977" lon="17.71124">
        <ele>240.8</ele>
      </trkpt>
      <trkpt lat="43.33969" lon="17.71132">
        <ele>240.2</ele>
      </trkpt>
      <trkpt lat="43.33962" lon="17.71135">
        <ele>239.4</ele>
      </trkpt>
      <trkpt lat="43.33956" lon="17.71143">
        <ele>239.1</ele>
      </trkpt>
      <trkpt lat="43.33954" lon="17.71153">
        <ele>239.5</ele>
      </trkpt>
      <trkpt lat="43.33955" lon="17.71164">
        <ele>240.3</ele>
      </trkpt>
      <trkpt lat="43.33953" lon="17.71175">
        <ele>241.1</ele>
      </trkpt>
      <trkpt lat="43.33943" lon="17.71195">
        <ele>241.6</ele>
      </trkpt>
      <trkpt lat="43.33927" lon="17.71219">
        <ele>241.6</ele>
      </trkpt>
      <trkpt lat="43.33913" lon="17.71247">
        <ele>242.2</ele>
      </trkpt>
      <trkpt lat="43.33878" lon="17.7133">
        <ele>244.7</ele>
      </trkpt>
      <trkpt lat="43.33842" lon="17.71412">
        <ele>245.1</ele>
      </trkpt>
      <trkpt lat="43.33807" lon="17.71495">
        <ele>245.9</ele>
      </trkpt>
      <trkpt lat="43.33772" lon="17.71578">
        <ele>243.0</ele>
      </trkpt>
      <trkpt lat="43.33749" lon="17.71621">
        <ele>241.4</ele>
      </trkpt>
      <trkpt lat="43.33728" lon="17.71655">
        <ele>240.4</ele>
      </trkpt>
      <trkpt lat="43.33701" lon="17.71687">
        <ele>238.4</ele>
      </trkpt>
      <trkpt lat="43.33662" lon="17.71723">
        <ele>234.9</ele>
      </trkpt>
      <trkpt lat="43.33623" lon="17.71754">
        <ele>233.6</ele>
      </trkpt>
      <trkpt lat="43.33571" lon="17.71788">
        <ele>229.1</ele>
      </trkpt>
      <trkpt lat="43.33511" lon="17.71821">
        <ele>226.5</ele>
      </trkpt>
      <trkpt lat="43.33451" lon="17.71855">
        <ele>226.4</ele>
      </trkpt>
      <trkpt lat="43.33419" lon="17.71877">
        <ele>226.6</ele>
      </trkpt>
      <trkpt lat="43.33387" lon="17.71905">
        <ele>226.3</ele>
      </trkpt>
      <trkpt lat="43.33357" lon="17.71936">
        <ele>225.5</ele>
      </trkpt>
      <trkpt lat="43.33321" lon="17.71984">
        <ele>225.3</ele>
      </trkpt>
      <trkpt lat="43.33298" lon="17.72023">
        <ele>225.9</ele>
      </trkpt>
      <trkpt lat="43.3328" lon="17.7206">
        <ele>226.4</ele>
      </trkpt>
      <trkpt lat="43.33271" lon="17.72085">
        <ele>226.7</ele>
      </trkpt>
      <trkpt lat="43.33255" lon="17.72133">
        <ele>227.4</ele>
      </trkpt>
      <trkpt lat="43.33248" lon="17.72166">
        <ele>227.9</ele>
      </trkpt>
      <trkpt lat="43.33241" lon="17.72208">
        <ele>227.7</ele>
      </trkpt>
      <trkpt lat="43.33236" lon="17.72254">
        <ele>227.7</ele>
      </trkpt>
      <trkpt lat="43.33235" lon="17.72308">
        <ele>228.7</ele>
      </trkpt>
      <trkpt lat="43.33239" lon="17.72375">
        <ele>228.4</ele>
      </trkpt>
      <trkpt lat="43.33252" lon="17.72461">
        <ele>227.6</ele>
      </trkpt>
      <trkpt lat="43.33264" lon="17.72547">
        <ele>226.5</ele>
      </trkpt>
      <trkpt lat="43.33277" lon="17.72633">
        <ele>226.4</ele>
      </trkpt>
      <trkpt lat="43.33289" lon="17.72752">
        <ele>231.2</ele>
      </trkpt>
      <trkpt lat="43.33287" lon="17.72841">
        <ele>236.2</ele>
      </trkpt>
      <trkpt lat="43.33284" lon="17.72878">
        <ele>239.6</ele>
      </trkpt>
      <trkpt lat="43.33278" lon="17.72916">
        <ele>242.0</ele>
      </trkpt>
      <trkpt lat="43.3327" lon="17.72957">
        <ele>244.7</ele>
      </trkpt>
      <trkpt lat="43.3325" lon="17.73021">
        <ele>244.5</ele>
      </trkpt>
      <trkpt lat="43.3323" lon="17.73086">
        <ele>247.0</ele>
      </trkpt>
      <trkpt lat="43.33197" lon="17.73181">
        <ele>245.3</ele>
      </trkpt>
      <trkpt lat="43.33175" lon="17.73255">
        <ele>243.9</ele>
      </trkpt>
      <trkpt lat="43.33151" lon="17.73345">
        <ele>241.6</ele>
      </trkpt>
      <trkpt lat="43.33128" lon="17.73435">
        <ele>239.2</ele>
      </trkpt>
      <trkpt lat="43.33111" lon="17.73487">
        <ele>239.0</ele>
      </trkpt>
      <trkpt lat="43.33098" lon="17.7352">
        <ele>238.2</ele>
      </trkpt>
      <trkpt lat="43.33084" lon="17.73547">
        <ele>237.1</ele>
      </trkpt>
      <trkpt lat="43.33039" lon="17.73608">
        <ele>236.3</ele>
      </trkpt>
      <trkpt lat="43.33003" lon="17.73641">
        <ele>236.2</ele>
      </trkpt>
      <trkpt lat="43.3298" lon="17.73659">
        <ele>237.2</ele>
      </trkpt>
      <trkpt lat="43.32954" lon="17.73671">
        <ele>238.2</ele>
      </trkpt>
      <trkpt lat="43.32885" lon="17.73695">
        <ele>241.0</ele>
      </trkpt>
      <trkpt lat="43.32815" lon="17.73719">
        <ele>247.8</ele>
      </trkpt>
      <trkpt lat="43.32746" lon="17.73743">
        <ele>254.8</ele>
      </trkpt>
      <trkpt lat="43.32676" lon="17.73767">
        <ele>256.1</ele>
      </trkpt>
      <trkpt lat="43.32632" lon="17.73787">
        <ele>255.2</ele>
      </trkpt>
      <trkpt lat="43.32588" lon="17.73811">
        <ele>253.7</ele>
      </trkpt>
      <trkpt lat="43.32553" lon="17.73834">
        <ele>254.5</ele>
      </trkpt>
      <trkpt lat="43.32525" lon="17.73859">
        <ele>255.6</ele>
      </trkpt>
      <trkpt lat="43.32495" lon="17.73892">
        <ele>259.0</ele>
      </trkpt>
      <trkpt lat="43.32454" lon="17.73949">
        <ele>267.4</ele>
      </trkpt>
      <trkpt lat="43.32425" lon="17.74008">
        <ele>275.2</ele>
      </trkpt>
      <trkpt lat="43.32408" lon="17.74059">
        <ele>276.7</ele>
      </trkpt>
      <trkpt lat="43.32393" lon="17.74114">
        <ele>275.1</ele>
      </trkpt>
      <trkpt lat="43.3238" lon="17.74187">
        <ele>272.0</ele>
      </trkpt>
      <trkpt lat="43.32379" lon="17.74254">
        <ele>269.6</ele>
      </trkpt>
      <trkpt lat="43.32377" lon="17.74321">
        <ele>266.0</ele>
      </trkpt>
      <trkpt lat="43.32381" lon="17.74408">
        <ele>265.8</ele>
      </trkpt>
      <trkpt lat="43.32384" lon="17.74495">
        <ele>267.3</ele>
      </trkpt>
      <trkpt lat="43.32383" lon="17.74589">
        <ele>268.8</ele>
      </trkpt>
      <trkpt lat="43.32382" lon="17.74684">
        <ele>270.4</ele>
      </trkpt>
      <trkpt lat="43.32375" lon="17.74764">
        <ele>274.6</ele>
      </trkpt>
      <trkpt lat="43.32368" lon="17.74845">
        <ele>279.4</ele>
      </trkpt>
      <trkpt lat="43.32355" lon="17.74936">
        <ele>280.9</ele>
      </trkpt>
      <trkpt lat="43.32342" lon="17.75028">
        <ele>281.8</ele>
      </trkpt>
      <trkpt lat="43.32324" lon="17.7512">
        <ele>280.7</ele>
      </trkpt>
      <trkpt lat="43.32305" lon="17.75204">
        <ele>280.1</ele>
      </trkpt>
      <trkpt lat="43.32283" lon="17.75291">
        <ele>279.5</ele>
      </trkpt>
      <trkpt lat="43.32261" lon="17.75361">
        <ele>279.0</ele>
      </trkpt>
      <trkpt lat="43.32236" lon="17.75435">
        <ele>279.0</ele>
      </trkpt>
      <trkpt lat="43.32214" lon="17.7549">
        <ele>278.8</ele>
      </trkpt>
      <trkpt lat="43.32192" lon="17.75545">
        <ele>279.6</ele>
      </trkpt>
      <trkpt lat="43.32162" lon="17.75615">
        <ele>281.4</ele>
      </trkpt>
      <trkpt lat="43.32127" lon="17.75685">
        <ele>281.8</ele>
      </trkpt>
      <trkpt lat="43.32092" lon="17.75754">
        <ele>282.2</ele>
      </trkpt>
      <trkpt lat="43.32069" lon="17.75796">
        <ele>282.0</ele>
      </trkpt>
      <trkpt lat="43.32016" lon="17.7588">
        <ele>280.2</ele>
      </trkpt>
      <trkpt lat="43.31973" lon="17.75941">
        <ele>279.4</ele>
      </trkpt>
      <trkpt lat="43.31929" lon="17.76002">
        <ele>279.3</ele>
      </trkpt>
      <trkpt lat="43.31895" lon="17.76043">
        <ele>279.1</ele>
      </trkpt>
      <trkpt lat="43.31835" lon="17.76112">
        <ele>278.6</ele>
      </trkpt>
      <trkpt lat="43.31775" lon="17.76181">
        <ele>279.4</ele>
      </trkpt>
      <trkpt lat="43.31716" lon="17.76249">
        <ele>279.3</ele>
      </trkpt>
      <trkpt lat="43.31656" lon="17.76318">
        <ele>278.8</ele>
      </trkpt>
      <trkpt lat="43.31596" lon="17.76386">
        <ele>279.7</ele>
      </trkpt>
      <trkpt lat="43.31555" lon="17.7644">
        <ele>281.1</ele>
      </trkpt>
      <trkpt lat="43.31514" lon="17.76493">
        <ele>282.6</ele>
      </trkpt>
      <trkpt lat="43.31463" lon="17.76576">
        <ele>283.8</ele>
      </trkpt>
      <trkpt lat="43.31425" lon="17.76642">
        <ele>285.1</ele>
      </trkpt>
      <trkpt lat="43.31388" lon="17.76709">
        <ele>285.8</ele>
      </trkpt>
      <trkpt lat="43.31347" lon="17.76787">
        <ele>286.2</ele>
      </trkpt>
      <trkpt lat="43.31326" lon="17.76819">
        <ele>285.3</ele>
      </trkpt>
      <trkpt lat="43.31262" lon="17.76902">
        <ele>284.6</ele>
      </trkpt>
      <trkpt lat="43.31197" lon="17.76985">
        <ele>285.0</ele>
      </trkpt>
      <trkpt lat="43.31182" lon="17.77009">
        <ele>285.4</ele>
      </trkpt>
      <trkpt lat="43.31166" lon="17.7704">
        <ele>286.4</ele>
      </trkpt>
      <trkpt lat="43.31151" lon="17.77075">
        <ele>287.4</ele>
      </trkpt>
      <trkpt lat="43.3114" lon="17.77118">
        <ele>287.9</ele>
      </trkpt>
      <trkpt lat="43.31134" lon="17.77154">
        <ele>288.3</ele>
      </trkpt>
      <trkpt lat="43.31132" lon="17.77185">
        <ele>288.8</ele>
      </trkpt>
      <trkpt lat="43.31131" lon="17.77283">
        <ele>289.1</ele>
      </trkpt>
      <trkpt lat="43.31127" lon="17.7732">
        <ele>288.3</ele>
      </trkpt>
      <trkpt lat="43.31123" lon="17.77329">
        <ele>288.0</ele>
      </trkpt>
      <trkpt lat="43.31116" lon="17.77339">
        <ele>287.8</ele>
      </trkpt>
      <trkpt lat="43.31104" lon="17.77342">
        <ele>287.5</ele>
      </trkpt>
      <trkpt lat="43.31086" lon="17.77343">
        <ele>287.1</ele>
      </trkpt>
      <trkpt lat="43.3102" lon="17.77336">
        <ele>287.0</ele>
      </trkpt>
      <trkpt lat="43.31031" lon="17.77431">
        <ele>288.7</ele>
      </trkpt>
      <trkpt lat="43.3104" lon="17.77503">
        <ele>290.2</ele>
      </trkpt>
      <trkpt lat="43.31048" lon="17.77549">
        <ele>291.6</ele>
      </trkpt>
      <trkpt lat="43.31056" lon="17.77584">
        <ele>292.3</ele>
      </trkpt>
      <trkpt lat="43.31074" lon="17.77646">
        <ele>290.9</ele>
      </trkpt>
      <trkpt lat="43.31099" lon="17.77748">
        <ele>287.2</ele>
      </trkpt>
      <trkpt lat="43.311" lon="17.77768">
        <ele>286.3</ele>
      </trkpt>
      <trkpt lat="43.31096" lon="17.7779">
        <ele>284.7</ele>
      </trkpt>
      <trkpt lat="43.31083" lon="17.77815">
        <ele>282.1</ele>
      </trkpt>
      <trkpt lat="43.31053" lon="17.77856">
        <ele>279.6</ele>
      </trkpt>
      <trkpt lat="43.31018" lon="17.77899">
        <ele>273.8</ele>
      </trkpt>
      <trkpt lat="43.30983" lon="17.77941">
        <ele>266.6</ele>
      </trkpt>
      <trkpt lat="43.30958" lon="17.77964">
        <ele>262.7</ele>
      </trkpt>
      <trkpt lat="43.3094" lon="17.77977">
        <ele>260.4</ele>
      </trkpt>
      <trkpt lat="43.30912" lon="17.77991">
        <ele>258.3</ele>
      </trkpt>
      <trkpt lat="43.30846" lon="17.78016">
        <ele>255.6</ele>
      </trkpt>
      <trkpt lat="43.30766" lon="17.78037">
        <ele>250.5</ele>
      </trkpt>
      <trkpt lat="43.30687" lon="17.78059">
        <ele>241.6</ele>
      </trkpt>
      <trkpt lat="43.30608" lon="17.78081">
        <ele>235.3</ele>
      </trkpt>
      <trkpt lat="43.30543" lon="17.78103">
        <ele>229.9</ele>
      </trkpt>
      <trkpt lat="43.30478" lon="17.78126">
        <ele>225.2</ele>
      </trkpt>
      <trkpt lat="43.30421" lon="17.78134">
        <ele>228.4</ele>
      </trkpt>
      <trkpt lat="43.30416" lon="17.78138">
        <ele>227.2</ele>
      </trkpt>
      <trkpt lat="43.30413" lon="17.78147">
        <ele>223.5</ele>
      </trkpt>
      <trkpt lat="43.30415" lon="17.78155">
        <ele>219.6</ele>
      </trkpt>
      <trkpt lat="43.30421" lon="17.78158">
        <ele>217.4</ele>
      </trkpt>
      <trkpt lat="43.30463" lon="17.78153">
        <ele>214.7</ele>
      </trkpt>
      <trkpt lat="43.30523" lon="17.78152">
        <ele>209.0</ele>
      </trkpt>
      <trkpt lat="43.30584" lon="17.78151">
        <ele>205.1</ele>
      </trkpt>
      <trkpt lat="43.30645" lon="17.78154">
        <ele>201.2</ele>
      </trkpt>
      <trkpt lat="43.30729" lon="17.78164">
        <ele>194.7</ele>
      </trkpt>
      <trkpt lat="43.30798" lon="17.78179">
        <ele>187.4</ele>
      </trkpt>
      <trkpt lat="43.30866" lon="17.78193">
        <ele>181.9</ele>
      </trkpt>
      <trkpt lat="43.30935" lon="17.78208">
        <ele>180.9</ele>
      </trkpt>
      <trkpt lat="43.30946" lon="17.78212">
        <ele>181.7</ele>
      </trkpt>
      <trkpt lat="43.30965" lon="17.78227">
        <ele>181.2</ele>
      </trkpt>
      <trkpt lat="43.30973" lon="17.78238">
        <ele>180.0</ele>
      </trkpt>
      <trkpt lat="43.30979" lon="17.7825">
        <ele>178.2</ele>
      </trkpt>
      <trkpt lat="43.30985" lon="17.78278">
        <ele>177.8</ele>
      </trkpt>
      <trkpt lat="43.30985" lon="17.78293">
        <ele>176.8</ele>
      </trkpt>
      <trkpt lat="43.30982" lon="17.78308">
        <ele>174.9</ele>
      </trkpt>
      <trkpt lat="43.30971" lon="17.78355">
        <ele>168.3</ele>
      </trkpt>
      <trkpt lat="43.30957" lon="17.7845">
        <ele>159.8</ele>
      </trkpt>
      <trkpt lat="43.3094" lon="17.78543">
        <ele>150.5</ele>
      </trkpt>
      <trkpt lat="43.30932" lon="17.78613">
        <ele>145.4</ele>
      </trkpt>
      <trkpt lat="43.30932" lon="17.78649">
        <ele>143.1</ele>
      </trkpt>
      <trkpt lat="43.30938" lon="17.78671">
        <ele>142.1</ele>
      </trkpt>
      <trkpt lat="43.30945" lon="17.78682">
        <ele>141.2</ele>
      </trkpt>
      <trkpt lat="43.30995" lon="17.78727">
        <ele>139.6</ele>
      </trkpt>
      <trkpt lat="43.31032" lon="17.78752">
        <ele>136.8</ele>
      </trkpt>
      <trkpt lat="43.31056" lon="17.78763">
        <ele>135.5</ele>
      </trkpt>
      <trkpt lat="43.31067" lon="17.78766">
        <ele>135.2</ele>
      </trkpt>
      <trkpt lat="43.31096" lon="17.78765">
        <ele>135.7</ele>
      </trkpt>
      <trkpt lat="43.31106" lon="17.78766">
        <ele>135.3</ele>
      </trkpt>
      <trkpt lat="43.31111" lon="17.78772">
        <ele>133.8</ele>
      </trkpt>
      <trkpt lat="43.31111" lon="17.78779">
        <ele>132.2</ele>
      </trkpt>
      <trkpt lat="43.31109" lon="17.78787">
        <ele>130.4</ele>
      </trkpt>
      <trkpt lat="43.31106" lon="17.7879">
        <ele>129.8</ele>
      </trkpt>
      <trkpt lat="43.31048" lon="17.78812">
        <ele>125.7</ele>
      </trkpt>
      <trkpt lat="43.31028" lon="17.78824">
        <ele>123.1</ele>
      </trkpt>
      <trkpt lat="43.30965" lon="17.78872">
        <ele>115.3</ele>
      </trkpt>
      <trkpt lat="43.30952" lon="17.78879">
        <ele>114.2</ele>
      </trkpt>
      <trkpt lat="43.30907" lon="17.78884">
        <ele>111.1</ele>
      </trkpt>
      <trkpt lat="43.30887" lon="17.78894">
        <ele>107.7</ele>
      </trkpt>
      <trkpt lat="43.30867" lon="17.78915">
        <ele>103.9</ele>
      </trkpt>
      <trkpt lat="43.3083" lon="17.78984">
        <ele>97.5</ele>
      </trkpt>
      <trkpt lat="43.3081" lon="17.79039">
        <ele>94.0</ele>
      </trkpt>
      <trkpt lat="43.30799" lon="17.79064">
        <ele>92.7</ele>
      </trkpt>
      <trkpt lat="43.30789" lon="17.79079">
        <ele>91.5</ele>
      </trkpt>
      <trkpt lat="43.30769" lon="17.79096">
        <ele>89.7</ele>
      </trkpt>
      <trkpt lat="43.30752" lon="17.79119">
        <ele>89.6</ele>
      </trkpt>
      <trkpt lat="43.30721" lon="17.79174">
        <ele>89.1</ele>
      </trkpt>
      <trkpt lat="43.30703" lon="17.79198">
        <ele>86.9</ele>
      </trkpt>
      <trkpt lat="43.30666" lon="17.79256">
        <ele>84.1</ele>
      </trkpt>
      <trkpt lat="43.3063" lon="17.79314">
        <ele>81.7</ele>
      </trkpt>
      <trkpt lat="43.30627" lon="17.79322">
        <ele>81.7</ele>
      </trkpt>
      <trkpt lat="43.30599" lon="17.79368">
        <ele>81.4</ele>
      </trkpt>
      <trkpt lat="43.30589" lon="17.79379">
        <ele>81.5</ele>
      </trkpt>
      <trkpt lat="43.3058" lon="17.79387">
        <ele>81.3</ele>
      </trkpt>
      <trkpt lat="43.30548" lon="17.79407">
        <ele>77.1</ele>
      </trkpt>
      <trkpt lat="43.30521" lon="17.79436">
        <ele>73.5</ele>
      </trkpt>
      <trkpt lat="43.30507" lon="17.79447">
        <ele>71.4</ele>
      </trkpt>
      <trkpt lat="43.30498" lon="17.79462">
        <ele>70.4</ele>
      </trkpt>
      <trkpt lat="43.30487" lon="17.795">
        <ele>70.1</ele>
      </trkpt>
      <trkpt lat="43.30474" lon="17.79537">
        <ele>67.2</ele>
      </trkpt>
      <trkpt lat="43.30471" lon="17.7957">
        <ele>65.9</ele>
      </trkpt>
      <trkpt lat="43.30473" lon="17.79586">
        <ele>65.5</ele>
      </trkpt>
      <trkpt lat="43.3048" lon="17.79619">
        <ele>63.2</ele>
      </trkpt>
      <trkpt lat="43.30501" lon="17.79674">
        <ele>59.4</ele>
      </trkpt>
      <trkpt lat="43.30506" lon="17.79691">
        <ele>58.3</ele>
      </trkpt>
      <trkpt lat="43.30507" lon="17.79699">
        <ele>57.5</ele>
      </trkpt>
      <trkpt lat="43.30501" lon="17.79719">
        <ele>55.0</ele>
      </trkpt>
      <trkpt lat="43.30482" lon="17.79756">
        <ele>53.3</ele>
      </trkpt>
      <trkpt lat="43.30471" lon="17.79776">
        <ele>52.3</ele>
      </trkpt>
      <trkpt lat="43.30469" lon="17.79785">
        <ele>52.0</ele>
      </trkpt>
      <trkpt lat="43.30469" lon="17.79802">
        <ele>51.4</ele>
      </trkpt>
      <trkpt lat="43.30472" lon="17.79814">
        <ele>51.2</ele>
      </trkpt>
      <trkpt lat="43.30513" lon="17.79907">
        <ele>50.8</ele>
      </trkpt>
      <trkpt lat="43.30555" lon="17.8">
        <ele>49.3</ele>
      </trkpt>
      <trkpt lat="43.30559" lon="17.80012">
        <ele>49.8</ele>
      </trkpt>
      <trkpt lat="43.3056" lon="17.80038">
        <ele>50.7</ele>
      </trkpt>
      <trkpt lat="43.30559" lon="17.80051">
        <ele>51.1</ele>
      </trkpt>
      <trkpt lat="43.30535" lon="17.8015">
        <ele>54.1</ele>
      </trkpt>
      <trkpt lat="43.30525" lon="17.8017">
        <ele>54.6</ele>
      </trkpt>
      <trkpt lat="43.30499" lon="17.8021">
        <ele>54.0</ele>
      </trkpt>
      <trkpt lat="43.30559" lon="17.80283">
        <ele>53.6</ele>
      </trkpt>
      <trkpt lat="43.3062" lon="17.80356">
        <ele>54.2</ele>
      </trkpt>
      <trkpt lat="43.3068" lon="17.80429">
        <ele>56.4</ele>
      </trkpt>
      <trkpt lat="43.3073" lon="17.80497">
        <ele>57.4</ele>
      </trkpt>
      <trkpt lat="43.30779" lon="17.80566">
        <ele>57.4</ele>
      </trkpt>
      <trkpt lat="43.30796" lon="17.80592">
        <ele>57.5</ele>
      </trkpt>
      <trkpt lat="43.308" lon="17.80605">
        <ele>57.5</ele>
      </trkpt>
      <trkpt lat="43.308" lon="17.80615">
        <ele>57.5</ele>
      </trkpt>
      <trkpt lat="43.30799" lon="17.80639">
        <ele>57.5</ele>
      </trkpt>
      <trkpt lat="43.30796" lon="17.80695">
        <ele>58.2</ele>
      </trkpt>
      <trkpt lat="43.30782" lon="17.80763">
        <ele>59.2</ele>
      </trkpt>
      <trkpt lat="43.30766" lon="17.80879">
        <ele>58.2</ele>
      </trkpt>
      <trkpt lat="43.30761" lon="17.80938">
        <ele>57.5</ele>
      </trkpt>
      <trkpt lat="43.30759" lon="17.80995">
        <ele>56.5</ele>
      </trkpt>
      <trkpt lat="43.30755" lon="17.81034">
        <ele>55.8</ele>
      </trkpt>
      <trkpt lat="43.30742" lon="17.81111">
        <ele>54.8</ele>
      </trkpt>
      <trkpt lat="43.30729" lon="17.81188">
        <ele>54.4</ele>
      </trkpt>
      <trkpt lat="43.30709" lon="17.81292">
        <ele>55.2</ele>
      </trkpt>
      <trkpt lat="43.30685" lon="17.81378">
        <ele>56.3</ele>
      </trkpt>
      <trkpt lat="43.30659" lon="17.81472">
        <ele>56.9</ele>
      </trkpt>
      <trkpt lat="43.30632" lon="17.81565">
        <ele>55.2</ele>
      </trkpt>
      <trkpt lat="43.30606" lon="17.81659">
        <ele>51.8</ele>
      </trkpt>
      <trkpt lat="43.3058" lon="17.81752">
        <ele>53.0</ele>
      </trkpt>
      <trkpt lat="43.30553" lon="17.81846">
        <ele>52.1</ele>
      </trkpt>
      <trkpt lat="43.30526" lon="17.81943">
        <ele>51.2</ele>
      </trkpt>
      <trkpt lat="43.305" lon="17.8204">
        <ele>51.5</ele>
      </trkpt>
      <trkpt lat="43.30473" lon="17.82137">
        <ele>49.8</ele>
      </trkpt>
      <trkpt lat="43.30452" lon="17.82203">
        <ele>48.2</ele>
      </trkpt>
      <trkpt lat="43.3045" lon="17.82205">
        <ele>48.1</ele>
      </trkpt>
      <trkpt lat="43.30448" lon="17.82211">
        <ele>47.9</ele>
      </trkpt>
      <trkpt lat="43.30449" lon="17.82217">
        <ele>47.8</ele>
      </trkpt>
      <trkpt lat="43.30446" lon="17.8224">
        <ele>47.3</ele>
      </trkpt>
      <trkpt lat="43.30422" lon="17.82325">
        <ele>46.8</ele>
      </trkpt>
      <trkpt lat="43.30398" lon="17.82409">
        <ele>44.5</ele>
      </trkpt>
      <trkpt lat="43.30374" lon="17.82494">
        <ele>43.1</ele>
      </trkpt>
      <trkpt lat="43.30345" lon="17.82588">
        <ele>42.6</ele>
      </trkpt>
      <trkpt lat="43.30323" lon="17.82667">
        <ele>42.2</ele>
      </trkpt>
      <trkpt lat="43.303" lon="17.82746">
        <ele>41.8</ele>
      </trkpt>
      <trkpt lat="43.30281" lon="17.8282">
        <ele>41.5</ele>
      </trkpt>
      <trkpt lat="43.30262" lon="17.82884">
        <ele>42.5</ele>
      </trkpt>
      <trkpt lat="43.30243" lon="17.82948">
        <ele>42.6</ele>
      </trkpt>
      <trkpt lat="43.30213" lon="17.83029">
        <ele>41.6</ele>
      </trkpt>
      <trkpt lat="43.30166" lon="17.83114">
        <ele>41.4</ele>
      </trkpt>
      <trkpt lat="43.30141" lon="17.83152">
        <ele>41.5</ele>
      </trkpt>
      <trkpt lat="43.30087" lon="17.83217">
        <ele>41.0</ele>
      </trkpt>
      <trkpt lat="43.30071" lon="17.83231">
        <ele>41.0</ele>
      </trkpt>
      <trkpt lat="43.30063" lon="17.83241">
        <ele>41.0</ele>
      </trkpt>
      <trkpt lat="43.30063" lon="17.83258">
        <ele>41.0</ele>
      </trkpt>
      <trkpt lat="43.30066" lon="17.83268">
        <ele>41.0</ele>
      </trkpt>
      <trkpt lat="43.3014" lon="17.83254">
        <ele>41.1</ele>
      </trkpt>
      <trkpt lat="43.30215" lon="17.8324">
        <ele>42.7</ele>
      </trkpt>
      <trkpt lat="43.30289" lon="17.83226">
        <ele>44.3</ele>
      </trkpt>
      <trkpt lat="43.30364" lon="17.83212">
        <ele>45.3</ele>
      </trkpt>
      <trkpt lat="43.30372" lon="17.83214">
        <ele>45.2</ele>
      </trkpt>
      <trkpt lat="43.30379" lon="17.8322">
        <ele>45.2</ele>
      </trkpt>
      <trkpt lat="43.30381" lon="17.83225">
        <ele>45.1</ele>
      </trkpt>
      <trkpt lat="43.30381" lon="17.83239">
        <ele>45.1</ele>
      </trkpt>
      <trkpt lat="43.30368" lon="17.83269">
        <ele>44.8</ele>
      </trkpt>
      <trkpt lat="43.30321" lon="17.83333">
        <ele>43.9</ele>
      </trkpt>
      <trkpt lat="43.30274" lon="17.83397">
        <ele>42.5</ele>
      </trkpt>
      <trkpt lat="43.30262" lon="17.83415">
        <ele>42.2</ele>
      </trkpt>
      <trkpt lat="43.30228" lon="17.83482">
        <ele>42.4</ele>
      </trkpt>
      <trkpt lat="43.30219" lon="17.83505">
        <ele>42.3</ele>
      </trkpt>
      <trkpt lat="43.30212" lon="17.83527">
        <ele>42.6</ele>
      </trkpt>
      <trkpt lat="43.30203" lon="17.83567">
        <ele>43.1</ele>
      </trkpt>
      <trkpt lat="43.30189" lon="17.83645">
        <ele>45.3</ele>
      </trkpt>
      <trkpt lat="43.30174" lon="17.83723">
        <ele>47.2</ele>
      </trkpt>
      <trkpt lat="43.30167" lon="17.83772">
        <ele>48.6</ele>
      </trkpt>
      <trkpt lat="43.30161" lon="17.83807">
        <ele>49.6</ele>
      </trkpt>
      <trkpt lat="43.30149" lon="17.8388">
        <ele>51.8</ele>
      </trkpt>
      <trkpt lat="43.30135" lon="17.83947">
        <ele>53.2</ele>
      </trkpt>
      <trkpt lat="43.30125" lon="17.83983">
        <ele>53.7</ele>
      </trkpt>
      <trkpt lat="43.30105" lon="17.84021">
        <ele>53.5</ele>
      </trkpt>
      <trkpt lat="43.30083" lon="17.84048">
        <ele>53.0</ele>
      </trkpt>
      <trkpt lat="43.30063" lon="17.84064">
        <ele>53.1</ele>
      </trkpt>
      <trkpt lat="43.29988" lon="17.84113">
        <ele>53.9</ele>
      </trkpt>
      <trkpt lat="43.29912" lon="17.84161">
        <ele>53.8</ele>
      </trkpt>
      <trkpt lat="43.29836" lon="17.84209">
        <ele>52.0</ele>
      </trkpt>
      <trkpt lat="43.29761" lon="17.84258">
        <ele>52.0</ele>
      </trkpt>
      <trkpt lat="43.29685" lon="17.84306">
        <ele>52.5</ele>
      </trkpt>
      <trkpt lat="43.2961" lon="17.84354">
        <ele>52.3</ele>
      </trkpt>
      <trkpt lat="43.29533" lon="17.84402">
        <ele>51.5</ele>
      </trkpt>
      <trkpt lat="43.29456" lon="17.84451">
        <ele>51.8</ele>
      </trkpt>
      <trkpt lat="43.29391" lon="17.84489">
        <ele>52.8</ele>
      </trkpt>
      <trkpt lat="43.29325" lon="17.84528">
        <ele>54.1</ele>
      </trkpt>
      <trkpt lat="43.2926" lon="17.84567">
        <ele>54.5</ele>
      </trkpt>
      <trkpt lat="43.29195" lon="17.84606">
        <ele>54.7</ele>
      </trkpt>
      <trkpt lat="43.29139" lon="17.8464">
        <ele>53.7</ele>
      </trkpt>
      <trkpt lat="43.29084" lon="17.84674">
        <ele>53.1</ele>
      </trkpt>
      <trkpt lat="43.29012" lon="17.84717">
        <ele>51.9</ele>
      </trkpt>
      <trkpt lat="43.28939" lon="17.84759">
        <ele>52.6</ele>
      </trkpt>
      <trkpt lat="43.28867" lon="17.84801">
        <ele>52.5</ele>
      </trkpt>
      <trkpt lat="43.28851" lon="17.84821">
        <ele>52.7</ele>
      </trkpt>
      <trkpt lat="43.28844" lon="17.8484">
        <ele>52.7</ele>
      </trkpt>
      <trkpt lat="43.28842" lon="17.84862">
        <ele>52.0</ele>
      </trkpt>
      <trkpt lat="43.28845" lon="17.84886">
        <ele>51.2</ele>
      </trkpt>
      <trkpt lat="43.28882" lon="17.84995">
        <ele>51.9</ele>
      </trkpt>
      <trkpt lat="43.28918" lon="17.85105">
        <ele>54.9</ele>
      </trkpt>
      <trkpt lat="43.28955" lon="17.85215">
        <ele>59.3</ele>
      </trkpt>
      <trkpt lat="43.28992" lon="17.85324">
        <ele>59.7</ele>
      </trkpt>
      <trkpt lat="43.29019" lon="17.85398">
        <ele>61.8</ele>
      </trkpt>
      <trkpt lat="43.29046" lon="17.85472">
        <ele>63.1</ele>
      </trkpt>
      <trkpt lat="43.29056" lon="17.85513">
        <ele>62.9</ele>
      </trkpt>
      <trkpt lat="43.29059" lon="17.85561">
        <ele>62.8</ele>
      </trkpt>
      <trkpt lat="43.29057" lon="17.85589">
        <ele>62.8</ele>
      </trkpt>
      <trkpt lat="43.29048" lon="17.85632">
        <ele>63.8</ele>
      </trkpt>
      <trkpt lat="43.29014" lon="17.85731">
        <ele>65.8</ele>
      </trkpt>
      <trkpt lat="43.29008" lon="17.85753">
        <ele>66.4</ele>
      </trkpt>
      <trkpt lat="43.29002" lon="17.85787">
        <ele>67.4</ele>
      </trkpt>
      <trkpt lat="43.29" lon="17.85837">
        <ele>69.1</ele>
      </trkpt>
      <trkpt lat="43.29003" lon="17.85914">
        <ele>72.1</ele>
      </trkpt>
      <trkpt lat="43.29001" lon="17.85941">
        <ele>73.0</ele>
      </trkpt>
      <trkpt lat="43.28994" lon="17.85975">
        <ele>73.8</ele>
      </trkpt>
      <trkpt lat="43.2898" lon="17.86013">
        <ele>75.7</ele>
      </trkpt>
      <trkpt lat="43.28971" lon="17.86031">
        <ele>77.4</ele>
      </trkpt>
      <trkpt lat="43.28961" lon="17.86045">
        <ele>78.6</ele>
      </trkpt>
      <trkpt lat="43.28949" lon="17.86056">
        <ele>79.1</ele>
      </trkpt>
      <trkpt lat="43.28912" lon="17.86078">
        <ele>79.2</ele>
      </trkpt>
      <trkpt lat="43.28827" lon="17.86118">
        <ele>77.8</ele>
      </trkpt>
      <trkpt lat="43.28795" lon="17.86141">
        <ele>77.8</ele>
      </trkpt>
      <trkpt lat="43.2872" lon="17.86207">
        <ele>83.2</ele>
      </trkpt>
      <trkpt lat="43.28697" lon="17.8622">
        <ele>84.6</ele>
      </trkpt>
      <trkpt lat="43.28654" lon="17.86236">
        <ele>86.3</ele>
      </trkpt>
      <trkpt lat="43.28578" lon="17.86253">
        <ele>88.9</ele>
      </trkpt>
      <trkpt lat="43.28503" lon="17.86271">
        <ele>95.9</ele>
      </trkpt>
      <trkpt lat="43.28478" lon="17.86278">
        <ele>97.0</ele>
      </trkpt>
      <trkpt lat="43.28449" lon="17.86292">
        <ele>98.6</ele>
      </trkpt>
      <trkpt lat="43.284" lon="17.8632">
        <ele>101.1</ele>
      </trkpt>
      <trkpt lat="43.28378" lon="17.86335">
        <ele>101.3</ele>
      </trkpt>
      <trkpt lat="43.28332" lon="17.86377">
        <ele>102.1</ele>
      </trkpt>
      <trkpt lat="43.28291" lon="17.86426">
        <ele>104.1</ele>
      </trkpt>
      <trkpt lat="43.28255" lon="17.86477">
        <ele>106.5</ele>
      </trkpt>
      <trkpt lat="43.28227" lon="17.86525">
        <ele>109.2</ele>
      </trkpt>
      <trkpt lat="43.28206" lon="17.86565">
        <ele>111.1</ele>
      </trkpt>
      <trkpt lat="43.28189" lon="17.86602">
        <ele>112.9</ele>
      </trkpt>
      <trkpt lat="43.2817" lon="17.86651">
        <ele>114.6</ele>
      </trkpt>
      <trkpt lat="43.28163" lon="17.86677">
        <ele>115.2</ele>
      </trkpt>
      <trkpt lat="43.2816" lon="17.86705">
        <ele>116.1</ele>
      </trkpt>
      <trkpt lat="43.28159" lon="17.86793">
        <ele>120.8</ele>
      </trkpt>
      <trkpt lat="43.28157" lon="17.86821">
        <ele>122.7</ele>
      </trkpt>
      <trkpt lat="43.28154" lon="17.86841">
        <ele>123.7</ele>
      </trkpt>
      <trkpt lat="43.28149" lon="17.8686">
        <ele>124.0</ele>
      </trkpt>
      <trkpt lat="43.28138" lon="17.86891">
        <ele>124.5</ele>
      </trkpt>
      <trkpt lat="43.28122" lon="17.8692">
        <ele>124.4</ele>
      </trkpt>
      <trkpt lat="43.28067" lon="17.86995">
        <ele>125.2</ele>
      </trkpt>
      <trkpt lat="43.28051" lon="17.87022">
        <ele>126.3</ele>
      </trkpt>
      <trkpt lat="43.28035" lon="17.87056">
        <ele>127.4</ele>
      </trkpt>
      <trkpt lat="43.28029" lon="17.87078">
        <ele>128.2</ele>
      </trkpt>
      <trkpt lat="43.28024" lon="17.87106">
        <ele>128.9</ele>
      </trkpt>
      <trkpt lat="43.28022" lon="17.87127">
        <ele>129.6</ele>
      </trkpt>
      <trkpt lat="43.28023" lon="17.87175">
        <ele>131.5</ele>
      </trkpt>
      <trkpt lat="43.2803" lon="17.87248">
        <ele>134.5</ele>
      </trkpt>
      <trkpt lat="43.28034" lon="17.87301">
        <ele>137.1</ele>
      </trkpt>
      <trkpt lat="43.28032" lon="17.87343">
        <ele>139.0</ele>
      </trkpt>
      <trkpt lat="43.28028" lon="17.87368">
        <ele>140.5</ele>
      </trkpt>
      <trkpt lat="43.2802" lon="17.87399">
        <ele>142.2</ele>
      </trkpt>
      <trkpt lat="43.28012" lon="17.87423">
        <ele>143.5</ele>
      </trkpt>
      <trkpt lat="43.27991" lon="17.87481">
        <ele>147.1</ele>
      </trkpt>
      <trkpt lat="43.27969" lon="17.8754">
        <ele>149.5</ele>
      </trkpt>
      <trkpt lat="43.27954" lon="17.87573">
        <ele>150.7</ele>
      </trkpt>
      <trkpt lat="43.27942" lon="17.87596">
        <ele>151.7</ele>
      </trkpt>
      <trkpt lat="43.27918" lon="17.87628">
        <ele>152.9</ele>
      </trkpt>
      <trkpt lat="43.27859" lon="17.87698">
        <ele>153.1</ele>
      </trkpt>
      <trkpt lat="43.27839" lon="17.87729">
        <ele>153.7</ele>
      </trkpt>
      <trkpt lat="43.27828" lon="17.87752">
        <ele>154.2</ele>
      </trkpt>
      <trkpt lat="43.27788" lon="17.87858">
        <ele>153.1</ele>
      </trkpt>
      <trkpt lat="43.27779" lon="17.87877">
        <ele>153.0</ele>
      </trkpt>
      <trkpt lat="43.27763" lon="17.87901">
        <ele>152.5</ele>
      </trkpt>
      <trkpt lat="43.27706" lon="17.87967">
        <ele>152.5</ele>
      </trkpt>
      <trkpt lat="43.2769" lon="17.87988">
        <ele>153.9</ele>
      </trkpt>
      <trkpt lat="43.27651" lon="17.8806">
        <ele>158.1</ele>
      </trkpt>
      <trkpt lat="43.27612" lon="17.88132">
        <ele>160.5</ele>
      </trkpt>
      <trkpt lat="43.27582" lon="17.88193">
        <ele>165.5</ele>
      </trkpt>
      <trkpt lat="43.27539" lon="17.8827">
        <ele>168.6</ele>
      </trkpt>
      <trkpt lat="43.27513" lon="17.883">
        <ele>167.8</ele>
      </trkpt>
      <trkpt lat="43.27486" lon="17.88318">
        <ele>167.7</ele>
      </trkpt>
      <trkpt lat="43.27467" lon="17.88326">
        <ele>168.6</ele>
      </trkpt>
      <trkpt lat="43.27421" lon="17.88338">
        <ele>170.6</ele>
      </trkpt>
      <trkpt lat="43.27398" lon="17.8835">
        <ele>171.3</ele>
      </trkpt>
      <trkpt lat="43.27385" lon="17.88359">
        <ele>172.1</ele>
      </trkpt>
      <trkpt lat="43.27339" lon="17.88408">
        <ele>181.0</ele>
      </trkpt>
      <trkpt lat="43.27318" lon="17.88419">
        <ele>180.8</ele>
      </trkpt>
      <trkpt lat="43.27283" lon="17.88433">
        <ele>179.4</ele>
      </trkpt>
      <trkpt lat="43.27259" lon="17.8845">
        <ele>181.4</ele>
      </trkpt>
      <trkpt lat="43.27246" lon="17.88461">
        <ele>182.8</ele>
      </trkpt>
      <trkpt lat="43.27183" lon="17.88537">
        <ele>191.8</ele>
      </trkpt>
      <trkpt lat="43.27134" lon="17.88579">
        <ele>191.6</ele>
      </trkpt>
      <trkpt lat="43.27126" lon="17.8859">
        <ele>192.3</ele>
      </trkpt>
      <trkpt lat="43.27119" lon="17.88602">
        <ele>193.3</ele>
      </trkpt>
      <trkpt lat="43.27094" lon="17.88655">
        <ele>200.1</ele>
      </trkpt>
      <trkpt lat="43.27077" lon="17.88679">
        <ele>201.8</ele>
      </trkpt>
      <trkpt lat="43.27008" lon="17.88743">
        <ele>201.0</ele>
      </trkpt>
      <trkpt lat="43.26947" lon="17.88804">
        <ele>205.3</ele>
      </trkpt>
      <trkpt lat="43.2692" lon="17.88831">
        <ele>206.3</ele>
      </trkpt>
      <trkpt lat="43.26883" lon="17.88875">
        <ele>209.2</ele>
      </trkpt>
      <trkpt lat="43.26838" lon="17.88937">
        <ele>212.8</ele>
      </trkpt>
      <trkpt lat="43.26793" lon="17.89">
        <ele>216.5</ele>
      </trkpt>
      <trkpt lat="43.2676" lon="17.8905">
        <ele>218.3</ele>
      </trkpt>
      <trkpt lat="43.26731" lon="17.89099">
        <ele>220.9</ele>
      </trkpt>
      <trkpt lat="43.26705" lon="17.89147">
        <ele>223.1</ele>
      </trkpt>
      <trkpt lat="43.26696" lon="17.89174">
        <ele>225.5</ele>
      </trkpt>
      <trkpt lat="43.26689" lon="17.89203">
        <ele>226.1</ele>
      </trkpt>
      <trkpt lat="43.26685" lon="17.89232">
        <ele>227.5</ele>
      </trkpt>
      <trkpt lat="43.26684" lon="17.89262">
        <ele>229.5</ele>
      </trkpt>
      <trkpt lat="43.26684" lon="17.8935">
        <ele>235.8</ele>
      </trkpt>
      <trkpt lat="43.26681" lon="17.89368">
        <ele>237.4</ele>
      </trkpt>
      <trkpt lat="43.26672" lon="17.89394">
        <ele>238.7</ele>
      </trkpt>
      <trkpt lat="43.26665" lon="17.89405">
        <ele>238.8</ele>
      </trkpt>
      <trkpt lat="43.26656" lon="17.89416">
        <ele>239.7</ele>
      </trkpt>
      <trkpt lat="43.26641" lon="17.89428">
        <ele>241.3</ele>
      </trkpt>
      <trkpt lat="43.26613" lon="17.89447">
        <ele>242.7</ele>
      </trkpt>
      <trkpt lat="43.26598" lon="17.8946">
        <ele>243.6</ele>
      </trkpt>
      <trkpt lat="43.26587" lon="17.89473">
        <ele>244.8</ele>
      </trkpt>
      <trkpt lat="43.26576" lon="17.89492">
        <ele>246.4</ele>
      </trkpt>
      <trkpt lat="43.26567" lon="17.89513">
        <ele>247.8</ele>
      </trkpt>
      <trkpt lat="43.26564" lon="17.89525">
        <ele>248.9</ele>
      </trkpt>
      <trkpt lat="43.26562" lon="17.89548">
        <ele>252.0</ele>
      </trkpt>
      <trkpt lat="43.26561" lon="17.89567">
        <ele>254.7</ele>
      </trkpt>
      <trkpt lat="43.26566" lon="17.89661">
        <ele>265.8</ele>
      </trkpt>
      <trkpt lat="43.26566" lon="17.89678">
        <ele>267.6</ele>
      </trkpt>
      <trkpt lat="43.26561" lon="17.8971">
        <ele>270.5</ele>
      </trkpt>
      <trkpt lat="43.26556" lon="17.89729">
        <ele>271.9</ele>
      </trkpt>
      <trkpt lat="43.26548" lon="17.8975">
        <ele>272.9</ele>
      </trkpt>
      <trkpt lat="43.26529" lon="17.89787">
        <ele>273.2</ele>
      </trkpt>
      <trkpt lat="43.2649" lon="17.89838">
        <ele>267.9</ele>
      </trkpt>
      <trkpt lat="43.26451" lon="17.89889">
        <ele>265.2</ele>
      </trkpt>
      <trkpt lat="43.26439" lon="17.8991">
        <ele>265.8</ele>
      </trkpt>
      <trkpt lat="43.26421" lon="17.89958">
        <ele>266.6</ele>
      </trkpt>
      <trkpt lat="43.26416" lon="17.89981">
        <ele>268.1</ele>
      </trkpt>
      <trkpt lat="43.26412" lon="17.90011">
        <ele>269.9</ele>
      </trkpt>
      <trkpt lat="43.26411" lon="17.90049">
        <ele>273.9</ele>
      </trkpt>
      <trkpt lat="43.26415" lon="17.90121">
        <ele>281.4</ele>
      </trkpt>
      <trkpt lat="43.26418" lon="17.90193">
        <ele>284.0</ele>
      </trkpt>
      <trkpt lat="43.26419" lon="17.90278">
        <ele>286.2</ele>
      </trkpt>
      <trkpt lat="43.26419" lon="17.90362">
        <ele>291.2</ele>
      </trkpt>
      <trkpt lat="43.26409" lon="17.90416">
        <ele>291.6</ele>
      </trkpt>
      <trkpt lat="43.264" lon="17.90457">
        <ele>292.8</ele>
      </trkpt>
      <trkpt lat="43.26395" lon="17.90489">
        <ele>295.1</ele>
      </trkpt>
      <trkpt lat="43.26387" lon="17.90555">
        <ele>297.7</ele>
      </trkpt>
      <trkpt lat="43.26386" lon="17.90584">
        <ele>299.8</ele>
      </trkpt>
      <trkpt lat="43.2639" lon="17.90622">
        <ele>300.2</ele>
      </trkpt>
      <trkpt lat="43.26403" lon="17.90665">
        <ele>304.0</ele>
      </trkpt>
      <trkpt lat="43.26411" lon="17.90684">
        <ele>304.8</ele>
      </trkpt>
      <trkpt lat="43.26453" lon="17.90739">
        <ele>317.9</ele>
      </trkpt>
      <trkpt lat="43.26466" lon="17.90759">
        <ele>322.4</ele>
      </trkpt>
      <trkpt lat="43.26471" lon="17.90772">
        <ele>325.0</ele>
      </trkpt>
      <trkpt lat="43.26478" lon="17.908">
        <ele>328.4</ele>
      </trkpt>
      <trkpt lat="43.2648" lon="17.90832">
        <ele>329.2</ele>
      </trkpt>
      <trkpt lat="43.26479" lon="17.90847">
        <ele>330.1</ele>
      </trkpt>
      <trkpt lat="43.26477" lon="17.9086">
        <ele>330.5</ele>
      </trkpt>
      <trkpt lat="43.26458" lon="17.90942">
        <ele>330.9</ele>
      </trkpt>
      <trkpt lat="43.26447" lon="17.91022">
        <ele>338.1</ele>
      </trkpt>
      <trkpt lat="43.26435" lon="17.91074">
        <ele>341.4</ele>
      </trkpt>
      <trkpt lat="43.26419" lon="17.91113">
        <ele>342.3</ele>
      </trkpt>
      <trkpt lat="43.26383" lon="17.91172">
        <ele>344.4</ele>
      </trkpt>
      <trkpt lat="43.2636" lon="17.91218">
        <ele>346.7</ele>
      </trkpt>
      <trkpt lat="43.26324" lon="17.9131">
        <ele>353.1</ele>
      </trkpt>
      <trkpt lat="43.26289" lon="17.91401">
        <ele>359.0</ele>
      </trkpt>
      <trkpt lat="43.26278" lon="17.9144">
        <ele>361.4</ele>
      </trkpt>
      <trkpt lat="43.2627" lon="17.91485">
        <ele>364.4</ele>
      </trkpt>
      <trkpt lat="43.26266" lon="17.91571">
        <ele>370.5</ele>
      </trkpt>
      <trkpt lat="43.26259" lon="17.91631">
        <ele>375.1</ele>
      </trkpt>
      <trkpt lat="43.26251" lon="17.91669">
        <ele>377.1</ele>
      </trkpt>
      <trkpt lat="43.26231" lon="17.91742">
        <ele>384.8</ele>
      </trkpt>
      <trkpt lat="43.26211" lon="17.91815">
        <ele>388.9</ele>
      </trkpt>
      <trkpt lat="43.26204" lon="17.91848">
        <ele>389.2</ele>
      </trkpt>
      <trkpt lat="43.26203" lon="17.91861">
        <ele>389.3</ele>
      </trkpt>
      <trkpt lat="43.26205" lon="17.9189">
        <ele>391.5</ele>
      </trkpt>
      <trkpt lat="43.26223" lon="17.91979">
        <ele>393.5</ele>
      </trkpt>
      <trkpt lat="43.26222" lon="17.92017">
        <ele>394.5</ele>
      </trkpt>
      <trkpt lat="43.26219" lon="17.92031">
        <ele>396.4</ele>
      </trkpt>
      <trkpt lat="43.26211" lon="17.92054">
        <ele>398.7</ele>
      </trkpt>
      <trkpt lat="43.26161" lon="17.92123">
        <ele>398.5</ele>
      </trkpt>
      <trkpt lat="43.26149" lon="17.92143">
        <ele>397.8</ele>
      </trkpt>
      <trkpt lat="43.26142" lon="17.92163">
        <ele>399.0</ele>
      </trkpt>
      <trkpt lat="43.26137" lon="17.92185">
        <ele>401.0</ele>
      </trkpt>
      <trkpt lat="43.26132" lon="17.92211">
        <ele>403.2</ele>
      </trkpt>
      <trkpt lat="43.26129" lon="17.92254">
        <ele>408.7</ele>
      </trkpt>
      <trkpt lat="43.26128" lon="17.92322">
        <ele>411.5</ele>
      </trkpt>
      <trkpt lat="43.26126" lon="17.92389">
        <ele>414.6</ele>
      </trkpt>
      <trkpt lat="43.26128" lon="17.92441">
        <ele>417.2</ele>
      </trkpt>
      <trkpt lat="43.26132" lon="17.92475">
        <ele>418.7</ele>
      </trkpt>
      <trkpt lat="43.26141" lon="17.92507">
        <ele>420.9</ele>
      </trkpt>
      <trkpt lat="43.26155" lon="17.92536">
        <ele>421.6</ele>
      </trkpt>
      <trkpt lat="43.2617" lon="17.92561">
        <ele>423.0</ele>
      </trkpt>
      <trkpt lat="43.26188" lon="17.92581">
        <ele>427.4</ele>
      </trkpt>
      <trkpt lat="43.26246" lon="17.92639">
        <ele>438.2</ele>
      </trkpt>
      <trkpt lat="43.26294" lon="17.92681">
        <ele>443.6</ele>
      </trkpt>
      <trkpt lat="43.26313" lon="17.92695">
        <ele>445.9</ele>
      </trkpt>
      <trkpt lat="43.2634" lon="17.92708">
        <ele>450.0</ele>
      </trkpt>
      <trkpt lat="43.26387" lon="17.92724">
        <ele>454.6</ele>
      </trkpt>
      <trkpt lat="43.26434" lon="17.92739">
        <ele>458.4</ele>
      </trkpt>
      <trkpt lat="43.26485" lon="17.92768">
        <ele>462.1</ele>
      </trkpt>
      <trkpt lat="43.26536" lon="17.92796">
        <ele>467.3</ele>
      </trkpt>
      <trkpt lat="43.26584" lon="17.92818">
        <ele>471.5</ele>
      </trkpt>
      <trkpt lat="43.26633" lon="17.92841">
        <ele>481.8</ele>
      </trkpt>
      <trkpt lat="43.26666" lon="17.92864">
        <ele>485.6</ele>
      </trkpt>
      <trkpt lat="43.26697" lon="17.92894">
        <ele>485.5</ele>
      </trkpt>
      <trkpt lat="43.26717" lon="17.9291">
        <ele>486.5</ele>
      </trkpt>
      <trkpt lat="43.26762" lon="17.92931">
        <ele>496.0</ele>
      </trkpt>
      <trkpt lat="43.26775" lon="17.92939">
        <ele>498.9</ele>
      </trkpt>
      <trkpt lat="43.26797" lon="17.92963">
        <ele>502.2</ele>
      </trkpt>
      <trkpt lat="43.26832" lon="17.93016">
        <ele>506.5</ele>
      </trkpt>
      <trkpt lat="43.26847" lon="17.93035">
        <ele>509.5</ele>
      </trkpt>
      <trkpt lat="43.26864" lon="17.93051">
        <ele>511.5</ele>
      </trkpt>
      <trkpt lat="43.26881" lon="17.93063">
        <ele>512.5</ele>
      </trkpt>
      <trkpt lat="43.26948" lon="17.93101">
        <ele>520.1</ele>
      </trkpt>
      <trkpt lat="43.2698" lon="17.93116">
        <ele>526.1</ele>
      </trkpt>
      <trkpt lat="43.27018" lon="17.93128">
        <ele>531.2</ele>
      </trkpt>
      <trkpt lat="43.27025" lon="17.93132">
        <ele>531.8</ele>
      </trkpt>
      <trkpt lat="43.27031" lon="17.93139">
        <ele>531.9</ele>
      </trkpt>
      <trkpt lat="43.27034" lon="17.93147">
        <ele>531.5</ele>
      </trkpt>
      <trkpt lat="43.27034" lon="17.93161">
        <ele>530.1</ele>
      </trkpt>
      <trkpt lat="43.27032" lon="17.93167">
        <ele>529.3</ele>
      </trkpt>
      <trkpt lat="43.27023" lon="17.93176">
        <ele>531.0</ele>
      </trkpt>
      <trkpt lat="43.27016" lon="17.93177">
        <ele>530.4</ele>
      </trkpt>
      <trkpt lat="43.26979" lon="17.93176">
        <ele>526.5</ele>
      </trkpt>
      <trkpt lat="43.26929" lon="17.93184">
        <ele>525.8</ele>
      </trkpt>
      <trkpt lat="43.26911" lon="17.93185">
        <ele>525.7</ele>
      </trkpt>
      <trkpt lat="43.26865" lon="17.93182">
        <ele>528.0</ele>
      </trkpt>
      <trkpt lat="43.26818" lon="17.9318">
        <ele>529.9</ele>
      </trkpt>
      <trkpt lat="43.26787" lon="17.93184">
        <ele>530.9</ele>
      </trkpt>
      <trkpt lat="43.26764" lon="17.93193">
        <ele>532.8</ele>
      </trkpt>
      <trkpt lat="43.26716" lon="17.93217">
        <ele>539.6</ele>
      </trkpt>
      <trkpt lat="43.26665" lon="17.9325">
        <ele>546.0</ele>
      </trkpt>
      <trkpt lat="43.26637" lon="17.93274">
        <ele>548.2</ele>
      </trkpt>
      <trkpt lat="43.26582" lon="17.9333">
        <ele>551.7</ele>
      </trkpt>
      <trkpt lat="43.26528" lon="17.93385">
        <ele>554.6</ele>
      </trkpt>
      <trkpt lat="43.26466" lon="17.93438">
        <ele>559.3</ele>
      </trkpt>
      <trkpt lat="43.26404" lon="17.93492">
        <ele>563.5</ele>
      </trkpt>
      <trkpt lat="43.26373" lon="17.93527">
        <ele>565.0</ele>
      </trkpt>
      <trkpt lat="43.26344" lon="17.93566">
        <ele>568.1</ele>
      </trkpt>
      <trkpt lat="43.26304" lon="17.93625">
        <ele>576.9</ele>
      </trkpt>
      <trkpt lat="43.26295" lon="17.93635">
        <ele>578.7</ele>
      </trkpt>
      <trkpt lat="43.26275" lon="17.93647">
        <ele>580.8</ele>
      </trkpt>
      <trkpt lat="43.26253" lon="17.9365">
        <ele>580.7</ele>
      </trkpt>
      <trkpt lat="43.26241" lon="17.93649">
        <ele>581.8</ele>
      </trkpt>
      <trkpt lat="43.26231" lon="17.93645">
        <ele>582.4</ele>
      </trkpt>
      <trkpt lat="43.2622" lon="17.93639">
        <ele>582.7</ele>
      </trkpt>
      <trkpt lat="43.26184" lon="17.9361">
        <ele>582.0</ele>
      </trkpt>
      <trkpt lat="43.26165" lon="17.93597">
        <ele>582.2</ele>
      </trkpt>
      <trkpt lat="43.26144" lon="17.93587">
        <ele>581.3</ele>
      </trkpt>
      <trkpt lat="43.26123" lon="17.9358">
        <ele>580.6</ele>
      </trkpt>
      <trkpt lat="43.26055" lon="17.93589">
        <ele>586.0</ele>
      </trkpt>
      <trkpt lat="43.26024" lon="17.93585">
        <ele>585.2</ele>
      </trkpt>
      <trkpt lat="43.25962" lon="17.93592">
        <ele>588.6</ele>
      </trkpt>
      <trkpt lat="43.25915" lon="17.93594">
        <ele>590.6</ele>
      </trkpt>
      <trkpt lat="43.25837" lon="17.93587">
        <ele>595.5</ele>
      </trkpt>
      <trkpt lat="43.25804" lon="17.93581">
        <ele>595.7</ele>
      </trkpt>
      <trkpt lat="43.25782" lon="17.93585">
        <ele>597.2</ele>
      </trkpt>
      <trkpt lat="43.25762" lon="17.93594">
        <ele>599.9</ele>
      </trkpt>
      <trkpt lat="43.25723" lon="17.9362">
        <ele>605.1</ele>
      </trkpt>
      <trkpt lat="43.257" lon="17.93631">
        <ele>606.8</ele>
      </trkpt>
      <trkpt lat="43.25648" lon="17.93647">
        <ele>609.0</ele>
      </trkpt>
      <trkpt lat="43.25597" lon="17.93662">
        <ele>611.2</ele>
      </trkpt>
      <trkpt lat="43.25548" lon="17.93692">
        <ele>615.5</ele>
      </trkpt>
      <trkpt lat="43.25499" lon="17.93721">
        <ele>619.1</ele>
      </trkpt>
      <trkpt lat="43.25448" lon="17.93738">
        <ele>621.9</ele>
      </trkpt>
      <trkpt lat="43.25397" lon="17.93755">
        <ele>624.3</ele>
      </trkpt>
      <trkpt lat="43.25353" lon="17.93773">
        <ele>625.7</ele>
      </trkpt>
      <trkpt lat="43.253" lon="17.93808">
        <ele>627.7</ele>
      </trkpt>
      <trkpt lat="43.25252" lon="17.93851">
        <ele>631.2</ele>
      </trkpt>
      <trkpt lat="43.25204" lon="17.93895">
        <ele>635.3</ele>
      </trkpt>
      <trkpt lat="43.25182" lon="17.9392">
        <ele>637.6</ele>
      </trkpt>
      <trkpt lat="43.25163" lon="17.93948">
        <ele>638.4</ele>
      </trkpt>
      <trkpt lat="43.25149" lon="17.93983">
        <ele>639.7</ele>
      </trkpt>
      <trkpt lat="43.25138" lon="17.94022">
        <ele>641.7</ele>
      </trkpt>
      <trkpt lat="43.25132" lon="17.94062">
        <ele>644.0</ele>
      </trkpt>
      <trkpt lat="43.25131" lon="17.94103">
        <ele>645.9</ele>
      </trkpt>
      <trkpt lat="43.25136" lon="17.94143">
        <ele>647.4</ele>
      </trkpt>
      <trkpt lat="43.25161" lon="17.94218">
        <ele>650.3</ele>
      </trkpt>
      <trkpt lat="43.25205" lon="17.94307">
        <ele>656.4</ele>
      </trkpt>
      <trkpt lat="43.25249" lon="17.94396">
        <ele>660.2</ele>
      </trkpt>
      <trkpt lat="43.25262" lon="17.9443">
        <ele>661.2</ele>
      </trkpt>
      <trkpt lat="43.25272" lon="17.94466">
        <ele>662.8</ele>
      </trkpt>
      <trkpt lat="43.25277" lon="17.94505">
        <ele>664.1</ele>
      </trkpt>
      <trkpt lat="43.25277" lon="17.94544">
        <ele>665.2</ele>
      </trkpt>
      <trkpt lat="43.25268" lon="17.94601">
        <ele>666.3</ele>
      </trkpt>
      <trkpt lat="43.25247" lon="17.94675">
        <ele>668.2</ele>
      </trkpt>
      <trkpt lat="43.25226" lon="17.9475">
        <ele>670.3</ele>
      </trkpt>
      <trkpt lat="43.25206" lon="17.94805">
        <ele>672.2</ele>
      </trkpt>
      <trkpt lat="43.25167" lon="17.94883">
        <ele>675.0</ele>
      </trkpt>
      <trkpt lat="43.25128" lon="17.94961">
        <ele>679.4</ele>
      </trkpt>
      <trkpt lat="43.25089" lon="17.95039">
        <ele>683.7</ele>
      </trkpt>
      <trkpt lat="43.25077" lon="17.95076">
        <ele>685.1</ele>
      </trkpt>
      <trkpt lat="43.2507" lon="17.95115">
        <ele>686.1</ele>
      </trkpt>
      <trkpt lat="43.25067" lon="17.95154">
        <ele>687.2</ele>
      </trkpt>
      <trkpt lat="43.25068" lon="17.95204">
        <ele>689.6</ele>
      </trkpt>
      <trkpt lat="43.25075" lon="17.95304">
        <ele>694.1</ele>
      </trkpt>
      <trkpt lat="43.25082" lon="17.95404">
        <ele>697.5</ele>
      </trkpt>
      <trkpt lat="43.25089" lon="17.95504">
        <ele>699.9</ele>
      </trkpt>
      <trkpt lat="43.25096" lon="17.95604">
        <ele>706.2</ele>
      </trkpt>
      <trkpt lat="43.25096" lon="17.95639">
        <ele>707.9</ele>
      </trkpt>
      <trkpt lat="43.25091" lon="17.95732">
        <ele>709.2</ele>
      </trkpt>
      <trkpt lat="43.25093" lon="17.95771">
        <ele>709.2</ele>
      </trkpt>
      <trkpt lat="43.25117" lon="17.95881">
        <ele>714.3</ele>
      </trkpt>
      <trkpt lat="43.2512" lon="17.95917">
        <ele>715.8</ele>
      </trkpt>
      <trkpt lat="43.25117" lon="17.95953">
        <ele>718.3</ele>
      </trkpt>
      <trkpt lat="43.25108" lon="17.95988">
        <ele>720.1</ele>
      </trkpt>
      <trkpt lat="43.25094" lon="17.96018">
        <ele>721.9</ele>
      </trkpt>
      <trkpt lat="43.25085" lon="17.96031">
        <ele>722.7</ele>
      </trkpt>
      <trkpt lat="43.25067" lon="17.96052">
        <ele>724.3</ele>
      </trkpt>
      <trkpt lat="43.25012" lon="17.96103">
        <ele>727.4</ele>
      </trkpt>
      <trkpt lat="43.24958" lon="17.96154">
        <ele>729.9</ele>
      </trkpt>
      <trkpt lat="43.24904" lon="17.96206">
        <ele>732.4</ele>
      </trkpt>
      <trkpt lat="43.24877" lon="17.96239">
        <ele>733.6</ele>
      </trkpt>
      <trkpt lat="43.24853" lon="17.96276">
        <ele>734.3</ele>
      </trkpt>
      <trkpt lat="43.24834" lon="17.96315">
        <ele>735.3</ele>
      </trkpt>
      <trkpt lat="43.24817" lon="17.96356">
        <ele>734.3</ele>
      </trkpt>
      <trkpt lat="43.24805" lon="17.96398">
        <ele>735.5</ele>
      </trkpt>
      <trkpt lat="43.24779" lon="17.965">
        <ele>739.3</ele>
      </trkpt>
      <trkpt lat="43.24752" lon="17.96602">
        <ele>743.0</ele>
      </trkpt>
      <trkpt lat="43.24726" lon="17.96703">
        <ele>748.8</ele>
      </trkpt>
      <trkpt lat="43.24699" lon="17.96805">
        <ele>750.6</ele>
      </trkpt>
      <trkpt lat="43.24689" lon="17.96841">
        <ele>751.4</ele>
      </trkpt>
      <trkpt lat="43.24676" lon="17.96872">
        <ele>752.4</ele>
      </trkpt>
      <trkpt lat="43.24662" lon="17.96897">
        <ele>753.3</ele>
      </trkpt>
      <trkpt lat="43.24613" lon="17.96964">
        <ele>756.7</ele>
      </trkpt>
      <trkpt lat="43.24596" lon="17.96993">
        <ele>759.0</ele>
      </trkpt>
      <trkpt lat="43.24567" lon="17.97056">
        <ele>762.0</ele>
      </trkpt>
      <trkpt lat="43.24543" lon="17.9712">
        <ele>765.6</ele>
      </trkpt>
      <trkpt lat="43.24519" lon="17.97183">
        <ele>768.9</ele>
      </trkpt>
      <trkpt lat="43.24512" lon="17.97217">
        <ele>769.0</ele>
      </trkpt>
      <trkpt lat="43.2451" lon="17.97247">
        <ele>769.6</ele>
      </trkpt>
      <trkpt lat="43.24513" lon="17.97273">
        <ele>770.3</ele>
      </trkpt>
      <trkpt lat="43.24519" lon="17.97298">
        <ele>771.5</ele>
      </trkpt>
      <trkpt lat="43.24546" lon="17.97381">
        <ele>777.3</ele>
      </trkpt>
      <trkpt lat="43.24551" lon="17.97406">
        <ele>778.5</ele>
      </trkpt>
      <trkpt lat="43.24554" lon="17.97454">
        <ele>780.7</ele>
      </trkpt>
      <trkpt lat="43.24551" lon="17.97478">
        <ele>781.3</ele>
      </trkpt>
      <trkpt lat="43.2452" lon="17.97582">
        <ele>786.0</ele>
      </trkpt>
      <trkpt lat="43.24513" lon="17.97618">
        <ele>785.6</ele>
      </trkpt>
      <trkpt lat="43.24512" lon="17.97653">
        <ele>785.7</ele>
      </trkpt>
      <trkpt lat="43.24515" lon="17.97683">
        <ele>786.0</ele>
      </trkpt>
      <trkpt lat="43.24526" lon="17.97727">
        <ele>787.2</ele>
      </trkpt>
      <trkpt lat="43.24561" lon="17.97835">
        <ele>793.0</ele>
      </trkpt>
      <trkpt lat="43.24597" lon="17.97944">
        <ele>797.2</ele>
      </trkpt>
      <trkpt lat="43.24621" lon="17.98017">
        <ele>801.1</ele>
      </trkpt>
      <trkpt lat="43.24646" lon="17.98089">
        <ele>804.4</ele>
      </trkpt>
      <trkpt lat="43.24655" lon="17.98111">
        <ele>804.7</ele>
      </trkpt>
      <trkpt lat="43.24673" lon="17.98144">
        <ele>805.2</ele>
      </trkpt>
      <trkpt lat="43.24696" lon="17.98177">
        <ele>805.3</ele>
      </trkpt>
      <trkpt lat="43.24754" lon="17.9824">
        <ele>806.7</ele>
      </trkpt>
      <trkpt lat="43.24797" lon="17.98282">
        <ele>808.6</ele>
      </trkpt>
      <trkpt lat="43.24857" lon="17.98337">
        <ele>810.5</ele>
      </trkpt>
      <trkpt lat="43.24879" lon="17.98362">
        <ele>810.9</ele>
      </trkpt>
      <trkpt lat="43.24888" lon="17.98376">
        <ele>810.9</ele>
      </trkpt>
      <trkpt lat="43.24901" lon="17.98403">
        <ele>810.5</ele>
      </trkpt>
      <trkpt lat="43.24911" lon="17.98435">
        <ele>811.0</ele>
      </trkpt>
      <trkpt lat="43.24928" lon="17.98527">
        <ele>814.0</ele>
      </trkpt>
      <trkpt lat="43.24936" lon="17.98557">
        <ele>815.1</ele>
      </trkpt>
      <trkpt lat="43.24951" lon="17.98585">
        <ele>816.8</ele>
      </trkpt>
      <trkpt lat="43.24961" lon="17.98598">
        <ele>817.3</ele>
      </trkpt>
      <trkpt lat="43.24971" lon="17.9861">
        <ele>817.8</ele>
      </trkpt>
      <trkpt lat="43.24994" lon="17.98626">
        <ele>819.4</ele>
      </trkpt>
      <trkpt lat="43.25005" lon="17.9863">
        <ele>820.1</ele>
      </trkpt>
      <trkpt lat="43.25027" lon="17.98634">
        <ele>820.7</ele>
      </trkpt>
      <trkpt lat="43.25079" lon="17.98634">
        <ele>822.4</ele>
      </trkpt>
      <trkpt lat="43.25105" lon="17.98638">
        <ele>824.0</ele>
      </trkpt>
      <trkpt lat="43.25119" lon="17.98643">
        <ele>825.0</ele>
      </trkpt>
      <trkpt lat="43.25133" lon="17.98652">
        <ele>825.9</ele>
      </trkpt>
      <trkpt lat="43.25182" lon="17.98686">
        <ele>829.7</ele>
      </trkpt>
      <trkpt lat="43.25213" lon="17.98712">
        <ele>830.6</ele>
      </trkpt>
      <trkpt lat="43.25237" lon="17.98739">
        <ele>830.9</ele>
      </trkpt>
      <trkpt lat="43.25249" lon="17.98755">
        <ele>830.9</ele>
      </trkpt>
      <trkpt lat="43.25263" lon="17.98779">
        <ele>830.4</ele>
      </trkpt>
      <trkpt lat="43.25263" lon="17.98779">
        <ele>830.4</ele>
      </trkpt>
      <trkpt lat="43.25298" lon="17.98842">
        <ele>830.4</ele>
      </trkpt>
      <trkpt lat="43.2533" lon="17.9889">
        <ele>832.9</ele>
      </trkpt>
      <trkpt lat="43.25361" lon="17.98939">
        <ele>835.1</ele>
      </trkpt>
      <trkpt lat="43.25381" lon="17.98976">
        <ele>836.0</ele>
      </trkpt>
      <trkpt lat="43.25418" lon="17.99075">
        <ele>838.1</ele>
      </trkpt>
      <trkpt lat="43.25435" lon="17.9913">
        <ele>838.6</ele>
      </trkpt>
      <trkpt lat="43.25445" lon="17.99181">
        <ele>838.7</ele>
      </trkpt>
      <trkpt lat="43.25455" lon="17.99239">
        <ele>838.4</ele>
      </trkpt>
      <trkpt lat="43.25463" lon="17.99278">
        <ele>838.2</ele>
      </trkpt>
      <trkpt lat="43.25477" lon="17.9931">
        <ele>838.9</ele>
      </trkpt>
      <trkpt lat="43.25484" lon="17.99325">
        <ele>839.3</ele>
      </trkpt>
      <trkpt lat="43.25532" lon="17.99391">
        <ele>844.3</ele>
      </trkpt>
      <trkpt lat="43.2554" lon="17.99406">
        <ele>845.4</ele>
      </trkpt>
      <trkpt lat="43.25553" lon="17.99436">
        <ele>846.5</ele>
      </trkpt>
      <trkpt lat="43.25563" lon="17.9947">
        <ele>846.6</ele>
      </trkpt>
      <trkpt lat="43.2558" lon="17.99548">
        <ele>847.3</ele>
      </trkpt>
      <trkpt lat="43.25607" lon="17.99652">
        <ele>849.6</ele>
      </trkpt>
      <trkpt lat="43.2564" lon="17.99764">
        <ele>850.8</ele>
      </trkpt>
      <trkpt lat="43.25648" lon="17.99808">
        <ele>850.9</ele>
      </trkpt>
      <trkpt lat="43.25659" lon="17.99878">
        <ele>851.4</ele>
      </trkpt>
      <trkpt lat="43.25665" lon="17.99911">
        <ele>851.8</ele>
      </trkpt>
      <trkpt lat="43.25681" lon="17.99953">
        <ele>852.5</ele>
      </trkpt>
      <trkpt lat="43.25709" lon="18.0001">
        <ele>853.6</ele>
      </trkpt>
      <trkpt lat="43.25721" lon="18.00039">
        <ele>853.9</ele>
      </trkpt>
      <trkpt lat="43.25736" lon="18.00094">
        <ele>854.2</ele>
      </trkpt>
      <trkpt lat="43.2575" lon="18.00152">
        <ele>854.5</ele>
      </trkpt>
      <trkpt lat="43.25761" lon="18.00188">
        <ele>854.3</ele>
      </trkpt>
      <trkpt lat="43.25772" lon="18.00218">
        <ele>854.2</ele>
      </trkpt>
      <trkpt lat="43.25793" lon="18.00261">
        <ele>854.4</ele>
      </trkpt>
      <trkpt lat="43.25828" lon="18.00317">
        <ele>855.2</ele>
      </trkpt>
      <trkpt lat="43.25864" lon="18.00372">
        <ele>856.4</ele>
      </trkpt>
      <trkpt lat="43.25884" lon="18.00419">
        <ele>858.2</ele>
      </trkpt>
      <trkpt lat="43.25896" lon="18.00456">
        <ele>858.0</ele>
      </trkpt>
      <trkpt lat="43.25917" lon="18.00535">
        <ele>857.8</ele>
      </trkpt>
      <trkpt lat="43.25933" lon="18.00579">
        <ele>857.9</ele>
      </trkpt>
      <trkpt lat="43.25947" lon="18.0061">
        <ele>857.5</ele>
      </trkpt>
      <trkpt lat="43.25973" lon="18.00654">
        <ele>858.4</ele>
      </trkpt>
      <trkpt lat="43.26024" lon="18.0072">
        <ele>860.9</ele>
      </trkpt>
      <trkpt lat="43.26033" lon="18.00734">
        <ele>861.2</ele>
      </trkpt>
      <trkpt lat="43.26047" lon="18.00765">
        <ele>862.2</ele>
      </trkpt>
      <trkpt lat="43.26055" lon="18.00798">
        <ele>863.1</ele>
      </trkpt>
      <trkpt lat="43.26061" lon="18.00862">
        <ele>863.2</ele>
      </trkpt>
      <trkpt lat="43.26067" lon="18.00889">
        <ele>863.6</ele>
      </trkpt>
      <trkpt lat="43.2608" lon="18.00925">
        <ele>864.0</ele>
      </trkpt>
      <trkpt lat="43.26103" lon="18.00972">
        <ele>863.9</ele>
      </trkpt>
      <trkpt lat="43.26116" lon="18.01001">
        <ele>863.8</ele>
      </trkpt>
      <trkpt lat="43.26137" lon="18.01086">
        <ele>863.6</ele>
      </trkpt>
      <trkpt lat="43.26151" lon="18.01122">
        <ele>862.7</ele>
      </trkpt>
      <trkpt lat="43.26165" lon="18.0114">
        <ele>861.8</ele>
      </trkpt>
      <trkpt lat="43.26182" lon="18.01152">
        <ele>862.2</ele>
      </trkpt>
      <trkpt lat="43.26241" lon="18.01168">
        <ele>866.9</ele>
      </trkpt>
      <trkpt lat="43.26258" lon="18.01177">
        <ele>868.5</ele>
      </trkpt>
      <trkpt lat="43.26271" lon="18.01191">
        <ele>869.8</ele>
      </trkpt>
      <trkpt lat="43.26283" lon="18.0121">
        <ele>870.7</ele>
      </trkpt>
      <trkpt lat="43.2629" lon="18.01229">
        <ele>870.9</ele>
      </trkpt>
      <trkpt lat="43.26294" lon="18.01322">
        <ele>866.5</ele>
      </trkpt>
      <trkpt lat="43.26298" lon="18.01349">
        <ele>866.4</ele>
      </trkpt>
      <trkpt lat="43.26307" lon="18.01373">
        <ele>867.2</ele>
      </trkpt>
      <trkpt lat="43.26339" lon="18.01447">
        <ele>867.8</ele>
      </trkpt>
      <trkpt lat="43.26351" lon="18.01483">
        <ele>868.2</ele>
      </trkpt>
      <trkpt lat="43.26364" lon="18.01532">
        <ele>870.4</ele>
      </trkpt>
      <trkpt lat="43.26379" lon="18.01613">
        <ele>874.8</ele>
      </trkpt>
      <trkpt lat="43.26394" lon="18.01694">
        <ele>877.1</ele>
      </trkpt>
      <trkpt lat="43.26401" lon="18.01749">
        <ele>877.4</ele>
      </trkpt>
      <trkpt lat="43.26402" lon="18.01776">
        <ele>877.5</ele>
      </trkpt>
      <trkpt lat="43.264" lon="18.01791">
        <ele>877.6</ele>
      </trkpt>
      <trkpt lat="43.26383" lon="18.01883">
        <ele>880.2</ele>
      </trkpt>
      <trkpt lat="43.26382" lon="18.01895">
        <ele>880.6</ele>
      </trkpt>
      <trkpt lat="43.26381" lon="18.01921">
        <ele>881.6</ele>
      </trkpt>
      <trkpt lat="43.26386" lon="18.01943">
        <ele>882.1</ele>
      </trkpt>
      <trkpt lat="43.26416" lon="18.02013">
        <ele>879.9</ele>
      </trkpt>
      <trkpt lat="43.26423" lon="18.02033">
        <ele>882.7</ele>
      </trkpt>
      <trkpt lat="43.26427" lon="18.02067">
        <ele>885.8</ele>
      </trkpt>
      <trkpt lat="43.26428" lon="18.02117">
        <ele>887.0</ele>
      </trkpt>
      <trkpt lat="43.26431" lon="18.02141">
        <ele>887.6</ele>
      </trkpt>
      <trkpt lat="43.2644" lon="18.02175">
        <ele>889.5</ele>
      </trkpt>
      <trkpt lat="43.26465" lon="18.02234">
        <ele>892.9</ele>
      </trkpt>
      <trkpt lat="43.2647" lon="18.02258">
        <ele>893.1</ele>
      </trkpt>
      <trkpt lat="43.2647" lon="18.02296">
        <ele>893.9</ele>
      </trkpt>
      <trkpt lat="43.26465" lon="18.02323">
        <ele>894.4</ele>
      </trkpt>
      <trkpt lat="43.26441" lon="18.02405">
        <ele>893.8</ele>
      </trkpt>
      <trkpt lat="43.26416" lon="18.02486">
        <ele>889.2</ele>
      </trkpt>
      <trkpt lat="43.2638" lon="18.02578">
        <ele>898.0</ele>
      </trkpt>
      <trkpt lat="43.26339" lon="18.02668">
        <ele>891.6</ele>
      </trkpt>
      <trkpt lat="43.26315" lon="18.0273">
        <ele>900.9</ele>
      </trkpt>
      <trkpt lat="43.26281" lon="18.02839">
        <ele>908.5</ele>
      </trkpt>
      <trkpt lat="43.26276" lon="18.02859">
        <ele>908.6</ele>
      </trkpt>
      <trkpt lat="43.26273" lon="18.02878">
        <ele>908.6</ele>
      </trkpt>
      <trkpt lat="43.26272" lon="18.02914">
        <ele>908.8</ele>
      </trkpt>
      <trkpt lat="43.26274" lon="18.02936">
        <ele>909.2</ele>
      </trkpt>
      <trkpt lat="43.26283" lon="18.02996">
        <ele>910.7</ele>
      </trkpt>
      <trkpt lat="43.26291" lon="18.03081">
        <ele>912.9</ele>
      </trkpt>
      <trkpt lat="43.26306" lon="18.03191">
        <ele>913.3</ele>
      </trkpt>
      <trkpt lat="43.26307" lon="18.03207">
        <ele>913.2</ele>
      </trkpt>
      <trkpt lat="43.26305" lon="18.03247">
        <ele>913.4</ele>
      </trkpt>
      <trkpt lat="43.26297" lon="18.0332">
        <ele>914.1</ele>
      </trkpt>
      <trkpt lat="43.26298" lon="18.03359">
        <ele>914.5</ele>
      </trkpt>
      <trkpt lat="43.26303" lon="18.03407">
        <ele>915.1</ele>
      </trkpt>
      <trkpt lat="43.26305" lon="18.03442">
        <ele>915.3</ele>
      </trkpt>
      <trkpt lat="43.26302" lon="18.03482">
        <ele>916.0</ele>
      </trkpt>
      <trkpt lat="43.26296" lon="18.03539">
        <ele>916.2</ele>
      </trkpt>
      <trkpt lat="43.26294" lon="18.03576">
        <ele>915.8</ele>
      </trkpt>
      <trkpt lat="43.26296" lon="18.03617">
        <ele>915.5</ele>
      </trkpt>
      <trkpt lat="43.263" lon="18.03674">
        <ele>915.1</ele>
      </trkpt>
      <trkpt lat="43.26301" lon="18.03733">
        <ele>916.2</ele>
      </trkpt>
      <trkpt lat="43.26298" lon="18.03775">
        <ele>916.3</ele>
      </trkpt>
      <trkpt lat="43.2629" lon="18.0382">
        <ele>915.4</ele>
      </trkpt>
      <trkpt lat="43.2627" lon="18.03888">
        <ele>914.9</ele>
      </trkpt>
      <trkpt lat="43.26257" lon="18.03926">
        <ele>914.1</ele>
      </trkpt>
      <trkpt lat="43.26247" lon="18.03965">
        <ele>915.5</ele>
      </trkpt>
      <trkpt lat="43.26242" lon="18.04004">
        <ele>917.9</ele>
      </trkpt>
      <trkpt lat="43.26241" lon="18.04046">
        <ele>919.3</ele>
      </trkpt>
      <trkpt lat="43.26242" lon="18.04096">
        <ele>921.1</ele>
      </trkpt>
      <trkpt lat="43.26245" lon="18.04135">
        <ele>922.7</ele>
      </trkpt>
      <trkpt lat="43.26252" lon="18.04169">
        <ele>923.5</ele>
      </trkpt>
      <trkpt lat="43.26267" lon="18.04229">
        <ele>929.9</ele>
      </trkpt>
      <trkpt lat="43.26273" lon="18.04256">
        <ele>932.4</ele>
      </trkpt>
      <trkpt lat="43.26274" lon="18.04269">
        <ele>933.3</ele>
      </trkpt>
      <trkpt lat="43.26274" lon="18.04338">
        <ele>938.2</ele>
      </trkpt>
      <trkpt lat="43.26278" lon="18.04362">
        <ele>939.6</ele>
      </trkpt>
      <trkpt lat="43.26292" lon="18.04421">
        <ele>942.1</ele>
      </trkpt>
      <trkpt lat="43.26295" lon="18.04448">
        <ele>942.6</ele>
      </trkpt>
      <trkpt lat="43.26297" lon="18.04542">
        <ele>946.2</ele>
      </trkpt>
      <trkpt lat="43.26295" lon="18.04576">
        <ele>948.3</ele>
      </trkpt>
      <trkpt lat="43.26291" lon="18.04614">
        <ele>950.1</ele>
      </trkpt>
      <trkpt lat="43.26274" lon="18.04698">
        <ele>951.5</ele>
      </trkpt>
      <trkpt lat="43.26258" lon="18.04782">
        <ele>950.8</ele>
      </trkpt>
      <trkpt lat="43.26229" lon="18.0489">
        <ele>959.4</ele>
      </trkpt>
      <trkpt lat="43.262" lon="18.04998">
        <ele>963.2</ele>
      </trkpt>
      <trkpt lat="43.26171" lon="18.05107">
        <ele>957.9</ele>
      </trkpt>
      <trkpt lat="43.2616" lon="18.05136">
        <ele>958.8</ele>
      </trkpt>
      <trkpt lat="43.26147" lon="18.05163">
        <ele>960.4</ele>
      </trkpt>
      <trkpt lat="43.26099" lon="18.05229">
        <ele>957.0</ele>
      </trkpt>
      <trkpt lat="43.26082" lon="18.05256">
        <ele>953.5</ele>
      </trkpt>
      <trkpt lat="43.26068" lon="18.05283">
        <ele>956.7</ele>
      </trkpt>
      <trkpt lat="43.26045" lon="18.05356">
        <ele>958.3</ele>
      </trkpt>
      <trkpt lat="43.26024" lon="18.05411">
        <ele>956.3</ele>
      </trkpt>
      <trkpt lat="43.25992" lon="18.05476">
        <ele>958.8</ele>
      </trkpt>
      <trkpt lat="43.25957" lon="18.05542">
        <ele>963.2</ele>
      </trkpt>
      <trkpt lat="43.25921" lon="18.05601">
        <ele>960.7</ele>
      </trkpt>
      <trkpt lat="43.25897" lon="18.05636">
        <ele>962.5</ele>
      </trkpt>
      <trkpt lat="43.25871" lon="18.0566">
        <ele>963.6</ele>
      </trkpt>
      <trkpt lat="43.25854" lon="18.05681">
        <ele>964.8</ele>
      </trkpt>
      <trkpt lat="43.25823" lon="18.05735">
        <ele>967.7</ele>
      </trkpt>
      <trkpt lat="43.2579" lon="18.05789">
        <ele>971.3</ele>
      </trkpt>
      <trkpt lat="43.25757" lon="18.05833">
        <ele>969.8</ele>
      </trkpt>
      <trkpt lat="43.25745" lon="18.05852">
        <ele>970.2</ele>
      </trkpt>
      <trkpt lat="43.25738" lon="18.05873">
        <ele>971.9</ele>
      </trkpt>
      <trkpt lat="43.25726" lon="18.05924">
        <ele>975.4</ele>
      </trkpt>
      <trkpt lat="43.25713" lon="18.05966">
        <ele>978.8</ele>
      </trkpt>
      <trkpt lat="43.25691" lon="18.06022">
        <ele>980.5</ele>
      </trkpt>
      <trkpt lat="43.25686" lon="18.06044">
        <ele>980.5</ele>
      </trkpt>
      <trkpt lat="43.25683" lon="18.06061">
        <ele>980.5</ele>
      </trkpt>
      <trkpt lat="43.25683" lon="18.06085">
        <ele>980.4</ele>
      </trkpt>
      <trkpt lat="43.25688" lon="18.06159">
        <ele>979.6</ele>
      </trkpt>
      <trkpt lat="43.25684" lon="18.06206">
        <ele>980.7</ele>
      </trkpt>
      <trkpt lat="43.25679" lon="18.06228">
        <ele>981.1</ele>
      </trkpt>
      <trkpt lat="43.25656" lon="18.06283">
        <ele>983.2</ele>
      </trkpt>
      <trkpt lat="43.25651" lon="18.06299">
        <ele>984.0</ele>
      </trkpt>
      <trkpt lat="43.25649" lon="18.06371">
        <ele>983.2</ele>
      </trkpt>
      <trkpt lat="43.25645" lon="18.06388">
        <ele>983.1</ele>
      </trkpt>
      <trkpt lat="43.25639" lon="18.06404">
        <ele>983.0</ele>
      </trkpt>
      <trkpt lat="43.2563" lon="18.06416">
        <ele>982.9</ele>
      </trkpt>
      <trkpt lat="43.25599" lon="18.06444">
        <ele>983.6</ele>
      </trkpt>
      <trkpt lat="43.25592" lon="18.06459">
        <ele>983.5</ele>
      </trkpt>
      <trkpt lat="43.25587" lon="18.06487">
        <ele>983.3</ele>
      </trkpt>
      <trkpt lat="43.25586" lon="18.06532">
        <ele>984.3</ele>
      </trkpt>
      <trkpt lat="43.25583" lon="18.0655">
        <ele>984.8</ele>
      </trkpt>
      <trkpt lat="43.25575" lon="18.06576">
        <ele>986.5</ele>
      </trkpt>
      <trkpt lat="43.25556" lon="18.06619">
        <ele>988.3</ele>
      </trkpt>
      <trkpt lat="43.2554" lon="18.0665">
        <ele>988.3</ele>
      </trkpt>
      <trkpt lat="43.25522" lon="18.06676">
        <ele>988.3</ele>
      </trkpt>
      <trkpt lat="43.25501" lon="18.06701">
        <ele>989.5</ele>
      </trkpt>
      <trkpt lat="43.25459" lon="18.06737">
        <ele>991.6</ele>
      </trkpt>
      <trkpt lat="43.25423" lon="18.06756">
        <ele>991.6</ele>
      </trkpt>
      <trkpt lat="43.25381" lon="18.0677">
        <ele>993.2</ele>
      </trkpt>
      <trkpt lat="43.25368" lon="18.06778">
        <ele>993.8</ele>
      </trkpt>
      <trkpt lat="43.25348" lon="18.06803">
        <ele>994.7</ele>
      </trkpt>
      <trkpt lat="43.25322" lon="18.06851">
        <ele>996.9</ele>
      </trkpt>
      <trkpt lat="43.25301" lon="18.06878">
        <ele>998.9</ele>
      </trkpt>
      <trkpt lat="43.25267" lon="18.06901">
        <ele>999.7</ele>
      </trkpt>
      <trkpt lat="43.25207" lon="18.06929">
        <ele>1002.1</ele>
      </trkpt>
      <trkpt lat="43.25147" lon="18.06957">
        <ele>1005.3</ele>
      </trkpt>
      <trkpt lat="43.25116" lon="18.06967">
        <ele>1006.4</ele>
      </trkpt>
      <trkpt lat="43.25076" lon="18.06976">
        <ele>1007.8</ele>
      </trkpt>
      <trkpt lat="43.2506" lon="18.06982">
        <ele>1008.7</ele>
      </trkpt>
      <trkpt lat="43.25047" lon="18.06991">
        <ele>1008.9</ele>
      </trkpt>
      <trkpt lat="43.25036" lon="18.07002">
        <ele>1008.9</ele>
      </trkpt>
      <trkpt lat="43.2499" lon="18.07073">
        <ele>1008.7</ele>
      </trkpt>
      <trkpt lat="43.24979" lon="18.07086">
        <ele>1008.6</ele>
      </trkpt>
      <trkpt lat="43.24964" lon="18.07098">
        <ele>1009.5</ele>
      </trkpt>
      <trkpt lat="43.24951" lon="18.07105">
        <ele>1010.0</ele>
      </trkpt>
      <trkpt lat="43.24919" lon="18.07116">
        <ele>1010.8</ele>
      </trkpt>
      <trkpt lat="43.24904" lon="18.07126">
        <ele>1011.3</ele>
      </trkpt>
      <trkpt lat="43.24892" lon="18.07139">
        <ele>1011.9</ele>
      </trkpt>
      <trkpt lat="43.24878" lon="18.0716">
        <ele>1012.8</ele>
      </trkpt>
      <trkpt lat="43.24871" lon="18.07182">
        <ele>1014.4</ele>
      </trkpt>
      <trkpt lat="43.2485" lon="18.07257">
        <ele>1020.4</ele>
      </trkpt>
      <trkpt lat="43.24839" lon="18.07303">
        <ele>1022.2</ele>
      </trkpt>
      <trkpt lat="43.24836" lon="18.07326">
        <ele>1022.9</ele>
      </trkpt>
      <trkpt lat="43.24835" lon="18.07343">
        <ele>1023.4</ele>
      </trkpt>
      <trkpt lat="43.24837" lon="18.07389">
        <ele>1024.7</ele>
      </trkpt>
      <trkpt lat="43.24835" lon="18.07405">
        <ele>1024.9</ele>
      </trkpt>
      <trkpt lat="43.24832" lon="18.07419">
        <ele>1025.3</ele>
      </trkpt>
      <trkpt lat="43.2481" lon="18.07471">
        <ele>1028.4</ele>
      </trkpt>
      <trkpt lat="43.24804" lon="18.07489">
        <ele>1028.2</ele>
      </trkpt>
      <trkpt lat="43.248" lon="18.07507">
        <ele>1027.6</ele>
      </trkpt>
      <trkpt lat="43.24799" lon="18.07524">
        <ele>1027.3</ele>
      </trkpt>
      <trkpt lat="43.24799" lon="18.0755">
        <ele>1026.6</ele>
      </trkpt>
      <trkpt lat="43.24804" lon="18.07632">
        <ele>1025.0</ele>
      </trkpt>
      <trkpt lat="43.2481" lon="18.07681">
        <ele>1024.5</ele>
      </trkpt>
      <trkpt lat="43.24818" lon="18.0772">
        <ele>1024.7</ele>
      </trkpt>
      <trkpt lat="43.24847" lon="18.07825">
        <ele>1026.3</ele>
      </trkpt>
      <trkpt lat="43.24855" lon="18.07861">
        <ele>1026.6</ele>
      </trkpt>
      <trkpt lat="43.24861" lon="18.07923">
        <ele>1026.4</ele>
      </trkpt>
      <trkpt lat="43.24861" lon="18.07991">
        <ele>1027.2</ele>
      </trkpt>
      <trkpt lat="43.24858" lon="18.0803">
        <ele>1028.1</ele>
      </trkpt>
      <trkpt lat="43.24849" lon="18.08072">
        <ele>1028.7</ele>
      </trkpt>
      <trkpt lat="43.24836" lon="18.08123">
        <ele>1028.7</ele>
      </trkpt>
      <trkpt lat="43.24799" lon="18.08225">
        <ele>1033.5</ele>
      </trkpt>
      <trkpt lat="43.24781" lon="18.08266">
        <ele>1035.3</ele>
      </trkpt>
      <trkpt lat="43.24768" lon="18.08289">
        <ele>1035.9</ele>
      </trkpt>
      <trkpt lat="43.24736" lon="18.08339">
        <ele>1036.2</ele>
      </trkpt>
      <trkpt lat="43.24705" lon="18.08389">
        <ele>1038.0</ele>
      </trkpt>
      <trkpt lat="43.24682" lon="18.08432">
        <ele>1038.2</ele>
      </trkpt>
      <trkpt lat="43.24669" lon="18.08463">
        <ele>1038.5</ele>
      </trkpt>
      <trkpt lat="43.24651" lon="18.08527">
        <ele>1041.1</ele>
      </trkpt>
      <trkpt lat="43.24641" lon="18.08573">
        <ele>1043.5</ele>
      </trkpt>
      <trkpt lat="43.24642" lon="18.086">
        <ele>1044.4</ele>
      </trkpt>
      <trkpt lat="43.24645" lon="18.08618">
        <ele>1044.8</ele>
      </trkpt>
      <trkpt lat="43.24652" lon="18.08638">
        <ele>1045.1</ele>
      </trkpt>
      <trkpt lat="43.24684" lon="18.08699">
        <ele>1047.2</ele>
      </trkpt>
      <trkpt lat="43.247" lon="18.08723">
        <ele>1047.9</ele>
      </trkpt>
      <trkpt lat="43.24714" lon="18.08734">
        <ele>1048.3</ele>
      </trkpt>
      <trkpt lat="43.24741" lon="18.0875">
        <ele>1048.5</ele>
      </trkpt>
      <trkpt lat="43.24771" lon="18.08762">
        <ele>1049.7</ele>
      </trkpt>
      <trkpt lat="43.24793" lon="18.08766">
        <ele>1051.1</ele>
      </trkpt>
      <trkpt lat="43.24842" lon="18.08762">
        <ele>1055.0</ele>
      </trkpt>
      <trkpt lat="43.24855" lon="18.08762">
        <ele>1056.3</ele>
      </trkpt>
      <trkpt lat="43.24866" lon="18.08767">
        <ele>1057.7</ele>
      </trkpt>
      <trkpt lat="43.24873" lon="18.08777">
        <ele>1059.2</ele>
      </trkpt>
      <trkpt lat="43.24877" lon="18.08789">
        <ele>1060.6</ele>
      </trkpt>
      <trkpt lat="43.24876" lon="18.08802">
        <ele>1061.4</ele>
      </trkpt>
      <trkpt lat="43.24872" lon="18.08816">
        <ele>1061.7</ele>
      </trkpt>
      <trkpt lat="43.24852" lon="18.08846">
        <ele>1059.3</ele>
      </trkpt>
      <trkpt lat="43.24847" lon="18.08856">
        <ele>1058.8</ele>
      </trkpt>
      <trkpt lat="43.24846" lon="18.08867">
        <ele>1059.2</ele>
      </trkpt>
      <trkpt lat="43.24847" lon="18.08877">
        <ele>1059.8</ele>
      </trkpt>
      <trkpt lat="43.24853" lon="18.08891">
        <ele>1061.3</ele>
      </trkpt>
      <trkpt lat="43.24866" lon="18.08909">
        <ele>1063.7</ele>
      </trkpt>
      <trkpt lat="43.24887" lon="18.08929">
        <ele>1067.1</ele>
      </trkpt>
      <trkpt lat="43.24929" lon="18.0895">
        <ele>1073.1</ele>
      </trkpt>
      <trkpt lat="43.24937" lon="18.08961">
        <ele>1074.6</ele>
      </trkpt>
      <trkpt lat="43.2494" lon="18.08971">
        <ele>1075.3</ele>
      </trkpt>
      <trkpt lat="43.24939" lon="18.08981">
        <ele>1075.4</ele>
      </trkpt>
      <trkpt lat="43.24936" lon="18.0899">
        <ele>1075.3</ele>
      </trkpt>
      <trkpt lat="43.24928" lon="18.08997">
        <ele>1074.4</ele>
      </trkpt>
      <trkpt lat="43.24914" lon="18.09015">
        <ele>1075.3</ele>
      </trkpt>
      <trkpt lat="43.24892" lon="18.09063">
        <ele>1081.6</ele>
      </trkpt>
      <trkpt lat="43.24881" lon="18.09072">
        <ele>1082.2</ele>
      </trkpt>
      <trkpt lat="43.24871" lon="18.09077">
        <ele>1082.1</ele>
      </trkpt>
      <trkpt lat="43.24861" lon="18.09076">
        <ele>1081.2</ele>
      </trkpt>
      <trkpt lat="43.2485" lon="18.0907">
        <ele>1079.3</ele>
      </trkpt>
      <trkpt lat="43.24833" lon="18.09048">
        <ele>1074.5</ele>
      </trkpt>
      <trkpt lat="43.24821" lon="18.09042">
        <ele>1072.7</ele>
      </trkpt>
      <trkpt lat="43.24808" lon="18.09042">
        <ele>1071.7</ele>
      </trkpt>
      <trkpt lat="43.24799" lon="18.09045">
        <ele>1071.4</ele>
      </trkpt>
      <trkpt lat="43.24792" lon="18.09051">
        <ele>1071.5</ele>
      </trkpt>
      <trkpt lat="43.24785" lon="18.0906">
        <ele>1071.9</ele>
      </trkpt>
      <trkpt lat="43.24782" lon="18.0907">
        <ele>1072.6</ele>
      </trkpt>
      <trkpt lat="43.2478" lon="18.09082">
        <ele>1073.5</ele>
      </trkpt>
      <trkpt lat="43.24782" lon="18.09094">
        <ele>1074.5</ele>
      </trkpt>
      <trkpt lat="43.24787" lon="18.09114">
        <ele>1076.6</ele>
      </trkpt>
      <trkpt lat="43.2479" lon="18.09141">
        <ele>1079.2</ele>
      </trkpt>
      <trkpt lat="43.24791" lon="18.09195">
        <ele>1080.3</ele>
      </trkpt>
      <trkpt lat="43.24795" lon="18.09213">
        <ele>1080.6</ele>
      </trkpt>
      <trkpt lat="43.24803" lon="18.09229">
        <ele>1081.8</ele>
      </trkpt>
      <trkpt lat="43.24814" lon="18.09243">
        <ele>1083.8</ele>
      </trkpt>
      <trkpt lat="43.24837" lon="18.09263">
        <ele>1088.4</ele>
      </trkpt>
      <trkpt lat="43.24878" lon="18.09293">
        <ele>1094.2</ele>
      </trkpt>
      <trkpt lat="43.24891" lon="18.09307">
        <ele>1095.3</ele>
      </trkpt>
      <trkpt lat="43.24895" lon="18.09315">
        <ele>1095.4</ele>
      </trkpt>
      <trkpt lat="43.24897" lon="18.09323">
        <ele>1095.1</ele>
      </trkpt>
      <trkpt lat="43.24897" lon="18.09335">
        <ele>1094.4</ele>
      </trkpt>
      <trkpt lat="43.24894" lon="18.09348">
        <ele>1094.1</ele>
      </trkpt>
      <trkpt lat="43.2488" lon="18.09374">
        <ele>1092.7</ele>
      </trkpt>
      <trkpt lat="43.2487" lon="18.09401">
        <ele>1092.3</ele>
      </trkpt>
      <trkpt lat="43.24868" lon="18.09411">
        <ele>1092.4</ele>
      </trkpt>
      <trkpt lat="43.24868" lon="18.09421">
        <ele>1092.3</ele>
      </trkpt>
      <trkpt lat="43.24872" lon="18.09434">
        <ele>1091.9</ele>
      </trkpt>
      <trkpt lat="43.24881" lon="18.09448">
        <ele>1091.6</ele>
      </trkpt>
      <trkpt lat="43.24914" lon="18.0948">
        <ele>1089.9</ele>
      </trkpt>
      <trkpt lat="43.2494" lon="18.09499">
        <ele>1088.7</ele>
      </trkpt>
      <trkpt lat="43.24985" lon="18.09525">
        <ele>1087.1</ele>
      </trkpt>
      <trkpt lat="43.2503" lon="18.09551">
        <ele>1085.3</ele>
      </trkpt>
      <trkpt lat="43.2507" lon="18.09579">
        <ele>1081.7</ele>
      </trkpt>
      <trkpt lat="43.25081" lon="18.09586">
        <ele>1080.7</ele>
      </trkpt>
      <trkpt lat="43.25101" lon="18.0959">
        <ele>1078.6</ele>
      </trkpt>
      <trkpt lat="43.25119" lon="18.09585">
        <ele>1077.4</ele>
      </trkpt>
      <trkpt lat="43.25128" lon="18.09579">
        <ele>1077.3</ele>
      </trkpt>
      <trkpt lat="43.25146" lon="18.09557">
        <ele>1078.8</ele>
      </trkpt>
      <trkpt lat="43.25154" lon="18.09552">
        <ele>1078.7</ele>
      </trkpt>
      <trkpt lat="43.25183" lon="18.09543">
        <ele>1076.1</ele>
      </trkpt>
      <trkpt lat="43.25195" lon="18.09535">
        <ele>1075.0</ele>
      </trkpt>
      <trkpt lat="43.25205" lon="18.09523">
        <ele>1074.4</ele>
      </trkpt>
      <trkpt lat="43.25215" lon="18.09506">
        <ele>1074.0</ele>
      </trkpt>
      <trkpt lat="43.25233" lon="18.09463">
        <ele>1074.1</ele>
      </trkpt>
      <trkpt lat="43.25242" lon="18.09449">
        <ele>1073.2</ele>
      </trkpt>
      <trkpt lat="43.25255" lon="18.09435">
        <ele>1073.1</ele>
      </trkpt>
      <trkpt lat="43.25268" lon="18.09425">
        <ele>1075.4</ele>
      </trkpt>
      <trkpt lat="43.25279" lon="18.0942">
        <ele>1076.9</ele>
      </trkpt>
      <trkpt lat="43.25286" lon="18.09419">
        <ele>1077.8</ele>
      </trkpt>
      <trkpt lat="43.25293" lon="18.09423">
        <ele>1078.3</ele>
      </trkpt>
      <trkpt lat="43.25298" lon="18.09428">
        <ele>1078.7</ele>
      </trkpt>
      <trkpt lat="43.25302" lon="18.09444">
        <ele>1078.5</ele>
      </trkpt>
      <trkpt lat="43.25302" lon="18.09454">
        <ele>1078.2</ele>
      </trkpt>
      <trkpt lat="43.25287" lon="18.09498">
        <ele>1073.8</ele>
      </trkpt>
      <trkpt lat="43.25283" lon="18.0952">
        <ele>1071.9</ele>
      </trkpt>
      <trkpt lat="43.2528" lon="18.09546">
        <ele>1070.0</ele>
      </trkpt>
      <trkpt lat="43.25282" lon="18.09591">
        <ele>1067.3</ele>
      </trkpt>
      <trkpt lat="43.25286" lon="18.09608">
        <ele>1065.6</ele>
      </trkpt>
      <trkpt lat="43.25299" lon="18.09645">
        <ele>1062.8</ele>
      </trkpt>
      <trkpt lat="43.25301" lon="18.0966">
        <ele>1061.1</ele>
      </trkpt>
      <trkpt lat="43.253" lon="18.09674">
        <ele>1059.1</ele>
      </trkpt>
      <trkpt lat="43.25298" lon="18.09688">
        <ele>1056.9</ele>
      </trkpt>
      <trkpt lat="43.25289" lon="18.0971">
        <ele>1052.6</ele>
      </trkpt>
      <trkpt lat="43.25283" lon="18.09732">
        <ele>1048.8</ele>
      </trkpt>
      <trkpt lat="43.25282" lon="18.09756">
        <ele>1045.6</ele>
      </trkpt>
      <trkpt lat="43.25287" lon="18.09781">
        <ele>1043.2</ele>
      </trkpt>
      <trkpt lat="43.25296" lon="18.09801">
        <ele>1042.4</ele>
      </trkpt>
      <trkpt lat="43.25337" lon="18.09872">
        <ele>1039.7</ele>
      </trkpt>
      <trkpt lat="43.25343" lon="18.0988">
        <ele>1038.7</ele>
      </trkpt>
      <trkpt lat="43.25349" lon="18.09885">
        <ele>1038.2</ele>
      </trkpt>
      <trkpt lat="43.25362" lon="18.09887">
        <ele>1038.6</ele>
      </trkpt>
      <trkpt lat="43.25374" lon="18.09879">
        <ele>1040.4</ele>
      </trkpt>
      <trkpt lat="43.25386" lon="18.09853">
        <ele>1044.6</ele>
      </trkpt>
      <trkpt lat="43.25392" lon="18.09826">
        <ele>1048.2</ele>
      </trkpt>
      <trkpt lat="43.25397" lon="18.09818">
        <ele>1049.2</ele>
      </trkpt>
      <trkpt lat="43.25403" lon="18.09815">
        <ele>1049.7</ele>
      </trkpt>
      <trkpt lat="43.25413" lon="18.09818">
        <ele>1049.6</ele>
      </trkpt>
      <trkpt lat="43.25418" lon="18.09824">
        <ele>1049.4</ele>
      </trkpt>
      <trkpt lat="43.25421" lon="18.09833">
        <ele>1049.3</ele>
      </trkpt>
      <trkpt lat="43.25435" lon="18.09905">
        <ele>1045.1</ele>
      </trkpt>
      <trkpt lat="43.25438" lon="18.09931">
        <ele>1043.3</ele>
      </trkpt>
      <trkpt lat="43.25439" lon="18.09993">
        <ele>1037.6</ele>
      </trkpt>
      <trkpt lat="43.25442" lon="18.10022">
        <ele>1034.6</ele>
      </trkpt>
      <trkpt lat="43.25449" lon="18.10059">
        <ele>1031.0</ele>
      </trkpt>
      <trkpt lat="43.25459" lon="18.10102">
        <ele>1028.9</ele>
      </trkpt>
      <trkpt lat="43.25463" lon="18.10123">
        <ele>1028.5</ele>
      </trkpt>
      <trkpt lat="43.25465" lon="18.1015">
        <ele>1027.1</ele>
      </trkpt>
      <trkpt lat="43.25465" lon="18.102">
        <ele>1025.1</ele>
      </trkpt>
      <trkpt lat="43.25455" lon="18.10306">
        <ele>1013.0</ele>
      </trkpt>
      <trkpt lat="43.25455" lon="18.10326">
        <ele>1010.1</ele>
      </trkpt>
      <trkpt lat="43.25456" lon="18.10341">
        <ele>1008.5</ele>
      </trkpt>
      <trkpt lat="43.25462" lon="18.10354">
        <ele>1008.6</ele>
      </trkpt>
      <trkpt lat="43.25471" lon="18.10363">
        <ele>1009.9</ele>
      </trkpt>
      <trkpt lat="43.25482" lon="18.10372">
        <ele>1011.5</ele>
      </trkpt>
      <trkpt lat="43.25495" lon="18.10379">
        <ele>1013.7</ele>
      </trkpt>
      <trkpt lat="43.25518" lon="18.10384">
        <ele>1012.5</ele>
      </trkpt>
      <trkpt lat="43.2559" lon="18.10381">
        <ele>1007.2</ele>
      </trkpt>
      <trkpt lat="43.256" lon="18.10381">
        <ele>1006.8</ele>
      </trkpt>
      <trkpt lat="43.25606" lon="18.10384">
        <ele>1005.9</ele>
      </trkpt>
      <trkpt lat="43.25621" lon="18.10397">
        <ele>1002.7</ele>
      </trkpt>
      <trkpt lat="43.25642" lon="18.10429">
        <ele>995.5</ele>
      </trkpt>
      <trkpt lat="43.25649" lon="18.10434">
        <ele>994.5</ele>
      </trkpt>
      <trkpt lat="43.25657" lon="18.10436">
        <ele>994.3</ele>
      </trkpt>
      <trkpt lat="43.25666" lon="18.10435">
        <ele>994.8</ele>
      </trkpt>
      <trkpt lat="43.25676" lon="18.10428">
        <ele>995.2</ele>
      </trkpt>
      <trkpt lat="43.25687" lon="18.10418">
        <ele>995.8</ele>
      </trkpt>
      <trkpt lat="43.257" lon="18.10399">
        <ele>996.4</ele>
      </trkpt>
      <trkpt lat="43.25705" lon="18.10394">
        <ele>996.1</ele>
      </trkpt>
      <trkpt lat="43.2571" lon="18.10393">
        <ele>995.4</ele>
      </trkpt>
      <trkpt lat="43.25718" lon="18.10398">
        <ele>993.6</ele>
      </trkpt>
      <trkpt lat="43.25719" lon="18.1041">
        <ele>992.1</ele>
      </trkpt>
      <trkpt lat="43.25717" lon="18.10419">
        <ele>991.4</ele>
      </trkpt>
      <trkpt lat="43.25703" lon="18.1044">
        <ele>989.4</ele>
      </trkpt>
      <trkpt lat="43.25686" lon="18.10462">
        <ele>986.9</ele>
      </trkpt>
      <trkpt lat="43.2568" lon="18.10468">
        <ele>986.2</ele>
      </trkpt>
      <trkpt lat="43.25666" lon="18.10471">
        <ele>986.6</ele>
      </trkpt>
      <trkpt lat="43.25657" lon="18.10469">
        <ele>986.4</ele>
      </trkpt>
      <trkpt lat="43.25648" lon="18.10463">
        <ele>987.2</ele>
      </trkpt>
      <trkpt lat="43.25612" lon="18.10419">
        <ele>997.7</ele>
      </trkpt>
      <trkpt lat="43.25595" lon="18.10413">
        <ele>999.0</ele>
      </trkpt>
      <trkpt lat="43.25566" lon="18.10419">
        <ele>999.6</ele>
      </trkpt>
      <trkpt lat="43.25551" lon="18.10424">
        <ele>1000.3</ele>
      </trkpt>
      <trkpt lat="43.25547" lon="18.10428">
        <ele>999.9</ele>
      </trkpt>
      <trkpt lat="43.25512" lon="18.10515">
        <ele>988.0</ele>
      </trkpt>
      <trkpt lat="43.25506" lon="18.10523">
        <ele>987.9</ele>
      </trkpt>
      <trkpt lat="43.25495" lon="18.10531">
        <ele>987.4</ele>
      </trkpt>
      <trkpt lat="43.25477" lon="18.1054">
        <ele>983.8</ele>
      </trkpt>
      <trkpt lat="43.25453" lon="18.10543">
        <ele>981.0</ele>
      </trkpt>
      <trkpt lat="43.25444" lon="18.1054">
        <ele>980.7</ele>
      </trkpt>
      <trkpt lat="43.25427" lon="18.10526">
        <ele>981.0</ele>
      </trkpt>
      <trkpt lat="43.25409" lon="18.10503">
        <ele>980.2</ele>
      </trkpt>
      <trkpt lat="43.25404" lon="18.10501">
        <ele>978.8</ele>
      </trkpt>
      <trkpt lat="43.25401" lon="18.10504">
        <ele>977.5</ele>
      </trkpt>
      <trkpt lat="43.25399" lon="18.10509">
        <ele>976.2</ele>
      </trkpt>
      <trkpt lat="43.25401" lon="18.10515">
        <ele>976.2</ele>
      </trkpt>
      <trkpt lat="43.25422" lon="18.10541">
        <ele>978.6</ele>
      </trkpt>
      <trkpt lat="43.25441" lon="18.10576">
        <ele>975.0</ele>
      </trkpt>
      <trkpt lat="43.25451" lon="18.10585">
        <ele>974.0</ele>
      </trkpt>
      <trkpt lat="43.25472" lon="18.10593">
        <ele>973.6</ele>
      </trkpt>
      <trkpt lat="43.25485" lon="18.10592">
        <ele>974.2</ele>
      </trkpt>
      <trkpt lat="43.25499" lon="18.10586">
        <ele>975.6</ele>
      </trkpt>
      <trkpt lat="43.25503" lon="18.10587">
        <ele>974.5</ele>
      </trkpt>
      <trkpt lat="43.25505" lon="18.1059">
        <ele>973.4</ele>
      </trkpt>
      <trkpt lat="43.25507" lon="18.10595">
        <ele>972.0</ele>
      </trkpt>
      <trkpt lat="43.25505" lon="18.10601">
        <ele>971.8</ele>
      </trkpt>
      <trkpt lat="43.25502" lon="18.10607">
        <ele>971.9</ele>
      </trkpt>
      <trkpt lat="43.25475" lon="18.1062">
        <ele>969.8</ele>
      </trkpt>
      <trkpt lat="43.25449" lon="18.10626">
        <ele>968.0</ele>
      </trkpt>
      <trkpt lat="43.25437" lon="18.10625">
        <ele>967.7</ele>
      </trkpt>
      <trkpt lat="43.25424" lon="18.1062">
        <ele>968.0</ele>
      </trkpt>
      <trkpt lat="43.2541" lon="18.10604">
        <ele>968.1</ele>
      </trkpt>
      <trkpt lat="43.25394" lon="18.10575">
        <ele>967.1</ele>
      </trkpt>
      <trkpt lat="43.25389" lon="18.1057">
        <ele>966.2</ele>
      </trkpt>
      <trkpt lat="43.2538" lon="18.10565">
        <ele>964.0</ele>
      </trkpt>
      <trkpt lat="43.25352" lon="18.10558">
        <ele>956.2</ele>
      </trkpt>
      <trkpt lat="43.25347" lon="18.10552">
        <ele>955.2</ele>
      </trkpt>
      <trkpt lat="43.25346" lon="18.10542">
        <ele>955.9</ele>
      </trkpt>
      <trkpt lat="43.25346" lon="18.10521">
        <ele>958.0</ele>
      </trkpt>
      <trkpt lat="43.25348" lon="18.10494">
        <ele>961.5</ele>
      </trkpt>
      <trkpt lat="43.25358" lon="18.10437">
        <ele>971.3</ele>
      </trkpt>
      <trkpt lat="43.25357" lon="18.1042">
        <ele>973.0</ele>
      </trkpt>
      <trkpt lat="43.25353" lon="18.10414">
        <ele>972.7</ele>
      </trkpt>
      <trkpt lat="43.25344" lon="18.10411">
        <ele>970.6</ele>
      </trkpt>
      <trkpt lat="43.25333" lon="18.10417">
        <ele>965.9</ele>
      </trkpt>
      <trkpt lat="43.25315" lon="18.10446">
        <ele>959.0</ele>
      </trkpt>
      <trkpt lat="43.25307" lon="18.10452">
        <ele>956.7</ele>
      </trkpt>
      <trkpt lat="43.25298" lon="18.10455">
        <ele>954.6</ele>
      </trkpt>
      <trkpt lat="43.25283" lon="18.10453">
        <ele>952.0</ele>
      </trkpt>
      <trkpt lat="43.25276" lon="18.10447">
        <ele>951.4</ele>
      </trkpt>
      <trkpt lat="43.25249" lon="18.10417">
        <ele>950.1</ele>
      </trkpt>
      <trkpt lat="43.25242" lon="18.10412">
        <ele>952.5</ele>
      </trkpt>
      <trkpt lat="43.25235" lon="18.10411">
        <ele>953.9</ele>
      </trkpt>
      <trkpt lat="43.25228" lon="18.10414">
        <ele>954.3</ele>
      </trkpt>
      <trkpt lat="43.25223" lon="18.10422">
        <ele>953.8</ele>
      </trkpt>
      <trkpt lat="43.25221" lon="18.10434">
        <ele>952.4</ele>
      </trkpt>
      <trkpt lat="43.25224" lon="18.105">
        <ele>942.8</ele>
      </trkpt>
      <trkpt lat="43.25228" lon="18.10567">
        <ele>936.9</ele>
      </trkpt>
      <trkpt lat="43.25231" lon="18.10602">
        <ele>934.3</ele>
      </trkpt>
      <trkpt lat="43.25266" lon="18.10693">
        <ele>930.6</ele>
      </trkpt>
      <trkpt lat="43.2527" lon="18.1072">
        <ele>929.5</ele>
      </trkpt>
      <trkpt lat="43.25282" lon="18.10823">
        <ele>923.8</ele>
      </trkpt>
      <trkpt lat="43.25287" lon="18.10854">
        <ele>922.1</ele>
      </trkpt>
      <trkpt lat="43.25294" lon="18.10884">
        <ele>920.5</ele>
      </trkpt>
      <trkpt lat="43.25305" lon="18.10908">
        <ele>919.2</ele>
      </trkpt>
      <trkpt lat="43.25322" lon="18.10938">
        <ele>917.6</ele>
      </trkpt>
      <trkpt lat="43.25357" lon="18.10977">
        <ele>915.9</ele>
      </trkpt>
      <trkpt lat="43.25386" lon="18.11003">
        <ele>914.4</ele>
      </trkpt>
      <trkpt lat="43.25441" lon="18.11037">
        <ele>911.9</ele>
      </trkpt>
      <trkpt lat="43.25495" lon="18.11072">
        <ele>908.3</ele>
      </trkpt>
      <trkpt lat="43.25499" lon="18.11089">
        <ele>907.2</ele>
      </trkpt>
      <trkpt lat="43.25499" lon="18.111">
        <ele>907.6</ele>
      </trkpt>
      <trkpt lat="43.25502" lon="18.11107">
        <ele>907.8</ele>
      </trkpt>
      <trkpt lat="43.25509" lon="18.1111">
        <ele>907.6</ele>
      </trkpt>
      <trkpt lat="43.25515" lon="18.11109">
        <ele>907.3</ele>
      </trkpt>
      <trkpt lat="43.25538" lon="18.11115">
        <ele>906.4</ele>
      </trkpt>
      <trkpt lat="43.25618" lon="18.11127">
        <ele>901.8</ele>
      </trkpt>
      <trkpt lat="43.25634" lon="18.11134">
        <ele>900.6</ele>
      </trkpt>
      <trkpt lat="43.25641" lon="18.1114">
        <ele>900.1</ele>
      </trkpt>
      <trkpt lat="43.25703" lon="18.1122">
        <ele>898.9</ele>
      </trkpt>
      <trkpt lat="43.25745" lon="18.11291">
        <ele>896.9</ele>
      </trkpt>
      <trkpt lat="43.25777" lon="18.11359">
        <ele>893.1</ele>
      </trkpt>
      <trkpt lat="43.25797" lon="18.11389">
        <ele>891.9</ele>
      </trkpt>
      <trkpt lat="43.25761" lon="18.1143">
        <ele>891.9</ele>
      </trkpt>
      <trkpt lat="43.25748" lon="18.11451">
        <ele>892.1</ele>
      </trkpt>
      <trkpt lat="43.25717" lon="18.115">
        <ele>892.0</ele>
      </trkpt>
      <trkpt lat="43.25668" lon="18.11595">
        <ele>886.6</ele>
      </trkpt>
      <trkpt lat="43.25654" lon="18.11615">
        <ele>885.9</ele>
      </trkpt>
      <trkpt lat="43.25644" lon="18.11623">
        <ele>885.7</ele>
      </trkpt>
      <trkpt lat="43.25641" lon="18.11625">
        <ele>885.7</ele>
      </trkpt>
      <trkpt lat="43.25636" lon="18.11636">
        <ele>885.3</ele>
      </trkpt>
      <trkpt lat="43.25637" lon="18.11644">
        <ele>885.1</ele>
      </trkpt>
      <trkpt lat="43.25642" lon="18.11651">
        <ele>884.8</ele>
      </trkpt>
      <trkpt lat="43.2564" lon="18.11677">
        <ele>884.3</ele>
      </trkpt>
      <trkpt lat="43.25622" lon="18.11759">
        <ele>883.8</ele>
      </trkpt>
      <trkpt lat="43.25603" lon="18.11842">
        <ele>883.0</ele>
      </trkpt>
      <trkpt lat="43.25585" lon="18.11925">
        <ele>885.8</ele>
      </trkpt>
      <trkpt lat="43.25572" lon="18.11986">
        <ele>885.1</ele>
      </trkpt>
      <trkpt lat="43.2556" lon="18.12048">
        <ele>885.6</ele>
      </trkpt>
      <trkpt lat="43.25541" lon="18.12129">
        <ele>885.2</ele>
      </trkpt>
      <trkpt lat="43.25523" lon="18.12211">
        <ele>885.5</ele>
      </trkpt>
      <trkpt lat="43.25504" lon="18.12293">
        <ele>886.6</ele>
      </trkpt>
      <trkpt lat="43.25489" lon="18.12365">
        <ele>887.1</ele>
      </trkpt>
      <trkpt lat="43.25484" lon="18.12396">
        <ele>887.4</ele>
      </trkpt>
      <trkpt lat="43.25482" lon="18.12455">
        <ele>887.7</ele>
      </trkpt>
      <trkpt lat="43.25484" lon="18.12487">
        <ele>887.8</ele>
      </trkpt>
      <trkpt lat="43.25493" lon="18.12561">
        <ele>886.4</ele>
      </trkpt>
      <trkpt lat="43.25507" lon="18.12642">
        <ele>885.6</ele>
      </trkpt>
      <trkpt lat="43.25522" lon="18.12723">
        <ele>884.5</ele>
      </trkpt>
      <trkpt lat="43.2554" lon="18.12819">
        <ele>882.4</ele>
      </trkpt>
      <trkpt lat="43.25563" lon="18.12914">
        <ele>881.0</ele>
      </trkpt>
      <trkpt lat="43.25586" lon="18.13009">
        <ele>878.0</ele>
      </trkpt>
      <trkpt lat="43.25609" lon="18.13123">
        <ele>877.9</ele>
      </trkpt>
      <trkpt lat="43.25632" lon="18.13238">
        <ele>877.4</ele>
      </trkpt>
      <trkpt lat="43.2564" lon="18.13282">
        <ele>877.6</ele>
      </trkpt>
      <trkpt lat="43.25647" lon="18.13332">
        <ele>878.3</ele>
      </trkpt>
      <trkpt lat="43.2565" lon="18.13392">
        <ele>878.8</ele>
      </trkpt>
      <trkpt lat="43.25649" lon="18.13452">
        <ele>878.1</ele>
      </trkpt>
      <trkpt lat="43.25646" lon="18.13485">
        <ele>877.1</ele>
      </trkpt>
      <trkpt lat="43.25635" lon="18.13562">
        <ele>876.1</ele>
      </trkpt>
      <trkpt lat="43.25624" lon="18.13639">
        <ele>875.4</ele>
      </trkpt>
      <trkpt lat="43.25619" lon="18.13681">
        <ele>875.3</ele>
      </trkpt>
      <trkpt lat="43.25618" lon="18.13734">
        <ele>876.2</ele>
      </trkpt>
      <trkpt lat="43.25621" lon="18.13784">
        <ele>877.0</ele>
      </trkpt>
      <trkpt lat="43.25628" lon="18.1384">
        <ele>877.3</ele>
      </trkpt>
      <trkpt lat="43.25636" lon="18.13878">
        <ele>876.0</ele>
      </trkpt>
      <trkpt lat="43.25647" lon="18.13915">
        <ele>875.1</ele>
      </trkpt>
      <trkpt lat="43.25683" lon="18.14019">
        <ele>876.9</ele>
      </trkpt>
      <trkpt lat="43.2572" lon="18.14122">
        <ele>873.6</ele>
      </trkpt>
      <trkpt lat="43.25751" lon="18.14219">
        <ele>868.9</ele>
      </trkpt>
      <trkpt lat="43.2576" lon="18.14254">
        <ele>867.5</ele>
      </trkpt>
      <trkpt lat="43.25764" lon="18.14277">
        <ele>867.6</ele>
      </trkpt>
      <trkpt lat="43.25767" lon="18.14309">
        <ele>867.7</ele>
      </trkpt>
      <trkpt lat="43.25763" lon="18.14352">
        <ele>867.7</ele>
      </trkpt>
      <trkpt lat="43.25751" lon="18.14443">
        <ele>868.3</ele>
      </trkpt>
      <trkpt lat="43.25751" lon="18.14468">
        <ele>868.6</ele>
      </trkpt>
      <trkpt lat="43.25754" lon="18.14494">
        <ele>869.0</ele>
      </trkpt>
      <trkpt lat="43.25761" lon="18.14517">
        <ele>868.6</ele>
      </trkpt>
      <trkpt lat="43.25769" lon="18.14541">
        <ele>868.0</ele>
      </trkpt>
      <trkpt lat="43.25789" lon="18.14579">
        <ele>867.5</ele>
      </trkpt>
      <trkpt lat="43.25827" lon="18.14631">
        <ele>866.6</ele>
      </trkpt>
      <trkpt lat="43.25865" lon="18.14683">
        <ele>866.6</ele>
      </trkpt>
      <trkpt lat="43.2589" lon="18.14722">
        <ele>866.8</ele>
      </trkpt>
      <trkpt lat="43.25901" lon="18.14746">
        <ele>866.6</ele>
      </trkpt>
      <trkpt lat="43.25917" lon="18.14804">
        <ele>867.0</ele>
      </trkpt>
      <trkpt lat="43.25921" lon="18.14831">
        <ele>867.1</ele>
      </trkpt>
      <trkpt lat="43.25929" lon="18.14945">
        <ele>865.2</ele>
      </trkpt>
      <trkpt lat="43.25938" lon="18.15058">
        <ele>865.5</ele>
      </trkpt>
      <trkpt lat="43.25942" lon="18.1508">
        <ele>865.8</ele>
      </trkpt>
      <trkpt lat="43.25964" lon="18.1516">
        <ele>866.9</ele>
      </trkpt>
      <trkpt lat="43.25986" lon="18.15241">
        <ele>864.9</ele>
      </trkpt>
      <trkpt lat="43.26002" lon="18.15297">
        <ele>863.4</ele>
      </trkpt>
      <trkpt lat="43.26011" lon="18.1532">
        <ele>863.1</ele>
      </trkpt>
      <trkpt lat="43.26034" lon="18.15363">
        <ele>863.5</ele>
      </trkpt>
      <trkpt lat="43.26088" lon="18.15434">
        <ele>862.9</ele>
      </trkpt>
      <trkpt lat="43.26143" lon="18.15506">
        <ele>864.7</ele>
      </trkpt>
      <trkpt lat="43.26156" lon="18.1553">
        <ele>864.5</ele>
      </trkpt>
      <trkpt lat="43.26164" lon="18.15553">
        <ele>864.0</ele>
      </trkpt>
      <trkpt lat="43.26171" lon="18.15587">
        <ele>863.0</ele>
      </trkpt>
      <trkpt lat="43.26172" lon="18.15624">
        <ele>861.2</ele>
      </trkpt>
      <trkpt lat="43.26165" lon="18.15671">
        <ele>859.1</ele>
      </trkpt>
      <trkpt lat="43.26142" lon="18.15773">
        <ele>862.5</ele>
      </trkpt>
      <trkpt lat="43.2612" lon="18.15874">
        <ele>864.7</ele>
      </trkpt>
      <trkpt lat="43.26114" lon="18.15932">
        <ele>862.6</ele>
      </trkpt>
      <trkpt lat="43.26113" lon="18.1596">
        <ele>862.0</ele>
      </trkpt>
      <trkpt lat="43.26116" lon="18.15991">
        <ele>861.2</ele>
      </trkpt>
      <trkpt lat="43.26121" lon="18.16027">
        <ele>861.5</ele>
      </trkpt>
      <trkpt lat="43.26132" lon="18.16069">
        <ele>862.2</ele>
      </trkpt>
      <trkpt lat="43.26159" lon="18.16155">
        <ele>863.7</ele>
      </trkpt>
      <trkpt lat="43.26176" lon="18.16214">
        <ele>863.9</ele>
      </trkpt>
      <trkpt lat="43.26194" lon="18.16273">
        <ele>864.3</ele>
      </trkpt>
      <trkpt lat="43.26213" lon="18.16354">
        <ele>865.2</ele>
      </trkpt>
      <trkpt lat="43.26217" lon="18.16391">
        <ele>864.9</ele>
      </trkpt>
      <trkpt lat="43.26218" lon="18.16449">
        <ele>865.0</ele>
      </trkpt>
      <trkpt lat="43.26217" lon="18.16516">
        <ele>865.2</ele>
      </trkpt>
      <trkpt lat="43.26225" lon="18.16559">
        <ele>865.2</ele>
      </trkpt>
      <trkpt lat="43.2624" lon="18.166">
        <ele>865.8</ele>
      </trkpt>
      <trkpt lat="43.26283" lon="18.16677">
        <ele>865.3</ele>
      </trkpt>
      <trkpt lat="43.26326" lon="18.16755">
        <ele>863.6</ele>
      </trkpt>
      <trkpt lat="43.26356" lon="18.16827">
        <ele>862.5</ele>
      </trkpt>
      <trkpt lat="43.26389" lon="18.16912">
        <ele>861.5</ele>
      </trkpt>
      <trkpt lat="43.26421" lon="18.16998">
        <ele>860.0</ele>
      </trkpt>
      <trkpt lat="43.2645" lon="18.17079">
        <ele>858.1</ele>
      </trkpt>
      <trkpt lat="43.2648" lon="18.1716">
        <ele>856.9</ele>
      </trkpt>
      <trkpt lat="43.2651" lon="18.17242">
        <ele>856.0</ele>
      </trkpt>
      <trkpt lat="43.2655" lon="18.17346">
        <ele>856.4</ele>
      </trkpt>
      <trkpt lat="43.2659" lon="18.17451">
        <ele>856.0</ele>
      </trkpt>
      <trkpt lat="43.2663" lon="18.17556">
        <ele>856.7</ele>
      </trkpt>
      <trkpt lat="43.26669" lon="18.1766">
        <ele>856.1</ele>
      </trkpt>
      <trkpt lat="43.26706" lon="18.17759">
        <ele>853.3</ele>
      </trkpt>
      <trkpt lat="43.26743" lon="18.17858">
        <ele>850.7</ele>
      </trkpt>
      <trkpt lat="43.2678" lon="18.17957">
        <ele>849.2</ele>
      </trkpt>
      <trkpt lat="43.26817" lon="18.18056">
        <ele>847.0</ele>
      </trkpt>
      <trkpt lat="43.26854" lon="18.18155">
        <ele>847.4</ele>
      </trkpt>
      <trkpt lat="43.26891" lon="18.18253">
        <ele>848.6</ele>
      </trkpt>
      <trkpt lat="43.26928" lon="18.18352">
        <ele>846.1</ele>
      </trkpt>
      <trkpt lat="43.26965" lon="18.18451">
        <ele>846.2</ele>
      </trkpt>
      <trkpt lat="43.27004" lon="18.18554">
        <ele>846.0</ele>
      </trkpt>
      <trkpt lat="43.27042" lon="18.18657">
        <ele>847.4</ele>
      </trkpt>
      <trkpt lat="43.27081" lon="18.18759">
        <ele>850.1</ele>
      </trkpt>
      <trkpt lat="43.2712" lon="18.18862">
        <ele>853.3</ele>
      </trkpt>
      <trkpt lat="43.27149" lon="18.18937">
        <ele>854.3</ele>
      </trkpt>
      <trkpt lat="43.27178" lon="18.19013">
        <ele>855.5</ele>
      </trkpt>
      <trkpt lat="43.27208" lon="18.19088">
        <ele>858.8</ele>
      </trkpt>
      <trkpt lat="43.27248" lon="18.19198">
        <ele>858.9</ele>
      </trkpt>
      <trkpt lat="43.27268" lon="18.19246">
        <ele>857.1</ele>
      </trkpt>
      <trkpt lat="43.27278" lon="18.19264">
        <ele>856.8</ele>
      </trkpt>
      <trkpt lat="43.27287" lon="18.19279">
        <ele>856.6</ele>
      </trkpt>
      <trkpt lat="43.27309" lon="18.19309">
        <ele>856.2</ele>
      </trkpt>
      <trkpt lat="43.27328" lon="18.19325">
        <ele>856.2</ele>
      </trkpt>
      <trkpt lat="43.27354" lon="18.19343">
        <ele>857.0</ele>
      </trkpt>
      <trkpt lat="43.27382" lon="18.19353">
        <ele>858.8</ele>
      </trkpt>
      <trkpt lat="43.27397" lon="18.19357">
        <ele>859.9</ele>
      </trkpt>
      <trkpt lat="43.27442" lon="18.19358">
        <ele>862.8</ele>
      </trkpt>
      <trkpt lat="43.27521" lon="18.19349">
        <ele>867.8</ele>
      </trkpt>
      <trkpt lat="43.27542" lon="18.19349">
        <ele>869.7</ele>
      </trkpt>
      <trkpt lat="43.2757" lon="18.19354">
        <ele>872.3</ele>
      </trkpt>
      <trkpt lat="43.27596" lon="18.19366">
        <ele>873.4</ele>
      </trkpt>
      <trkpt lat="43.2763" lon="18.1939">
        <ele>872.5</ele>
      </trkpt>
      <trkpt lat="43.27644" lon="18.19404">
        <ele>872.0</ele>
      </trkpt>
      <trkpt lat="43.2767" lon="18.19437">
        <ele>871.7</ele>
      </trkpt>
      <trkpt lat="43.2769" lon="18.19478">
        <ele>872.2</ele>
      </trkpt>
      <trkpt lat="43.27724" lon="18.19563">
        <ele>871.3</ele>
      </trkpt>
      <trkpt lat="43.27758" lon="18.19647">
        <ele>873.7</ele>
      </trkpt>
      <trkpt lat="43.27792" lon="18.19732">
        <ele>877.8</ele>
      </trkpt>
      <trkpt lat="43.27814" lon="18.19796">
        <ele>880.0</ele>
      </trkpt>
      <trkpt lat="43.27824" lon="18.19833">
        <ele>880.6</ele>
      </trkpt>
      <trkpt lat="43.27837" lon="18.19895">
        <ele>879.6</ele>
      </trkpt>
      <trkpt lat="43.2785" lon="18.19958">
        <ele>879.7</ele>
      </trkpt>
      <trkpt lat="43.27862" lon="18.20004">
        <ele>880.0</ele>
      </trkpt>
      <trkpt lat="43.27883" lon="18.20065">
        <ele>879.2</ele>
      </trkpt>
      <trkpt lat="43.27909" lon="18.20136">
        <ele>879.0</ele>
      </trkpt>
      <trkpt lat="43.27948" lon="18.20236">
        <ele>879.9</ele>
      </trkpt>
      <trkpt lat="43.27986" lon="18.20335">
        <ele>879.6</ele>
      </trkpt>
      <trkpt lat="43.28024" lon="18.20435">
        <ele>879.8</ele>
      </trkpt>
      <trkpt lat="43.28062" lon="18.20534">
        <ele>879.8</ele>
      </trkpt>
      <trkpt lat="43.281" lon="18.20634">
        <ele>879.1</ele>
      </trkpt>
      <trkpt lat="43.2812" lon="18.20674">
        <ele>879.7</ele>
      </trkpt>
      <trkpt lat="43.28134" lon="18.20695">
        <ele>880.5</ele>
      </trkpt>
      <trkpt lat="43.28155" lon="18.20723">
        <ele>881.8</ele>
      </trkpt>
      <trkpt lat="43.28173" lon="18.20738">
        <ele>882.4</ele>
      </trkpt>
      <trkpt lat="43.28207" lon="18.20757">
        <ele>882.0</ele>
      </trkpt>
      <trkpt lat="43.28228" lon="18.20773">
        <ele>881.7</ele>
      </trkpt>
      <trkpt lat="43.28277" lon="18.20824">
        <ele>881.9</ele>
      </trkpt>
      <trkpt lat="43.28299" lon="18.2084">
        <ele>882.1</ele>
      </trkpt>
      <trkpt lat="43.28319" lon="18.20851">
        <ele>882.2</ele>
      </trkpt>
      <trkpt lat="43.28333" lon="18.20856">
        <ele>882.3</ele>
      </trkpt>
      <trkpt lat="43.2842" lon="18.20866">
        <ele>884.8</ele>
      </trkpt>
      <trkpt lat="43.28508" lon="18.20877">
        <ele>883.4</ele>
      </trkpt>
      <trkpt lat="43.28538" lon="18.20883">
        <ele>883.2</ele>
      </trkpt>
      <trkpt lat="43.28571" lon="18.20897">
        <ele>881.4</ele>
      </trkpt>
      <trkpt lat="43.28612" lon="18.20925">
        <ele>878.1</ele>
      </trkpt>
      <trkpt lat="43.28653" lon="18.20953">
        <ele>876.9</ele>
      </trkpt>
      <trkpt lat="43.28687" lon="18.20966">
        <ele>876.6</ele>
      </trkpt>
      <trkpt lat="43.28735" lon="18.20981">
        <ele>877.0</ele>
      </trkpt>
      <trkpt lat="43.28765" lon="18.20995">
        <ele>877.8</ele>
      </trkpt>
      <trkpt lat="43.28777" lon="18.21004">
        <ele>878.0</ele>
      </trkpt>
      <trkpt lat="43.288" lon="18.21027">
        <ele>877.4</ele>
      </trkpt>
      <trkpt lat="43.28849" lon="18.21095">
        <ele>875.9</ele>
      </trkpt>
      <trkpt lat="43.28898" lon="18.21164">
        <ele>878.5</ele>
      </trkpt>
      <trkpt lat="43.28946" lon="18.21232">
        <ele>883.2</ele>
      </trkpt>
      <trkpt lat="43.28995" lon="18.213">
        <ele>885.2</ele>
      </trkpt>
      <trkpt lat="43.29007" lon="18.21319">
        <ele>886.1</ele>
      </trkpt>
      <trkpt lat="43.29017" lon="18.21339">
        <ele>887.3</ele>
      </trkpt>
      <trkpt lat="43.29023" lon="18.21355">
        <ele>888.3</ele>
      </trkpt>
      <trkpt lat="43.2903" lon="18.21393">
        <ele>889.7</ele>
      </trkpt>
      <trkpt lat="43.29032" lon="18.21416">
        <ele>890.2</ele>
      </trkpt>
      <trkpt lat="43.29032" lon="18.21533">
        <ele>888.8</ele>
      </trkpt>
      <trkpt lat="43.29034" lon="18.21579">
        <ele>886.9</ele>
      </trkpt>
      <trkpt lat="43.29045" lon="18.21639">
        <ele>883.9</ele>
      </trkpt>
      <trkpt lat="43.29057" lon="18.21699">
        <ele>883.8</ele>
      </trkpt>
      <trkpt lat="43.29063" lon="18.21741">
        <ele>884.6</ele>
      </trkpt>
      <trkpt lat="43.29064" lon="18.21776">
        <ele>884.9</ele>
      </trkpt>
      <trkpt lat="43.29063" lon="18.21863">
        <ele>885.2</ele>
      </trkpt>
      <trkpt lat="43.29062" lon="18.21949">
        <ele>886.1</ele>
      </trkpt>
      <trkpt lat="43.29061" lon="18.22036">
        <ele>888.4</ele>
      </trkpt>
      <trkpt lat="43.29059" lon="18.22053">
        <ele>888.5</ele>
      </trkpt>
      <trkpt lat="43.29051" lon="18.22083">
        <ele>887.2</ele>
      </trkpt>
      <trkpt lat="43.29026" lon="18.22137">
        <ele>885.5</ele>
      </trkpt>
      <trkpt lat="43.28985" lon="18.22218">
        <ele>886.1</ele>
      </trkpt>
      <trkpt lat="43.28958" lon="18.22264">
        <ele>887.6</ele>
      </trkpt>
      <trkpt lat="43.28926" lon="18.22309">
        <ele>887.8</ele>
      </trkpt>
      <trkpt lat="43.28885" lon="18.22357">
        <ele>885.7</ele>
      </trkpt>
      <trkpt lat="43.28843" lon="18.22405">
        <ele>883.4</ele>
      </trkpt>
      <trkpt lat="43.28815" lon="18.2244">
        <ele>883.2</ele>
      </trkpt>
      <trkpt lat="43.28785" lon="18.22487">
        <ele>881.7</ele>
      </trkpt>
      <trkpt lat="43.28763" lon="18.22537">
        <ele>882.8</ele>
      </trkpt>
      <trkpt lat="43.28723" lon="18.22642">
        <ele>886.9</ele>
      </trkpt>
      <trkpt lat="43.28683" lon="18.22747">
        <ele>889.9</ele>
      </trkpt>
      <trkpt lat="43.28643" lon="18.22852">
        <ele>891.3</ele>
      </trkpt>
      <trkpt lat="43.28621" lon="18.22917">
        <ele>891.2</ele>
      </trkpt>
      <trkpt lat="43.2861" lon="18.22971">
        <ele>891.0</ele>
      </trkpt>
      <trkpt lat="43.28605" lon="18.23017">
        <ele>890.9</ele>
      </trkpt>
      <trkpt lat="43.28605" lon="18.23043">
        <ele>891.4</ele>
      </trkpt>
      <trkpt lat="43.28607" lon="18.23098">
        <ele>892.3</ele>
      </trkpt>
      <trkpt lat="43.28615" lon="18.23178">
        <ele>892.0</ele>
      </trkpt>
      <trkpt lat="43.28623" lon="18.23258">
        <ele>891.5</ele>
      </trkpt>
      <trkpt lat="43.28626" lon="18.23293">
        <ele>891.0</ele>
      </trkpt>
      <trkpt lat="43.28626" lon="18.23394">
        <ele>890.0</ele>
      </trkpt>
      <trkpt lat="43.28619" lon="18.23497">
        <ele>893.2</ele>
      </trkpt>
      <trkpt lat="43.28619" lon="18.23548">
        <ele>895.5</ele>
      </trkpt>
      <trkpt lat="43.28623" lon="18.23589">
        <ele>897.5</ele>
      </trkpt>
      <trkpt lat="43.28634" lon="18.23634">
        <ele>898.2</ele>
      </trkpt>
      <trkpt lat="43.28644" lon="18.23659">
        <ele>899.5</ele>
      </trkpt>
      <trkpt lat="43.28655" lon="18.23681">
        <ele>899.2</ele>
      </trkpt>
      <trkpt lat="43.28706" lon="18.23763">
        <ele>896.6</ele>
      </trkpt>
      <trkpt lat="43.2872" lon="18.23789">
        <ele>896.6</ele>
      </trkpt>
      <trkpt lat="43.28726" lon="18.23808">
        <ele>895.7</ele>
      </trkpt>
      <trkpt lat="43.28734" lon="18.23838">
        <ele>894.6</ele>
      </trkpt>
      <trkpt lat="43.28737" lon="18.23858">
        <ele>895.6</ele>
      </trkpt>
      <trkpt lat="43.28739" lon="18.239">
        <ele>896.5</ele>
      </trkpt>
      <trkpt lat="43.28737" lon="18.23925">
        <ele>896.1</ele>
      </trkpt>
      <trkpt lat="43.28733" lon="18.23947">
        <ele>895.2</ele>
      </trkpt>
      <trkpt lat="43.28721" lon="18.23985">
        <ele>892.3</ele>
      </trkpt>
      <trkpt lat="43.28693" lon="18.24047">
        <ele>888.1</ele>
      </trkpt>
      <trkpt lat="43.28666" lon="18.24109">
        <ele>888.1</ele>
      </trkpt>
      <trkpt lat="43.28651" lon="18.24152">
        <ele>886.3</ele>
      </trkpt>
      <trkpt lat="43.28646" lon="18.24176">
        <ele>885.2</ele>
      </trkpt>
      <trkpt lat="43.28642" lon="18.24217">
        <ele>882.9</ele>
      </trkpt>
      <trkpt lat="43.28642" lon="18.24261">
        <ele>881.5</ele>
      </trkpt>
      <trkpt lat="43.28644" lon="18.24282">
        <ele>881.0</ele>
      </trkpt>
      <trkpt lat="43.28648" lon="18.24304">
        <ele>880.6</ele>
      </trkpt>
      <trkpt lat="43.28658" lon="18.24341">
        <ele>879.8</ele>
      </trkpt>
      <trkpt lat="43.28674" lon="18.2438">
        <ele>878.2</ele>
      </trkpt>
      <trkpt lat="43.28716" lon="18.24464">
        <ele>878.3</ele>
      </trkpt>
      <trkpt lat="43.28757" lon="18.24547">
        <ele>876.2</ele>
      </trkpt>
      <trkpt lat="43.28798" lon="18.24631">
        <ele>883.2</ele>
      </trkpt>
      <trkpt lat="43.28819" lon="18.2467">
        <ele>883.5</ele>
      </trkpt>
      <trkpt lat="43.28856" lon="18.24733">
        <ele>886.8</ele>
      </trkpt>
      <trkpt lat="43.28911" lon="18.24822">
        <ele>886.7</ele>
      </trkpt>
      <trkpt lat="43.28966" lon="18.24911">
        <ele>894.9</ele>
      </trkpt>
      <trkpt lat="43.28987" lon="18.24952">
        <ele>894.1</ele>
      </trkpt>
      <trkpt lat="43.29006" lon="18.24999">
        <ele>890.1</ele>
      </trkpt>
      <trkpt lat="43.29022" lon="18.25045">
        <ele>891.6</ele>
      </trkpt>
      <trkpt lat="43.29028" lon="18.25073">
        <ele>889.2</ele>
      </trkpt>
      <trkpt lat="43.29037" lon="18.25127">
        <ele>890.0</ele>
      </trkpt>
      <trkpt lat="43.29039" lon="18.2515">
        <ele>890.1</ele>
      </trkpt>
      <trkpt lat="43.29041" lon="18.25204">
        <ele>888.7</ele>
      </trkpt>
      <trkpt lat="43.29039" lon="18.25279">
        <ele>887.0</ele>
      </trkpt>
      <trkpt lat="43.29037" lon="18.25308">
        <ele>887.1</ele>
      </trkpt>
      <trkpt lat="43.29031" lon="18.25364">
        <ele>887.8</ele>
      </trkpt>
      <trkpt lat="43.29024" lon="18.25395">
        <ele>887.0</ele>
      </trkpt>
      <trkpt lat="43.29009" lon="18.25449">
        <ele>886.6</ele>
      </trkpt>
      <trkpt lat="43.28993" lon="18.25493">
        <ele>887.6</ele>
      </trkpt>
      <trkpt lat="43.28982" lon="18.25514">
        <ele>889.7</ele>
      </trkpt>
      <trkpt lat="43.28958" lon="18.25556">
        <ele>891.8</ele>
      </trkpt>
      <trkpt lat="43.28944" lon="18.25576">
        <ele>890.1</ele>
      </trkpt>
      <trkpt lat="43.28911" lon="18.25615">
        <ele>887.0</ele>
      </trkpt>
      <trkpt lat="43.28895" lon="18.2563">
        <ele>887.4</ele>
      </trkpt>
      <trkpt lat="43.28865" lon="18.25654">
        <ele>884.4</ele>
      </trkpt>
      <trkpt lat="43.28841" lon="18.25669">
        <ele>879.8</ele>
      </trkpt>
      <trkpt lat="43.28775" lon="18.25703">
        <ele>881.7</ele>
      </trkpt>
      <trkpt lat="43.2871" lon="18.25736">
        <ele>881.7</ele>
      </trkpt>
      <trkpt lat="43.28645" lon="18.25769">
        <ele>880.3</ele>
      </trkpt>
      <trkpt lat="43.28587" lon="18.25796">
        <ele>884.4</ele>
      </trkpt>
      <trkpt lat="43.28529" lon="18.25828">
        <ele>884.5</ele>
      </trkpt>
      <trkpt lat="43.2849" lon="18.25855">
        <ele>885.1</ele>
      </trkpt>
      <trkpt lat="43.2846" lon="18.25885">
        <ele>886.8</ele>
      </trkpt>
      <trkpt lat="43.28437" lon="18.25916">
        <ele>885.1</ele>
      </trkpt>
      <trkpt lat="43.28428" lon="18.25932">
        <ele>885.0</ele>
      </trkpt>
      <trkpt lat="43.28414" lon="18.25963">
        <ele>886.0</ele>
      </trkpt>
      <trkpt lat="43.28395" lon="18.26022">
        <ele>889.3</ele>
      </trkpt>
      <trkpt lat="43.28369" lon="18.26117">
        <ele>888.0</ele>
      </trkpt>
      <trkpt lat="43.28355" lon="18.26154">
        <ele>886.0</ele>
      </trkpt>
      <trkpt lat="43.28342" lon="18.26181">
        <ele>883.0</ele>
      </trkpt>
      <trkpt lat="43.28335" lon="18.26194">
        <ele>881.4</ele>
      </trkpt>
      <trkpt lat="43.28317" lon="18.26217">
        <ele>881.2</ele>
      </trkpt>
      <trkpt lat="43.28307" lon="18.26228">
        <ele>881.3</ele>
      </trkpt>
      <trkpt lat="43.28283" lon="18.26249">
        <ele>883.1</ele>
      </trkpt>
      <trkpt lat="43.28267" lon="18.26258">
        <ele>884.3</ele>
      </trkpt>
      <trkpt lat="43.28202" lon="18.26304">
        <ele>889.2</ele>
      </trkpt>
      <trkpt lat="43.28181" lon="18.26322">
        <ele>887.6</ele>
      </trkpt>
      <trkpt lat="43.28153" lon="18.26352">
        <ele>890.0</ele>
      </trkpt>
      <trkpt lat="43.28102" lon="18.26423">
        <ele>891.8</ele>
      </trkpt>
      <trkpt lat="43.28069" lon="18.26479">
        <ele>891.3</ele>
      </trkpt>
      <trkpt lat="43.28035" lon="18.26536">
        <ele>892.7</ele>
      </trkpt>
      <trkpt lat="43.28012" lon="18.26568">
        <ele>889.8</ele>
      </trkpt>
      <trkpt lat="43.27979" lon="18.26606">
        <ele>895.9</ele>
      </trkpt>
      <trkpt lat="43.27957" lon="18.26637">
        <ele>898.5</ele>
      </trkpt>
      <trkpt lat="43.27942" lon="18.26666">
        <ele>894.2</ele>
      </trkpt>
      <trkpt lat="43.27933" lon="18.26693">
        <ele>893.4</ele>
      </trkpt>
      <trkpt lat="43.27919" lon="18.26754">
        <ele>891.5</ele>
      </trkpt>
      <trkpt lat="43.27906" lon="18.26814">
        <ele>898.9</ele>
      </trkpt>
      <trkpt lat="43.27895" lon="18.2685">
        <ele>903.0</ele>
      </trkpt>
      <trkpt lat="43.27883" lon="18.26875">
        <ele>905.0</ele>
      </trkpt>
      <trkpt lat="43.27869" lon="18.26896">
        <ele>903.5</ele>
      </trkpt>
      <trkpt lat="43.27861" lon="18.26904">
        <ele>901.2</ele>
      </trkpt>
      <trkpt lat="43.27842" lon="18.26919">
        <ele>894.6</ele>
      </trkpt>
      <trkpt lat="43.27822" lon="18.2693">
        <ele>894.3</ele>
      </trkpt>
      <trkpt lat="43.2781" lon="18.26934">
        <ele>895.5</ele>
      </trkpt>
      <trkpt lat="43.27762" lon="18.26945">
        <ele>896.4</ele>
      </trkpt>
      <trkpt lat="43.27713" lon="18.26956">
        <ele>897.4</ele>
      </trkpt>
      <trkpt lat="43.27679" lon="18.26966">
        <ele>898.0</ele>
      </trkpt>
      <trkpt lat="43.27667" lon="18.26972">
        <ele>898.0</ele>
      </trkpt>
      <trkpt lat="43.27642" lon="18.26991">
        <ele>897.2</ele>
      </trkpt>
      <trkpt lat="43.27632" lon="18.27002">
        <ele>895.6</ele>
      </trkpt>
      <trkpt lat="43.27584" lon="18.27065">
        <ele>895.5</ele>
      </trkpt>
      <trkpt lat="43.27561" lon="18.27093">
        <ele>897.5</ele>
      </trkpt>
      <trkpt lat="43.2755" lon="18.27104">
        <ele>899.8</ele>
      </trkpt>
      <trkpt lat="43.27531" lon="18.27116">
        <ele>900.8</ele>
      </trkpt>
      <trkpt lat="43.27509" lon="18.27123">
        <ele>899.4</ele>
      </trkpt>
      <trkpt lat="43.27489" lon="18.27123">
        <ele>898.9</ele>
      </trkpt>
      <trkpt lat="43.27479" lon="18.27121">
        <ele>899.2</ele>
      </trkpt>
      <trkpt lat="43.27446" lon="18.27106">
        <ele>898.5</ele>
      </trkpt>
      <trkpt lat="43.27375" lon="18.27068">
        <ele>898.7</ele>
      </trkpt>
      <trkpt lat="43.27354" lon="18.27063">
        <ele>899.0</ele>
      </trkpt>
      <trkpt lat="43.27331" lon="18.27061">
        <ele>898.8</ele>
      </trkpt>
      <trkpt lat="43.2732" lon="18.27063">
        <ele>897.8</ele>
      </trkpt>
      <trkpt lat="43.27297" lon="18.27072">
        <ele>895.7</ele>
      </trkpt>
      <trkpt lat="43.27278" lon="18.27088">
        <ele>894.4</ele>
      </trkpt>
      <trkpt lat="43.27259" lon="18.27111">
        <ele>895.2</ele>
      </trkpt>
      <trkpt lat="43.27245" lon="18.27137">
        <ele>897.0</ele>
      </trkpt>
      <trkpt lat="43.27238" lon="18.27152">
        <ele>898.5</ele>
      </trkpt>
      <trkpt lat="43.27217" lon="18.27211">
        <ele>904.6</ele>
      </trkpt>
      <trkpt lat="43.27196" lon="18.27271">
        <ele>905.3</ele>
      </trkpt>
      <trkpt lat="43.27186" lon="18.27306">
        <ele>903.4</ele>
      </trkpt>
      <trkpt lat="43.27172" lon="18.27369">
        <ele>899.3</ele>
      </trkpt>
      <trkpt lat="43.27159" lon="18.27432">
        <ele>902.0</ele>
      </trkpt>
      <trkpt lat="43.27144" lon="18.27474">
        <ele>906.1</ele>
      </trkpt>
      <trkpt lat="43.27124" lon="18.27514">
        <ele>907.6</ele>
      </trkpt>
      <trkpt lat="43.27091" lon="18.27564">
        <ele>903.3</ele>
      </trkpt>
      <trkpt lat="43.27058" lon="18.27613">
        <ele>910.2</ele>
      </trkpt>
      <trkpt lat="43.27035" lon="18.2764">
        <ele>913.4</ele>
      </trkpt>
      <trkpt lat="43.27013" lon="18.2766">
        <ele>911.0</ele>
      </trkpt>
      <trkpt lat="43.27001" lon="18.27668">
        <ele>908.6</ele>
      </trkpt>
      <trkpt lat="43.26987" lon="18.27674">
        <ele>909.5</ele>
      </trkpt>
      <trkpt lat="43.26974" lon="18.27678">
        <ele>909.9</ele>
      </trkpt>
      <trkpt lat="43.26947" lon="18.27681">
        <ele>909.3</ele>
      </trkpt>
      <trkpt lat="43.26895" lon="18.2768">
        <ele>907.1</ele>
      </trkpt>
      <trkpt lat="43.26842" lon="18.27679">
        <ele>905.7</ele>
      </trkpt>
      <trkpt lat="43.26805" lon="18.27676">
        <ele>903.7</ele>
      </trkpt>
      <trkpt lat="43.26764" lon="18.27667">
        <ele>899.8</ele>
      </trkpt>
      <trkpt lat="43.26739" lon="18.27667">
        <ele>898.9</ele>
      </trkpt>
      <trkpt lat="43.26714" lon="18.27676">
        <ele>900.6</ele>
      </trkpt>
      <trkpt lat="43.26665" lon="18.27705">
        <ele>904.8</ele>
      </trkpt>
      <trkpt lat="43.26615" lon="18.27735">
        <ele>901.6</ele>
      </trkpt>
      <trkpt lat="43.2655" lon="18.27767">
        <ele>897.1</ele>
      </trkpt>
      <trkpt lat="43.26516" lon="18.27778">
        <ele>895.4</ele>
      </trkpt>
      <trkpt lat="43.26464" lon="18.2779">
        <ele>894.5</ele>
      </trkpt>
      <trkpt lat="43.26451" lon="18.27796">
        <ele>894.6</ele>
      </trkpt>
      <trkpt lat="43.26441" lon="18.27804">
        <ele>894.4</ele>
      </trkpt>
      <trkpt lat="43.2642" lon="18.2783">
        <ele>892.6</ele>
      </trkpt>
      <trkpt lat="43.26391" lon="18.27885">
        <ele>898.5</ele>
      </trkpt>
      <trkpt lat="43.26378" lon="18.27921">
        <ele>900.4</ele>
      </trkpt>
      <trkpt lat="43.26359" lon="18.27988">
        <ele>904.0</ele>
      </trkpt>
      <trkpt lat="43.26339" lon="18.28054">
        <ele>904.2</ele>
      </trkpt>
      <trkpt lat="43.26305" lon="18.28137">
        <ele>910.3</ele>
      </trkpt>
      <trkpt lat="43.2628" lon="18.28187">
        <ele>910.7</ele>
      </trkpt>
      <trkpt lat="43.26252" lon="18.28237">
        <ele>907.9</ele>
      </trkpt>
      <trkpt lat="43.26195" lon="18.28319">
        <ele>906.4</ele>
      </trkpt>
      <trkpt lat="43.26165" lon="18.2838">
        <ele>901.3</ele>
      </trkpt>
      <trkpt lat="43.26135" lon="18.28441">
        <ele>903.2</ele>
      </trkpt>
      <trkpt lat="43.26098" lon="18.28523">
        <ele>900.7</ele>
      </trkpt>
      <trkpt lat="43.26089" lon="18.28546">
        <ele>900.0</ele>
      </trkpt>
      <trkpt lat="43.26074" lon="18.28586">
        <ele>898.9</ele>
      </trkpt>
      <trkpt lat="43.26052" lon="18.28666">
        <ele>899.2</ele>
      </trkpt>
      <trkpt lat="43.26029" lon="18.28747">
        <ele>899.2</ele>
      </trkpt>
      <trkpt lat="43.26007" lon="18.28827">
        <ele>898.1</ele>
      </trkpt>
      <trkpt lat="43.25992" lon="18.28891">
        <ele>903.4</ele>
      </trkpt>
      <trkpt lat="43.25987" lon="18.28933">
        <ele>908.6</ele>
      </trkpt>
      <trkpt lat="43.25987" lon="18.28954">
        <ele>910.6</ele>
      </trkpt>
      <trkpt lat="43.25989" lon="18.28997">
        <ele>914.3</ele>
      </trkpt>
      <trkpt lat="43.25992" lon="18.2902">
        <ele>913.3</ele>
      </trkpt>
      <trkpt lat="43.26002" lon="18.29062">
        <ele>910.6</ele>
      </trkpt>
      <trkpt lat="43.26017" lon="18.29102">
        <ele>915.6</ele>
      </trkpt>
      <trkpt lat="43.26056" lon="18.29179">
        <ele>921.3</ele>
      </trkpt>
      <trkpt lat="43.26064" lon="18.29201">
        <ele>920.7</ele>
      </trkpt>
      <trkpt lat="43.26068" lon="18.29216">
        <ele>919.7</ele>
      </trkpt>
      <trkpt lat="43.26071" lon="18.29234">
        <ele>918.0</ele>
      </trkpt>
      <trkpt lat="43.26071" lon="18.29268">
        <ele>916.7</ele>
      </trkpt>
      <trkpt lat="43.26068" lon="18.29285">
        <ele>916.8</ele>
      </trkpt>
      <trkpt lat="43.26058" lon="18.29318">
        <ele>915.7</ele>
      </trkpt>
      <trkpt lat="43.26044" lon="18.29353">
        <ele>914.4</ele>
      </trkpt>
      <trkpt lat="43.2603" lon="18.29379">
        <ele>911.7</ele>
      </trkpt>
      <trkpt lat="43.26" lon="18.2942">
        <ele>899.8</ele>
      </trkpt>
      <trkpt lat="43.25961" lon="18.29468">
        <ele>910.2</ele>
      </trkpt>
      <trkpt lat="43.25921" lon="18.29516">
        <ele>907.3</ele>
      </trkpt>
      <trkpt lat="43.25905" lon="18.29544">
        <ele>911.2</ele>
      </trkpt>
      <trkpt lat="43.25894" lon="18.29577">
        <ele>914.3</ele>
      </trkpt>
      <trkpt lat="43.25889" lon="18.29614">
        <ele>915.4</ele>
      </trkpt>
      <trkpt lat="43.25889" lon="18.2963">
        <ele>915.6</ele>
      </trkpt>
      <trkpt lat="43.25891" lon="18.29688">
        <ele>919.2</ele>
      </trkpt>
      <trkpt lat="43.25889" lon="18.29701">
        <ele>920.3</ele>
      </trkpt>
      <trkpt lat="43.25886" lon="18.29714">
        <ele>921.0</ele>
      </trkpt>
      <trkpt lat="43.25874" lon="18.29735">
        <ele>919.7</ele>
      </trkpt>
      <trkpt lat="43.25859" lon="18.29752">
        <ele>916.8</ele>
      </trkpt>
      <trkpt lat="43.25838" lon="18.29762">
        <ele>914.1</ele>
      </trkpt>
      <trkpt lat="43.25815" lon="18.29768">
        <ele>916.9</ele>
      </trkpt>
      <trkpt lat="43.25782" lon="18.29769">
        <ele>920.0</ele>
      </trkpt>
      <trkpt lat="43.25755" lon="18.29762">
        <ele>919.3</ele>
      </trkpt>
      <trkpt lat="43.25727" lon="18.29749">
        <ele>916.6</ele>
      </trkpt>
      <trkpt lat="43.25694" lon="18.29725">
        <ele>915.7</ele>
      </trkpt>
      <trkpt lat="43.25672" lon="18.29708">
        <ele>913.0</ele>
      </trkpt>
      <trkpt lat="43.25654" lon="18.29691">
        <ele>909.9</ele>
      </trkpt>
      <trkpt lat="43.25639" lon="18.29674">
        <ele>907.7</ele>
      </trkpt>
      <trkpt lat="43.25587" lon="18.2961">
        <ele>906.4</ele>
      </trkpt>
      <trkpt lat="43.25578" lon="18.29603">
        <ele>905.1</ele>
      </trkpt>
      <trkpt lat="43.25561" lon="18.296">
        <ele>903.8</ele>
      </trkpt>
      <trkpt lat="43.25552" lon="18.29601">
        <ele>903.3</ele>
      </trkpt>
      <trkpt lat="43.25544" lon="18.29605">
        <ele>903.1</ele>
      </trkpt>
      <trkpt lat="43.25536" lon="18.29612">
        <ele>903.0</ele>
      </trkpt>
      <trkpt lat="43.25524" lon="18.29633">
        <ele>903.6</ele>
      </trkpt>
      <trkpt lat="43.2552" lon="18.29645">
        <ele>904.1</ele>
      </trkpt>
      <trkpt lat="43.25519" lon="18.29657">
        <ele>904.8</ele>
      </trkpt>
      <trkpt lat="43.25522" lon="18.2968">
        <ele>906.1</ele>
      </trkpt>
      <trkpt lat="43.25532" lon="18.29701">
        <ele>907.7</ele>
      </trkpt>
      <trkpt lat="43.25568" lon="18.29753">
        <ele>912.6</ele>
      </trkpt>
      <trkpt lat="43.25578" lon="18.29771">
        <ele>912.7</ele>
      </trkpt>
      <trkpt lat="43.25584" lon="18.29786">
        <ele>912.4</ele>
      </trkpt>
      <trkpt lat="43.25604" lon="18.29852">
        <ele>916.3</ele>
      </trkpt>
      <trkpt lat="43.25608" lon="18.29874">
        <ele>917.7</ele>
      </trkpt>
      <trkpt lat="43.25613" lon="18.29916">
        <ele>919.6</ele>
      </trkpt>
      <trkpt lat="43.2561" lon="18.29947">
        <ele>918.3</ele>
      </trkpt>
      <trkpt lat="43.25603" lon="18.29977">
        <ele>917.1</ele>
      </trkpt>
      <trkpt lat="43.25589" lon="18.30012">
        <ele>915.6</ele>
      </trkpt>
      <trkpt lat="43.25569" lon="18.30043">
        <ele>915.5</ele>
      </trkpt>
      <trkpt lat="43.25557" lon="18.30058">
        <ele>915.7</ele>
      </trkpt>
      <trkpt lat="43.25532" lon="18.3008">
        <ele>914.1</ele>
      </trkpt>
      <trkpt lat="43.25502" lon="18.30098">
        <ele>914.5</ele>
      </trkpt>
      <trkpt lat="43.25481" lon="18.30108">
        <ele>916.3</ele>
      </trkpt>
      <trkpt lat="43.25449" lon="18.30118">
        <ele>916.9</ele>
      </trkpt>
      <trkpt lat="43.25406" lon="18.30125">
        <ele>916.6</ele>
      </trkpt>
      <trkpt lat="43.25366" lon="18.30126">
        <ele>918.9</ele>
      </trkpt>
      <trkpt lat="43.25307" lon="18.3012">
        <ele>918.4</ele>
      </trkpt>
      <trkpt lat="43.25279" lon="18.30121">
        <ele>917.1</ele>
      </trkpt>
      <trkpt lat="43.25265" lon="18.30124">
        <ele>916.7</ele>
      </trkpt>
      <trkpt lat="43.25229" lon="18.30142">
        <ele>916.3</ele>
      </trkpt>
      <trkpt lat="43.25156" lon="18.30194">
        <ele>917.3</ele>
      </trkpt>
      <trkpt lat="43.25132" lon="18.30205">
        <ele>920.2</ele>
      </trkpt>
      <trkpt lat="43.25117" lon="18.30209">
        <ele>921.0</ele>
      </trkpt>
      <trkpt lat="43.2508" lon="18.30213">
        <ele>921.4</ele>
      </trkpt>
      <trkpt lat="43.25022" lon="18.30213">
        <ele>921.5</ele>
      </trkpt>
      <trkpt lat="43.24975" lon="18.30211">
        <ele>921.3</ele>
      </trkpt>
      <trkpt lat="43.24927" lon="18.30209">
        <ele>921.1</ele>
      </trkpt>
      <trkpt lat="43.24914" lon="18.3021">
        <ele>921.0</ele>
      </trkpt>
      <trkpt lat="43.24901" lon="18.30213">
        <ele>919.8</ele>
      </trkpt>
      <trkpt lat="43.24888" lon="18.30219">
        <ele>919.0</ele>
      </trkpt>
      <trkpt lat="43.24877" lon="18.30227">
        <ele>918.5</ele>
      </trkpt>
      <trkpt lat="43.24836" lon="18.30262">
        <ele>917.6</ele>
      </trkpt>
      <trkpt lat="43.24796" lon="18.30297">
        <ele>919.7</ele>
      </trkpt>
      <trkpt lat="43.2477" lon="18.30314">
        <ele>915.6</ele>
      </trkpt>
      <trkpt lat="43.24712" lon="18.30349">
        <ele>914.0</ele>
      </trkpt>
      <trkpt lat="43.24654" lon="18.30384">
        <ele>917.4</ele>
      </trkpt>
      <trkpt lat="43.24635" lon="18.30397">
        <ele>917.4</ele>
      </trkpt>
      <trkpt lat="43.24622" lon="18.30409">
        <ele>917.2</ele>
      </trkpt>
      <trkpt lat="43.24569" lon="18.30474">
        <ele>917.0</ele>
      </trkpt>
      <trkpt lat="43.24527" lon="18.30521">
        <ele>915.2</ele>
      </trkpt>
      <trkpt lat="43.24518" lon="18.30537">
        <ele>914.4</ele>
      </trkpt>
      <trkpt lat="43.24513" lon="18.30559">
        <ele>914.4</ele>
      </trkpt>
      <trkpt lat="43.24513" lon="18.30572">
        <ele>915.0</ele>
      </trkpt>
      <trkpt lat="43.24517" lon="18.30598">
        <ele>916.1</ele>
      </trkpt>
      <trkpt lat="43.24547" lon="18.30683">
        <ele>923.3</ele>
      </trkpt>
      <trkpt lat="43.24567" lon="18.30754">
        <ele>922.9</ele>
      </trkpt>
      <trkpt lat="43.24586" lon="18.30825">
        <ele>919.2</ele>
      </trkpt>
      <trkpt lat="43.24607" lon="18.30892">
        <ele>922.3</ele>
      </trkpt>
      <trkpt lat="43.24627" lon="18.30959">
        <ele>922.0</ele>
      </trkpt>
      <trkpt lat="43.24654" lon="18.31033">
        <ele>917.5</ele>
      </trkpt>
      <trkpt lat="43.24664" lon="18.31052">
        <ele>915.5</ele>
      </trkpt>
      <trkpt lat="43.24719" lon="18.31149">
        <ele>919.6</ele>
      </trkpt>
      <trkpt lat="43.24753" lon="18.31232">
        <ele>918.4</ele>
      </trkpt>
      <trkpt lat="43.24765" lon="18.31266">
        <ele>922.6</ele>
      </trkpt>
      <trkpt lat="43.24769" lon="18.31288">
        <ele>923.5</ele>
      </trkpt>
      <trkpt lat="43.24778" lon="18.31378">
        <ele>925.8</ele>
      </trkpt>
      <trkpt lat="43.24782" lon="18.31401">
        <ele>927.6</ele>
      </trkpt>
      <trkpt lat="43.24798" lon="18.31478">
        <ele>930.0</ele>
      </trkpt>
      <trkpt lat="43.24815" lon="18.31556">
        <ele>931.8</ele>
      </trkpt>
      <trkpt lat="43.2482" lon="18.31592">
        <ele>932.7</ele>
      </trkpt>
      <trkpt lat="43.2482" lon="18.31609">
        <ele>933.3</ele>
      </trkpt>
      <trkpt lat="43.24817" lon="18.31651">
        <ele>934.1</ele>
      </trkpt>
      <trkpt lat="43.24807" lon="18.31734">
        <ele>929.4</ele>
      </trkpt>
      <trkpt lat="43.24797" lon="18.31788">
        <ele>924.0</ele>
      </trkpt>
      <trkpt lat="43.24786" lon="18.31827">
        <ele>919.7</ele>
      </trkpt>
      <trkpt lat="43.24778" lon="18.31847">
        <ele>918.7</ele>
      </trkpt>
      <trkpt lat="43.24759" lon="18.31883">
        <ele>917.2</ele>
      </trkpt>
      <trkpt lat="43.24738" lon="18.31912">
        <ele>915.8</ele>
      </trkpt>
      <trkpt lat="43.24724" lon="18.31927">
        <ele>915.9</ele>
      </trkpt>
      <trkpt lat="43.24683" lon="18.31962">
        <ele>916.5</ele>
      </trkpt>
      <trkpt lat="43.24656" lon="18.31977">
        <ele>916.7</ele>
      </trkpt>
      <trkpt lat="43.24629" lon="18.31985">
        <ele>917.1</ele>
      </trkpt>
      <trkpt lat="43.2457" lon="18.31992">
        <ele>917.0</ele>
      </trkpt>
      <trkpt lat="43.24536" lon="18.31998">
        <ele>916.6</ele>
      </trkpt>
      <trkpt lat="43.24487" lon="18.32013">
        <ele>916.1</ele>
      </trkpt>
      <trkpt lat="43.24458" lon="18.32029">
        <ele>914.8</ele>
      </trkpt>
      <trkpt lat="43.24444" lon="18.3204">
        <ele>913.8</ele>
      </trkpt>
      <trkpt lat="43.24433" lon="18.32054">
        <ele>912.7</ele>
      </trkpt>
      <trkpt lat="43.24424" lon="18.32069">
        <ele>911.4</ele>
      </trkpt>
      <trkpt lat="43.24415" lon="18.32086">
        <ele>910.2</ele>
      </trkpt>
      <trkpt lat="43.2439" lon="18.32154">
        <ele>913.3</ele>
      </trkpt>
      <trkpt lat="43.24376" lon="18.3218">
        <ele>914.1</ele>
      </trkpt>
      <trkpt lat="43.24342" lon="18.32223">
        <ele>915.3</ele>
      </trkpt>
      <trkpt lat="43.24307" lon="18.32267">
        <ele>916.9</ele>
      </trkpt>
      <trkpt lat="43.24291" lon="18.32291">
        <ele>917.6</ele>
      </trkpt>
      <trkpt lat="43.24272" lon="18.32328">
        <ele>917.8</ele>
      </trkpt>
      <trkpt lat="43.2426" lon="18.32366">
        <ele>918.8</ele>
      </trkpt>
      <trkpt lat="43.24255" lon="18.32389">
        <ele>919.4</ele>
      </trkpt>
      <trkpt lat="43.24244" lon="18.32459">
        <ele>923.7</ele>
      </trkpt>
      <trkpt lat="43.24233" lon="18.32529">
        <ele>927.9</ele>
      </trkpt>
      <trkpt lat="43.24221" lon="18.32595">
        <ele>928.8</ele>
      </trkpt>
      <trkpt lat="43.24204" lon="18.32657">
        <ele>925.8</ele>
      </trkpt>
      <trkpt lat="43.24174" lon="18.32753">
        <ele>923.9</ele>
      </trkpt>
      <trkpt lat="43.24166" lon="18.32788">
        <ele>922.8</ele>
      </trkpt>
      <trkpt lat="43.24157" lon="18.32855">
        <ele>924.9</ele>
      </trkpt>
      <trkpt lat="43.24148" lon="18.32922">
        <ele>925.5</ele>
      </trkpt>
      <trkpt lat="43.24147" lon="18.32949">
        <ele>925.2</ele>
      </trkpt>
      <trkpt lat="43.24149" lon="18.32995">
        <ele>925.3</ele>
      </trkpt>
      <trkpt lat="43.24153" lon="18.33035">
        <ele>926.8</ele>
      </trkpt>
      <trkpt lat="43.24155" lon="18.33095">
        <ele>929.1</ele>
      </trkpt>
      <trkpt lat="43.24149" lon="18.33195">
        <ele>932.9</ele>
      </trkpt>
      <trkpt lat="43.24144" lon="18.33295">
        <ele>932.4</ele>
      </trkpt>
      <trkpt lat="43.24136" lon="18.33398">
        <ele>933.5</ele>
      </trkpt>
      <trkpt lat="43.24131" lon="18.33425">
        <ele>934.0</ele>
      </trkpt>
      <trkpt lat="43.24123" lon="18.33454">
        <ele>933.8</ele>
      </trkpt>
      <trkpt lat="43.24113" lon="18.3348">
        <ele>932.5</ele>
      </trkpt>
      <trkpt lat="43.24103" lon="18.33501">
        <ele>930.7</ele>
      </trkpt>
      <trkpt lat="43.24064" lon="18.33556">
        <ele>926.9</ele>
      </trkpt>
      <trkpt lat="43.24044" lon="18.33591">
        <ele>925.7</ele>
      </trkpt>
      <trkpt lat="43.24035" lon="18.33616">
        <ele>925.1</ele>
      </trkpt>
      <trkpt lat="43.24031" lon="18.33643">
        <ele>925.7</ele>
      </trkpt>
      <trkpt lat="43.24033" lon="18.3366">
        <ele>926.7</ele>
      </trkpt>
      <trkpt lat="43.24041" lon="18.33691">
        <ele>927.3</ele>
      </trkpt>
      <trkpt lat="43.24078" lon="18.33772">
        <ele>928.8</ele>
      </trkpt>
      <trkpt lat="43.24126" lon="18.33873">
        <ele>929.9</ele>
      </trkpt>
      <trkpt lat="43.24143" lon="18.33898">
        <ele>929.6</ele>
      </trkpt>
      <trkpt lat="43.24165" lon="18.33928">
        <ele>929.0</ele>
      </trkpt>
      <trkpt lat="43.24204" lon="18.33965">
        <ele>931.6</ele>
      </trkpt>
      <trkpt lat="43.24243" lon="18.33988">
        <ele>932.0</ele>
      </trkpt>
      <trkpt lat="43.24284" lon="18.34004">
        <ele>931.2</ele>
      </trkpt>
      <trkpt lat="43.24332" lon="18.34016">
        <ele>930.3</ele>
      </trkpt>
      <trkpt lat="43.24343" lon="18.34016">
        <ele>929.9</ele>
      </trkpt>
      <trkpt lat="43.24366" lon="18.34009">
        <ele>929.9</ele>
      </trkpt>
      <trkpt lat="43.24407" lon="18.33983">
        <ele>932.9</ele>
      </trkpt>
      <trkpt lat="43.24423" lon="18.33976">
        <ele>933.8</ele>
      </trkpt>
      <trkpt lat="43.24458" lon="18.3397">
        <ele>932.0</ele>
      </trkpt>
      <trkpt lat="43.24482" lon="18.33971">
        <ele>929.6</ele>
      </trkpt>
      <trkpt lat="43.24519" lon="18.33976">
        <ele>927.3</ele>
      </trkpt>
      <trkpt lat="43.24572" lon="18.3399">
        <ele>925.8</ele>
      </trkpt>
      <trkpt lat="43.24625" lon="18.34004">
        <ele>922.9</ele>
      </trkpt>
      <trkpt lat="43.24644" lon="18.34007">
        <ele>922.3</ele>
      </trkpt>
      <trkpt lat="43.24699" lon="18.34007">
        <ele>921.1</ele>
      </trkpt>
      <trkpt lat="43.24747" lon="18.34004">
        <ele>920.0</ele>
      </trkpt>
      <trkpt lat="43.24758" lon="18.34001">
        <ele>920.1</ele>
      </trkpt>
      <trkpt lat="43.24786" lon="18.33988">
        <ele>921.9</ele>
      </trkpt>
      <trkpt lat="43.24804" lon="18.33977">
        <ele>923.1</ele>
      </trkpt>
      <trkpt lat="43.24851" lon="18.33946">
        <ele>923.7</ele>
      </trkpt>
      <trkpt lat="43.24868" lon="18.33932">
        <ele>922.7</ele>
      </trkpt>
      <trkpt lat="43.24897" lon="18.33901">
        <ele>921.5</ele>
      </trkpt>
      <trkpt lat="43.24922" lon="18.33866">
        <ele>923.2</ele>
      </trkpt>
      <trkpt lat="43.2494" lon="18.33833">
        <ele>925.9</ele>
      </trkpt>
      <trkpt lat="43.24947" lon="18.33815">
        <ele>928.5</ele>
      </trkpt>
      <trkpt lat="43.24953" lon="18.33795">
        <ele>930.6</ele>
      </trkpt>
      <trkpt lat="43.24965" lon="18.3373">
        <ele>936.1</ele>
      </trkpt>
      <trkpt lat="43.24971" lon="18.33714">
        <ele>936.7</ele>
      </trkpt>
      <trkpt lat="43.24978" lon="18.33697">
        <ele>936.9</ele>
      </trkpt>
      <trkpt lat="43.24987" lon="18.33683">
        <ele>935.6</ele>
      </trkpt>
      <trkpt lat="43.24998" lon="18.33671">
        <ele>933.1</ele>
      </trkpt>
      <trkpt lat="43.2501" lon="18.33662">
        <ele>933.5</ele>
      </trkpt>
      <trkpt lat="43.25042" lon="18.33649">
        <ele>934.7</ele>
      </trkpt>
      <trkpt lat="43.2507" lon="18.33644">
        <ele>933.7</ele>
      </trkpt>
      <trkpt lat="43.251" lon="18.33647">
        <ele>933.5</ele>
      </trkpt>
      <trkpt lat="43.25116" lon="18.33653">
        <ele>933.5</ele>
      </trkpt>
      <trkpt lat="43.25133" lon="18.33661">
        <ele>933.0</ele>
      </trkpt>
      <trkpt lat="43.25214" lon="18.33709">
        <ele>937.3</ele>
      </trkpt>
      <trkpt lat="43.25228" lon="18.3372">
        <ele>937.1</ele>
      </trkpt>
      <trkpt lat="43.25249" lon="18.33744">
        <ele>934.3</ele>
      </trkpt>
      <trkpt lat="43.25258" lon="18.33759">
        <ele>934.5</ele>
      </trkpt>
      <trkpt lat="43.2528" lon="18.33808">
        <ele>936.1</ele>
      </trkpt>
      <trkpt lat="43.25293" lon="18.33845">
        <ele>936.7</ele>
      </trkpt>
      <trkpt lat="43.25303" lon="18.33886">
        <ele>938.1</ele>
      </trkpt>
      <trkpt lat="43.25304" lon="18.33907">
        <ele>937.9</ele>
      </trkpt>
      <trkpt lat="43.25303" lon="18.3397">
        <ele>938.2</ele>
      </trkpt>
      <trkpt lat="43.25302" lon="18.34032">
        <ele>937.8</ele>
      </trkpt>
      <trkpt lat="43.25303" lon="18.34071">
        <ele>936.6</ele>
      </trkpt>
      <trkpt lat="43.25307" lon="18.3409">
        <ele>935.7</ele>
      </trkpt>
      <trkpt lat="43.25313" lon="18.34107">
        <ele>934.5</ele>
      </trkpt>
      <trkpt lat="43.25335" lon="18.34161">
        <ele>928.7</ele>
      </trkpt>
      <trkpt lat="43.25361" lon="18.34213">
        <ele>930.9</ele>
      </trkpt>
      <trkpt lat="43.25381" lon="18.34238">
        <ele>931.6</ele>
      </trkpt>
      <trkpt lat="43.25439" lon="18.34286">
        <ele>936.0</ele>
      </trkpt>
      <trkpt lat="43.25463" lon="18.34311">
        <ele>937.4</ele>
      </trkpt>
      <trkpt lat="43.25505" lon="18.34366">
        <ele>935.1</ele>
      </trkpt>
      <trkpt lat="43.25547" lon="18.3442">
        <ele>935.3</ele>
      </trkpt>
      <trkpt lat="43.25578" lon="18.34469">
        <ele>934.4</ele>
      </trkpt>
      <trkpt lat="43.25609" lon="18.34518">
        <ele>938.9</ele>
      </trkpt>
      <trkpt lat="43.25616" lon="18.34534">
        <ele>940.2</ele>
      </trkpt>
      <trkpt lat="43.25625" lon="18.34568">
        <ele>940.0</ele>
      </trkpt>
      <trkpt lat="43.25626" lon="18.34602">
        <ele>937.4</ele>
      </trkpt>
      <trkpt lat="43.25622" lon="18.34659">
        <ele>932.4</ele>
      </trkpt>
      <trkpt lat="43.25623" lon="18.34677">
        <ele>932.0</ele>
      </trkpt>
      <trkpt lat="43.25626" lon="18.34692">
        <ele>932.4</ele>
      </trkpt>
      <trkpt lat="43.25632" lon="18.34708">
        <ele>932.8</ele>
      </trkpt>
      <trkpt lat="43.25647" lon="18.34735">
        <ele>933.1</ele>
      </trkpt>
      <trkpt lat="43.257" lon="18.34801">
        <ele>935.3</ele>
      </trkpt>
      <trkpt lat="43.25726" lon="18.34837">
        <ele>934.9</ele>
      </trkpt>
      <trkpt lat="43.25776" lon="18.34918">
        <ele>932.5</ele>
      </trkpt>
      <trkpt lat="43.25802" lon="18.34954">
        <ele>934.4</ele>
      </trkpt>
      <trkpt lat="43.25821" lon="18.34975">
        <ele>933.4</ele>
      </trkpt>
      <trkpt lat="43.25845" lon="18.34999">
        <ele>932.2</ele>
      </trkpt>
      <trkpt lat="43.25906" lon="18.35048">
        <ele>935.7</ele>
      </trkpt>
      <trkpt lat="43.2593" lon="18.35071">
        <ele>935.2</ele>
      </trkpt>
      <trkpt lat="43.25967" lon="18.35113">
        <ele>941.1</ele>
      </trkpt>
      <trkpt lat="43.2598" lon="18.3513">
        <ele>942.2</ele>
      </trkpt>
      <trkpt lat="43.25998" lon="18.35168">
        <ele>939.6</ele>
      </trkpt>
      <trkpt lat="43.26017" lon="18.35227">
        <ele>945.0</ele>
      </trkpt>
      <trkpt lat="43.26019" lon="18.35244">
        <ele>944.5</ele>
      </trkpt>
      <trkpt lat="43.2602" lon="18.35261">
        <ele>944.5</ele>
      </trkpt>
      <trkpt lat="43.26015" lon="18.35291">
        <ele>942.8</ele>
      </trkpt>
      <trkpt lat="43.25987" lon="18.35366">
        <ele>936.7</ele>
      </trkpt>
      <trkpt lat="43.25984" lon="18.35382">
        <ele>936.9</ele>
      </trkpt>
      <trkpt lat="43.25984" lon="18.35414">
        <ele>937.8</ele>
      </trkpt>
      <trkpt lat="43.25997" lon="18.35497">
        <ele>938.8</ele>
      </trkpt>
      <trkpt lat="43.26006" lon="18.35536">
        <ele>938.1</ele>
      </trkpt>
      <trkpt lat="43.26015" lon="18.35573">
        <ele>936.9</ele>
      </trkpt>
      <trkpt lat="43.26032" lon="18.35622">
        <ele>934.3</ele>
      </trkpt>
      <trkpt lat="43.2604" lon="18.3565">
        <ele>931.3</ele>
      </trkpt>
      <trkpt lat="43.26048" lon="18.35689">
        <ele>931.7</ele>
      </trkpt>
      <trkpt lat="43.26054" lon="18.35726">
        <ele>932.1</ele>
      </trkpt>
      <trkpt lat="43.26055" lon="18.3574">
        <ele>932.2</ele>
      </trkpt>
      <trkpt lat="43.26055" lon="18.35753">
        <ele>932.4</ele>
      </trkpt>
      <trkpt lat="43.26052" lon="18.35779">
        <ele>935.7</ele>
      </trkpt>
      <trkpt lat="43.26032" lon="18.35849">
        <ele>940.6</ele>
      </trkpt>
      <trkpt lat="43.26013" lon="18.3592">
        <ele>939.5</ele>
      </trkpt>
      <trkpt lat="43.2599" lon="18.35972">
        <ele>943.6</ele>
      </trkpt>
      <trkpt lat="43.25969" lon="18.36005">
        <ele>944.0</ele>
      </trkpt>
      <trkpt lat="43.25927" lon="18.36063">
        <ele>938.5</ele>
      </trkpt>
      <trkpt lat="43.25885" lon="18.36115">
        <ele>938.8</ele>
      </trkpt>
      <trkpt lat="43.25842" lon="18.36167">
        <ele>936.1</ele>
      </trkpt>
      <trkpt lat="43.25826" lon="18.36183">
        <ele>938.3</ele>
      </trkpt>
      <trkpt lat="43.25809" lon="18.36195">
        <ele>940.2</ele>
      </trkpt>
      <trkpt lat="43.25776" lon="18.36211">
        <ele>940.6</ele>
      </trkpt>
      <trkpt lat="43.25761" lon="18.36215">
        <ele>939.6</ele>
      </trkpt>
      <trkpt lat="43.25716" lon="18.36216">
        <ele>938.7</ele>
      </trkpt>
      <trkpt lat="43.25626" lon="18.36208">
        <ele>939.2</ele>
      </trkpt>
      <trkpt lat="43.25578" lon="18.36207">
        <ele>940.0</ele>
      </trkpt>
      <trkpt lat="43.25557" lon="18.36212">
        <ele>940.7</ele>
      </trkpt>
      <trkpt lat="43.25549" lon="18.36218">
        <ele>940.9</ele>
      </trkpt>
      <trkpt lat="43.25535" lon="18.36239">
        <ele>940.3</ele>
      </trkpt>
      <trkpt lat="43.25486" lon="18.36329">
        <ele>939.8</ele>
      </trkpt>
      <trkpt lat="43.25472" lon="18.36361">
        <ele>942.4</ele>
      </trkpt>
      <trkpt lat="43.25451" lon="18.36413">
        <ele>944.0</ele>
      </trkpt>
      <trkpt lat="43.25434" lon="18.36471">
        <ele>942.7</ele>
      </trkpt>
      <trkpt lat="43.25425" lon="18.36516">
        <ele>940.7</ele>
      </trkpt>
      <trkpt lat="43.25414" lon="18.36622">
        <ele>942.7</ele>
      </trkpt>
      <trkpt lat="43.25404" lon="18.36727">
        <ele>945.9</ele>
      </trkpt>
      <trkpt lat="43.25393" lon="18.36832">
        <ele>951.9</ele>
      </trkpt>
      <trkpt lat="43.25386" lon="18.36871">
        <ele>954.4</ele>
      </trkpt>
      <trkpt lat="43.25373" lon="18.36909">
        <ele>952.7</ele>
      </trkpt>
      <trkpt lat="43.25357" lon="18.36943">
        <ele>949.3</ele>
      </trkpt>
      <trkpt lat="43.25327" lon="18.36997">
        <ele>944.4</ele>
      </trkpt>
      <trkpt lat="43.25297" lon="18.37051">
        <ele>947.6</ele>
      </trkpt>
      <trkpt lat="43.25268" lon="18.37094">
        <ele>947.8</ele>
      </trkpt>
      <trkpt lat="43.25223" lon="18.37136">
        <ele>949.8</ele>
      </trkpt>
      <trkpt lat="43.25169" lon="18.37179">
        <ele>944.7</ele>
      </trkpt>
      <trkpt lat="43.25115" lon="18.37223">
        <ele>947.1</ele>
      </trkpt>
      <trkpt lat="43.25089" lon="18.37249">
        <ele>940.9</ele>
      </trkpt>
      <trkpt lat="43.25066" lon="18.37283">
        <ele>949.0</ele>
      </trkpt>
      <trkpt lat="43.25058" lon="18.37301">
        <ele>952.1</ele>
      </trkpt>
      <trkpt lat="43.25052" lon="18.3732">
        <ele>953.9</ele>
      </trkpt>
      <trkpt lat="43.25026" lon="18.37426">
        <ele>958.2</ele>
      </trkpt>
      <trkpt lat="43.25009" lon="18.37486">
        <ele>948.6</ele>
      </trkpt>
      <trkpt lat="43.24992" lon="18.37546">
        <ele>947.8</ele>
      </trkpt>
      <trkpt lat="43.2498" lon="18.37585">
        <ele>949.3</ele>
      </trkpt>
      <trkpt lat="43.24953" lon="18.37654">
        <ele>949.8</ele>
      </trkpt>
      <trkpt lat="43.24927" lon="18.37723">
        <ele>949.0</ele>
      </trkpt>
      <trkpt lat="43.24909" lon="18.37774">
        <ele>949.9</ele>
      </trkpt>
      <trkpt lat="43.24892" lon="18.37845">
        <ele>954.5</ele>
      </trkpt>
      <trkpt lat="43.24874" lon="18.37915">
        <ele>955.6</ele>
      </trkpt>
      <trkpt lat="43.24855" lon="18.37979">
        <ele>953.5</ele>
      </trkpt>
      <trkpt lat="43.24833" lon="18.38037">
        <ele>949.8</ele>
      </trkpt>
      <trkpt lat="43.24807" lon="18.38096">
        <ele>954.5</ele>
      </trkpt>
      <trkpt lat="43.24782" lon="18.38154">
        <ele>958.5</ele>
      </trkpt>
      <trkpt lat="43.24774" lon="18.38165">
        <ele>957.3</ele>
      </trkpt>
      <trkpt lat="43.24768" lon="18.38168">
        <ele>955.5</ele>
      </trkpt>
      <trkpt lat="43.24757" lon="18.38168">
        <ele>953.6</ele>
      </trkpt>
      <trkpt lat="43.2475" lon="18.38163">
        <ele>952.2</ele>
      </trkpt>
      <trkpt lat="43.2473" lon="18.38132">
        <ele>947.1</ele>
      </trkpt>
      <trkpt lat="43.24713" lon="18.38115">
        <ele>943.6</ele>
      </trkpt>
      <trkpt lat="43.24706" lon="18.38112">
        <ele>943.7</ele>
      </trkpt>
      <trkpt lat="43.24692" lon="18.38112">
        <ele>944.0</ele>
      </trkpt>
      <trkpt lat="43.24651" lon="18.38133">
        <ele>943.1</ele>
      </trkpt>
      <trkpt lat="43.24607" lon="18.38145">
        <ele>942.4</ele>
      </trkpt>
      <trkpt lat="43.24563" lon="18.38158">
        <ele>945.1</ele>
      </trkpt>
      <trkpt lat="43.24552" lon="18.38162">
        <ele>945.8</ele>
      </trkpt>
      <trkpt lat="43.24504" lon="18.38182">
        <ele>949.0</ele>
      </trkpt>
      <trkpt lat="43.24424" lon="18.3822">
        <ele>949.1</ele>
      </trkpt>
      <trkpt lat="43.24387" lon="18.38233">
        <ele>947.1</ele>
      </trkpt>
      <trkpt lat="43.24311" lon="18.3824">
        <ele>949.0</ele>
      </trkpt>
      <trkpt lat="43.24263" lon="18.38248">
        <ele>949.1</ele>
      </trkpt>
      <trkpt lat="43.24215" lon="18.38256">
        <ele>950.0</ele>
      </trkpt>
      <trkpt lat="43.2416" lon="18.38263">
        <ele>951.7</ele>
      </trkpt>
      <trkpt lat="43.24137" lon="18.38259">
        <ele>951.5</ele>
      </trkpt>
      <trkpt lat="43.24107" lon="18.38248">
        <ele>952.5</ele>
      </trkpt>
      <trkpt lat="43.24083" lon="18.38241">
        <ele>955.1</ele>
      </trkpt>
      <trkpt lat="43.24034" lon="18.38238">
        <ele>957.6</ele>
      </trkpt>
      <trkpt lat="43.24002" lon="18.38242">
        <ele>956.5</ele>
      </trkpt>
      <trkpt lat="43.23975" lon="18.38253">
        <ele>958.9</ele>
      </trkpt>
      <trkpt lat="43.23962" lon="18.38261">
        <ele>960.4</ele>
      </trkpt>
      <trkpt lat="43.23941" lon="18.38281">
        <ele>960.4</ele>
      </trkpt>
      <trkpt lat="43.23923" lon="18.38305">
        <ele>957.3</ele>
      </trkpt>
      <trkpt lat="43.23906" lon="18.38339">
        <ele>954.6</ele>
      </trkpt>
      <trkpt lat="43.23896" lon="18.38374">
        <ele>956.4</ele>
      </trkpt>
      <trkpt lat="43.23892" lon="18.38393">
        <ele>956.6</ele>
      </trkpt>
      <trkpt lat="43.23888" lon="18.38436">
        <ele>956.5</ele>
      </trkpt>
      <trkpt lat="43.23888" lon="18.38457">
        <ele>956.5</ele>
      </trkpt>
      <trkpt lat="43.2389" lon="18.38476">
        <ele>955.8</ele>
      </trkpt>
      <trkpt lat="43.23899" lon="18.38513">
        <ele>952.8</ele>
      </trkpt>
      <trkpt lat="43.23914" lon="18.3855">
        <ele>948.9</ele>
      </trkpt>
      <trkpt lat="43.23922" lon="18.38568">
        <ele>948.6</ele>
      </trkpt>
      <trkpt lat="43.23953" lon="18.38614">
        <ele>947.1</ele>
      </trkpt>
      <trkpt lat="43.23983" lon="18.3866">
        <ele>944.3</ele>
      </trkpt>
      <trkpt lat="43.24009" lon="18.38706">
        <ele>943.8</ele>
      </trkpt>
      <trkpt lat="43.24019" lon="18.38726">
        <ele>944.5</ele>
      </trkpt>
      <trkpt lat="43.24034" lon="18.38769">
        <ele>944.9</ele>
      </trkpt>
      <trkpt lat="43.24041" lon="18.38805">
        <ele>944.7</ele>
      </trkpt>
      <trkpt lat="43.24042" lon="18.38831">
        <ele>944.5</ele>
      </trkpt>
      <trkpt lat="43.24039" lon="18.38854">
        <ele>944.5</ele>
      </trkpt>
      <trkpt lat="43.24024" lon="18.389">
        <ele>945.2</ele>
      </trkpt>
      <trkpt lat="43.24004" lon="18.38953">
        <ele>945.0</ele>
      </trkpt>
      <trkpt lat="43.23991" lon="18.38969">
        <ele>945.0</ele>
      </trkpt>
      <trkpt lat="43.23961" lon="18.38984">
        <ele>945.1</ele>
      </trkpt>
      <trkpt lat="43.23946" lon="18.38996">
        <ele>944.1</ele>
      </trkpt>
      <trkpt lat="43.23912" lon="18.39059">
        <ele>944.3</ele>
      </trkpt>
      <trkpt lat="43.23905" lon="18.3907">
        <ele>946.3</ele>
      </trkpt>
      <trkpt lat="43.23886" lon="18.39093">
        <ele>950.2</ele>
      </trkpt>
      <trkpt lat="43.2386" lon="18.39118">
        <ele>953.1</ele>
      </trkpt>
      <trkpt lat="43.23835" lon="18.39138">
        <ele>953.6</ele>
      </trkpt>
      <trkpt lat="43.23811" lon="18.39153">
        <ele>955.9</ele>
      </trkpt>
      <trkpt lat="43.23741" lon="18.39182">
        <ele>962.5</ele>
      </trkpt>
      <trkpt lat="43.23719" lon="18.39197">
        <ele>962.0</ele>
      </trkpt>
      <trkpt lat="43.23662" lon="18.3924">
        <ele>955.5</ele>
      </trkpt>
      <trkpt lat="43.23625" lon="18.39274">
        <ele>960.5</ele>
      </trkpt>
      <trkpt lat="43.23604" lon="18.39302">
        <ele>961.7</ele>
      </trkpt>
      <trkpt lat="43.23596" lon="18.39317">
        <ele>960.7</ele>
      </trkpt>
      <trkpt lat="43.23585" lon="18.39348">
        <ele>958.0</ele>
      </trkpt>
      <trkpt lat="43.23567" lon="18.39418">
        <ele>959.6</ele>
      </trkpt>
      <trkpt lat="43.23561" lon="18.39455">
        <ele>962.1</ele>
      </trkpt>
      <trkpt lat="43.23559" lon="18.39488">
        <ele>962.6</ele>
      </trkpt>
      <trkpt lat="43.23563" lon="18.39541">
        <ele>961.1</ele>
      </trkpt>
      <trkpt lat="43.23571" lon="18.39598">
        <ele>958.1</ele>
      </trkpt>
      <trkpt lat="43.23584" lon="18.39645">
        <ele>953.4</ele>
      </trkpt>
      <trkpt lat="43.2361" lon="18.39702">
        <ele>953.6</ele>
      </trkpt>
      <trkpt lat="43.23635" lon="18.39759">
        <ele>951.1</ele>
      </trkpt>
      <trkpt lat="43.23638" lon="18.39771">
        <ele>950.3</ele>
      </trkpt>
      <trkpt lat="43.23638" lon="18.39793">
        <ele>949.8</ele>
      </trkpt>
      <trkpt lat="43.23634" lon="18.39812">
        <ele>949.9</ele>
      </trkpt>
      <trkpt lat="43.2363" lon="18.39821">
        <ele>950.2</ele>
      </trkpt>
      <trkpt lat="43.23584" lon="18.39904">
        <ele>950.9</ele>
      </trkpt>
      <trkpt lat="43.23564" lon="18.39938">
        <ele>950.8</ele>
      </trkpt>
      <trkpt lat="43.23548" lon="18.39958">
        <ele>951.0</ele>
      </trkpt>
      <trkpt lat="43.2353" lon="18.39975">
        <ele>950.9</ele>
      </trkpt>
      <trkpt lat="43.23507" lon="18.39992">
        <ele>950.5</ele>
      </trkpt>
      <trkpt lat="43.23478" lon="18.40003">
        <ele>950.9</ele>
      </trkpt>
      <trkpt lat="43.23451" lon="18.40011">
        <ele>951.9</ele>
      </trkpt>
      <trkpt lat="43.23381" lon="18.40031">
        <ele>953.0</ele>
      </trkpt>
      <trkpt lat="43.23311" lon="18.4005">
        <ele>953.1</ele>
      </trkpt>
      <trkpt lat="43.2326" lon="18.40052">
        <ele>958.9</ele>
      </trkpt>
      <trkpt lat="43.23206" lon="18.40053">
        <ele>962.3</ele>
      </trkpt>
      <trkpt lat="43.23152" lon="18.40054">
        <ele>964.5</ele>
      </trkpt>
      <trkpt lat="43.2313" lon="18.40057">
        <ele>963.9</ele>
      </trkpt>
      <trkpt lat="43.23114" lon="18.40067">
        <ele>960.4</ele>
      </trkpt>
      <trkpt lat="43.2307" lon="18.40104">
        <ele>953.8</ele>
      </trkpt>
      <trkpt lat="43.23035" lon="18.4013">
        <ele>953.1</ele>
      </trkpt>
      <trkpt lat="43.23023" lon="18.40146">
        <ele>952.8</ele>
      </trkpt>
      <trkpt lat="43.23014" lon="18.40163">
        <ele>952.5</ele>
      </trkpt>
      <trkpt lat="43.23006" lon="18.40192">
        <ele>952.2</ele>
      </trkpt>
      <trkpt lat="43.23003" lon="18.40221">
        <ele>951.7</ele>
      </trkpt>
      <trkpt lat="43.23002" lon="18.40288">
        <ele>951.4</ele>
      </trkpt>
      <trkpt lat="43.23002" lon="18.40355">
        <ele>951.1</ele>
      </trkpt>
      <trkpt lat="43.22998" lon="18.40377">
        <ele>950.6</ele>
      </trkpt>
      <trkpt lat="43.22989" lon="18.40399">
        <ele>950.7</ele>
      </trkpt>
      <trkpt lat="43.2297" lon="18.40427">
        <ele>951.2</ele>
      </trkpt>
      <trkpt lat="43.22958" lon="18.40442">
        <ele>951.4</ele>
      </trkpt>
      <trkpt lat="43.22935" lon="18.40463">
        <ele>952.0</ele>
      </trkpt>
      <trkpt lat="43.22924" lon="18.4047">
        <ele>952.5</ele>
      </trkpt>
      <trkpt lat="43.22882" lon="18.40482">
        <ele>954.1</ele>
      </trkpt>
      <trkpt lat="43.2287" lon="18.40487">
        <ele>954.3</ele>
      </trkpt>
      <trkpt lat="43.22855" lon="18.40498">
        <ele>954.1</ele>
      </trkpt>
      <trkpt lat="43.22828" lon="18.40529">
        <ele>953.5</ele>
      </trkpt>
      <trkpt lat="43.22795" lon="18.40573">
        <ele>957.9</ele>
      </trkpt>
      <trkpt lat="43.22773" lon="18.40606">
        <ele>960.7</ele>
      </trkpt>
      <trkpt lat="43.22757" lon="18.40638">
        <ele>960.5</ele>
      </trkpt>
      <trkpt lat="43.2273" lon="18.407">
        <ele>963.1</ele>
      </trkpt>
      <trkpt lat="43.22701" lon="18.4075">
        <ele>963.9</ele>
      </trkpt>
      <trkpt lat="43.22682" lon="18.40788">
        <ele>962.5</ele>
      </trkpt>
      <trkpt lat="43.2265" lon="18.40863">
        <ele>961.5</ele>
      </trkpt>
      <trkpt lat="43.2263" lon="18.40915">
        <ele>965.0</ele>
      </trkpt>
      <trkpt lat="43.22626" lon="18.4094">
        <ele>965.6</ele>
      </trkpt>
      <trkpt lat="43.22628" lon="18.40961">
        <ele>964.1</ele>
      </trkpt>
      <trkpt lat="43.22635" lon="18.40982">
        <ele>961.2</ele>
      </trkpt>
      <trkpt lat="43.22651" lon="18.41016">
        <ele>955.4</ele>
      </trkpt>
      <trkpt lat="43.22658" lon="18.41043">
        <ele>951.8</ele>
      </trkpt>
      <trkpt lat="43.22658" lon="18.41062">
        <ele>950.7</ele>
      </trkpt>
      <trkpt lat="43.22653" lon="18.41082">
        <ele>950.8</ele>
      </trkpt>
      <trkpt lat="43.22618" lon="18.41147">
        <ele>958.5</ele>
      </trkpt>
      <trkpt lat="43.22611" lon="18.41168">
        <ele>959.3</ele>
      </trkpt>
      <trkpt lat="43.22609" lon="18.41179">
        <ele>959.4</ele>
      </trkpt>
      <trkpt lat="43.22609" lon="18.41209">
        <ele>958.4</ele>
      </trkpt>
      <trkpt lat="43.22616" lon="18.4131">
        <ele>953.7</ele>
      </trkpt>
      <trkpt lat="43.22615" lon="18.41338">
        <ele>953.0</ele>
      </trkpt>
      <trkpt lat="43.22613" lon="18.4135">
        <ele>953.0</ele>
      </trkpt>
      <trkpt lat="43.2261" lon="18.4136">
        <ele>953.1</ele>
      </trkpt>
      <trkpt lat="43.22605" lon="18.41369">
        <ele>953.4</ele>
      </trkpt>
      <trkpt lat="43.22594" lon="18.41382">
        <ele>953.7</ele>
      </trkpt>
      <trkpt lat="43.22579" lon="18.41391">
        <ele>954.0</ele>
      </trkpt>
      <trkpt lat="43.22555" lon="18.41399">
        <ele>954.3</ele>
      </trkpt>
      <trkpt lat="43.22518" lon="18.41399">
        <ele>955.5</ele>
      </trkpt>
      <trkpt lat="43.22483" lon="18.41393">
        <ele>956.8</ele>
      </trkpt>
      <trkpt lat="43.2244" lon="18.41383">
        <ele>957.8</ele>
      </trkpt>
      <trkpt lat="43.22407" lon="18.4137">
        <ele>959.0</ele>
      </trkpt>
      <trkpt lat="43.22377" lon="18.41351">
        <ele>958.9</ele>
      </trkpt>
      <trkpt lat="43.22326" lon="18.41311">
        <ele>960.6</ele>
      </trkpt>
      <trkpt lat="43.22314" lon="18.41304">
        <ele>961.2</ele>
      </trkpt>
      <trkpt lat="43.22292" lon="18.41294">
        <ele>960.8</ele>
      </trkpt>
      <trkpt lat="43.22271" lon="18.4129">
        <ele>958.7</ele>
      </trkpt>
      <trkpt lat="43.22258" lon="18.4129">
        <ele>956.9</ele>
      </trkpt>
      <trkpt lat="43.22204" lon="18.41298">
        <ele>953.3</ele>
      </trkpt>
      <trkpt lat="43.22181" lon="18.41298">
        <ele>952.8</ele>
      </trkpt>
      <trkpt lat="43.2217" lon="18.41296">
        <ele>952.7</ele>
      </trkpt>
      <trkpt lat="43.2215" lon="18.41286">
        <ele>953.4</ele>
      </trkpt>
      <trkpt lat="43.22132" lon="18.41271">
        <ele>954.3</ele>
      </trkpt>
      <trkpt lat="43.22113" lon="18.4125">
        <ele>955.1</ele>
      </trkpt>
      <trkpt lat="43.22083" lon="18.41212">
        <ele>962.2</ele>
      </trkpt>
      <trkpt lat="43.22074" lon="18.41204">
        <ele>963.8</ele>
      </trkpt>
      <trkpt lat="43.22066" lon="18.41199">
        <ele>964.8</ele>
      </trkpt>
      <trkpt lat="43.22057" lon="18.41197">
        <ele>965.1</ele>
      </trkpt>
      <trkpt lat="43.22039" lon="18.41199">
        <ele>964.5</ele>
      </trkpt>
      <trkpt lat="43.22032" lon="18.41203">
        <ele>963.5</ele>
      </trkpt>
      <trkpt lat="43.21991" lon="18.41243">
        <ele>955.3</ele>
      </trkpt>
      <trkpt lat="43.21951" lon="18.41283">
        <ele>955.1</ele>
      </trkpt>
      <trkpt lat="43.21934" lon="18.41297">
        <ele>955.5</ele>
      </trkpt>
      <trkpt lat="43.21861" lon="18.41336">
        <ele>952.7</ele>
      </trkpt>
      <trkpt lat="43.21832" lon="18.41362">
        <ele>951.5</ele>
      </trkpt>
      <trkpt lat="43.21779" lon="18.41446">
        <ele>954.9</ele>
      </trkpt>
      <trkpt lat="43.21725" lon="18.4153">
        <ele>958.1</ele>
      </trkpt>
      <trkpt lat="43.21708" lon="18.41561">
        <ele>960.3</ele>
      </trkpt>
      <trkpt lat="43.217" lon="18.41579">
        <ele>961.0</ele>
      </trkpt>
      <trkpt lat="43.21696" lon="18.41594">
        <ele>961.3</ele>
      </trkpt>
      <trkpt lat="43.21691" lon="18.41625">
        <ele>961.3</ele>
      </trkpt>
      <trkpt lat="43.21689" lon="18.41698">
        <ele>958.1</ele>
      </trkpt>
      <trkpt lat="43.21686" lon="18.4177">
        <ele>954.4</ele>
      </trkpt>
      <trkpt lat="43.21682" lon="18.41807">
        <ele>953.8</ele>
      </trkpt>
      <trkpt lat="43.21675" lon="18.41841">
        <ele>953.5</ele>
      </trkpt>
      <trkpt lat="43.2166" lon="18.41888">
        <ele>954.1</ele>
      </trkpt>
      <trkpt lat="43.21651" lon="18.41907">
        <ele>954.3</ele>
      </trkpt>
      <trkpt lat="43.21641" lon="18.41919">
        <ele>954.5</ele>
      </trkpt>
      <trkpt lat="43.21629" lon="18.41925">
        <ele>954.9</ele>
      </trkpt>
      <trkpt lat="43.21616" lon="18.41928">
        <ele>955.5</ele>
      </trkpt>
      <trkpt lat="43.21592" lon="18.41925">
        <ele>956.9</ele>
      </trkpt>
      <trkpt lat="43.21541" lon="18.41913">
        <ele>957.2</ele>
      </trkpt>
      <trkpt lat="43.21462" lon="18.4189">
        <ele>959.1</ele>
      </trkpt>
      <trkpt lat="43.21383" lon="18.41866">
        <ele>959.3</ele>
      </trkpt>
      <trkpt lat="43.21305" lon="18.41843">
        <ele>958.3</ele>
      </trkpt>
      <trkpt lat="43.21271" lon="18.41841">
        <ele>957.4</ele>
      </trkpt>
      <trkpt lat="43.21257" lon="18.41846">
        <ele>956.9</ele>
      </trkpt>
      <trkpt lat="43.21218" lon="18.41871">
        <ele>955.7</ele>
      </trkpt>
      <trkpt lat="43.21163" lon="18.41894">
        <ele>954.5</ele>
      </trkpt>
      <trkpt lat="43.21109" lon="18.41916">
        <ele>953.3</ele>
      </trkpt>
      <trkpt lat="43.21077" lon="18.41925">
        <ele>953.6</ele>
      </trkpt>
      <trkpt lat="43.21053" lon="18.41925">
        <ele>953.0</ele>
      </trkpt>
      <trkpt lat="43.20975" lon="18.41914">
        <ele>951.4</ele>
      </trkpt>
      <trkpt lat="43.20963" lon="18.41916">
        <ele>951.5</ele>
      </trkpt>
      <trkpt lat="43.20955" lon="18.41923">
        <ele>951.8</ele>
      </trkpt>
      <trkpt lat="43.2095" lon="18.41932">
        <ele>952.1</ele>
      </trkpt>
      <trkpt lat="43.20948" lon="18.41946">
        <ele>953.1</ele>
      </trkpt>
      <trkpt lat="43.2095" lon="18.41968">
        <ele>954.6</ele>
      </trkpt>
      <trkpt lat="43.20956" lon="18.41987">
        <ele>956.1</ele>
      </trkpt>
      <trkpt lat="43.20959" lon="18.42007">
        <ele>957.5</ele>
      </trkpt>
      <trkpt lat="43.20958" lon="18.42016">
        <ele>958.2</ele>
      </trkpt>
      <trkpt lat="43.20953" lon="18.42029">
        <ele>960.4</ele>
      </trkpt>
      <trkpt lat="43.20947" lon="18.42036">
        <ele>961.2</ele>
      </trkpt>
      <trkpt lat="43.20933" lon="18.42044">
        <ele>961.2</ele>
      </trkpt>
      <trkpt lat="43.20915" lon="18.42053">
        <ele>960.7</ele>
      </trkpt>
      <trkpt lat="43.20898" lon="18.42066">
        <ele>960.8</ele>
      </trkpt>
      <trkpt lat="43.20882" lon="18.4209">
        <ele>961.5</ele>
      </trkpt>
      <trkpt lat="43.20853" lon="18.42141">
        <ele>961.3</ele>
      </trkpt>
      <trkpt lat="43.20838" lon="18.42172">
        <ele>959.7</ele>
      </trkpt>
      <trkpt lat="43.20827" lon="18.422">
        <ele>959.2</ele>
      </trkpt>
      <trkpt lat="43.20808" lon="18.42261">
        <ele>960.4</ele>
      </trkpt>
      <trkpt lat="43.20789" lon="18.42334">
        <ele>962.1</ele>
      </trkpt>
      <trkpt lat="43.2077" lon="18.42408">
        <ele>962.9</ele>
      </trkpt>
      <trkpt lat="43.20761" lon="18.42437">
        <ele>962.8</ele>
      </trkpt>
      <trkpt lat="43.2075" lon="18.42466">
        <ele>961.6</ele>
      </trkpt>
      <trkpt lat="43.20727" lon="18.42516">
        <ele>962.0</ele>
      </trkpt>
      <trkpt lat="43.20717" lon="18.42544">
        <ele>963.0</ele>
      </trkpt>
      <trkpt lat="43.20701" lon="18.42602">
        <ele>965.2</ele>
      </trkpt>
      <trkpt lat="43.20689" lon="18.42637">
        <ele>964.8</ele>
      </trkpt>
      <trkpt lat="43.20659" lon="18.42695">
        <ele>960.2</ele>
      </trkpt>
      <trkpt lat="43.2063" lon="18.42752">
        <ele>960.2</ele>
      </trkpt>
      <trkpt lat="43.20616" lon="18.42785">
        <ele>959.4</ele>
      </trkpt>
      <trkpt lat="43.20592" lon="18.42853">
        <ele>956.4</ele>
      </trkpt>
      <trkpt lat="43.20586" lon="18.42878">
        <ele>955.0</ele>
      </trkpt>
      <trkpt lat="43.20577" lon="18.42926">
        <ele>955.7</ele>
      </trkpt>
      <trkpt lat="43.20575" lon="18.42932">
        <ele>955.8</ele>
      </trkpt>
      <trkpt lat="43.20572" lon="18.42942">
        <ele>956.0</ele>
      </trkpt>
      <trkpt lat="43.20561" lon="18.42967">
        <ele>956.5</ele>
      </trkpt>
      <trkpt lat="43.20545" lon="18.42995">
        <ele>957.8</ele>
      </trkpt>
      <trkpt lat="43.20528" lon="18.43032">
        <ele>959.0</ele>
      </trkpt>
      <trkpt lat="43.20522" lon="18.43045">
        <ele>959.2</ele>
      </trkpt>
      <trkpt lat="43.20518" lon="18.43063">
        <ele>959.4</ele>
      </trkpt>
      <trkpt lat="43.20516" lon="18.43154">
        <ele>959.2</ele>
      </trkpt>
      <trkpt lat="43.20516" lon="18.43185">
        <ele>958.6</ele>
      </trkpt>
      <trkpt lat="43.20519" lon="18.43217">
        <ele>958.0</ele>
      </trkpt>
      <trkpt lat="43.20525" lon="18.43236">
        <ele>958.1</ele>
      </trkpt>
      <trkpt lat="43.20537" lon="18.43248">
        <ele>959.1</ele>
      </trkpt>
      <trkpt lat="43.20549" lon="18.43257">
        <ele>960.3</ele>
      </trkpt>
      <trkpt lat="43.20621" lon="18.43292">
        <ele>965.6</ele>
      </trkpt>
      <trkpt lat="43.20642" lon="18.43313">
        <ele>966.9</ele>
      </trkpt>
      <trkpt lat="43.20656" lon="18.43342">
        <ele>967.3</ele>
      </trkpt>
      <trkpt lat="43.20661" lon="18.43364">
        <ele>966.7</ele>
      </trkpt>
      <trkpt lat="43.20664" lon="18.43386">
        <ele>965.7</ele>
      </trkpt>
      <trkpt lat="43.20665" lon="18.43413">
        <ele>964.2</ele>
      </trkpt>
      <trkpt lat="43.20662" lon="18.43528">
        <ele>963.0</ele>
      </trkpt>
      <trkpt lat="43.20652" lon="18.43584">
        <ele>962.8</ele>
      </trkpt>
      <trkpt lat="43.20619" lon="18.43696">
        <ele>959.7</ele>
      </trkpt>
      <trkpt lat="43.20611" lon="18.43734">
        <ele>957.8</ele>
      </trkpt>
      <trkpt lat="43.206" lon="18.4382">
        <ele>959.7</ele>
      </trkpt>
      <trkpt lat="43.20596" lon="18.43835">
        <ele>959.7</ele>
      </trkpt>
      <trkpt lat="43.20591" lon="18.43848">
        <ele>959.8</ele>
      </trkpt>
      <trkpt lat="43.20585" lon="18.43858">
        <ele>959.4</ele>
      </trkpt>
      <trkpt lat="43.20549" lon="18.43904">
        <ele>961.4</ele>
      </trkpt>
      <trkpt lat="43.20514" lon="18.43949">
        <ele>962.5</ele>
      </trkpt>
      <trkpt lat="43.20498" lon="18.43975">
        <ele>962.7</ele>
      </trkpt>
      <trkpt lat="43.2047" lon="18.44039">
        <ele>968.9</ele>
      </trkpt>
      <trkpt lat="43.20442" lon="18.44102">
        <ele>968.4</ele>
      </trkpt>
      <trkpt lat="43.2041" lon="18.44155">
        <ele>967.2</ele>
      </trkpt>
      <trkpt lat="43.20377" lon="18.44207">
        <ele>969.5</ele>
      </trkpt>
      <trkpt lat="43.20365" lon="18.44222">
        <ele>968.7</ele>
      </trkpt>
      <trkpt lat="43.20324" lon="18.44252">
        <ele>963.2</ele>
      </trkpt>
      <trkpt lat="43.20303" lon="18.4427">
        <ele>963.6</ele>
      </trkpt>
      <trkpt lat="43.20285" lon="18.44289">
        <ele>962.9</ele>
      </trkpt>
      <trkpt lat="43.20269" lon="18.4431">
        <ele>961.3</ele>
      </trkpt>
      <trkpt lat="43.20259" lon="18.44333">
        <ele>959.1</ele>
      </trkpt>
      <trkpt lat="43.20256" lon="18.44349">
        <ele>958.1</ele>
      </trkpt>
      <trkpt lat="43.20256" lon="18.44361">
        <ele>957.6</ele>
      </trkpt>
      <trkpt lat="43.20258" lon="18.44371">
        <ele>957.4</ele>
      </trkpt>
      <trkpt lat="43.20268" lon="18.4439">
        <ele>957.5</ele>
      </trkpt>
      <trkpt lat="43.20271" lon="18.44394">
        <ele>957.6</ele>
      </trkpt>
      <trkpt lat="43.20311" lon="18.4441">
        <ele>959.9</ele>
      </trkpt>
      <trkpt lat="43.20321" lon="18.44415">
        <ele>960.2</ele>
      </trkpt>
      <trkpt lat="43.20342" lon="18.44434">
        <ele>963.6</ele>
      </trkpt>
      <trkpt lat="43.20349" lon="18.44447">
        <ele>965.7</ele>
      </trkpt>
      <trkpt lat="43.20358" lon="18.44466">
        <ele>968.2</ele>
      </trkpt>
      <trkpt lat="43.20366" lon="18.44508">
        <ele>969.4</ele>
      </trkpt>
      <trkpt lat="43.20367" lon="18.4454">
        <ele>969.2</ele>
      </trkpt>
      <trkpt lat="43.20365" lon="18.44574">
        <ele>967.8</ele>
      </trkpt>
      <trkpt lat="43.20358" lon="18.4461">
        <ele>964.9</ele>
      </trkpt>
      <trkpt lat="43.20349" lon="18.44641">
        <ele>961.7</ele>
      </trkpt>
      <trkpt lat="43.20328" lon="18.44697">
        <ele>959.9</ele>
      </trkpt>
      <trkpt lat="43.20284" lon="18.44771">
        <ele>964.1</ele>
      </trkpt>
      <trkpt lat="43.20243" lon="18.44809">
        <ele>963.6</ele>
      </trkpt>
      <trkpt lat="43.20209" lon="18.4485">
        <ele>965.5</ele>
      </trkpt>
      <trkpt lat="43.2018" lon="18.44903">
        <ele>962.3</ele>
      </trkpt>
      <trkpt lat="43.20165" lon="18.44941">
        <ele>961.2</ele>
      </trkpt>
      <trkpt lat="43.20157" lon="18.44966">
        <ele>964.5</ele>
      </trkpt>
      <trkpt lat="43.20138" lon="18.45004">
        <ele>966.9</ele>
      </trkpt>
      <trkpt lat="43.20126" lon="18.45022">
        <ele>969.7</ele>
      </trkpt>
      <trkpt lat="43.20104" lon="18.45042">
        <ele>970.7</ele>
      </trkpt>
      <trkpt lat="43.20086" lon="18.45051">
        <ele>969.2</ele>
      </trkpt>
      <trkpt lat="43.20063" lon="18.45058">
        <ele>970.1</ele>
      </trkpt>
      <trkpt lat="43.20045" lon="18.45058">
        <ele>970.4</ele>
      </trkpt>
      <trkpt lat="43.20024" lon="18.45054">
        <ele>970.3</ele>
      </trkpt>
      <trkpt lat="43.20006" lon="18.45042">
        <ele>968.9</ele>
      </trkpt>
      <trkpt lat="43.19987" lon="18.45026">
        <ele>968.6</ele>
      </trkpt>
      <trkpt lat="43.1995" lon="18.44989">
        <ele>967.2</ele>
      </trkpt>
      <trkpt lat="43.19924" lon="18.44959">
        <ele>964.4</ele>
      </trkpt>
      <trkpt lat="43.19902" lon="18.44938">
        <ele>961.7</ele>
      </trkpt>
      <trkpt lat="43.19885" lon="18.44912">
        <ele>959.5</ele>
      </trkpt>
      <trkpt lat="43.19873" lon="18.44886">
        <ele>960.8</ele>
      </trkpt>
      <trkpt lat="43.19867" lon="18.4486">
        <ele>961.3</ele>
      </trkpt>
      <trkpt lat="43.19858" lon="18.44798">
        <ele>963.4</ele>
      </trkpt>
      <trkpt lat="43.19849" lon="18.44772">
        <ele>963.4</ele>
      </trkpt>
      <trkpt lat="43.19843" lon="18.44763">
        <ele>962.7</ele>
      </trkpt>
      <trkpt lat="43.19827" lon="18.44747">
        <ele>961.2</ele>
      </trkpt>
      <trkpt lat="43.19809" lon="18.44739">
        <ele>961.7</ele>
      </trkpt>
      <trkpt lat="43.19793" lon="18.44737">
        <ele>961.3</ele>
      </trkpt>
      <trkpt lat="43.1978" lon="18.44738">
        <ele>960.7</ele>
      </trkpt>
      <trkpt lat="43.19766" lon="18.44743">
        <ele>959.5</ele>
      </trkpt>
      <trkpt lat="43.19751" lon="18.44756">
        <ele>958.0</ele>
      </trkpt>
      <trkpt lat="43.19741" lon="18.44769">
        <ele>959.1</ele>
      </trkpt>
      <trkpt lat="43.19734" lon="18.44789">
        <ele>959.8</ele>
      </trkpt>
      <trkpt lat="43.19723" lon="18.44879">
        <ele>959.3</ele>
      </trkpt>
      <trkpt lat="43.19712" lon="18.44968">
        <ele>959.0</ele>
      </trkpt>
      <trkpt lat="43.19703" lon="18.44998">
        <ele>958.1</ele>
      </trkpt>
      <trkpt lat="43.19688" lon="18.45028">
        <ele>959.1</ele>
      </trkpt>
      <trkpt lat="43.19674" lon="18.45046">
        <ele>958.7</ele>
      </trkpt>
      <trkpt lat="43.19649" lon="18.45066">
        <ele>958.5</ele>
      </trkpt>
      <trkpt lat="43.19612" lon="18.45069">
        <ele>957.7</ele>
      </trkpt>
      <trkpt lat="43.19586" lon="18.45067">
        <ele>957.1</ele>
      </trkpt>
      <trkpt lat="43.19562" lon="18.4507">
        <ele>956.6</ele>
      </trkpt>
      <trkpt lat="43.19493" lon="18.45096">
        <ele>955.4</ele>
      </trkpt>
      <trkpt lat="43.19423" lon="18.45123">
        <ele>953.2</ele>
      </trkpt>
      <trkpt lat="43.1941" lon="18.45133">
        <ele>953.2</ele>
      </trkpt>
      <trkpt lat="43.19396" lon="18.45156">
        <ele>953.8</ele>
      </trkpt>
      <trkpt lat="43.1937" lon="18.45217">
        <ele>955.3</ele>
      </trkpt>
      <trkpt lat="43.19347" lon="18.45243">
        <ele>954.8</ele>
      </trkpt>
      <trkpt lat="43.1932" lon="18.45263">
        <ele>954.2</ele>
      </trkpt>
      <trkpt lat="43.193" lon="18.45285">
        <ele>954.4</ele>
      </trkpt>
      <trkpt lat="43.19296" lon="18.45305">
        <ele>954.9</ele>
      </trkpt>
      <trkpt lat="43.19292" lon="18.45397">
        <ele>957.8</ele>
      </trkpt>
      <trkpt lat="43.19283" lon="18.45481">
        <ele>959.2</ele>
      </trkpt>
      <trkpt lat="43.19282" lon="18.45502">
        <ele>959.4</ele>
      </trkpt>
      <trkpt lat="43.19284" lon="18.45527">
        <ele>959.3</ele>
      </trkpt>
      <trkpt lat="43.19293" lon="18.45555">
        <ele>960.0</ele>
      </trkpt>
      <trkpt lat="43.19324" lon="18.45628">
        <ele>959.8</ele>
      </trkpt>
      <trkpt lat="43.19338" lon="18.45648">
        <ele>959.7</ele>
      </trkpt>
      <trkpt lat="43.19409" lon="18.45719">
        <ele>960.7</ele>
      </trkpt>
      <trkpt lat="43.19436" lon="18.45754">
        <ele>961.6</ele>
      </trkpt>
      <trkpt lat="43.19479" lon="18.45841">
        <ele>962.9</ele>
      </trkpt>
      <trkpt lat="43.19493" lon="18.45865">
        <ele>962.2</ele>
      </trkpt>
      <trkpt lat="43.19544" lon="18.45939">
        <ele>961.5</ele>
      </trkpt>
      <trkpt lat="43.19594" lon="18.46014">
        <ele>958.8</ele>
      </trkpt>
      <trkpt lat="43.1961" lon="18.46043">
        <ele>959.7</ele>
      </trkpt>
      <trkpt lat="43.19621" lon="18.46074">
        <ele>959.8</ele>
      </trkpt>
      <trkpt lat="43.19624" lon="18.461">
        <ele>959.3</ele>
      </trkpt>
      <trkpt lat="43.19623" lon="18.46128">
        <ele>958.3</ele>
      </trkpt>
      <trkpt lat="43.19612" lon="18.46213">
        <ele>955.2</ele>
      </trkpt>
      <trkpt lat="43.1961" lon="18.46251">
        <ele>954.5</ele>
      </trkpt>
      <trkpt lat="43.19615" lon="18.46292">
        <ele>953.1</ele>
      </trkpt>
      <trkpt lat="43.19633" lon="18.46373">
        <ele>951.4</ele>
      </trkpt>
      <trkpt lat="43.19636" lon="18.46404">
        <ele>950.8</ele>
      </trkpt>
      <trkpt lat="43.19632" lon="18.46445">
        <ele>951.6</ele>
      </trkpt>
      <trkpt lat="43.19621" lon="18.46482">
        <ele>952.7</ele>
      </trkpt>
      <trkpt lat="43.19613" lon="18.46517">
        <ele>953.1</ele>
      </trkpt>
      <trkpt lat="43.19609" lon="18.46543">
        <ele>953.0</ele>
      </trkpt>
      <trkpt lat="43.19604" lon="18.46661">
        <ele>953.9</ele>
      </trkpt>
      <trkpt lat="43.19602" lon="18.46672">
        <ele>954.1</ele>
      </trkpt>
      <trkpt lat="43.19579" lon="18.46735">
        <ele>955.0</ele>
      </trkpt>
      <trkpt lat="43.19563" lon="18.46771">
        <ele>954.6</ele>
      </trkpt>
      <trkpt lat="43.19518" lon="18.46835">
        <ele>952.3</ele>
      </trkpt>
      <trkpt lat="43.19473" lon="18.46899">
        <ele>952.5</ele>
      </trkpt>
      <trkpt lat="43.19456" lon="18.46926">
        <ele>952.5</ele>
      </trkpt>
      <trkpt lat="43.19443" lon="18.4695">
        <ele>952.7</ele>
      </trkpt>
      <trkpt lat="43.19432" lon="18.46975">
        <ele>952.9</ele>
      </trkpt>
      <trkpt lat="43.19418" lon="18.46999">
        <ele>952.2</ele>
      </trkpt>
      <trkpt lat="43.19408" lon="18.47012">
        <ele>952.9</ele>
      </trkpt>
      <trkpt lat="43.19359" lon="18.47067">
        <ele>952.3</ele>
      </trkpt>
      <trkpt lat="43.19328" lon="18.47114">
        <ele>951.4</ele>
      </trkpt>
      <trkpt lat="43.19298" lon="18.47161">
        <ele>951.2</ele>
      </trkpt>
      <trkpt lat="43.1926" lon="18.47227">
        <ele>947.9</ele>
      </trkpt>
      <trkpt lat="43.19222" lon="18.47292">
        <ele>947.5</ele>
      </trkpt>
      <trkpt lat="43.19183" lon="18.47357">
        <ele>948.6</ele>
      </trkpt>
      <trkpt lat="43.19143" lon="18.47421">
        <ele>950.7</ele>
      </trkpt>
      <trkpt lat="43.19104" lon="18.47485">
        <ele>949.7</ele>
      </trkpt>
      <trkpt lat="43.19092" lon="18.47509">
        <ele>949.4</ele>
      </trkpt>
      <trkpt lat="43.19076" lon="18.47564">
        <ele>950.0</ele>
      </trkpt>
      <trkpt lat="43.19058" lon="18.47657">
        <ele>950.4</ele>
      </trkpt>
      <trkpt lat="43.19057" lon="18.47686">
        <ele>950.0</ele>
      </trkpt>
      <trkpt lat="43.19059" lon="18.47709">
        <ele>949.7</ele>
      </trkpt>
      <trkpt lat="43.19071" lon="18.4777">
        <ele>949.7</ele>
      </trkpt>
      <trkpt lat="43.19074" lon="18.47795">
        <ele>949.7</ele>
      </trkpt>
      <trkpt lat="43.19075" lon="18.47815">
        <ele>949.5</ele>
      </trkpt>
      <trkpt lat="43.19072" lon="18.47838">
        <ele>949.5</ele>
      </trkpt>
      <trkpt lat="43.19064" lon="18.47865">
        <ele>951.4</ele>
      </trkpt>
      <trkpt lat="43.19054" lon="18.47885">
        <ele>952.2</ele>
      </trkpt>
      <trkpt lat="43.19033" lon="18.47914">
        <ele>952.1</ele>
      </trkpt>
      <trkpt lat="43.18984" lon="18.47969">
        <ele>952.1</ele>
      </trkpt>
      <trkpt lat="43.18966" lon="18.47986">
        <ele>952.0</ele>
      </trkpt>
      <trkpt lat="43.18911" lon="18.48027">
        <ele>949.6</ele>
      </trkpt>
      <trkpt lat="43.1889" lon="18.48052">
        <ele>949.0</ele>
      </trkpt>
      <trkpt lat="43.18862" lon="18.48097">
        <ele>948.1</ele>
      </trkpt>
      <trkpt lat="43.18845" lon="18.48136">
        <ele>947.7</ele>
      </trkpt>
      <trkpt lat="43.18832" lon="18.48173">
        <ele>947.1</ele>
      </trkpt>
      <trkpt lat="43.18823" lon="18.48209">
        <ele>947.7</ele>
      </trkpt>
      <trkpt lat="43.18812" lon="18.48269">
        <ele>948.8</ele>
      </trkpt>
      <trkpt lat="43.18802" lon="18.48312">
        <ele>949.7</ele>
      </trkpt>
      <trkpt lat="43.1879" lon="18.48342">
        <ele>949.5</ele>
      </trkpt>
      <trkpt lat="43.18755" lon="18.48391">
        <ele>947.5</ele>
      </trkpt>
      <trkpt lat="43.18719" lon="18.48424">
        <ele>947.4</ele>
      </trkpt>
      <trkpt lat="43.18697" lon="18.48436">
        <ele>947.9</ele>
      </trkpt>
      <trkpt lat="43.18652" lon="18.48455">
        <ele>948.0</ele>
      </trkpt>
      <trkpt lat="43.18631" lon="18.48466">
        <ele>947.8</ele>
      </trkpt>
      <trkpt lat="43.18593" lon="18.48493">
        <ele>947.3</ele>
      </trkpt>
      <trkpt lat="43.18538" lon="18.48536">
        <ele>946.7</ele>
      </trkpt>
      <trkpt lat="43.18503" lon="18.4857">
        <ele>946.3</ele>
      </trkpt>
      <trkpt lat="43.1845" lon="18.48628">
        <ele>945.3</ele>
      </trkpt>
      <trkpt lat="43.18387" lon="18.48707">
        <ele>943.5</ele>
      </trkpt>
      <trkpt lat="43.18338" lon="18.48762">
        <ele>942.6</ele>
      </trkpt>
      <trkpt lat="43.1829" lon="18.48817">
        <ele>945.3</ele>
      </trkpt>
      <trkpt lat="43.18258" lon="18.48863">
        <ele>944.9</ele>
      </trkpt>
      <trkpt lat="43.18227" lon="18.4891">
        <ele>945.5</ele>
      </trkpt>
      <trkpt lat="43.1818" lon="18.48986">
        <ele>945.7</ele>
      </trkpt>
      <trkpt lat="43.18166" lon="18.49001">
        <ele>945.1</ele>
      </trkpt>
      <trkpt lat="43.18148" lon="18.49015">
        <ele>945.3</ele>
      </trkpt>
      <trkpt lat="43.18129" lon="18.49024">
        <ele>945.0</ele>
      </trkpt>
      <trkpt lat="43.18094" lon="18.49046">
        <ele>945.1</ele>
      </trkpt>
      <trkpt lat="43.18024" lon="18.49109">
        <ele>945.7</ele>
      </trkpt>
      <trkpt lat="43.17982" lon="18.49149">
        <ele>945.5</ele>
      </trkpt>
      <trkpt lat="43.17964" lon="18.49171">
        <ele>945.3</ele>
      </trkpt>
      <trkpt lat="43.17949" lon="18.49195">
        <ele>944.4</ele>
      </trkpt>
      <trkpt lat="43.1794" lon="18.49217">
        <ele>944.1</ele>
      </trkpt>
      <trkpt lat="43.17934" lon="18.4925">
        <ele>944.3</ele>
      </trkpt>
      <trkpt lat="43.17932" lon="18.4931">
        <ele>945.3</ele>
      </trkpt>
      <trkpt lat="43.17931" lon="18.49387">
        <ele>946.4</ele>
      </trkpt>
      <trkpt lat="43.1793" lon="18.49464">
        <ele>947.0</ele>
      </trkpt>
      <trkpt lat="43.17922" lon="18.49514">
        <ele>946.5</ele>
      </trkpt>
      <trkpt lat="43.17901" lon="18.49552">
        <ele>946.1</ele>
      </trkpt>
      <trkpt lat="43.17874" lon="18.49594">
        <ele>945.0</ele>
      </trkpt>
      <trkpt lat="43.17863" lon="18.49623">
        <ele>944.2</ele>
      </trkpt>
      <trkpt lat="43.17856" lon="18.49651">
        <ele>943.6</ele>
      </trkpt>
      <trkpt lat="43.17847" lon="18.49718">
        <ele>944.2</ele>
      </trkpt>
      <trkpt lat="43.17842" lon="18.49801">
        <ele>946.0</ele>
      </trkpt>
      <trkpt lat="43.17844" lon="18.49846">
        <ele>947.3</ele>
      </trkpt>
      <trkpt lat="43.17851" lon="18.49884">
        <ele>948.1</ele>
      </trkpt>
      <trkpt lat="43.17862" lon="18.49916">
        <ele>949.4</ele>
      </trkpt>
      <trkpt lat="43.17895" lon="18.50003">
        <ele>951.0</ele>
      </trkpt>
      <trkpt lat="43.17898" lon="18.50028">
        <ele>952.1</ele>
      </trkpt>
      <trkpt lat="43.17898" lon="18.50051">
        <ele>952.7</ele>
      </trkpt>
      <trkpt lat="43.17892" lon="18.50078">
        <ele>952.6</ele>
      </trkpt>
      <trkpt lat="43.17883" lon="18.50101">
        <ele>952.4</ele>
      </trkpt>
      <trkpt lat="43.17856" lon="18.50138">
        <ele>950.6</ele>
      </trkpt>
      <trkpt lat="43.17841" lon="18.50163">
        <ele>949.8</ele>
      </trkpt>
      <trkpt lat="43.17817" lon="18.50229">
        <ele>952.2</ele>
      </trkpt>
      <trkpt lat="43.17793" lon="18.50295">
        <ele>953.4</ele>
      </trkpt>
      <trkpt lat="43.17759" lon="18.50396">
        <ele>952.8</ele>
      </trkpt>
      <trkpt lat="43.17724" lon="18.50497">
        <ele>953.8</ele>
      </trkpt>
      <trkpt lat="43.17691" lon="18.50606">
        <ele>950.7</ele>
      </trkpt>
      <trkpt lat="43.17688" lon="18.50624">
        <ele>950.7</ele>
      </trkpt>
      <trkpt lat="43.17688" lon="18.50667">
        <ele>951.6</ele>
      </trkpt>
      <trkpt lat="43.17693" lon="18.50755">
        <ele>950.8</ele>
      </trkpt>
      <trkpt lat="43.17689" lon="18.50796">
        <ele>950.3</ele>
      </trkpt>
      <trkpt lat="43.17683" lon="18.50818">
        <ele>949.3</ele>
      </trkpt>
      <trkpt lat="43.17659" lon="18.50865">
        <ele>947.6</ele>
      </trkpt>
      <trkpt lat="43.17641" lon="18.5091">
        <ele>948.6</ele>
      </trkpt>
      <trkpt lat="43.17631" lon="18.50941">
        <ele>948.8</ele>
      </trkpt>
      <trkpt lat="43.17624" lon="18.5098">
        <ele>949.3</ele>
      </trkpt>
      <trkpt lat="43.17615" lon="18.51065">
        <ele>949.6</ele>
      </trkpt>
      <trkpt lat="43.17596" lon="18.5117">
        <ele>951.2</ele>
      </trkpt>
      <trkpt lat="43.17577" lon="18.51275">
        <ele>949.4</ele>
      </trkpt>
      <trkpt lat="43.17554" lon="18.51382">
        <ele>951.0</ele>
      </trkpt>
      <trkpt lat="43.17531" lon="18.51489">
        <ele>954.7</ele>
      </trkpt>
      <trkpt lat="43.17527" lon="18.51525">
        <ele>954.2</ele>
      </trkpt>
      <trkpt lat="43.17526" lon="18.51572">
        <ele>952.7</ele>
      </trkpt>
      <trkpt lat="43.1754" lon="18.51654">
        <ele>949.3</ele>
      </trkpt>
      <trkpt lat="43.17543" lon="18.51687">
        <ele>948.2</ele>
      </trkpt>
      <trkpt lat="43.17543" lon="18.51724">
        <ele>947.5</ele>
      </trkpt>
      <trkpt lat="43.17536" lon="18.51765">
        <ele>947.7</ele>
      </trkpt>
      <trkpt lat="43.1753" lon="18.51787">
        <ele>947.8</ele>
      </trkpt>
      <trkpt lat="43.1752" lon="18.51807">
        <ele>947.9</ele>
      </trkpt>
      <trkpt lat="43.17508" lon="18.51827">
        <ele>948.1</ele>
      </trkpt>
      <trkpt lat="43.17492" lon="18.51844">
        <ele>949.0</ele>
      </trkpt>
      <trkpt lat="43.17442" lon="18.51889">
        <ele>951.2</ele>
      </trkpt>
      <trkpt lat="43.17391" lon="18.51935">
        <ele>951.7</ele>
      </trkpt>
      <trkpt lat="43.17347" lon="18.51984">
        <ele>950.2</ele>
      </trkpt>
      <trkpt lat="43.1729" lon="18.52057">
        <ele>951.2</ele>
      </trkpt>
      <trkpt lat="43.17259" lon="18.52089">
        <ele>951.8</ele>
      </trkpt>
      <trkpt lat="43.17215" lon="18.5213">
        <ele>951.9</ele>
      </trkpt>
      <trkpt lat="43.1717" lon="18.52172">
        <ele>952.4</ele>
      </trkpt>
      <trkpt lat="43.17103" lon="18.52244">
        <ele>951.2</ele>
      </trkpt>
      <trkpt lat="43.17069" lon="18.52292">
        <ele>951.6</ele>
      </trkpt>
      <trkpt lat="43.17034" lon="18.5234">
        <ele>953.2</ele>
      </trkpt>
      <trkpt lat="43.16986" lon="18.52418">
        <ele>954.0</ele>
      </trkpt>
      <trkpt lat="43.16944" lon="18.52483">
        <ele>952.0</ele>
      </trkpt>
      <trkpt lat="43.16902" lon="18.52548">
        <ele>951.8</ele>
      </trkpt>
      <trkpt lat="43.16877" lon="18.52592">
        <ele>952.4</ele>
      </trkpt>
      <trkpt lat="43.16863" lon="18.52632">
        <ele>952.6</ele>
      </trkpt>
      <trkpt lat="43.16847" lon="18.52691">
        <ele>952.3</ele>
      </trkpt>
      <trkpt lat="43.1683" lon="18.52751">
        <ele>950.9</ele>
      </trkpt>
      <trkpt lat="43.16811" lon="18.528">
        <ele>951.8</ele>
      </trkpt>
      <trkpt lat="43.16784" lon="18.5285">
        <ele>951.9</ele>
      </trkpt>
      <trkpt lat="43.16756" lon="18.52899">
        <ele>951.8</ele>
      </trkpt>
      <trkpt lat="43.16726" lon="18.52976">
        <ele>955.1</ele>
      </trkpt>
      <trkpt lat="43.167" lon="18.5305">
        <ele>957.8</ele>
      </trkpt>
      <trkpt lat="43.16674" lon="18.53125">
        <ele>957.9</ele>
      </trkpt>
      <trkpt lat="43.16654" lon="18.53185">
        <ele>956.5</ele>
      </trkpt>
      <trkpt lat="43.16647" lon="18.53213">
        <ele>956.7</ele>
      </trkpt>
      <trkpt lat="43.16641" lon="18.5325">
        <ele>957.2</ele>
      </trkpt>
      <trkpt lat="43.16637" lon="18.53317">
        <ele>956.9</ele>
      </trkpt>
      <trkpt lat="43.16633" lon="18.53384">
        <ele>957.2</ele>
      </trkpt>
      <trkpt lat="43.1663" lon="18.53486">
        <ele>957.7</ele>
      </trkpt>
      <trkpt lat="43.16626" lon="18.53546">
        <ele>957.8</ele>
      </trkpt>
      <trkpt lat="43.16623" lon="18.5356">
        <ele>957.7</ele>
      </trkpt>
      <trkpt lat="43.16629" lon="18.53571">
        <ele>958.2</ele>
      </trkpt>
      <trkpt lat="43.16632" lon="18.53581">
        <ele>958.5</ele>
      </trkpt>
      <trkpt lat="43.16644" lon="18.53634">
        <ele>961.9</ele>
      </trkpt>
      <trkpt lat="43.1665" lon="18.53667">
        <ele>964.2</ele>
      </trkpt>
      <trkpt lat="43.16652" lon="18.53703">
        <ele>964.6</ele>
      </trkpt>
      <trkpt lat="43.16649" lon="18.53722">
        <ele>964.5</ele>
      </trkpt>
      <trkpt lat="43.16642" lon="18.53743">
        <ele>964.2</ele>
      </trkpt>
      <trkpt lat="43.16632" lon="18.53771">
        <ele>964.7</ele>
      </trkpt>
      <trkpt lat="43.16606" lon="18.53829">
        <ele>966.8</ele>
      </trkpt>
      <trkpt lat="43.16599" lon="18.5385">
        <ele>967.6</ele>
      </trkpt>
      <trkpt lat="43.16595" lon="18.53865">
        <ele>968.1</ele>
      </trkpt>
      <trkpt lat="43.1659" lon="18.53892">
        <ele>969.2</ele>
      </trkpt>
      <trkpt lat="43.16587" lon="18.53932">
        <ele>970.3</ele>
      </trkpt>
      <trkpt lat="43.16589" lon="18.53967">
        <ele>970.6</ele>
      </trkpt>
      <trkpt lat="43.16597" lon="18.54045">
        <ele>974.1</ele>
      </trkpt>
      <trkpt lat="43.16595" lon="18.54071">
        <ele>975.1</ele>
      </trkpt>
      <trkpt lat="43.1659" lon="18.54093">
        <ele>976.1</ele>
      </trkpt>
      <trkpt lat="43.16568" lon="18.5413">
        <ele>977.2</ele>
      </trkpt>
      <trkpt lat="43.16559" lon="18.54156">
        <ele>978.5</ele>
      </trkpt>
      <trkpt lat="43.16548" lon="18.54196">
        <ele>980.7</ele>
      </trkpt>
      <trkpt lat="43.16535" lon="18.54259">
        <ele>984.2</ele>
      </trkpt>
      <trkpt lat="43.16529" lon="18.5431">
        <ele>986.2</ele>
      </trkpt>
      <trkpt lat="43.16533" lon="18.54357">
        <ele>988.8</ele>
      </trkpt>
      <trkpt lat="43.16539" lon="18.54394">
        <ele>990.1</ele>
      </trkpt>
      <trkpt lat="43.16547" lon="18.54418">
        <ele>991.7</ele>
      </trkpt>
      <trkpt lat="43.16555" lon="18.54435">
        <ele>992.9</ele>
      </trkpt>
      <trkpt lat="43.16582" lon="18.54477">
        <ele>996.1</ele>
      </trkpt>
      <trkpt lat="43.16585" lon="18.54487">
        <ele>996.1</ele>
      </trkpt>
      <trkpt lat="43.16587" lon="18.54501">
        <ele>995.8</ele>
      </trkpt>
      <trkpt lat="43.16582" lon="18.54527">
        <ele>997.4</ele>
      </trkpt>
      <trkpt lat="43.1656" lon="18.54564">
        <ele>997.1</ele>
      </trkpt>
      <trkpt lat="43.16553" lon="18.54584">
        <ele>997.6</ele>
      </trkpt>
      <trkpt lat="43.16545" lon="18.54629">
        <ele>1003.2</ele>
      </trkpt>
      <trkpt lat="43.16541" lon="18.54642">
        <ele>1004.5</ele>
      </trkpt>
      <trkpt lat="43.16525" lon="18.54664">
        <ele>1005.5</ele>
      </trkpt>
      <trkpt lat="43.1649" lon="18.54686">
        <ele>1003.1</ele>
      </trkpt>
      <trkpt lat="43.1648" lon="18.54696">
        <ele>1002.6</ele>
      </trkpt>
      <trkpt lat="43.16472" lon="18.54709">
        <ele>1003.1</ele>
      </trkpt>
      <trkpt lat="43.16465" lon="18.54723">
        <ele>1003.9</ele>
      </trkpt>
      <trkpt lat="43.1646" lon="18.54747">
        <ele>1006.9</ele>
      </trkpt>
      <trkpt lat="43.16457" lon="18.54775">
        <ele>1009.9</ele>
      </trkpt>
      <trkpt lat="43.16451" lon="18.54801">
        <ele>1011.7</ele>
      </trkpt>
      <trkpt lat="43.16441" lon="18.54823">
        <ele>1011.9</ele>
      </trkpt>
      <trkpt lat="43.16431" lon="18.54843">
        <ele>1011.9</ele>
      </trkpt>
      <trkpt lat="43.16421" lon="18.54865">
        <ele>1012.3</ele>
      </trkpt>
      <trkpt lat="43.16418" lon="18.5489">
        <ele>1014.8</ele>
      </trkpt>
      <trkpt lat="43.16417" lon="18.54906">
        <ele>1016.7</ele>
      </trkpt>
      <trkpt lat="43.16414" lon="18.54922">
        <ele>1017.8</ele>
      </trkpt>
      <trkpt lat="43.16398" lon="18.54977">
        <ele>1019.0</ele>
      </trkpt>
      <trkpt lat="43.16394" lon="18.55002">
        <ele>1020.3</ele>
      </trkpt>
      <trkpt lat="43.16393" lon="18.55084">
        <ele>1027.3</ele>
      </trkpt>
      <trkpt lat="43.1639" lon="18.55094">
        <ele>1028.6</ele>
      </trkpt>
      <trkpt lat="43.16385" lon="18.55107">
        <ele>1030.4</ele>
      </trkpt>
      <trkpt lat="43.1637" lon="18.55121">
        <ele>1031.9</ele>
      </trkpt>
      <trkpt lat="43.16363" lon="18.55122">
        <ele>1031.7</ele>
      </trkpt>
      <trkpt lat="43.1635" lon="18.55119">
        <ele>1030.1</ele>
      </trkpt>
      <trkpt lat="43.16287" lon="18.55097">
        <ele>1024.4</ele>
      </trkpt>
      <trkpt lat="43.16264" lon="18.55096">
        <ele>1024.6</ele>
      </trkpt>
      <trkpt lat="43.1625" lon="18.55106">
        <ele>1027.2</ele>
      </trkpt>
      <trkpt lat="43.16233" lon="18.55122">
        <ele>1028.5</ele>
      </trkpt>
      <trkpt lat="43.16186" lon="18.55185">
        <ele>1035.8</ele>
      </trkpt>
      <trkpt lat="43.16139" lon="18.55248">
        <ele>1039.6</ele>
      </trkpt>
      <trkpt lat="43.16125" lon="18.55272">
        <ele>1041.3</ele>
      </trkpt>
      <trkpt lat="43.16116" lon="18.55291">
        <ele>1042.6</ele>
      </trkpt>
      <trkpt lat="43.16109" lon="18.55312">
        <ele>1044.4</ele>
      </trkpt>
      <trkpt lat="43.16099" lon="18.55354">
        <ele>1047.6</ele>
      </trkpt>
      <trkpt lat="43.16099" lon="18.55373">
        <ele>1049.2</ele>
      </trkpt>
      <trkpt lat="43.16091" lon="18.554">
        <ele>1050.9</ele>
      </trkpt>
      <trkpt lat="43.16074" lon="18.55413">
        <ele>1050.7</ele>
      </trkpt>
      <trkpt lat="43.16053" lon="18.55425">
        <ele>1049.5</ele>
      </trkpt>
      <trkpt lat="43.16046" lon="18.55431">
        <ele>1049.2</ele>
      </trkpt>
      <trkpt lat="43.16041" lon="18.5544">
        <ele>1049.2</ele>
      </trkpt>
      <trkpt lat="43.16037" lon="18.55459">
        <ele>1049.9</ele>
      </trkpt>
      <trkpt lat="43.16038" lon="18.5547">
        <ele>1050.6</ele>
      </trkpt>
      <trkpt lat="43.16047" lon="18.55502">
        <ele>1053.1</ele>
      </trkpt>
      <trkpt lat="43.16048" lon="18.55512">
        <ele>1053.9</ele>
      </trkpt>
      <trkpt lat="43.16046" lon="18.55527">
        <ele>1054.7</ele>
      </trkpt>
      <trkpt lat="43.16021" lon="18.55598">
        <ele>1057.3</ele>
      </trkpt>
      <trkpt lat="43.1601" lon="18.55617">
        <ele>1058.5</ele>
      </trkpt>
      <trkpt lat="43.15997" lon="18.55624">
        <ele>1058.0</ele>
      </trkpt>
      <trkpt lat="43.1598" lon="18.55629">
        <ele>1056.8</ele>
      </trkpt>
      <trkpt lat="43.1597" lon="18.55634">
        <ele>1056.2</ele>
      </trkpt>
      <trkpt lat="43.15963" lon="18.55641">
        <ele>1056.1</ele>
      </trkpt>
      <trkpt lat="43.15942" lon="18.55682">
        <ele>1057.6</ele>
      </trkpt>
      <trkpt lat="43.15925" lon="18.55703">
        <ele>1057.9</ele>
      </trkpt>
      <trkpt lat="43.15908" lon="18.55719">
        <ele>1057.4</ele>
      </trkpt>
      <trkpt lat="43.15894" lon="18.55729">
        <ele>1056.2</ele>
      </trkpt>
      <trkpt lat="43.15881" lon="18.55742">
        <ele>1055.6</ele>
      </trkpt>
      <trkpt lat="43.15875" lon="18.55756">
        <ele>1055.8</ele>
      </trkpt>
      <trkpt lat="43.15854" lon="18.55833">
        <ele>1055.7</ele>
      </trkpt>
      <trkpt lat="43.15851" lon="18.55854">
        <ele>1057.5</ele>
      </trkpt>
      <trkpt lat="43.15853" lon="18.55894">
        <ele>1062.1</ele>
      </trkpt>
      <trkpt lat="43.15852" lon="18.55905">
        <ele>1063.2</ele>
      </trkpt>
      <trkpt lat="43.15844" lon="18.55928">
        <ele>1065.3</ele>
      </trkpt>
      <trkpt lat="43.15839" lon="18.55937">
        <ele>1066.1</ele>
      </trkpt>
      <trkpt lat="43.1583" lon="18.55944">
        <ele>1066.6</ele>
      </trkpt>
      <trkpt lat="43.1582" lon="18.55947">
        <ele>1066.9</ele>
      </trkpt>
      <trkpt lat="43.1581" lon="18.55946">
        <ele>1066.6</ele>
      </trkpt>
      <trkpt lat="43.15798" lon="18.55938">
        <ele>1065.3</ele>
      </trkpt>
      <trkpt lat="43.15783" lon="18.55934">
        <ele>1064.5</ele>
      </trkpt>
      <trkpt lat="43.15766" lon="18.55941">
        <ele>1065.4</ele>
      </trkpt>
      <trkpt lat="43.15755" lon="18.55952">
        <ele>1066.7</ele>
      </trkpt>
      <trkpt lat="43.15737" lon="18.55984">
        <ele>1069.8</ele>
      </trkpt>
      <trkpt lat="43.15731" lon="18.56002">
        <ele>1071.3</ele>
      </trkpt>
      <trkpt lat="43.15732" lon="18.56024">
        <ele>1072.9</ele>
      </trkpt>
      <trkpt lat="43.15734" lon="18.56044">
        <ele>1074.4</ele>
      </trkpt>
      <trkpt lat="43.15734" lon="18.56071">
        <ele>1076.2</ele>
      </trkpt>
      <trkpt lat="43.15729" lon="18.56092">
        <ele>1076.9</ele>
      </trkpt>
      <trkpt lat="43.15723" lon="18.56107">
        <ele>1076.9</ele>
      </trkpt>
      <trkpt lat="43.15714" lon="18.5612">
        <ele>1076.7</ele>
      </trkpt>
      <trkpt lat="43.15687" lon="18.56136">
        <ele>1075.5</ele>
      </trkpt>
      <trkpt lat="43.15679" lon="18.56147">
        <ele>1075.3</ele>
      </trkpt>
      <trkpt lat="43.15674" lon="18.56158">
        <ele>1075.2</ele>
      </trkpt>
      <trkpt lat="43.15673" lon="18.5617">
        <ele>1075.6</ele>
      </trkpt>
      <trkpt lat="43.15673" lon="18.56183">
        <ele>1076.3</ele>
      </trkpt>
      <trkpt lat="43.15678" lon="18.56195">
        <ele>1077.3</ele>
      </trkpt>
      <trkpt lat="43.15721" lon="18.56261">
        <ele>1082.0</ele>
      </trkpt>
      <trkpt lat="43.15736" lon="18.56277">
        <ele>1082.9</ele>
      </trkpt>
      <trkpt lat="43.15749" lon="18.56285">
        <ele>1083.8</ele>
      </trkpt>
      <trkpt lat="43.15762" lon="18.56295">
        <ele>1085.2</ele>
      </trkpt>
      <trkpt lat="43.15767" lon="18.56304">
        <ele>1085.9</ele>
      </trkpt>
      <trkpt lat="43.15771" lon="18.56315">
        <ele>1086.4</ele>
      </trkpt>
      <trkpt lat="43.15772" lon="18.56326">
        <ele>1086.7</ele>
      </trkpt>
      <trkpt lat="43.15771" lon="18.56337">
        <ele>1086.9</ele>
      </trkpt>
      <trkpt lat="43.15765" lon="18.56373">
        <ele>1087.2</ele>
      </trkpt>
      <trkpt lat="43.15764" lon="18.56385">
        <ele>1087.4</ele>
      </trkpt>
      <trkpt lat="43.15771" lon="18.56458">
        <ele>1090.0</ele>
      </trkpt>
      <trkpt lat="43.15771" lon="18.56507">
        <ele>1091.3</ele>
      </trkpt>
      <trkpt lat="43.15764" lon="18.56529">
        <ele>1091.1</ele>
      </trkpt>
      <trkpt lat="43.15744" lon="18.56565">
        <ele>1090.4</ele>
      </trkpt>
      <trkpt lat="43.15741" lon="18.56575">
        <ele>1090.3</ele>
      </trkpt>
      <trkpt lat="43.15739" lon="18.56587">
        <ele>1090.5</ele>
      </trkpt>
      <trkpt lat="43.15741" lon="18.56598">
        <ele>1091.1</ele>
      </trkpt>
      <trkpt lat="43.15747" lon="18.56612">
        <ele>1092.1</ele>
      </trkpt>
      <trkpt lat="43.15785" lon="18.56666">
        <ele>1096.6</ele>
      </trkpt>
      <trkpt lat="43.158" lon="18.56692">
        <ele>1100.2</ele>
      </trkpt>
      <trkpt lat="43.15813" lon="18.56704">
        <ele>1102.6</ele>
      </trkpt>
      <trkpt lat="43.1583" lon="18.56709">
        <ele>1104.8</ele>
      </trkpt>
      <trkpt lat="43.1584" lon="18.56706">
        <ele>1105.3</ele>
      </trkpt>
      <trkpt lat="43.15873" lon="18.56678">
        <ele>1104.2</ele>
      </trkpt>
      <trkpt lat="43.15881" lon="18.56674">
        <ele>1104.2</ele>
      </trkpt>
      <trkpt lat="43.15893" lon="18.56669">
        <ele>1104.4</ele>
      </trkpt>
      <trkpt lat="43.15904" lon="18.56674">
        <ele>1106.2</ele>
      </trkpt>
      <trkpt lat="43.15914" lon="18.56683">
        <ele>1108.7</ele>
      </trkpt>
      <trkpt lat="43.15926" lon="18.56697">
        <ele>1111.9</ele>
      </trkpt>
      <trkpt lat="43.15978" lon="18.56775">
        <ele>1119.7</ele>
      </trkpt>
      <trkpt lat="43.15992" lon="18.56787">
        <ele>1120.1</ele>
      </trkpt>
      <trkpt lat="43.16002" lon="18.56792">
        <ele>1120.1</ele>
      </trkpt>
      <trkpt lat="43.16011" lon="18.56794">
        <ele>1120.7</ele>
      </trkpt>
      <trkpt lat="43.16033" lon="18.56792">
        <ele>1121.4</ele>
      </trkpt>
      <trkpt lat="43.16082" lon="18.56776">
        <ele>1124.0</ele>
      </trkpt>
      <trkpt lat="43.16096" lon="18.56778">
        <ele>1125.3</ele>
      </trkpt>
      <trkpt lat="43.16133" lon="18.56791">
        <ele>1128.0</ele>
      </trkpt>
      <trkpt lat="43.1616" lon="18.56795">
        <ele>1130.1</ele>
      </trkpt>
      <trkpt lat="43.16194" lon="18.56795">
        <ele>1128.2</ele>
      </trkpt>
      <trkpt lat="43.16234" lon="18.56782">
        <ele>1126.0</ele>
      </trkpt>
      <trkpt lat="43.16304" lon="18.56746">
        <ele>1128.7</ele>
      </trkpt>
      <trkpt lat="43.16368" lon="18.56718">
        <ele>1128.0</ele>
      </trkpt>
      <trkpt lat="43.16423" lon="18.56701">
        <ele>1126.7</ele>
      </trkpt>
      <trkpt lat="43.16454" lon="18.56683">
        <ele>1127.6</ele>
      </trkpt>
      <trkpt lat="43.16493" lon="18.56639">
        <ele>1128.7</ele>
      </trkpt>
      <trkpt lat="43.16505" lon="18.56619">
        <ele>1129.2</ele>
      </trkpt>
      <trkpt lat="43.16545" lon="18.56533">
        <ele>1129.9</ele>
      </trkpt>
      <trkpt lat="43.16585" lon="18.56448">
        <ele>1131.4</ele>
      </trkpt>
      <trkpt lat="43.16621" lon="18.56393">
        <ele>1133.9</ele>
      </trkpt>
      <trkpt lat="43.16663" lon="18.56351">
        <ele>1134.4</ele>
      </trkpt>
      <trkpt lat="43.16708" lon="18.56331">
        <ele>1133.0</ele>
      </trkpt>
      <trkpt lat="43.16763" lon="18.56314">
        <ele>1131.1</ele>
      </trkpt>
      <trkpt lat="43.16843" lon="18.56293">
        <ele>1131.3</ele>
      </trkpt>
      <trkpt lat="43.16877" lon="18.56291">
        <ele>1131.0</ele>
      </trkpt>
      <trkpt lat="43.1694" lon="18.56295">
        <ele>1131.1</ele>
      </trkpt>
      <trkpt lat="43.16969" lon="18.56303">
        <ele>1131.9</ele>
      </trkpt>
      <trkpt lat="43.17004" lon="18.56318">
        <ele>1133.0</ele>
      </trkpt>
      <trkpt lat="43.17074" lon="18.56351">
        <ele>1135.7</ele>
      </trkpt>
      <trkpt lat="43.17144" lon="18.56385">
        <ele>1138.3</ele>
      </trkpt>
      <trkpt lat="43.17215" lon="18.56419">
        <ele>1136.7</ele>
      </trkpt>
      <trkpt lat="43.1724" lon="18.56427">
        <ele>1135.4</ele>
      </trkpt>
      <trkpt lat="43.17317" lon="18.56443">
        <ele>1131.4</ele>
      </trkpt>
      <trkpt lat="43.17394" lon="18.56459">
        <ele>1125.3</ele>
      </trkpt>
      <trkpt lat="43.17432" lon="18.5647">
        <ele>1122.7</ele>
      </trkpt>
      <trkpt lat="43.17468" lon="18.56483">
        <ele>1120.6</ele>
      </trkpt>
      <trkpt lat="43.17501" lon="18.56501">
        <ele>1118.9</ele>
      </trkpt>
      <trkpt lat="43.17533" lon="18.56521">
        <ele>1117.4</ele>
      </trkpt>
      <trkpt lat="43.17557" lon="18.56543">
        <ele>1117.0</ele>
      </trkpt>
      <trkpt lat="43.17597" lon="18.56591">
        <ele>1118.8</ele>
      </trkpt>
      <trkpt lat="43.1765" lon="18.56659">
        <ele>1118.7</ele>
      </trkpt>
      <trkpt lat="43.17677" lon="18.56683">
        <ele>1117.9</ele>
      </trkpt>
      <trkpt lat="43.17711" lon="18.5671">
        <ele>1117.2</ele>
      </trkpt>
      <trkpt lat="43.17768" lon="18.5674">
        <ele>1116.1</ele>
      </trkpt>
      <trkpt lat="43.1784" lon="18.56772">
        <ele>1111.1</ele>
      </trkpt>
      <trkpt lat="43.17887" lon="18.56806">
        <ele>1106.1</ele>
      </trkpt>
      <trkpt lat="43.17943" lon="18.56858">
        <ele>1098.1</ele>
      </trkpt>
      <trkpt lat="43.17972" lon="18.56877">
        <ele>1097.6</ele>
      </trkpt>
      <trkpt lat="43.18" lon="18.56885">
        <ele>1098.7</ele>
      </trkpt>
      <trkpt lat="43.18036" lon="18.56889">
        <ele>1095.1</ele>
      </trkpt>
      <trkpt lat="43.18063" lon="18.56884">
        <ele>1093.6</ele>
      </trkpt>
      <trkpt lat="43.18104" lon="18.56868">
        <ele>1089.4</ele>
      </trkpt>
      <trkpt lat="43.18131" lon="18.56843">
        <ele>1085.5</ele>
      </trkpt>
      <trkpt lat="43.18187" lon="18.56771">
        <ele>1085.1</ele>
      </trkpt>
      <trkpt lat="43.18216" lon="18.56739">
        <ele>1083.9</ele>
      </trkpt>
      <trkpt lat="43.18237" lon="18.56721">
        <ele>1082.7</ele>
      </trkpt>
      <trkpt lat="43.18295" lon="18.56684">
        <ele>1079.2</ele>
      </trkpt>
      <trkpt lat="43.18317" lon="18.56665">
        <ele>1078.8</ele>
      </trkpt>
      <trkpt lat="43.18365" lon="18.56613">
        <ele>1079.0</ele>
      </trkpt>
      <trkpt lat="43.18389" lon="18.56595">
        <ele>1076.7</ele>
      </trkpt>
      <trkpt lat="43.18408" lon="18.56585">
        <ele>1073.7</ele>
      </trkpt>
      <trkpt lat="43.18433" lon="18.56579">
        <ele>1071.2</ele>
      </trkpt>
      <trkpt lat="43.1846" lon="18.56583">
        <ele>1068.4</ele>
      </trkpt>
      <trkpt lat="43.18486" lon="18.56592">
        <ele>1066.0</ele>
      </trkpt>
      <trkpt lat="43.1851" lon="18.5661">
        <ele>1066.0</ele>
      </trkpt>
      <trkpt lat="43.18538" lon="18.56642">
        <ele>1069.3</ele>
      </trkpt>
      <trkpt lat="43.1859" lon="18.56717">
        <ele>1071.7</ele>
      </trkpt>
      <trkpt lat="43.1861" lon="18.56737">
        <ele>1072.1</ele>
      </trkpt>
      <trkpt lat="43.18629" lon="18.56752">
        <ele>1072.0</ele>
      </trkpt>
      <trkpt lat="43.1865" lon="18.56761">
        <ele>1072.1</ele>
      </trkpt>
      <trkpt lat="43.18694" lon="18.56772">
        <ele>1072.2</ele>
      </trkpt>
      <trkpt lat="43.18739" lon="18.56783">
        <ele>1071.1</ele>
      </trkpt>
      <trkpt lat="43.18769" lon="18.56792">
        <ele>1072.5</ele>
      </trkpt>
      <trkpt lat="43.18788" lon="18.56801">
        <ele>1074.1</ele>
      </trkpt>
      <trkpt lat="43.18805" lon="18.56815">
        <ele>1075.3</ele>
      </trkpt>
      <trkpt lat="43.18819" lon="18.56834">
        <ele>1076.0</ele>
      </trkpt>
      <trkpt lat="43.18862" lon="18.56913">
        <ele>1075.8</ele>
      </trkpt>
      <trkpt lat="43.18904" lon="18.56991">
        <ele>1075.2</ele>
      </trkpt>
      <trkpt lat="43.18932" lon="18.57026">
        <ele>1075.3</ele>
      </trkpt>
      <trkpt lat="43.18945" lon="18.57037">
        <ele>1075.1</ele>
      </trkpt>
      <trkpt lat="43.18973" lon="18.57045">
        <ele>1076.7</ele>
      </trkpt>
      <trkpt lat="43.18993" lon="18.57045">
        <ele>1078.9</ele>
      </trkpt>
      <trkpt lat="43.19054" lon="18.57033">
        <ele>1081.8</ele>
      </trkpt>
      <trkpt lat="43.1908" lon="18.57031">
        <ele>1081.7</ele>
      </trkpt>
      <trkpt lat="43.19097" lon="18.57034">
        <ele>1081.8</ele>
      </trkpt>
      <trkpt lat="43.19113" lon="18.57039">
        <ele>1081.6</ele>
      </trkpt>
      <trkpt lat="43.19132" lon="18.57051">
        <ele>1080.3</ele>
      </trkpt>
      <trkpt lat="43.1917" lon="18.57081">
        <ele>1076.7</ele>
      </trkpt>
      <trkpt lat="43.1919" lon="18.57093">
        <ele>1076.9</ele>
      </trkpt>
      <trkpt lat="43.19208" lon="18.57101">
        <ele>1077.1</ele>
      </trkpt>
      <trkpt lat="43.19235" lon="18.57102">
        <ele>1078.7</ele>
      </trkpt>
      <trkpt lat="43.19268" lon="18.5709">
        <ele>1078.6</ele>
      </trkpt>
      <trkpt lat="43.1928" lon="18.57083">
        <ele>1077.3</ele>
      </trkpt>
      <trkpt lat="43.19296" lon="18.57067">
        <ele>1077.4</ele>
      </trkpt>
      <trkpt lat="43.19312" lon="18.57043">
        <ele>1079.0</ele>
      </trkpt>
      <trkpt lat="43.1933" lon="18.57008">
        <ele>1082.1</ele>
      </trkpt>
      <trkpt lat="43.19362" lon="18.56939">
        <ele>1085.5</ele>
      </trkpt>
      <trkpt lat="43.19396" lon="18.56872">
        <ele>1083.2</ele>
      </trkpt>
      <trkpt lat="43.1941" lon="18.56851">
        <ele>1081.5</ele>
      </trkpt>
      <trkpt lat="43.19428" lon="18.56833">
        <ele>1080.2</ele>
      </trkpt>
      <trkpt lat="43.19443" lon="18.56822">
        <ele>1080.7</ele>
      </trkpt>
      <trkpt lat="43.19472" lon="18.56805">
        <ele>1079.6</ele>
      </trkpt>
      <trkpt lat="43.19496" lon="18.568">
        <ele>1076.0</ele>
      </trkpt>
      <trkpt lat="43.19533" lon="18.56801">
        <ele>1074.1</ele>
      </trkpt>
      <trkpt lat="43.19571" lon="18.56816">
        <ele>1071.5</ele>
      </trkpt>
      <trkpt lat="43.19597" lon="18.56838">
        <ele>1071.8</ele>
      </trkpt>
      <trkpt lat="43.19612" lon="18.56857">
        <ele>1073.0</ele>
      </trkpt>
      <trkpt lat="43.19626" lon="18.56878">
        <ele>1073.7</ele>
      </trkpt>
      <trkpt lat="43.19646" lon="18.56923">
        <ele>1073.3</ele>
      </trkpt>
      <trkpt lat="43.1967" lon="18.57002">
        <ele>1068.2</ele>
      </trkpt>
      <trkpt lat="43.19689" lon="18.57046">
        <ele>1068.8</ele>
      </trkpt>
      <trkpt lat="43.197" lon="18.57064">
        <ele>1069.3</ele>
      </trkpt>
      <trkpt lat="43.19714" lon="18.5708">
        <ele>1070.1</ele>
      </trkpt>
      <trkpt lat="43.19737" lon="18.57093">
        <ele>1071.3</ele>
      </trkpt>
      <trkpt lat="43.19753" lon="18.57098">
        <ele>1071.6</ele>
      </trkpt>
      <trkpt lat="43.19768" lon="18.571">
        <ele>1070.5</ele>
      </trkpt>
      <trkpt lat="43.19785" lon="18.57095">
        <ele>1069.8</ele>
      </trkpt>
      <trkpt lat="43.19799" lon="18.57089">
        <ele>1069.2</ele>
      </trkpt>
      <trkpt lat="43.19813" lon="18.57078">
        <ele>1069.0</ele>
      </trkpt>
      <trkpt lat="43.19824" lon="18.57064">
        <ele>1069.8</ele>
      </trkpt>
      <trkpt lat="43.19837" lon="18.57044">
        <ele>1071.6</ele>
      </trkpt>
      <trkpt lat="43.19864" lon="18.56974">
        <ele>1075.7</ele>
      </trkpt>
      <trkpt lat="43.19886" lon="18.56929">
        <ele>1078.7</ele>
      </trkpt>
      <trkpt lat="43.19898" lon="18.56914">
        <ele>1079.6</ele>
      </trkpt>
      <trkpt lat="43.19913" lon="18.56901">
        <ele>1081.2</ele>
      </trkpt>
      <trkpt lat="43.1993" lon="18.56889">
        <ele>1082.7</ele>
      </trkpt>
      <trkpt lat="43.19999" lon="18.5686">
        <ele>1083.4</ele>
      </trkpt>
      <trkpt lat="43.20067" lon="18.5683">
        <ele>1082.8</ele>
      </trkpt>
      <trkpt lat="43.20095" lon="18.56819">
        <ele>1082.4</ele>
      </trkpt>
      <trkpt lat="43.2014" lon="18.56805">
        <ele>1080.7</ele>
      </trkpt>
      <trkpt lat="43.20148" lon="18.56797">
        <ele>1081.6</ele>
      </trkpt>
      <trkpt lat="43.20172" lon="18.5677">
        <ele>1084.9</ele>
      </trkpt>
      <trkpt lat="43.20199" lon="18.56747">
        <ele>1086.1</ele>
      </trkpt>
      <trkpt lat="43.20212" lon="18.56738">
        <ele>1086.2</ele>
      </trkpt>
      <trkpt lat="43.20244" lon="18.56729">
        <ele>1082.8</ele>
      </trkpt>
      <trkpt lat="43.20256" lon="18.56722">
        <ele>1082.7</ele>
      </trkpt>
      <trkpt lat="43.20283" lon="18.56696">
        <ele>1085.7</ele>
      </trkpt>
      <trkpt lat="43.20298" lon="18.56685">
        <ele>1086.8</ele>
      </trkpt>
      <trkpt lat="43.20312" lon="18.56678">
        <ele>1087.2</ele>
      </trkpt>
      <trkpt lat="43.20324" lon="18.56677">
        <ele>1086.7</ele>
      </trkpt>
      <trkpt lat="43.20337" lon="18.56681">
        <ele>1085.9</ele>
      </trkpt>
      <trkpt lat="43.20347" lon="18.56689">
        <ele>1085.8</ele>
      </trkpt>
      <trkpt lat="43.20355" lon="18.56698">
        <ele>1085.2</ele>
      </trkpt>
      <trkpt lat="43.20376" lon="18.56732">
        <ele>1080.5</ele>
      </trkpt>
      <trkpt lat="43.20386" lon="18.5674">
        <ele>1079.7</ele>
      </trkpt>
      <trkpt lat="43.2042" lon="18.56754">
        <ele>1080.1</ele>
      </trkpt>
      <trkpt lat="43.20464" lon="18.56766">
        <ele>1084.4</ele>
      </trkpt>
      <trkpt lat="43.20475" lon="18.56773">
        <ele>1084.9</ele>
      </trkpt>
      <trkpt lat="43.20487" lon="18.56783">
        <ele>1084.9</ele>
      </trkpt>
      <trkpt lat="43.2054" lon="18.56833">
        <ele>1087.7</ele>
      </trkpt>
      <trkpt lat="43.20602" lon="18.569">
        <ele>1086.4</ele>
      </trkpt>
      <trkpt lat="43.20661" lon="18.56959">
        <ele>1088.2</ele>
      </trkpt>
      <trkpt lat="43.20691" lon="18.56983">
        <ele>1088.9</ele>
      </trkpt>
      <trkpt lat="43.20711" lon="18.57003">
        <ele>1088.8</ele>
      </trkpt>
      <trkpt lat="43.20748" lon="18.57045">
        <ele>1088.3</ele>
      </trkpt>
      <trkpt lat="43.2078" lon="18.57093">
        <ele>1091.1</ele>
      </trkpt>
      <trkpt lat="43.20813" lon="18.57141">
        <ele>1095.2</ele>
      </trkpt>
      <trkpt lat="43.20823" lon="18.57161">
        <ele>1093.9</ele>
      </trkpt>
      <trkpt lat="43.20841" lon="18.57203">
        <ele>1093.7</ele>
      </trkpt>
      <trkpt lat="43.20851" lon="18.57222">
        <ele>1095.3</ele>
      </trkpt>
      <trkpt lat="43.20876" lon="18.57263">
        <ele>1098.8</ele>
      </trkpt>
      <trkpt lat="43.20883" lon="18.5728">
        <ele>1099.1</ele>
      </trkpt>
      <trkpt lat="43.20887" lon="18.57296">
        <ele>1098.5</ele>
      </trkpt>
      <trkpt lat="43.2089" lon="18.57319">
        <ele>1096.7</ele>
      </trkpt>
      <trkpt lat="43.20898" lon="18.5734">
        <ele>1095.9</ele>
      </trkpt>
      <trkpt lat="43.20917" lon="18.57371">
        <ele>1094.6</ele>
      </trkpt>
      <trkpt lat="43.20941" lon="18.57418">
        <ele>1092.8</ele>
      </trkpt>
      <trkpt lat="43.20959" lon="18.57433">
        <ele>1094.6</ele>
      </trkpt>
      <trkpt lat="43.20974" lon="18.57438">
        <ele>1095.6</ele>
      </trkpt>
      <trkpt lat="43.21009" lon="18.57433">
        <ele>1099.6</ele>
      </trkpt>
      <trkpt lat="43.21088" lon="18.57441">
        <ele>1103.9</ele>
      </trkpt>
      <trkpt lat="43.21111" lon="18.57448">
        <ele>1102.6</ele>
      </trkpt>
      <trkpt lat="43.21152" lon="18.57466">
        <ele>1099.3</ele>
      </trkpt>
      <trkpt lat="43.21179" lon="18.57475">
        <ele>1096.4</ele>
      </trkpt>
      <trkpt lat="43.21203" lon="18.57487">
        <ele>1092.0</ele>
      </trkpt>
      <trkpt lat="43.21215" lon="18.57489">
        <ele>1090.9</ele>
      </trkpt>
      <trkpt lat="43.21229" lon="18.57487">
        <ele>1090.3</ele>
      </trkpt>
      <trkpt lat="43.2124" lon="18.57482">
        <ele>1090.1</ele>
      </trkpt>
      <trkpt lat="43.21252" lon="18.57469">
        <ele>1090.6</ele>
      </trkpt>
      <trkpt lat="43.21256" lon="18.57456">
        <ele>1092.1</ele>
      </trkpt>
      <trkpt lat="43.21257" lon="18.57442">
        <ele>1093.1</ele>
      </trkpt>
      <trkpt lat="43.21254" lon="18.57427">
        <ele>1093.7</ele>
      </trkpt>
      <trkpt lat="43.21246" lon="18.57414">
        <ele>1094.9</ele>
      </trkpt>
      <trkpt lat="43.21236" lon="18.57394">
        <ele>1097.7</ele>
      </trkpt>
      <trkpt lat="43.21227" lon="18.57349">
        <ele>1102.5</ele>
      </trkpt>
      <trkpt lat="43.21225" lon="18.57323">
        <ele>1105.1</ele>
      </trkpt>
      <trkpt lat="43.21225" lon="18.5729">
        <ele>1108.2</ele>
      </trkpt>
      <trkpt lat="43.21232" lon="18.57257">
        <ele>1108.0</ele>
      </trkpt>
      <trkpt lat="43.21243" lon="18.57223">
        <ele>1108.1</ele>
      </trkpt>
      <trkpt lat="43.21262" lon="18.57191">
        <ele>1108.5</ele>
      </trkpt>
      <trkpt lat="43.2129" lon="18.57149">
        <ele>1109.1</ele>
      </trkpt>
      <trkpt lat="43.21346" lon="18.57099">
        <ele>1106.1</ele>
      </trkpt>
      <trkpt lat="43.21359" lon="18.57091">
        <ele>1105.5</ele>
      </trkpt>
      <trkpt lat="43.2137" lon="18.5709">
        <ele>1104.0</ele>
      </trkpt>
      <trkpt lat="43.21381" lon="18.57093">
        <ele>1102.0</ele>
      </trkpt>
      <trkpt lat="43.21402" lon="18.57103">
        <ele>1098.4</ele>
      </trkpt>
      <trkpt lat="43.21432" lon="18.57134">
        <ele>1097.8</ele>
      </trkpt>
      <trkpt lat="43.21467" lon="18.5716">
        <ele>1099.9</ele>
      </trkpt>
      <trkpt lat="43.21494" lon="18.57178">
        <ele>1100.7</ele>
      </trkpt>
      <trkpt lat="43.21546" lon="18.57205">
        <ele>1106.8</ele>
      </trkpt>
      <trkpt lat="43.21563" lon="18.57216">
        <ele>1107.5</ele>
      </trkpt>
      <trkpt lat="43.21588" lon="18.57242">
        <ele>1105.5</ele>
      </trkpt>
      <trkpt lat="43.21628" lon="18.57287">
        <ele>1109.3</ele>
      </trkpt>
      <trkpt lat="43.21668" lon="18.57333">
        <ele>1103.6</ele>
      </trkpt>
      <trkpt lat="43.21698" lon="18.5738">
        <ele>1106.9</ele>
      </trkpt>
      <trkpt lat="43.21714" lon="18.5741">
        <ele>1104.9</ele>
      </trkpt>
      <trkpt lat="43.21735" lon="18.57459">
        <ele>1104.6</ele>
      </trkpt>
      <trkpt lat="43.21753" lon="18.57512">
        <ele>1101.0</ele>
      </trkpt>
      <trkpt lat="43.21764" lon="18.57536">
        <ele>1101.5</ele>
      </trkpt>
      <trkpt lat="43.21782" lon="18.5756">
        <ele>1102.5</ele>
      </trkpt>
      <trkpt lat="43.21805" lon="18.57588">
        <ele>1103.5</ele>
      </trkpt>
      <trkpt lat="43.21814" lon="18.57602">
        <ele>1103.9</ele>
      </trkpt>
      <trkpt lat="43.21823" lon="18.57621">
        <ele>1104.0</ele>
      </trkpt>
      <trkpt lat="43.21828" lon="18.5765">
        <ele>1103.4</ele>
      </trkpt>
      <trkpt lat="43.21835" lon="18.57693">
        <ele>1101.9</ele>
      </trkpt>
      <trkpt lat="43.21846" lon="18.57726">
        <ele>1101.4</ele>
      </trkpt>
      <trkpt lat="43.21851" lon="18.57736">
        <ele>1101.3</ele>
      </trkpt>
      <trkpt lat="43.21872" lon="18.57755">
        <ele>1102.2</ele>
      </trkpt>
      <trkpt lat="43.21913" lon="18.57786">
        <ele>1104.5</ele>
      </trkpt>
      <trkpt lat="43.21954" lon="18.57817">
        <ele>1105.8</ele>
      </trkpt>
      <trkpt lat="43.21974" lon="18.5783">
        <ele>1106.0</ele>
      </trkpt>
      <trkpt lat="43.21989" lon="18.57835">
        <ele>1106.4</ele>
      </trkpt>
      <trkpt lat="43.22012" lon="18.57833">
        <ele>1107.2</ele>
      </trkpt>
      <trkpt lat="43.22039" lon="18.57824">
        <ele>1108.4</ele>
      </trkpt>
      <trkpt lat="43.22064" lon="18.57829">
        <ele>1108.2</ele>
      </trkpt>
      <trkpt lat="43.22084" lon="18.5784">
        <ele>1107.5</ele>
      </trkpt>
      <trkpt lat="43.22095" lon="18.57843">
        <ele>1107.2</ele>
      </trkpt>
      <trkpt lat="43.22106" lon="18.57844">
        <ele>1107.1</ele>
      </trkpt>
      <trkpt lat="43.2214" lon="18.57834">
        <ele>1107.3</ele>
      </trkpt>
      <trkpt lat="43.22193" lon="18.57803">
        <ele>1111.4</ele>
      </trkpt>
      <trkpt lat="43.2221" lon="18.57797">
        <ele>1112.1</ele>
      </trkpt>
      <trkpt lat="43.22247" lon="18.5779">
        <ele>1112.8</ele>
      </trkpt>
      <trkpt lat="43.22301" lon="18.5779">
        <ele>1115.2</ele>
      </trkpt>
      <trkpt lat="43.22351" lon="18.57797">
        <ele>1116.2</ele>
      </trkpt>
      <trkpt lat="43.22376" lon="18.57803">
        <ele>1116.3</ele>
      </trkpt>
      <trkpt lat="43.22403" lon="18.57816">
        <ele>1115.6</ele>
      </trkpt>
      <trkpt lat="43.22417" lon="18.57829">
        <ele>1114.6</ele>
      </trkpt>
      <trkpt lat="43.22436" lon="18.57858">
        <ele>1117.1</ele>
      </trkpt>
      <trkpt lat="43.22441" lon="18.57872">
        <ele>1117.4</ele>
      </trkpt>
      <trkpt lat="43.22463" lon="18.57917">
        <ele>1118.1</ele>
      </trkpt>
      <trkpt lat="43.22473" lon="18.57933">
        <ele>1118.3</ele>
      </trkpt>
      <trkpt lat="43.22515" lon="18.57981">
        <ele>1118.6</ele>
      </trkpt>
      <trkpt lat="43.22582" lon="18.58035">
        <ele>1121.8</ele>
      </trkpt>
      <trkpt lat="43.226" lon="18.58053">
        <ele>1123.1</ele>
      </trkpt>
      <trkpt lat="43.22638" lon="18.58102">
        <ele>1125.6</ele>
      </trkpt>
      <trkpt lat="43.22689" lon="18.58186">
        <ele>1125.9</ele>
      </trkpt>
      <trkpt lat="43.22702" lon="18.58205">
        <ele>1126.3</ele>
      </trkpt>
      <trkpt lat="43.22716" lon="18.5822">
        <ele>1126.5</ele>
      </trkpt>
      <trkpt lat="43.22736" lon="18.58237">
        <ele>1126.3</ele>
      </trkpt>
      <trkpt lat="43.22785" lon="18.58262">
        <ele>1127.9</ele>
      </trkpt>
      <trkpt lat="43.22834" lon="18.58287">
        <ele>1128.9</ele>
      </trkpt>
      <trkpt lat="43.22865" lon="18.58307">
        <ele>1128.9</ele>
      </trkpt>
      <trkpt lat="43.22929" lon="18.58354">
        <ele>1127.4</ele>
      </trkpt>
      <trkpt lat="43.22992" lon="18.58401">
        <ele>1125.7</ele>
      </trkpt>
      <trkpt lat="43.23056" lon="18.58448">
        <ele>1137.5</ele>
      </trkpt>
      <trkpt lat="43.2311" lon="18.58491">
        <ele>1142.7</ele>
      </trkpt>
      <trkpt lat="43.23139" lon="18.58519">
        <ele>1146.7</ele>
      </trkpt>
      <trkpt lat="43.23162" lon="18.58547">
        <ele>1146.0</ele>
      </trkpt>
      <trkpt lat="43.23186" lon="18.58585">
        <ele>1146.7</ele>
      </trkpt>
      <trkpt lat="43.23205" lon="18.58628">
        <ele>1150.7</ele>
      </trkpt>
      <trkpt lat="43.23221" lon="18.5867">
        <ele>1151.3</ele>
      </trkpt>
      <trkpt lat="43.23232" lon="18.58712">
        <ele>1153.9</ele>
      </trkpt>
      <trkpt lat="43.23241" lon="18.58768">
        <ele>1154.2</ele>
      </trkpt>
      <trkpt lat="43.23243" lon="18.58852">
        <ele>1153.7</ele>
      </trkpt>
      <trkpt lat="43.23244" lon="18.58957">
        <ele>1152.2</ele>
      </trkpt>
      <trkpt lat="43.23244" lon="18.59062">
        <ele>1154.9</ele>
      </trkpt>
      <trkpt lat="43.23245" lon="18.59167">
        <ele>1161.2</ele>
      </trkpt>
      <trkpt lat="43.23249" lon="18.59237">
        <ele>1166.1</ele>
      </trkpt>
      <trkpt lat="43.23254" lon="18.59307">
        <ele>1171.2</ele>
      </trkpt>
      <trkpt lat="43.2326" lon="18.5937">
        <ele>1176.3</ele>
      </trkpt>
      <trkpt lat="43.23267" lon="18.59433">
        <ele>1175.2</ele>
      </trkpt>
      <trkpt lat="43.23281" lon="18.59554">
        <ele>1173.1</ele>
      </trkpt>
      <trkpt lat="43.23296" lon="18.59675">
        <ele>1171.0</ele>
      </trkpt>
      <trkpt lat="43.2331" lon="18.59795">
        <ele>1169.0</ele>
      </trkpt>
      <trkpt lat="43.23327" lon="18.59883">
        <ele>1167.4</ele>
      </trkpt>
      <trkpt lat="43.23344" lon="18.59971">
        <ele>1165.9</ele>
      </trkpt>
      <trkpt lat="43.23367" lon="18.60048">
        <ele>1164.5</ele>
      </trkpt>
      <trkpt lat="43.23391" lon="18.60124">
        <ele>1163.1</ele>
      </trkpt>
      <trkpt lat="43.23423" lon="18.60215">
        <ele>1161.3</ele>
      </trkpt>
      <trkpt lat="43.23455" lon="18.60306">
        <ele>1159.6</ele>
      </trkpt>
      <trkpt lat="43.23489" lon="18.60385">
        <ele>1158.1</ele>
      </trkpt>
      <trkpt lat="43.23522" lon="18.60463">
        <ele>1156.6</ele>
      </trkpt>
      <trkpt lat="43.23555" lon="18.60542">
        <ele>1155.0</ele>
      </trkpt>
      <trkpt lat="43.23594" lon="18.60617">
        <ele>1153.4</ele>
      </trkpt>
      <trkpt lat="43.23632" lon="18.60691">
        <ele>1151.9</ele>
      </trkpt>
      <trkpt lat="43.23671" lon="18.60765">
        <ele>1150.4</ele>
      </trkpt>
      <trkpt lat="43.23721" lon="18.60843">
        <ele>1148.6</ele>
      </trkpt>
      <trkpt lat="43.23771" lon="18.6092">
        <ele>1146.9</ele>
      </trkpt>
      <trkpt lat="43.23821" lon="18.60997">
        <ele>1145.1</ele>
      </trkpt>
      <trkpt lat="43.23876" lon="18.61068">
        <ele>1143.4</ele>
      </trkpt>
      <trkpt lat="43.23931" lon="18.6114">
        <ele>1141.6</ele>
      </trkpt>
      <trkpt lat="43.23986" lon="18.61211">
        <ele>1139.8</ele>
      </trkpt>
      <trkpt lat="43.24042" lon="18.61282">
        <ele>1138.1</ele>
      </trkpt>
      <trkpt lat="43.24093" lon="18.61332">
        <ele>1136.6</ele>
      </trkpt>
      <trkpt lat="43.24145" lon="18.61383">
        <ele>1135.1</ele>
      </trkpt>
      <trkpt lat="43.24196" lon="18.61433">
        <ele>1133.7</ele>
      </trkpt>
      <trkpt lat="43.24246" lon="18.61466">
        <ele>1132.4</ele>
      </trkpt>
      <trkpt lat="43.24293" lon="18.61492">
        <ele>1131.2</ele>
      </trkpt>
      <trkpt lat="43.24309" lon="18.61499">
        <ele>1130.8</ele>
      </trkpt>
      <trkpt lat="43.24344" lon="18.61513">
        <ele>1130.0</ele>
      </trkpt>
      <trkpt lat="43.24367" lon="18.61522">
        <ele>1132.5</ele>
      </trkpt>
      <trkpt lat="43.24441" lon="18.61537">
        <ele>1134.9</ele>
      </trkpt>
      <trkpt lat="43.24514" lon="18.61552">
        <ele>1131.0</ele>
      </trkpt>
      <trkpt lat="43.24539" lon="18.61559">
        <ele>1126.4</ele>
      </trkpt>
      <trkpt lat="43.24549" lon="18.61563">
        <ele>1124.4</ele>
      </trkpt>
      <trkpt lat="43.2457" lon="18.61578">
        <ele>1119.5</ele>
      </trkpt>
      <trkpt lat="43.24583" lon="18.61594">
        <ele>1118.5</ele>
      </trkpt>
      <trkpt lat="43.24622" lon="18.61659">
        <ele>1118.1</ele>
      </trkpt>
      <trkpt lat="43.24661" lon="18.61724">
        <ele>1108.3</ele>
      </trkpt>
      <trkpt lat="43.24682" lon="18.61765">
        <ele>1105.5</ele>
      </trkpt>
      <trkpt lat="43.24697" lon="18.61803">
        <ele>1103.3</ele>
      </trkpt>
      <trkpt lat="43.24709" lon="18.61839">
        <ele>1102.1</ele>
      </trkpt>
      <trkpt lat="43.24727" lon="18.61882">
        <ele>1104.4</ele>
      </trkpt>
      <trkpt lat="43.24742" lon="18.61908">
        <ele>1100.9</ele>
      </trkpt>
      <trkpt lat="43.24757" lon="18.6193">
        <ele>1099.3</ele>
      </trkpt>
      <trkpt lat="43.24781" lon="18.61957">
        <ele>1100.1</ele>
      </trkpt>
      <trkpt lat="43.24802" lon="18.61975">
        <ele>1099.4</ele>
      </trkpt>
      <trkpt lat="43.24828" lon="18.6199">
        <ele>1096.0</ele>
      </trkpt>
      <trkpt lat="43.24856" lon="18.62002">
        <ele>1092.0</ele>
      </trkpt>
      <trkpt lat="43.24932" lon="18.62049">
        <ele>1080.7</ele>
      </trkpt>
      <trkpt lat="43.24958" lon="18.62073">
        <ele>1076.5</ele>
      </trkpt>
      <trkpt lat="43.24992" lon="18.62121">
        <ele>1069.9</ele>
      </trkpt>
      <trkpt lat="43.25026" lon="18.6219">
        <ele>1061.8</ele>
      </trkpt>
      <trkpt lat="43.25067" lon="18.62264">
        <ele>1051.9</ele>
      </trkpt>
      <trkpt lat="43.2509" lon="18.62289">
        <ele>1048.9</ele>
      </trkpt>
      <trkpt lat="43.25127" lon="18.62323">
        <ele>1042.3</ele>
      </trkpt>
      <trkpt lat="43.25142" lon="18.62345">
        <ele>1039.9</ele>
      </trkpt>
      <trkpt lat="43.25152" lon="18.62369">
        <ele>1038.9</ele>
      </trkpt>
      <trkpt lat="43.25162" lon="18.6241">
        <ele>1041.3</ele>
      </trkpt>
      <trkpt lat="43.25164" lon="18.62448">
        <ele>1039.7</ele>
      </trkpt>
      <trkpt lat="43.25158" lon="18.62483">
        <ele>1038.5</ele>
      </trkpt>
      <trkpt lat="43.25152" lon="18.62504">
        <ele>1037.2</ele>
      </trkpt>
      <trkpt lat="43.25143" lon="18.62528">
        <ele>1032.7</ele>
      </trkpt>
      <trkpt lat="43.25124" lon="18.62557">
        <ele>1028.1</ele>
      </trkpt>
      <trkpt lat="43.25105" lon="18.62576">
        <ele>1025.5</ele>
      </trkpt>
      <trkpt lat="43.25083" lon="18.62587">
        <ele>1025.2</ele>
      </trkpt>
      <trkpt lat="43.2505" lon="18.62593">
        <ele>1024.8</ele>
      </trkpt>
      <trkpt lat="43.2503" lon="18.62596">
        <ele>1024.7</ele>
      </trkpt>
      <trkpt lat="43.24949" lon="18.62599">
        <ele>1031.9</ele>
      </trkpt>
      <trkpt lat="43.24929" lon="18.62604">
        <ele>1033.4</ele>
      </trkpt>
      <trkpt lat="43.2491" lon="18.62616">
        <ele>1033.8</ele>
      </trkpt>
      <trkpt lat="43.24892" lon="18.62632">
        <ele>1034.3</ele>
      </trkpt>
      <trkpt lat="43.24878" lon="18.62652">
        <ele>1032.6</ele>
      </trkpt>
      <trkpt lat="43.24866" lon="18.62676">
        <ele>1030.0</ele>
      </trkpt>
      <trkpt lat="43.24857" lon="18.62703">
        <ele>1027.6</ele>
      </trkpt>
      <trkpt lat="43.24855" lon="18.62717">
        <ele>1025.8</ele>
      </trkpt>
      <trkpt lat="43.24853" lon="18.62742">
        <ele>1022.1</ele>
      </trkpt>
      <trkpt lat="43.24853" lon="18.62756">
        <ele>1020.2</ele>
      </trkpt>
      <trkpt lat="43.24857" lon="18.62784">
        <ele>1016.6</ele>
      </trkpt>
      <trkpt lat="43.2486" lon="18.62801">
        <ele>1014.3</ele>
      </trkpt>
      <trkpt lat="43.24872" lon="18.62831">
        <ele>1008.9</ele>
      </trkpt>
      <trkpt lat="43.24879" lon="18.62844">
        <ele>1007.4</ele>
      </trkpt>
      <trkpt lat="43.24888" lon="18.62857">
        <ele>1005.6</ele>
      </trkpt>
      <trkpt lat="43.24907" lon="18.62877">
        <ele>1001.0</ele>
      </trkpt>
      <trkpt lat="43.24928" lon="18.62889">
        <ele>996.3</ele>
      </trkpt>
      <trkpt lat="43.2494" lon="18.62894">
        <ele>994.0</ele>
      </trkpt>
      <trkpt lat="43.24952" lon="18.62897">
        <ele>991.6</ele>
      </trkpt>
      <trkpt lat="43.24973" lon="18.62898">
        <ele>987.6</ele>
      </trkpt>
      <trkpt lat="43.24991" lon="18.62892">
        <ele>986.2</ele>
      </trkpt>
      <trkpt lat="43.25004" lon="18.62887">
        <ele>985.3</ele>
      </trkpt>
      <trkpt lat="43.25011" lon="18.62882">
        <ele>984.7</ele>
      </trkpt>
      <trkpt lat="43.25029" lon="18.62864">
        <ele>983.2</ele>
      </trkpt>
      <trkpt lat="43.25079" lon="18.62802">
        <ele>985.7</ele>
      </trkpt>
      <trkpt lat="43.25089" lon="18.62793">
        <ele>985.8</ele>
      </trkpt>
      <trkpt lat="43.25108" lon="18.62781">
        <ele>985.5</ele>
      </trkpt>
      <trkpt lat="43.25154" lon="18.62759">
        <ele>984.0</ele>
      </trkpt>
      <trkpt lat="43.25174" lon="18.62744">
        <ele>983.4</ele>
      </trkpt>
      <trkpt lat="43.25202" lon="18.62713">
        <ele>982.0</ele>
      </trkpt>
      <trkpt lat="43.25246" lon="18.6265">
        <ele>981.0</ele>
      </trkpt>
      <trkpt lat="43.25258" lon="18.62638">
        <ele>980.8</ele>
      </trkpt>
      <trkpt lat="43.25268" lon="18.6263">
        <ele>980.6</ele>
      </trkpt>
      <trkpt lat="43.25277" lon="18.62626">
        <ele>979.9</ele>
      </trkpt>
      <trkpt lat="43.25309" lon="18.6262">
        <ele>976.0</ele>
      </trkpt>
      <trkpt lat="43.25327" lon="18.62619">
        <ele>973.3</ele>
      </trkpt>
      <trkpt lat="43.25352" lon="18.62624">
        <ele>972.4</ele>
      </trkpt>
      <trkpt lat="43.25375" lon="18.62637">
        <ele>971.2</ele>
      </trkpt>
      <trkpt lat="43.2543" lon="18.62688">
        <ele>962.4</ele>
      </trkpt>
      <trkpt lat="43.2544" lon="18.62694">
        <ele>960.5</ele>
      </trkpt>
      <trkpt lat="43.2546" lon="18.62701">
        <ele>957.9</ele>
      </trkpt>
      <trkpt lat="43.25481" lon="18.62701">
        <ele>956.6</ele>
      </trkpt>
      <trkpt lat="43.25493" lon="18.62698">
        <ele>956.3</ele>
      </trkpt>
      <trkpt lat="43.25515" lon="18.62688">
        <ele>952.4</ele>
      </trkpt>
      <trkpt lat="43.25527" lon="18.6268">
        <ele>949.8</ele>
      </trkpt>
      <trkpt lat="43.25548" lon="18.62658">
        <ele>946.6</ele>
      </trkpt>
      <trkpt lat="43.25557" lon="18.62645">
        <ele>945.3</ele>
      </trkpt>
      <trkpt lat="43.25563" lon="18.62633">
        <ele>944.6</ele>
      </trkpt>
      <trkpt lat="43.25572" lon="18.62604">
        <ele>944.4</ele>
      </trkpt>
      <trkpt lat="43.25581" lon="18.62554">
        <ele>945.4</ele>
      </trkpt>
      <trkpt lat="43.25589" lon="18.62522">
        <ele>945.1</ele>
      </trkpt>
      <trkpt lat="43.25602" lon="18.62495">
        <ele>943.3</ele>
      </trkpt>
      <trkpt lat="43.25617" lon="18.6247">
        <ele>942.9</ele>
      </trkpt>
      <trkpt lat="43.25626" lon="18.6246">
        <ele>941.8</ele>
      </trkpt>
      <trkpt lat="43.25642" lon="18.62447">
        <ele>938.9</ele>
      </trkpt>
      <trkpt lat="43.257" lon="18.62411">
        <ele>933.2</ele>
      </trkpt>
      <trkpt lat="43.25736" lon="18.62384">
        <ele>933.0</ele>
      </trkpt>
      <trkpt lat="43.25765" lon="18.62352">
        <ele>931.2</ele>
      </trkpt>
      <trkpt lat="43.2578" lon="18.62332">
        <ele>929.9</ele>
      </trkpt>
      <trkpt lat="43.25807" lon="18.62286">
        <ele>934.1</ele>
      </trkpt>
      <trkpt lat="43.2583" lon="18.62264">
        <ele>934.3</ele>
      </trkpt>
      <trkpt lat="43.25844" lon="18.62256">
        <ele>933.6</ele>
      </trkpt>
      <trkpt lat="43.25855" lon="18.62251">
        <ele>932.7</ele>
      </trkpt>
      <trkpt lat="43.25877" lon="18.62248">
        <ele>928.7</ele>
      </trkpt>
      <trkpt lat="43.25921" lon="18.62257">
        <ele>915.7</ele>
      </trkpt>
      <trkpt lat="43.25977" lon="18.62264">
        <ele>906.9</ele>
      </trkpt>
      <trkpt lat="43.26033" lon="18.6227">
        <ele>897.9</ele>
      </trkpt>
      <trkpt lat="43.26079" lon="18.62265">
        <ele>894.8</ele>
      </trkpt>
      <trkpt lat="43.26122" lon="18.62256">
        <ele>888.3</ele>
      </trkpt>
      <trkpt lat="43.26145" lon="18.62249">
        <ele>885.1</ele>
      </trkpt>
      <trkpt lat="43.26164" lon="18.62236">
        <ele>884.7</ele>
      </trkpt>
      <trkpt lat="43.26174" lon="18.62227">
        <ele>884.7</ele>
      </trkpt>
      <trkpt lat="43.2619" lon="18.62208">
        <ele>885.8</ele>
      </trkpt>
      <trkpt lat="43.26217" lon="18.62169">
        <ele>890.0</ele>
      </trkpt>
      <trkpt lat="43.26227" lon="18.62158">
        <ele>889.7</ele>
      </trkpt>
      <trkpt lat="43.26238" lon="18.6215">
        <ele>888.2</ele>
      </trkpt>
      <trkpt lat="43.26273" lon="18.6213">
        <ele>884.4</ele>
      </trkpt>
      <trkpt lat="43.26317" lon="18.62117">
        <ele>877.4</ele>
      </trkpt>
      <trkpt lat="43.26336" lon="18.62107">
        <ele>876.2</ele>
      </trkpt>
      <trkpt lat="43.26356" lon="18.62092">
        <ele>877.4</ele>
      </trkpt>
      <trkpt lat="43.2638" lon="18.62069">
        <ele>879.1</ele>
      </trkpt>
      <trkpt lat="43.26394" lon="18.62059">
        <ele>878.1</ele>
      </trkpt>
      <trkpt lat="43.26422" lon="18.62047">
        <ele>872.4</ele>
      </trkpt>
      <trkpt lat="43.26467" lon="18.62039">
        <ele>869.1</ele>
      </trkpt>
      <trkpt lat="43.2654" lon="18.6203">
        <ele>863.9</ele>
      </trkpt>
      <trkpt lat="43.26613" lon="18.62021">
        <ele>858.7</ele>
      </trkpt>
      <trkpt lat="43.26686" lon="18.62012">
        <ele>853.5</ele>
      </trkpt>
      <trkpt lat="43.26759" lon="18.62003">
        <ele>848.3</ele>
      </trkpt>
      <trkpt lat="43.26832" lon="18.61994">
        <ele>843.0</ele>
      </trkpt>
      <trkpt lat="43.26882" lon="18.61986">
        <ele>839.5</ele>
      </trkpt>
      <trkpt lat="43.26927" lon="18.6199">
        <ele>841.7</ele>
      </trkpt>
      <trkpt lat="43.26972" lon="18.61995">
        <ele>835.7</ele>
      </trkpt>
      <trkpt lat="43.27016" lon="18.61997">
        <ele>831.6</ele>
      </trkpt>
      <trkpt lat="43.27042" lon="18.61995">
        <ele>831.1</ele>
      </trkpt>
      <trkpt lat="43.27105" lon="18.61978">
        <ele>832.4</ele>
      </trkpt>
      <trkpt lat="43.27152" lon="18.61961">
        <ele>831.5</ele>
      </trkpt>
      <trkpt lat="43.27206" lon="18.61946">
        <ele>829.7</ele>
      </trkpt>
      <trkpt lat="43.27261" lon="18.6193">
        <ele>829.2</ele>
      </trkpt>
      <trkpt lat="43.27281" lon="18.6193">
        <ele>828.7</ele>
      </trkpt>
      <trkpt lat="43.27308" lon="18.61934">
        <ele>826.5</ele>
      </trkpt>
      <trkpt lat="43.27334" lon="18.61942">
        <ele>822.7</ele>
      </trkpt>
      <trkpt lat="43.27367" lon="18.61958">
        <ele>816.5</ele>
      </trkpt>
      <trkpt lat="43.27445" lon="18.61991">
        <ele>806.5</ele>
      </trkpt>
      <trkpt lat="43.27463" lon="18.62001">
        <ele>804.0</ele>
      </trkpt>
      <trkpt lat="43.27484" lon="18.62015">
        <ele>801.8</ele>
      </trkpt>
      <trkpt lat="43.27498" lon="18.62021">
        <ele>800.7</ele>
      </trkpt>
      <trkpt lat="43.27511" lon="18.62024">
        <ele>800.5</ele>
      </trkpt>
      <trkpt lat="43.27522" lon="18.6202">
        <ele>802.2</ele>
      </trkpt>
      <trkpt lat="43.27545" lon="18.62007">
        <ele>807.2</ele>
      </trkpt>
      <trkpt lat="43.27555" lon="18.62004">
        <ele>808.8</ele>
      </trkpt>
      <trkpt lat="43.27599" lon="18.62002">
        <ele>809.3</ele>
      </trkpt>
      <trkpt lat="43.27667" lon="18.61985">
        <ele>806.8</ele>
      </trkpt>
      <trkpt lat="43.27683" lon="18.61983">
        <ele>807.9</ele>
      </trkpt>
      <trkpt lat="43.27693" lon="18.61985">
        <ele>807.4</ele>
      </trkpt>
      <trkpt lat="43.27739" lon="18.62007">
        <ele>801.8</ele>
      </trkpt>
      <trkpt lat="43.27754" lon="18.62018">
        <ele>799.5</ele>
      </trkpt>
      <trkpt lat="43.27806" lon="18.62078">
        <ele>785.6</ele>
      </trkpt>
      <trkpt lat="43.27816" lon="18.62083">
        <ele>784.5</ele>
      </trkpt>
      <trkpt lat="43.27832" lon="18.62084">
        <ele>785.0</ele>
      </trkpt>
      <trkpt lat="43.27845" lon="18.6208">
        <ele>785.3</ele>
      </trkpt>
      <trkpt lat="43.27866" lon="18.62063">
        <ele>788.3</ele>
      </trkpt>
      <trkpt lat="43.27925" lon="18.61996">
        <ele>795.5</ele>
      </trkpt>
      <trkpt lat="43.27947" lon="18.61981">
        <ele>798.4</ele>
      </trkpt>
      <trkpt lat="43.27962" lon="18.61979">
        <ele>797.4</ele>
      </trkpt>
      <trkpt lat="43.28016" lon="18.61986">
        <ele>788.4</ele>
      </trkpt>
      <trkpt lat="43.28051" lon="18.61989">
        <ele>783.6</ele>
      </trkpt>
      <trkpt lat="43.28063" lon="18.61987">
        <ele>783.0</ele>
      </trkpt>
      <trkpt lat="43.28083" lon="18.61976">
        <ele>783.9</ele>
      </trkpt>
      <trkpt lat="43.28126" lon="18.6194">
        <ele>790.5</ele>
      </trkpt>
      <trkpt lat="43.28136" lon="18.61933">
        <ele>791.3</ele>
      </trkpt>
      <trkpt lat="43.28181" lon="18.61917">
        <ele>789.0</ele>
      </trkpt>
      <trkpt lat="43.28212" lon="18.61899">
        <ele>788.7</ele>
      </trkpt>
      <trkpt lat="43.28281" lon="18.6187">
        <ele>783.4</ele>
      </trkpt>
      <trkpt lat="43.28292" lon="18.61861">
        <ele>783.1</ele>
      </trkpt>
      <trkpt lat="43.28301" lon="18.6185">
        <ele>783.3</ele>
      </trkpt>
      <trkpt lat="43.28315" lon="18.61828">
        <ele>784.1</ele>
      </trkpt>
      <trkpt lat="43.28334" lon="18.6179">
        <ele>787.4</ele>
      </trkpt>
      <trkpt lat="43.28355" lon="18.61758">
        <ele>790.6</ele>
      </trkpt>
      <trkpt lat="43.28382" lon="18.61747">
        <ele>793.5</ele>
      </trkpt>
      <trkpt lat="43.28404" lon="18.61741">
        <ele>792.4</ele>
      </trkpt>
      <trkpt lat="43.28432" lon="18.61739">
        <ele>791.3</ele>
      </trkpt>
      <trkpt lat="43.28459" lon="18.61746">
        <ele>788.0</ele>
      </trkpt>
      <trkpt lat="43.28504" lon="18.61748">
        <ele>786.9</ele>
      </trkpt>
      <trkpt lat="43.28578" lon="18.61732">
        <ele>791.4</ele>
      </trkpt>
      <trkpt lat="43.28614" lon="18.61736">
        <ele>792.6</ele>
      </trkpt>
      <trkpt lat="43.28642" lon="18.61743">
        <ele>793.1</ele>
      </trkpt>
      <trkpt lat="43.28663" lon="18.61752">
        <ele>792.7</ele>
      </trkpt>
      <trkpt lat="43.28679" lon="18.61764">
        <ele>789.9</ele>
      </trkpt>
      <trkpt lat="43.2869" lon="18.61776">
        <ele>786.1</ele>
      </trkpt>
      <trkpt lat="43.28706" lon="18.61783">
        <ele>784.5</ele>
      </trkpt>
      <trkpt lat="43.28726" lon="18.61788">
        <ele>783.7</ele>
      </trkpt>
      <trkpt lat="43.28756" lon="18.61789">
        <ele>784.1</ele>
      </trkpt>
      <trkpt lat="43.28787" lon="18.61785">
        <ele>782.6</ele>
      </trkpt>
      <trkpt lat="43.28814" lon="18.61787">
        <ele>779.0</ele>
      </trkpt>
      <trkpt lat="43.28844" lon="18.61794">
        <ele>773.5</ele>
      </trkpt>
      <trkpt lat="43.28892" lon="18.6181">
        <ele>764.0</ele>
      </trkpt>
      <trkpt lat="43.28915" lon="18.61808">
        <ele>762.2</ele>
      </trkpt>
      <trkpt lat="43.28923" lon="18.61804">
        <ele>763.0</ele>
      </trkpt>
      <trkpt lat="43.28945" lon="18.6178">
        <ele>763.8</ele>
      </trkpt>
      <trkpt lat="43.28967" lon="18.61756">
        <ele>764.6</ele>
      </trkpt>
      <trkpt lat="43.28992" lon="18.61732">
        <ele>765.6</ele>
      </trkpt>
      <trkpt lat="43.29002" lon="18.61727">
        <ele>767.1</ele>
      </trkpt>
      <trkpt lat="43.29013" lon="18.61727">
        <ele>768.7</ele>
      </trkpt>
      <trkpt lat="43.2903" lon="18.61736">
        <ele>771.4</ele>
      </trkpt>
      <trkpt lat="43.29042" lon="18.61752">
        <ele>773.9</ele>
      </trkpt>
      <trkpt lat="43.29045" lon="18.61762">
        <ele>775.1</ele>
      </trkpt>
      <trkpt lat="43.29048" lon="18.61779">
        <ele>777.0</ele>
      </trkpt>
      <trkpt lat="43.29047" lon="18.61795">
        <ele>779.4</ele>
      </trkpt>
      <trkpt lat="43.29044" lon="18.61812">
        <ele>781.2</ele>
      </trkpt>
      <trkpt lat="43.29024" lon="18.61865">
        <ele>776.8</ele>
      </trkpt>
      <trkpt lat="43.29011" lon="18.61924">
        <ele>771.6</ele>
      </trkpt>
      <trkpt lat="43.29008" lon="18.61958">
        <ele>768.5</ele>
      </trkpt>
      <trkpt lat="43.29011" lon="18.61982">
        <ele>769.0</ele>
      </trkpt>
      <trkpt lat="43.29021" lon="18.62011">
        <ele>770.9</ele>
      </trkpt>
      <trkpt lat="43.2903" lon="18.62027">
        <ele>772.0</ele>
      </trkpt>
      <trkpt lat="43.29037" lon="18.62038">
        <ele>772.4</ele>
      </trkpt>
      <trkpt lat="43.29051" lon="18.62051">
        <ele>773.5</ele>
      </trkpt>
      <trkpt lat="43.29109" lon="18.62097">
        <ele>773.2</ele>
      </trkpt>
      <trkpt lat="43.29168" lon="18.62143">
        <ele>769.4</ele>
      </trkpt>
      <trkpt lat="43.29226" lon="18.62189">
        <ele>768.5</ele>
      </trkpt>
      <trkpt lat="43.2926" lon="18.62227">
        <ele>768.0</ele>
      </trkpt>
      <trkpt lat="43.29292" lon="18.62271">
        <ele>773.7</ele>
      </trkpt>
      <trkpt lat="43.29308" lon="18.62302">
        <ele>773.8</ele>
      </trkpt>
      <trkpt lat="43.29321" lon="18.62344">
        <ele>770.3</ele>
      </trkpt>
      <trkpt lat="43.29335" lon="18.62442">
        <ele>765.3</ele>
      </trkpt>
      <trkpt lat="43.29336" lon="18.62522">
        <ele>763.7</ele>
      </trkpt>
      <trkpt lat="43.29334" lon="18.62559">
        <ele>762.4</ele>
      </trkpt>
      <trkpt lat="43.29329" lon="18.62585">
        <ele>761.3</ele>
      </trkpt>
      <trkpt lat="43.2928" lon="18.62667">
        <ele>755.5</ele>
      </trkpt>
      <trkpt lat="43.29273" lon="18.62686">
        <ele>755.0</ele>
      </trkpt>
      <trkpt lat="43.29269" lon="18.62703">
        <ele>755.0</ele>
      </trkpt>
      <trkpt lat="43.29265" lon="18.62726">
        <ele>755.2</ele>
      </trkpt>
      <trkpt lat="43.29265" lon="18.62736">
        <ele>755.7</ele>
      </trkpt>
      <trkpt lat="43.29268" lon="18.6275">
        <ele>757.1</ele>
      </trkpt>
      <trkpt lat="43.29297" lon="18.62796">
        <ele>761.5</ele>
      </trkpt>
      <trkpt lat="43.29314" lon="18.62839">
        <ele>759.6</ele>
      </trkpt>
      <trkpt lat="43.29329" lon="18.62869">
        <ele>754.5</ele>
      </trkpt>
      <trkpt lat="43.29371" lon="18.62927">
        <ele>753.0</ele>
      </trkpt>
      <trkpt lat="43.29414" lon="18.62985">
        <ele>750.8</ele>
      </trkpt>
      <trkpt lat="43.29456" lon="18.63047">
        <ele>756.6</ele>
      </trkpt>
      <trkpt lat="43.29463" lon="18.63065">
        <ele>757.1</ele>
      </trkpt>
      <trkpt lat="43.29477" lon="18.63137">
        <ele>755.5</ele>
      </trkpt>
      <trkpt lat="43.29491" lon="18.63209">
        <ele>752.2</ele>
      </trkpt>
      <trkpt lat="43.29512" lon="18.63276">
        <ele>751.4</ele>
      </trkpt>
      <trkpt lat="43.29533" lon="18.63342">
        <ele>755.1</ele>
      </trkpt>
      <trkpt lat="43.29538" lon="18.63374">
        <ele>756.6</ele>
      </trkpt>
      <trkpt lat="43.29539" lon="18.63423">
        <ele>756.4</ele>
      </trkpt>
      <trkpt lat="43.2953" lon="18.63534">
        <ele>753.4</ele>
      </trkpt>
      <trkpt lat="43.29529" lon="18.63603">
        <ele>752.0</ele>
      </trkpt>
      <trkpt lat="43.29528" lon="18.63672">
        <ele>748.3</ele>
      </trkpt>
      <trkpt lat="43.29532" lon="18.63702">
        <ele>747.1</ele>
      </trkpt>
      <trkpt lat="43.2954" lon="18.63728">
        <ele>746.9</ele>
      </trkpt>
      <trkpt lat="43.29547" lon="18.63744">
        <ele>747.0</ele>
      </trkpt>
      <trkpt lat="43.29558" lon="18.63757">
        <ele>747.8</ele>
      </trkpt>
      <trkpt lat="43.29572" lon="18.63769">
        <ele>748.4</ele>
      </trkpt>
      <trkpt lat="43.29582" lon="18.63774">
        <ele>749.0</ele>
      </trkpt>
      <trkpt lat="43.29602" lon="18.63777">
        <ele>751.7</ele>
      </trkpt>
      <trkpt lat="43.29637" lon="18.63793">
        <ele>753.0</ele>
      </trkpt>
      <trkpt lat="43.29663" lon="18.63817">
        <ele>749.6</ele>
      </trkpt>
      <trkpt lat="43.29692" lon="18.63849">
        <ele>751.2</ele>
      </trkpt>
      <trkpt lat="43.29709" lon="18.63859">
        <ele>754.1</ele>
      </trkpt>
      <trkpt lat="43.2974" lon="18.63873">
        <ele>757.9</ele>
      </trkpt>
      <trkpt lat="43.29763" lon="18.63889">
        <ele>760.5</ele>
      </trkpt>
      <trkpt lat="43.29783" lon="18.63913">
        <ele>760.1</ele>
      </trkpt>
      <trkpt lat="43.29796" lon="18.63938">
        <ele>758.2</ele>
      </trkpt>
      <trkpt lat="43.29803" lon="18.63968">
        <ele>751.1</ele>
      </trkpt>
      <trkpt lat="43.29812" lon="18.64014">
        <ele>742.4</ele>
      </trkpt>
      <trkpt lat="43.29813" lon="18.64044">
        <ele>744.2</ele>
      </trkpt>
      <trkpt lat="43.29808" lon="18.64069">
        <ele>744.5</ele>
      </trkpt>
      <trkpt lat="43.29797" lon="18.64094">
        <ele>743.1</ele>
      </trkpt>
      <trkpt lat="43.29769" lon="18.64137">
        <ele>736.0</ele>
      </trkpt>
      <trkpt lat="43.29758" lon="18.64158">
        <ele>732.1</ele>
      </trkpt>
      <trkpt lat="43.29751" lon="18.64185">
        <ele>728.5</ele>
      </trkpt>
      <trkpt lat="43.2975" lon="18.64221">
        <ele>726.4</ele>
      </trkpt>
      <trkpt lat="43.2976" lon="18.64289">
        <ele>729.6</ele>
      </trkpt>
      <trkpt lat="43.29769" lon="18.64335">
        <ele>731.9</ele>
      </trkpt>
      <trkpt lat="43.29785" lon="18.64411">
        <ele>735.7</ele>
      </trkpt>
      <trkpt lat="43.29798" lon="18.64449">
        <ele>736.8</ele>
      </trkpt>
      <trkpt lat="43.29842" lon="18.64533">
        <ele>768.8</ele>
      </trkpt>
      <trkpt lat="43.29892" lon="18.64619">
        <ele>802.9</ele>
      </trkpt>
      <trkpt lat="43.29937" lon="18.64684">
        <ele>830.7</ele>
      </trkpt>
      <trkpt lat="43.29979" lon="18.64719">
        <ele>831.4</ele>
      </trkpt>
      <trkpt lat="43.30036" lon="18.64762">
        <ele>820.1</ele>
      </trkpt>
      <trkpt lat="43.30093" lon="18.64805">
        <ele>790.4</ele>
      </trkpt>
      <trkpt lat="43.30146" lon="18.64838">
        <ele>733.7</ele>
      </trkpt>
      <trkpt lat="43.30219" lon="18.64869">
        <ele>718.3</ele>
      </trkpt>
      <trkpt lat="43.30292" lon="18.64899">
        <ele>708.8</ele>
      </trkpt>
      <trkpt lat="43.30348" lon="18.64941">
        <ele>714.3</ele>
      </trkpt>
      <trkpt lat="43.30371" lon="18.64958">
        <ele>716.6</ele>
      </trkpt>
      <trkpt lat="43.30424" lon="18.64981">
        <ele>721.5</ele>
      </trkpt>
      <trkpt lat="43.30446" lon="18.64993">
        <ele>717.8</ele>
      </trkpt>
      <trkpt lat="43.30463" lon="18.65011">
        <ele>716.4</ele>
      </trkpt>
      <trkpt lat="43.30484" lon="18.6504">
        <ele>716.7</ele>
      </trkpt>
      <trkpt lat="43.30521" lon="18.65112">
        <ele>722.2</ele>
      </trkpt>
      <trkpt lat="43.30538" lon="18.6513">
        <ele>720.5</ele>
      </trkpt>
      <trkpt lat="43.30554" lon="18.65139">
        <ele>715.7</ele>
      </trkpt>
      <trkpt lat="43.30593" lon="18.65141">
        <ele>702.7</ele>
      </trkpt>
      <trkpt lat="43.30606" lon="18.65146">
        <ele>701.9</ele>
      </trkpt>
      <trkpt lat="43.30626" lon="18.65163">
        <ele>698.3</ele>
      </trkpt>
      <trkpt lat="43.30686" lon="18.65247">
        <ele>706.0</ele>
      </trkpt>
      <trkpt lat="43.30739" lon="18.65334">
        <ele>697.8</ele>
      </trkpt>
      <trkpt lat="43.30744" lon="18.65348">
        <ele>696.6</ele>
      </trkpt>
      <trkpt lat="43.30758" lon="18.65432">
        <ele>700.9</ele>
      </trkpt>
      <trkpt lat="43.30764" lon="18.65458">
        <ele>703.6</ele>
      </trkpt>
      <trkpt lat="43.30772" lon="18.65478">
        <ele>704.8</ele>
      </trkpt>
      <trkpt lat="43.30797" lon="18.65531">
        <ele>706.7</ele>
      </trkpt>
      <trkpt lat="43.30804" lon="18.65553">
        <ele>707.8</ele>
      </trkpt>
      <trkpt lat="43.30807" lon="18.65572">
        <ele>709.4</ele>
      </trkpt>
      <trkpt lat="43.30804" lon="18.65656">
        <ele>712.5</ele>
      </trkpt>
      <trkpt lat="43.30801" lon="18.65741">
        <ele>715.6</ele>
      </trkpt>
      <trkpt lat="43.30799" lon="18.65825">
        <ele>711.7</ele>
      </trkpt>
      <trkpt lat="43.30803" lon="18.65852">
        <ele>709.0</ele>
      </trkpt>
      <trkpt lat="43.30814" lon="18.65879">
        <ele>704.2</ele>
      </trkpt>
      <trkpt lat="43.30834" lon="18.65905">
        <ele>696.5</ele>
      </trkpt>
      <trkpt lat="43.3085" lon="18.65916">
        <ele>695.0</ele>
      </trkpt>
      <trkpt lat="43.30868" lon="18.65922">
        <ele>694.0</ele>
      </trkpt>
      <trkpt lat="43.30925" lon="18.65924">
        <ele>690.2</ele>
      </trkpt>
      <trkpt lat="43.3095" lon="18.65935">
        <ele>687.3</ele>
      </trkpt>
      <trkpt lat="43.30959" lon="18.65945">
        <ele>686.2</ele>
      </trkpt>
      <trkpt lat="43.30965" lon="18.65955">
        <ele>685.5</ele>
      </trkpt>
      <trkpt lat="43.30971" lon="18.65967">
        <ele>684.7</ele>
      </trkpt>
      <trkpt lat="43.30976" lon="18.65987">
        <ele>684.0</ele>
      </trkpt>
      <trkpt lat="43.30977" lon="18.66004">
        <ele>684.0</ele>
      </trkpt>
      <trkpt lat="43.30975" lon="18.66015">
        <ele>684.7</ele>
      </trkpt>
      <trkpt lat="43.30966" lon="18.66056">
        <ele>687.7</ele>
      </trkpt>
      <trkpt lat="43.30964" lon="18.66075">
        <ele>688.5</ele>
      </trkpt>
      <trkpt lat="43.30967" lon="18.66089">
        <ele>689.2</ele>
      </trkpt>
      <trkpt lat="43.30976" lon="18.66111">
        <ele>690.4</ele>
      </trkpt>
      <trkpt lat="43.30986" lon="18.66122">
        <ele>691.2</ele>
      </trkpt>
      <trkpt lat="43.30997" lon="18.66128">
        <ele>692.0</ele>
      </trkpt>
      <trkpt lat="43.3101" lon="18.66131">
        <ele>692.9</ele>
      </trkpt>
      <trkpt lat="43.3102" lon="18.6613">
        <ele>696.2</ele>
      </trkpt>
      <trkpt lat="43.3103" lon="18.66125">
        <ele>698.6</ele>
      </trkpt>
      <trkpt lat="43.31037" lon="18.66117">
        <ele>698.9</ele>
      </trkpt>
      <trkpt lat="43.31054" lon="18.66086">
        <ele>694.2</ele>
      </trkpt>
      <trkpt lat="43.31069" lon="18.66044">
        <ele>690.9</ele>
      </trkpt>
      <trkpt lat="43.31088" lon="18.66008">
        <ele>687.9</ele>
      </trkpt>
      <trkpt lat="43.31108" lon="18.65991">
        <ele>688.9</ele>
      </trkpt>
      <trkpt lat="43.31121" lon="18.65985">
        <ele>690.3</ele>
      </trkpt>
      <trkpt lat="43.31208" lon="18.65982">
        <ele>693.7</ele>
      </trkpt>
      <trkpt lat="43.31297" lon="18.65972">
        <ele>687.5</ele>
      </trkpt>
      <trkpt lat="43.31329" lon="18.65972">
        <ele>685.8</ele>
      </trkpt>
      <trkpt lat="43.31348" lon="18.65979">
        <ele>683.6</ele>
      </trkpt>
      <trkpt lat="43.31361" lon="18.65987">
        <ele>681.9</ele>
      </trkpt>
      <trkpt lat="43.31384" lon="18.66006">
        <ele>679.3</ele>
      </trkpt>
      <trkpt lat="43.31392" lon="18.66017">
        <ele>678.9</ele>
      </trkpt>
      <trkpt lat="43.31435" lon="18.66116">
        <ele>678.6</ele>
      </trkpt>
      <trkpt lat="43.3146" lon="18.66165">
        <ele>673.5</ele>
      </trkpt>
      <trkpt lat="43.31465" lon="18.66188">
        <ele>674.6</ele>
      </trkpt>
      <trkpt lat="43.31467" lon="18.66239">
        <ele>680.2</ele>
      </trkpt>
      <trkpt lat="43.31472" lon="18.66279">
        <ele>682.1</ele>
      </trkpt>
      <trkpt lat="43.31502" lon="18.66367">
        <ele>665.2</ele>
      </trkpt>
      <trkpt lat="43.31506" lon="18.66399">
        <ele>663.4</ele>
      </trkpt>
      <trkpt lat="43.31504" lon="18.66444">
        <ele>667.3</ele>
      </trkpt>
      <trkpt lat="43.3151" lon="18.66472">
        <ele>669.5</ele>
      </trkpt>
      <trkpt lat="43.31536" lon="18.6653">
        <ele>666.6</ele>
      </trkpt>
      <trkpt lat="43.31563" lon="18.66589">
        <ele>658.6</ele>
      </trkpt>
      <trkpt lat="43.31582" lon="18.66642">
        <ele>656.4</ele>
      </trkpt>
      <trkpt lat="43.31591" lon="18.66662">
        <ele>658.2</ele>
      </trkpt>
      <trkpt lat="43.31602" lon="18.66682">
        <ele>660.5</ele>
      </trkpt>
      <trkpt lat="43.31615" lon="18.66699">
        <ele>660.5</ele>
      </trkpt>
      <trkpt lat="43.31639" lon="18.66722">
        <ele>655.7</ele>
      </trkpt>
      <trkpt lat="43.31652" lon="18.66741">
        <ele>651.5</ele>
      </trkpt>
      <trkpt lat="43.31679" lon="18.66806">
        <ele>656.3</ele>
      </trkpt>
      <trkpt lat="43.31694" lon="18.66825">
        <ele>656.3</ele>
      </trkpt>
      <trkpt lat="43.31721" lon="18.66848">
        <ele>654.1</ele>
      </trkpt>
      <trkpt lat="43.31759" lon="18.66876">
        <ele>650.8</ele>
      </trkpt>
      <trkpt lat="43.31792" lon="18.66907">
        <ele>649.8</ele>
      </trkpt>
      <trkpt lat="43.31819" lon="18.66942">
        <ele>647.5</ele>
      </trkpt>
      <trkpt lat="43.31862" lon="18.67009">
        <ele>648.1</ele>
      </trkpt>
      <trkpt lat="43.31895" lon="18.67083">
        <ele>644.6</ele>
      </trkpt>
      <trkpt lat="43.31928" lon="18.67125">
        <ele>644.0</ele>
      </trkpt>
      <trkpt lat="43.31961" lon="18.67167">
        <ele>641.8</ele>
      </trkpt>
      <trkpt lat="43.32001" lon="18.67209">
        <ele>634.0</ele>
      </trkpt>
      <trkpt lat="43.32034" lon="18.6724">
        <ele>631.0</ele>
      </trkpt>
      <trkpt lat="43.32075" lon="18.67278">
        <ele>627.3</ele>
      </trkpt>
      <trkpt lat="43.32106" lon="18.67309">
        <ele>624.5</ele>
      </trkpt>
      <trkpt lat="43.32163" lon="18.67383">
        <ele>625.5</ele>
      </trkpt>
      <trkpt lat="43.32221" lon="18.67443">
        <ele>635.5</ele>
      </trkpt>
      <trkpt lat="43.32249" lon="18.67481">
        <ele>632.5</ele>
      </trkpt>
      <trkpt lat="43.32272" lon="18.67519">
        <ele>639.3</ele>
      </trkpt>
      <trkpt lat="43.32285" lon="18.67549">
        <ele>641.1</ele>
      </trkpt>
      <trkpt lat="43.32313" lon="18.6763">
        <ele>635.0</ele>
      </trkpt>
      <trkpt lat="43.3232" lon="18.6765">
        <ele>630.6</ele>
      </trkpt>
      <trkpt lat="43.32327" lon="18.67662">
        <ele>626.2</ele>
      </trkpt>
      <trkpt lat="43.32341" lon="18.67674">
        <ele>628.7</ele>
      </trkpt>
      <trkpt lat="43.32351" lon="18.67679">
        <ele>633.1</ele>
      </trkpt>
      <trkpt lat="43.32374" lon="18.67681">
        <ele>638.5</ele>
      </trkpt>
      <trkpt lat="43.32408" lon="18.67679">
        <ele>645.2</ele>
      </trkpt>
      <trkpt lat="43.32443" lon="18.67682">
        <ele>650.8</ele>
      </trkpt>
      <trkpt lat="43.32467" lon="18.67687">
        <ele>652.7</ele>
      </trkpt>
      <trkpt lat="43.32492" lon="18.67699">
        <ele>650.0</ele>
      </trkpt>
      <trkpt lat="43.3251" lon="18.6771">
        <ele>644.9</ele>
      </trkpt>
      <trkpt lat="43.3253" lon="18.67725">
        <ele>638.2</ele>
      </trkpt>
      <trkpt lat="43.32547" lon="18.67743">
        <ele>634.5</ele>
      </trkpt>
      <trkpt lat="43.32562" lon="18.67766">
        <ele>630.6</ele>
      </trkpt>
      <trkpt lat="43.32567" lon="18.67776">
        <ele>629.1</ele>
      </trkpt>
      <trkpt lat="43.32571" lon="18.67792">
        <ele>627.0</ele>
      </trkpt>
      <trkpt lat="43.32583" lon="18.67836">
        <ele>621.2</ele>
      </trkpt>
      <trkpt lat="43.32594" lon="18.67865">
        <ele>622.9</ele>
      </trkpt>
      <trkpt lat="43.32613" lon="18.67902">
        <ele>624.0</ele>
      </trkpt>
      <trkpt lat="43.32631" lon="18.67942">
        <ele>624.8</ele>
      </trkpt>
      <trkpt lat="43.32639" lon="18.67967">
        <ele>624.8</ele>
      </trkpt>
      <trkpt lat="43.32645" lon="18.67989">
        <ele>624.1</ele>
      </trkpt>
      <trkpt lat="43.32663" lon="18.68101">
        <ele>618.5</ele>
      </trkpt>
      <trkpt lat="43.32686" lon="18.68185">
        <ele>624.8</ele>
      </trkpt>
      <trkpt lat="43.3269" lon="18.68211">
        <ele>625.6</ele>
      </trkpt>
      <trkpt lat="43.32698" lon="18.68313">
        <ele>621.5</ele>
      </trkpt>
      <trkpt lat="43.32705" lon="18.68345">
        <ele>619.6</ele>
      </trkpt>
      <trkpt lat="43.32713" lon="18.68361">
        <ele>618.2</ele>
      </trkpt>
      <trkpt lat="43.32722" lon="18.68372">
        <ele>616.9</ele>
      </trkpt>
      <trkpt lat="43.32732" lon="18.6838">
        <ele>615.7</ele>
      </trkpt>
      <trkpt lat="43.32743" lon="18.68383">
        <ele>615.3</ele>
      </trkpt>
      <trkpt lat="43.32784" lon="18.68389">
        <ele>624.9</ele>
      </trkpt>
      <trkpt lat="43.32795" lon="18.68393">
        <ele>627.0</ele>
      </trkpt>
      <trkpt lat="43.32804" lon="18.68399">
        <ele>627.6</ele>
      </trkpt>
      <trkpt lat="43.3282" lon="18.68415">
        <ele>625.9</ele>
      </trkpt>
      <trkpt lat="43.32826" lon="18.68425">
        <ele>625.0</ele>
      </trkpt>
      <trkpt lat="43.32868" lon="18.68507">
        <ele>619.5</ele>
      </trkpt>
      <trkpt lat="43.32882" lon="18.68529">
        <ele>621.2</ele>
      </trkpt>
      <trkpt lat="43.32907" lon="18.68556">
        <ele>619.2</ele>
      </trkpt>
      <trkpt lat="43.32912" lon="18.68564">
        <ele>617.2</ele>
      </trkpt>
      <trkpt lat="43.32937" lon="18.6862">
        <ele>621.1</ele>
      </trkpt>
      <trkpt lat="43.32994" lon="18.68698">
        <ele>612.9</ele>
      </trkpt>
      <trkpt lat="43.33003" lon="18.68708">
        <ele>610.1</ele>
      </trkpt>
      <trkpt lat="43.33073" lon="18.6876">
        <ele>606.4</ele>
      </trkpt>
      <trkpt lat="43.33098" lon="18.68781">
        <ele>608.4</ele>
      </trkpt>
      <trkpt lat="43.33119" lon="18.68803">
        <ele>610.6</ele>
      </trkpt>
      <trkpt lat="43.3313" lon="18.68819">
        <ele>610.2</ele>
      </trkpt>
      <trkpt lat="43.33169" lon="18.68897">
        <ele>604.3</ele>
      </trkpt>
      <trkpt lat="43.33193" lon="18.68938">
        <ele>607.1</ele>
      </trkpt>
      <trkpt lat="43.33234" lon="18.68992">
        <ele>605.7</ele>
      </trkpt>
      <trkpt lat="43.33275" lon="18.69046">
        <ele>603.9</ele>
      </trkpt>
      <trkpt lat="43.33291" lon="18.69061">
        <ele>602.0</ele>
      </trkpt>
      <trkpt lat="43.33306" lon="18.69071">
        <ele>599.7</ele>
      </trkpt>
      <trkpt lat="43.3332" lon="18.69078">
        <ele>597.4</ele>
      </trkpt>
      <trkpt lat="43.33333" lon="18.69081">
        <ele>596.1</ele>
      </trkpt>
      <trkpt lat="43.33348" lon="18.69082">
        <ele>594.6</ele>
      </trkpt>
      <trkpt lat="43.33395" lon="18.69078">
        <ele>594.2</ele>
      </trkpt>
      <trkpt lat="43.33417" lon="18.6908">
        <ele>591.6</ele>
      </trkpt>
      <trkpt lat="43.33438" lon="18.69085">
        <ele>593.7</ele>
      </trkpt>
      <trkpt lat="43.33457" lon="18.69092">
        <ele>597.0</ele>
      </trkpt>
      <trkpt lat="43.3347" lon="18.69099">
        <ele>598.5</ele>
      </trkpt>
      <trkpt lat="43.33489" lon="18.69115">
        <ele>599.0</ele>
      </trkpt>
      <trkpt lat="43.33515" lon="18.69127">
        <ele>598.0</ele>
      </trkpt>
      <trkpt lat="43.33572" lon="18.69131">
        <ele>596.8</ele>
      </trkpt>
      <trkpt lat="43.33629" lon="18.69135">
        <ele>594.9</ele>
      </trkpt>
      <trkpt lat="43.33656" lon="18.69132">
        <ele>595.3</ele>
      </trkpt>
      <trkpt lat="43.33708" lon="18.69108">
        <ele>598.7</ele>
      </trkpt>
      <trkpt lat="43.33774" lon="18.69101">
        <ele>596.5</ele>
      </trkpt>
      <trkpt lat="43.33841" lon="18.69094">
        <ele>594.0</ele>
      </trkpt>
      <trkpt lat="43.33867" lon="18.69087">
        <ele>592.7</ele>
      </trkpt>
      <trkpt lat="43.33921" lon="18.69064">
        <ele>592.8</ele>
      </trkpt>
      <trkpt lat="43.33968" lon="18.69041">
        <ele>594.8</ele>
      </trkpt>
      <trkpt lat="43.34014" lon="18.69019">
        <ele>596.0</ele>
      </trkpt>
      <trkpt lat="43.3404" lon="18.69013">
        <ele>594.5</ele>
      </trkpt>
      <trkpt lat="43.34064" lon="18.69011">
        <ele>591.9</ele>
      </trkpt>
      <trkpt lat="43.34124" lon="18.69026">
        <ele>585.6</ele>
      </trkpt>
      <trkpt lat="43.34185" lon="18.6904">
        <ele>581.6</ele>
      </trkpt>
      <trkpt lat="43.34232" lon="18.69043">
        <ele>580.9</ele>
      </trkpt>
      <trkpt lat="43.34295" lon="18.69042">
        <ele>579.3</ele>
      </trkpt>
      <trkpt lat="43.34319" lon="18.69044">
        <ele>578.3</ele>
      </trkpt>
      <trkpt lat="43.34338" lon="18.6905">
        <ele>577.3</ele>
      </trkpt>
      <trkpt lat="43.34367" lon="18.69066">
        <ele>576.6</ele>
      </trkpt>
      <trkpt lat="43.3443" lon="18.69117">
        <ele>575.0</ele>
      </trkpt>
      <trkpt lat="43.34456" lon="18.69126">
        <ele>574.4</ele>
      </trkpt>
      <trkpt lat="43.34472" lon="18.69127">
        <ele>574.3</ele>
      </trkpt>
      <trkpt lat="43.34535" lon="18.69114">
        <ele>575.6</ele>
      </trkpt>
      <trkpt lat="43.34598" lon="18.69102">
        <ele>573.6</ele>
      </trkpt>
      <trkpt lat="43.34616" lon="18.69099">
        <ele>573.0</ele>
      </trkpt>
      <trkpt lat="43.34674" lon="18.69096">
        <ele>571.3</ele>
      </trkpt>
      <trkpt lat="43.34751" lon="18.69106">
        <ele>569.3</ele>
      </trkpt>
      <trkpt lat="43.3482" lon="18.69123">
        <ele>566.8</ele>
      </trkpt>
      <trkpt lat="43.34876" lon="18.6913">
        <ele>567.2</ele>
      </trkpt>
      <trkpt lat="43.34904" lon="18.69128">
        <ele>567.8</ele>
      </trkpt>
      <trkpt lat="43.34953" lon="18.69121">
        <ele>567.3</ele>
      </trkpt>
      <trkpt lat="43.34995" lon="18.69109">
        <ele>566.4</ele>
      </trkpt>
      <trkpt lat="43.35029" lon="18.69094">
        <ele>564.3</ele>
      </trkpt>
      <trkpt lat="43.35099" lon="18.69053">
        <ele>563.5</ele>
      </trkpt>
      <trkpt lat="43.35109" lon="18.69051">
        <ele>563.4</ele>
      </trkpt>
      <trkpt lat="43.3512" lon="18.69051">
        <ele>563.1</ele>
      </trkpt>
      <trkpt lat="43.3514" lon="18.69059">
        <ele>563.8</ele>
      </trkpt>
      <trkpt lat="43.35177" lon="18.6909">
        <ele>565.3</ele>
      </trkpt>
      <trkpt lat="43.35199" lon="18.69109">
        <ele>566.2</ele>
      </trkpt>
      <trkpt lat="43.3522" lon="18.69121">
        <ele>568.9</ele>
      </trkpt>
      <trkpt lat="43.35249" lon="18.69125">
        <ele>569.5</ele>
      </trkpt>
      <trkpt lat="43.35323" lon="18.69126">
        <ele>564.4</ele>
      </trkpt>
      <trkpt lat="43.35397" lon="18.69126">
        <ele>559.4</ele>
      </trkpt>
      <trkpt lat="43.35421" lon="18.69129">
        <ele>558.2</ele>
      </trkpt>
      <trkpt lat="43.35443" lon="18.69136">
        <ele>558.4</ele>
      </trkpt>
      <trkpt lat="43.35468" lon="18.69149">
        <ele>558.4</ele>
      </trkpt>
      <trkpt lat="43.35507" lon="18.69178">
        <ele>558.4</ele>
      </trkpt>
      <trkpt lat="43.35571" lon="18.69231">
        <ele>558.5</ele>
      </trkpt>
      <trkpt lat="43.35636" lon="18.69285">
        <ele>558.0</ele>
      </trkpt>
      <trkpt lat="43.357" lon="18.69338">
        <ele>555.9</ele>
      </trkpt>
      <trkpt lat="43.35765" lon="18.69401">
        <ele>555.3</ele>
      </trkpt>
      <trkpt lat="43.35829" lon="18.69465">
        <ele>561.0</ele>
      </trkpt>
      <trkpt lat="43.35894" lon="18.69528">
        <ele>562.1</ele>
      </trkpt>
      <trkpt lat="43.35906" lon="18.69536">
        <ele>561.4</ele>
      </trkpt>
      <trkpt lat="43.35959" lon="18.69599">
        <ele>564.6</ele>
      </trkpt>
      <trkpt lat="43.36013" lon="18.69661">
        <ele>567.5</ele>
      </trkpt>
      <trkpt lat="43.36027" lon="18.69671">
        <ele>567.1</ele>
      </trkpt>
      <trkpt lat="43.36071" lon="18.69695">
        <ele>564.8</ele>
      </trkpt>
      <trkpt lat="43.36089" lon="18.69706">
        <ele>563.7</ele>
      </trkpt>
      <trkpt lat="43.36108" lon="18.69724">
        <ele>562.5</ele>
      </trkpt>
      <trkpt lat="43.36163" lon="18.69794">
        <ele>561.1</ele>
      </trkpt>
      <trkpt lat="43.36217" lon="18.69864">
        <ele>562.5</ele>
      </trkpt>
      <trkpt lat="43.3623" lon="18.69876">
        <ele>563.0</ele>
      </trkpt>
      <trkpt lat="43.36243" lon="18.69881">
        <ele>562.3</ele>
      </trkpt>
      <trkpt lat="43.36317" lon="18.69866">
        <ele>556.7</ele>
      </trkpt>
      <trkpt lat="43.36347" lon="18.69862">
        <ele>554.9</ele>
      </trkpt>
      <trkpt lat="43.36378" lon="18.6986">
        <ele>553.0</ele>
      </trkpt>
      <trkpt lat="43.364" lon="18.69863">
        <ele>552.4</ele>
      </trkpt>
      <trkpt lat="43.36428" lon="18.69878">
        <ele>552.5</ele>
      </trkpt>
      <trkpt lat="43.36445" lon="18.69891">
        <ele>552.5</ele>
      </trkpt>
      <trkpt lat="43.36497" lon="18.69947">
        <ele>552.6</ele>
      </trkpt>
      <trkpt lat="43.36508" lon="18.69956">
        <ele>551.8</ele>
      </trkpt>
      <trkpt lat="43.36519" lon="18.69962">
        <ele>550.8</ele>
      </trkpt>
      <trkpt lat="43.36536" lon="18.69965">
        <ele>548.8</ele>
      </trkpt>
      <trkpt lat="43.36549" lon="18.69963">
        <ele>547.1</ele>
      </trkpt>
      <trkpt lat="43.36561" lon="18.6996">
        <ele>545.4</ele>
      </trkpt>
      <trkpt lat="43.36579" lon="18.69949">
        <ele>544.4</ele>
      </trkpt>
      <trkpt lat="43.36611" lon="18.69929">
        <ele>542.6</ele>
      </trkpt>
      <trkpt lat="43.36648" lon="18.69907">
        <ele>540.6</ele>
      </trkpt>
      <trkpt lat="43.36666" lon="18.69898">
        <ele>540.9</ele>
      </trkpt>
      <trkpt lat="43.36678" lon="18.69897">
        <ele>540.8</ele>
      </trkpt>
      <trkpt lat="43.36689" lon="18.69898">
        <ele>540.7</ele>
      </trkpt>
      <trkpt lat="43.36718" lon="18.69915">
        <ele>540.7</ele>
      </trkpt>
      <trkpt lat="43.36743" lon="18.69936">
        <ele>540.8</ele>
      </trkpt>
      <trkpt lat="43.36801" lon="18.69981">
        <ele>541.1</ele>
      </trkpt>
      <trkpt lat="43.3686" lon="18.70027">
        <ele>539.6</ele>
      </trkpt>
      <trkpt lat="43.36887" lon="18.70042">
        <ele>538.5</ele>
      </trkpt>
      <trkpt lat="43.36914" lon="18.70052">
        <ele>537.4</ele>
      </trkpt>
      <trkpt lat="43.36936" lon="18.70056">
        <ele>535.2</ele>
      </trkpt>
      <trkpt lat="43.36988" lon="18.70053">
        <ele>530.6</ele>
      </trkpt>
      <trkpt lat="43.37049" lon="18.70047">
        <ele>530.5</ele>
      </trkpt>
      <trkpt lat="43.37109" lon="18.70042">
        <ele>533.6</ele>
      </trkpt>
      <trkpt lat="43.37125" lon="18.70045">
        <ele>535.3</ele>
      </trkpt>
      <trkpt lat="43.37136" lon="18.7005">
        <ele>536.4</ele>
      </trkpt>
      <trkpt lat="43.37154" lon="18.70064">
        <ele>538.4</ele>
      </trkpt>
      <trkpt lat="43.3717" lon="18.70083">
        <ele>541.2</ele>
      </trkpt>
      <trkpt lat="43.37183" lon="18.70111">
        <ele>545.6</ele>
      </trkpt>
      <trkpt lat="43.37187" lon="18.70124">
        <ele>546.8</ele>
      </trkpt>
      <trkpt lat="43.37197" lon="18.70208">
        <ele>547.8</ele>
      </trkpt>
      <trkpt lat="43.37203" lon="18.70239">
        <ele>548.4</ele>
      </trkpt>
      <trkpt lat="43.37216" lon="18.70289">
        <ele>547.9</ele>
      </trkpt>
      <trkpt lat="43.37237" lon="18.7035">
        <ele>545.4</ele>
      </trkpt>
      <trkpt lat="43.37259" lon="18.70411">
        <ele>541.2</ele>
      </trkpt>
      <trkpt lat="43.37276" lon="18.70448">
        <ele>542.8</ele>
      </trkpt>
      <trkpt lat="43.3731" lon="18.70494">
        <ele>547.2</ele>
      </trkpt>
      <trkpt lat="43.37326" lon="18.70526">
        <ele>547.9</ele>
      </trkpt>
      <trkpt lat="43.37333" lon="18.70549">
        <ele>547.2</ele>
      </trkpt>
      <trkpt lat="43.3735" lon="18.70637">
        <ele>546.5</ele>
      </trkpt>
      <trkpt lat="43.37362" lon="18.70677">
        <ele>546.4</ele>
      </trkpt>
      <trkpt lat="43.37393" lon="18.70753">
        <ele>543.7</ele>
      </trkpt>
      <trkpt lat="43.37404" lon="18.70773">
        <ele>543.1</ele>
      </trkpt>
      <trkpt lat="43.37415" lon="18.70786">
        <ele>543.0</ele>
      </trkpt>
      <trkpt lat="43.37427" lon="18.70796">
        <ele>542.9</ele>
      </trkpt>
      <trkpt lat="43.37439" lon="18.70802">
        <ele>543.2</ele>
      </trkpt>
      <trkpt lat="43.37461" lon="18.70808">
        <ele>544.6</ele>
      </trkpt>
      <trkpt lat="43.37479" lon="18.70806">
        <ele>546.6</ele>
      </trkpt>
      <trkpt lat="43.37495" lon="18.708">
        <ele>548.7</ele>
      </trkpt>
      <trkpt lat="43.3751" lon="18.70791">
        <ele>550.5</ele>
      </trkpt>
      <trkpt lat="43.37523" lon="18.7078">
        <ele>551.9</ele>
      </trkpt>
      <trkpt lat="43.37553" lon="18.70739">
        <ele>555.9</ele>
      </trkpt>
      <trkpt lat="43.37572" lon="18.70717">
        <ele>559.0</ele>
      </trkpt>
      <trkpt lat="43.37592" lon="18.70699">
        <ele>562.0</ele>
      </trkpt>
      <trkpt lat="43.37631" lon="18.70666">
        <ele>564.9</ele>
      </trkpt>
      <trkpt lat="43.37641" lon="18.70655">
        <ele>565.7</ele>
      </trkpt>
      <trkpt lat="43.37653" lon="18.70621">
        <ele>567.6</ele>
      </trkpt>
      <trkpt lat="43.37664" lon="18.70547">
        <ele>575.3</ele>
      </trkpt>
      <trkpt lat="43.37668" lon="18.70529">
        <ele>578.4</ele>
      </trkpt>
      <trkpt lat="43.37676" lon="18.70517">
        <ele>580.2</ele>
      </trkpt>
      <trkpt lat="43.37687" lon="18.70508">
        <ele>580.8</ele>
      </trkpt>
      <trkpt lat="43.37693" lon="18.70504">
        <ele>580.7</ele>
      </trkpt>
      <trkpt lat="43.37702" lon="18.70505">
        <ele>579.8</ele>
      </trkpt>
      <trkpt lat="43.37709" lon="18.70507">
        <ele>579.0</ele>
      </trkpt>
      <trkpt lat="43.37718" lon="18.70516">
        <ele>578.0</ele>
      </trkpt>
      <trkpt lat="43.37721" lon="18.70522">
        <ele>577.7</ele>
      </trkpt>
      <trkpt lat="43.37725" lon="18.70537">
        <ele>577.4</ele>
      </trkpt>
      <trkpt lat="43.37726" lon="18.70552">
        <ele>577.4</ele>
      </trkpt>
      <trkpt lat="43.37722" lon="18.70593">
        <ele>577.1</ele>
      </trkpt>
      <trkpt lat="43.37708" lon="18.70659">
        <ele>576.2</ele>
      </trkpt>
      <trkpt lat="43.37694" lon="18.70734">
        <ele>575.1</ele>
      </trkpt>
      <trkpt lat="43.3769" lon="18.70765">
        <ele>574.6</ele>
      </trkpt>
      <trkpt lat="43.37689" lon="18.70787">
        <ele>574.5</ele>
      </trkpt>
      <trkpt lat="43.37694" lon="18.70814">
        <ele>576.1</ele>
      </trkpt>
      <trkpt lat="43.377" lon="18.70827">
        <ele>577.6</ele>
      </trkpt>
      <trkpt lat="43.37734" lon="18.70878">
        <ele>589.3</ele>
      </trkpt>
      <trkpt lat="43.37738" lon="18.70888">
        <ele>591.2</ele>
      </trkpt>
      <trkpt lat="43.3774" lon="18.70906">
        <ele>593.4</ele>
      </trkpt>
      <trkpt lat="43.37739" lon="18.70919">
        <ele>594.6</ele>
      </trkpt>
      <trkpt lat="43.37734" lon="18.70934">
        <ele>596.7</ele>
      </trkpt>
      <trkpt lat="43.37717" lon="18.70966">
        <ele>599.1</ele>
      </trkpt>
      <trkpt lat="43.37707" lon="18.70979">
        <ele>599.1</ele>
      </trkpt>
      <trkpt lat="43.37688" lon="18.70994">
        <ele>596.9</ele>
      </trkpt>
      <trkpt lat="43.37676" lon="18.71008">
        <ele>595.5</ele>
      </trkpt>
      <trkpt lat="43.37671" lon="18.71019">
        <ele>595.1</ele>
      </trkpt>
      <trkpt lat="43.37667" lon="18.71032">
        <ele>595.2</ele>
      </trkpt>
      <trkpt lat="43.37666" lon="18.71045">
        <ele>596.1</ele>
      </trkpt>
      <trkpt lat="43.37667" lon="18.71118">
        <ele>600.5</ele>
      </trkpt>
      <trkpt lat="43.37667" lon="18.71191">
        <ele>604.0</ele>
      </trkpt>
      <trkpt lat="43.37666" lon="18.71217">
        <ele>606.9</ele>
      </trkpt>
      <trkpt lat="43.37663" lon="18.71234">
        <ele>608.2</ele>
      </trkpt>
      <trkpt lat="43.37646" lon="18.71295">
        <ele>607.8</ele>
      </trkpt>
      <trkpt lat="43.37644" lon="18.71311">
        <ele>608.0</ele>
      </trkpt>
      <trkpt lat="43.37648" lon="18.7133">
        <ele>610.0</ele>
      </trkpt>
      <trkpt lat="43.37671" lon="18.71405">
        <ele>618.6</ele>
      </trkpt>
      <trkpt lat="43.37675" lon="18.71422">
        <ele>620.6</ele>
      </trkpt>
      <trkpt lat="43.37676" lon="18.71437">
        <ele>621.6</ele>
      </trkpt>
      <trkpt lat="43.37674" lon="18.71455">
        <ele>621.5</ele>
      </trkpt>
      <trkpt lat="43.3766" lon="18.71515">
        <ele>618.4</ele>
      </trkpt>
      <trkpt lat="43.37653" lon="18.71581">
        <ele>620.3</ele>
      </trkpt>
      <trkpt lat="43.37647" lon="18.71647">
        <ele>621.1</ele>
      </trkpt>
      <trkpt lat="43.37646" lon="18.71676">
        <ele>622.3</ele>
      </trkpt>
      <trkpt lat="43.37648" lon="18.71737">
        <ele>626.5</ele>
      </trkpt>
      <trkpt lat="43.37647" lon="18.71766">
        <ele>628.0</ele>
      </trkpt>
      <trkpt lat="43.37644" lon="18.71809">
        <ele>630.1</ele>
      </trkpt>
      <trkpt lat="43.37631" lon="18.71924">
        <ele>632.7</ele>
      </trkpt>
      <trkpt lat="43.37618" lon="18.72039">
        <ele>640.0</ele>
      </trkpt>
      <trkpt lat="43.37618" lon="18.72156">
        <ele>648.0</ele>
      </trkpt>
      <trkpt lat="43.37614" lon="18.72189">
        <ele>650.1</ele>
      </trkpt>
      <trkpt lat="43.37608" lon="18.72216">
        <ele>651.2</ele>
      </trkpt>
      <trkpt lat="43.37585" lon="18.72292">
        <ele>652.3</ele>
      </trkpt>
      <trkpt lat="43.3758" lon="18.72318">
        <ele>654.9</ele>
      </trkpt>
      <trkpt lat="43.37566" lon="18.72411">
        <ele>661.1</ele>
      </trkpt>
      <trkpt lat="43.37553" lon="18.72504">
        <ele>664.2</ele>
      </trkpt>
      <trkpt lat="43.3754" lon="18.72597">
        <ele>667.8</ele>
      </trkpt>
      <trkpt lat="43.37542" lon="18.72682">
        <ele>675.1</ele>
      </trkpt>
      <trkpt lat="43.37548" lon="18.72774">
        <ele>676.4</ele>
      </trkpt>
      <trkpt lat="43.37558" lon="18.72814">
        <ele>678.6</ele>
      </trkpt>
      <trkpt lat="43.37574" lon="18.72865">
        <ele>683.3</ele>
      </trkpt>
      <trkpt lat="43.37579" lon="18.72891">
        <ele>684.8</ele>
      </trkpt>
      <trkpt lat="43.37581" lon="18.72918">
        <ele>685.2</ele>
      </trkpt>
      <trkpt lat="43.37578" lon="18.72998">
        <ele>684.5</ele>
      </trkpt>
      <trkpt lat="43.37573" lon="18.73053">
        <ele>686.4</ele>
      </trkpt>
      <trkpt lat="43.37563" lon="18.73118">
        <ele>683.3</ele>
      </trkpt>
      <trkpt lat="43.37564" lon="18.73144">
        <ele>681.8</ele>
      </trkpt>
      <trkpt lat="43.37568" lon="18.73158">
        <ele>682.0</ele>
      </trkpt>
      <trkpt lat="43.37576" lon="18.73172">
        <ele>682.9</ele>
      </trkpt>
      <trkpt lat="43.37589" lon="18.73185">
        <ele>684.7</ele>
      </trkpt>
      <trkpt lat="43.3765" lon="18.73235">
        <ele>696.1</ele>
      </trkpt>
      <trkpt lat="43.37672" lon="18.73262">
        <ele>701.1</ele>
      </trkpt>
      <trkpt lat="43.37679" lon="18.73276">
        <ele>702.6</ele>
      </trkpt>
      <trkpt lat="43.37687" lon="18.73304">
        <ele>703.4</ele>
      </trkpt>
      <trkpt lat="43.37695" lon="18.73362">
        <ele>702.7</ele>
      </trkpt>
      <trkpt lat="43.37703" lon="18.73385">
        <ele>704.6</ele>
      </trkpt>
      <trkpt lat="43.37711" lon="18.73402">
        <ele>706.8</ele>
      </trkpt>
      <trkpt lat="43.37746" lon="18.73457">
        <ele>714.8</ele>
      </trkpt>
      <trkpt lat="43.3776" lon="18.73481">
        <ele>718.0</ele>
      </trkpt>
      <trkpt lat="43.37769" lon="18.73511">
        <ele>720.4</ele>
      </trkpt>
      <trkpt lat="43.37771" lon="18.73536">
        <ele>721.7</ele>
      </trkpt>
      <trkpt lat="43.37766" lon="18.73549">
        <ele>720.0</ele>
      </trkpt>
      <trkpt lat="43.37751" lon="18.73574">
        <ele>715.8</ele>
      </trkpt>
      <trkpt lat="43.37744" lon="18.73592">
        <ele>714.6</ele>
      </trkpt>
      <trkpt lat="43.37743" lon="18.73613">
        <ele>715.1</ele>
      </trkpt>
      <trkpt lat="43.37747" lon="18.7363">
        <ele>716.8</ele>
      </trkpt>
      <trkpt lat="43.37761" lon="18.73669">
        <ele>722.2</ele>
      </trkpt>
      <trkpt lat="43.37765" lon="18.73681">
        <ele>722.7</ele>
      </trkpt>
      <trkpt lat="43.37769" lon="18.73709">
        <ele>722.4</ele>
      </trkpt>
      <trkpt lat="43.37777" lon="18.7373">
        <ele>724.0</ele>
      </trkpt>
      <trkpt lat="43.37806" lon="18.73785">
        <ele>732.0</ele>
      </trkpt>
      <trkpt lat="43.37813" lon="18.7381">
        <ele>733.2</ele>
      </trkpt>
      <trkpt lat="43.37817" lon="18.73859">
        <ele>732.8</ele>
      </trkpt>
      <trkpt lat="43.37821" lon="18.73931">
        <ele>733.9</ele>
      </trkpt>
      <trkpt lat="43.37817" lon="18.73963">
        <ele>734.5</ele>
      </trkpt>
      <trkpt lat="43.3781" lon="18.73999">
        <ele>734.4</ele>
      </trkpt>
      <trkpt lat="43.3781" lon="18.74022">
        <ele>735.7</ele>
      </trkpt>
      <trkpt lat="43.37814" lon="18.74039">
        <ele>738.0</ele>
      </trkpt>
      <trkpt lat="43.37837" lon="18.74094">
        <ele>748.5</ele>
      </trkpt>
      <trkpt lat="43.3784" lon="18.74108">
        <ele>749.9</ele>
      </trkpt>
      <trkpt lat="43.3784" lon="18.74125">
        <ele>750.5</ele>
      </trkpt>
      <trkpt lat="43.37837" lon="18.74151">
        <ele>750.5</ele>
      </trkpt>
      <trkpt lat="43.37813" lon="18.74229">
        <ele>749.3</ele>
      </trkpt>
      <trkpt lat="43.37809" lon="18.74248">
        <ele>750.1</ele>
      </trkpt>
      <trkpt lat="43.37809" lon="18.74263">
        <ele>749.6</ele>
      </trkpt>
      <trkpt lat="43.37813" lon="18.74276">
        <ele>749.5</ele>
      </trkpt>
      <trkpt lat="43.37822" lon="18.74291">
        <ele>750.0</ele>
      </trkpt>
      <trkpt lat="43.37833" lon="18.743">
        <ele>751.0</ele>
      </trkpt>
      <trkpt lat="43.37898" lon="18.74336">
        <ele>756.8</ele>
      </trkpt>
      <trkpt lat="43.37956" lon="18.74376">
        <ele>754.6</ele>
      </trkpt>
      <trkpt lat="43.37971" lon="18.74384">
        <ele>754.7</ele>
      </trkpt>
      <trkpt lat="43.37984" lon="18.74387">
        <ele>756.0</ele>
      </trkpt>
      <trkpt lat="43.37998" lon="18.74383">
        <ele>759.4</ele>
      </trkpt>
      <trkpt lat="43.38017" lon="18.74371">
        <ele>762.4</ele>
      </trkpt>
      <trkpt lat="43.38043" lon="18.74343">
        <ele>768.4</ele>
      </trkpt>
      <trkpt lat="43.38068" lon="18.74323">
        <ele>771.9</ele>
      </trkpt>
      <trkpt lat="43.38079" lon="18.7432">
        <ele>772.1</ele>
      </trkpt>
      <trkpt lat="43.3809" lon="18.7432">
        <ele>772.5</ele>
      </trkpt>
      <trkpt lat="43.38109" lon="18.74325">
        <ele>773.2</ele>
      </trkpt>
      <trkpt lat="43.38158" lon="18.7435">
        <ele>773.9</ele>
      </trkpt>
      <trkpt lat="43.38228" lon="18.74392">
        <ele>774.7</ele>
      </trkpt>
      <trkpt lat="43.38238" lon="18.74403">
        <ele>774.9</ele>
      </trkpt>
      <trkpt lat="43.38249" lon="18.74423">
        <ele>775.1</ele>
      </trkpt>
      <trkpt lat="43.38255" lon="18.74449">
        <ele>775.3</ele>
      </trkpt>
      <trkpt lat="43.38257" lon="18.74478">
        <ele>775.6</ele>
      </trkpt>
      <trkpt lat="43.38257" lon="18.74532">
        <ele>776.1</ele>
      </trkpt>
      <trkpt lat="43.3826" lon="18.74604">
        <ele>777.7</ele>
      </trkpt>
      <trkpt lat="43.38267" lon="18.74699">
        <ele>779.2</ele>
      </trkpt>
      <trkpt lat="43.38271" lon="18.74792">
        <ele>781.9</ele>
      </trkpt>
      <trkpt lat="43.3827" lon="18.74816">
        <ele>782.6</ele>
      </trkpt>
      <trkpt lat="43.38266" lon="18.74838">
        <ele>782.6</ele>
      </trkpt>
      <trkpt lat="43.38252" lon="18.74871">
        <ele>781.7</ele>
      </trkpt>
      <trkpt lat="43.38246" lon="18.74882">
        <ele>781.4</ele>
      </trkpt>
      <trkpt lat="43.38202" lon="18.74922">
        <ele>778.2</ele>
      </trkpt>
      <trkpt lat="43.38187" lon="18.74939">
        <ele>777.9</ele>
      </trkpt>
      <trkpt lat="43.38178" lon="18.74955">
        <ele>778.2</ele>
      </trkpt>
      <trkpt lat="43.38173" lon="18.74969">
        <ele>778.9</ele>
      </trkpt>
      <trkpt lat="43.38171" lon="18.74985">
        <ele>780.3</ele>
      </trkpt>
      <trkpt lat="43.38172" lon="18.75004">
        <ele>782.4</ele>
      </trkpt>
      <trkpt lat="43.38182" lon="18.75052">
        <ele>787.6</ele>
      </trkpt>
      <trkpt lat="43.38183" lon="18.7507">
        <ele>789.0</ele>
      </trkpt>
      <trkpt lat="43.38176" lon="18.75189">
        <ele>798.1</ele>
      </trkpt>
      <trkpt lat="43.38174" lon="18.752">
        <ele>799.6</ele>
      </trkpt>
      <trkpt lat="43.38166" lon="18.7522">
        <ele>801.1</ele>
      </trkpt>
      <trkpt lat="43.38157" lon="18.75235">
        <ele>802.7</ele>
      </trkpt>
      <trkpt lat="43.38137" lon="18.7525">
        <ele>803.1</ele>
      </trkpt>
      <trkpt lat="43.38122" lon="18.75257">
        <ele>802.4</ele>
      </trkpt>
      <trkpt lat="43.38094" lon="18.75264">
        <ele>799.8</ele>
      </trkpt>
      <trkpt lat="43.38067" lon="18.75275">
        <ele>797.3</ele>
      </trkpt>
      <trkpt lat="43.38053" lon="18.75288">
        <ele>796.4</ele>
      </trkpt>
      <trkpt lat="43.38043" lon="18.75303">
        <ele>795.9</ele>
      </trkpt>
      <trkpt lat="43.3804" lon="18.75323">
        <ele>797.1</ele>
      </trkpt>
      <trkpt lat="43.38042" lon="18.7535">
        <ele>798.3</ele>
      </trkpt>
      <trkpt lat="43.38059" lon="18.75405">
        <ele>802.5</ele>
      </trkpt>
      <trkpt lat="43.38086" lon="18.75478">
        <ele>806.4</ele>
      </trkpt>
      <trkpt lat="43.38114" lon="18.75552">
        <ele>807.5</ele>
      </trkpt>
      <trkpt lat="43.38121" lon="18.75563">
        <ele>808.1</ele>
      </trkpt>
      <trkpt lat="43.38129" lon="18.75572">
        <ele>809.2</ele>
      </trkpt>
      <trkpt lat="43.38174" lon="18.75599">
        <ele>818.2</ele>
      </trkpt>
      <trkpt lat="43.38185" lon="18.75607">
        <ele>819.1</ele>
      </trkpt>
      <trkpt lat="43.38195" lon="18.75618">
        <ele>820.1</ele>
      </trkpt>
      <trkpt lat="43.38204" lon="18.75633">
        <ele>821.1</ele>
      </trkpt>
      <trkpt lat="43.38209" lon="18.75649">
        <ele>822.1</ele>
      </trkpt>
      <trkpt lat="43.3821" lon="18.75658">
        <ele>822.6</ele>
      </trkpt>
      <trkpt lat="43.38211" lon="18.75673">
        <ele>823.4</ele>
      </trkpt>
      <trkpt lat="43.3821" lon="18.75692">
        <ele>824.5</ele>
      </trkpt>
      <trkpt lat="43.38205" lon="18.75709">
        <ele>824.3</ele>
      </trkpt>
      <trkpt lat="43.38188" lon="18.7575">
        <ele>822.9</ele>
      </trkpt>
      <trkpt lat="43.38172" lon="18.75804">
        <ele>821.7</ele>
      </trkpt>
      <trkpt lat="43.38171" lon="18.75833">
        <ele>823.1</ele>
      </trkpt>
      <trkpt lat="43.38181" lon="18.75903">
        <ele>832.9</ele>
      </trkpt>
      <trkpt lat="43.38182" lon="18.75921">
        <ele>835.3</ele>
      </trkpt>
      <trkpt lat="43.3818" lon="18.75936">
        <ele>837.2</ele>
      </trkpt>
      <trkpt lat="43.3817" lon="18.75962">
        <ele>838.6</ele>
      </trkpt>
      <trkpt lat="43.38162" lon="18.75973">
        <ele>838.7</ele>
      </trkpt>
      <trkpt lat="43.38138" lon="18.75999">
        <ele>839.3</ele>
      </trkpt>
      <trkpt lat="43.38085" lon="18.76051">
        <ele>840.4</ele>
      </trkpt>
      <trkpt lat="43.3804" lon="18.7608">
        <ele>840.6</ele>
      </trkpt>
      <trkpt lat="43.38027" lon="18.76092">
        <ele>840.8</ele>
      </trkpt>
      <trkpt lat="43.38017" lon="18.76106">
        <ele>841.1</ele>
      </trkpt>
      <trkpt lat="43.38004" lon="18.76138">
        <ele>842.7</ele>
      </trkpt>
      <trkpt lat="43.37979" lon="18.76216">
        <ele>844.6</ele>
      </trkpt>
      <trkpt lat="43.37969" lon="18.76238">
        <ele>845.5</ele>
      </trkpt>
      <trkpt lat="43.37957" lon="18.76262">
        <ele>846.2</ele>
      </trkpt>
      <trkpt lat="43.37906" lon="18.76352">
        <ele>849.4</ele>
      </trkpt>
      <trkpt lat="43.37901" lon="18.76376">
        <ele>850.5</ele>
      </trkpt>
      <trkpt lat="43.37901" lon="18.76398">
        <ele>851.6</ele>
      </trkpt>
      <trkpt lat="43.37905" lon="18.76419">
        <ele>852.4</ele>
      </trkpt>
      <trkpt lat="43.37911" lon="18.76432">
        <ele>851.8</ele>
      </trkpt>
      <trkpt lat="43.37919" lon="18.76444">
        <ele>850.9</ele>
      </trkpt>
      <trkpt lat="43.37928" lon="18.76453">
        <ele>849.8</ele>
      </trkpt>
      <trkpt lat="43.37937" lon="18.76458">
        <ele>848.8</ele>
      </trkpt>
      <trkpt lat="43.37949" lon="18.76461">
        <ele>847.6</ele>
      </trkpt>
      <trkpt lat="43.3797" lon="18.7646">
        <ele>845.9</ele>
      </trkpt>
      <trkpt lat="43.38038" lon="18.76441">
        <ele>842.0</ele>
      </trkpt>
      <trkpt lat="43.38105" lon="18.76426">
        <ele>836.8</ele>
      </trkpt>
      <trkpt lat="43.38152" lon="18.76405">
        <ele>833.1</ele>
      </trkpt>
      <trkpt lat="43.38163" lon="18.76397">
        <ele>832.4</ele>
      </trkpt>
      <trkpt lat="43.38175" lon="18.76389">
        <ele>831.5</ele>
      </trkpt>
      <trkpt lat="43.38242" lon="18.76331">
        <ele>829.3</ele>
      </trkpt>
      <trkpt lat="43.38263" lon="18.7632">
        <ele>829.3</ele>
      </trkpt>
      <trkpt lat="43.38289" lon="18.76314">
        <ele>828.3</ele>
      </trkpt>
      <trkpt lat="43.38301" lon="18.76314">
        <ele>827.4</ele>
      </trkpt>
      <trkpt lat="43.38313" lon="18.76315">
        <ele>826.4</ele>
      </trkpt>
      <trkpt lat="43.38364" lon="18.76329">
        <ele>820.1</ele>
      </trkpt>
      <trkpt lat="43.38416" lon="18.76343">
        <ele>813.9</ele>
      </trkpt>
      <trkpt lat="43.3843" lon="18.76345">
        <ele>813.4</ele>
      </trkpt>
      <trkpt lat="43.38464" lon="18.76342">
        <ele>813.3</ele>
      </trkpt>
      <trkpt lat="43.38497" lon="18.76334">
        <ele>813.9</ele>
      </trkpt>
      <trkpt lat="43.38506" lon="18.76334">
        <ele>814.2</ele>
      </trkpt>
      <trkpt lat="43.38518" lon="18.76338">
        <ele>814.2</ele>
      </trkpt>
      <trkpt lat="43.38527" lon="18.76345">
        <ele>813.6</ele>
      </trkpt>
      <trkpt lat="43.38535" lon="18.76356">
        <ele>812.2</ele>
      </trkpt>
      <trkpt lat="43.38558" lon="18.76406">
        <ele>804.8</ele>
      </trkpt>
      <trkpt lat="43.38569" lon="18.76423">
        <ele>802.1</ele>
      </trkpt>
      <trkpt lat="43.38578" lon="18.7643">
        <ele>801.1</ele>
      </trkpt>
      <trkpt lat="43.3862" lon="18.76437">
        <ele>800.4</ele>
      </trkpt>
      <trkpt lat="43.38629" lon="18.7644">
        <ele>800.0</ele>
      </trkpt>
      <trkpt lat="43.38657" lon="18.76459">
        <ele>797.3</ele>
      </trkpt>
      <trkpt lat="43.3868" lon="18.76484">
        <ele>795.1</ele>
      </trkpt>
      <trkpt lat="43.38714" lon="18.76528">
        <ele>790.8</ele>
      </trkpt>
      <trkpt lat="43.38748" lon="18.76571">
        <ele>786.3</ele>
      </trkpt>
      <trkpt lat="43.38758" lon="18.76581">
        <ele>784.3</ele>
      </trkpt>
      <trkpt lat="43.38783" lon="18.76597">
        <ele>779.3</ele>
      </trkpt>
      <trkpt lat="43.38862" lon="18.76625">
        <ele>772.5</ele>
      </trkpt>
      <trkpt lat="43.3888" lon="18.76628">
        <ele>772.3</ele>
      </trkpt>
      <trkpt lat="43.38894" lon="18.76626">
        <ele>772.9</ele>
      </trkpt>
      <trkpt lat="43.38905" lon="18.76621">
        <ele>773.9</ele>
      </trkpt>
      <trkpt lat="43.38916" lon="18.76614">
        <ele>774.9</ele>
      </trkpt>
      <trkpt lat="43.38927" lon="18.76602">
        <ele>775.0</ele>
      </trkpt>
      <trkpt lat="43.3894" lon="18.76583">
        <ele>775.1</ele>
      </trkpt>
      <trkpt lat="43.38975" lon="18.76516">
        <ele>776.5</ele>
      </trkpt>
      <trkpt lat="43.38984" lon="18.76505">
        <ele>775.5</ele>
      </trkpt>
      <trkpt lat="43.38994" lon="18.76495">
        <ele>774.3</ele>
      </trkpt>
      <trkpt lat="43.39008" lon="18.76485">
        <ele>774.2</ele>
      </trkpt>
      <trkpt lat="43.39015" lon="18.76482">
        <ele>774.4</ele>
      </trkpt>
      <trkpt lat="43.3903" lon="18.76481">
        <ele>774.0</ele>
      </trkpt>
      <trkpt lat="43.39039" lon="18.76483">
        <ele>773.4</ele>
      </trkpt>
      <trkpt lat="43.39051" lon="18.76489">
        <ele>771.9</ele>
      </trkpt>
      <trkpt lat="43.39066" lon="18.76505">
        <ele>769.1</ele>
      </trkpt>
      <trkpt lat="43.39095" lon="18.76542">
        <ele>764.0</ele>
      </trkpt>
      <trkpt lat="43.39113" lon="18.76556">
        <ele>761.9</ele>
      </trkpt>
      <trkpt lat="43.39122" lon="18.7656">
        <ele>761.1</ele>
      </trkpt>
      <trkpt lat="43.39135" lon="18.76562">
        <ele>760.4</ele>
      </trkpt>
      <trkpt lat="43.39199" lon="18.76555">
        <ele>760.3</ele>
      </trkpt>
      <trkpt lat="43.39214" lon="18.76557">
        <ele>760.1</ele>
      </trkpt>
      <trkpt lat="43.39243" lon="18.76566">
        <ele>758.6</ele>
      </trkpt>
      <trkpt lat="43.39296" lon="18.76597">
        <ele>751.8</ele>
      </trkpt>
      <trkpt lat="43.3932" lon="18.76608">
        <ele>749.6</ele>
      </trkpt>
      <trkpt lat="43.39337" lon="18.76613">
        <ele>748.5</ele>
      </trkpt>
      <trkpt lat="43.39419" lon="18.76614">
        <ele>749.4</ele>
      </trkpt>
      <trkpt lat="43.39473" lon="18.76624">
        <ele>748.9</ele>
      </trkpt>
      <trkpt lat="43.39492" lon="18.76629">
        <ele>748.6</ele>
      </trkpt>
      <trkpt lat="43.39514" lon="18.76631">
        <ele>747.7</ele>
      </trkpt>
      <trkpt lat="43.39533" lon="18.76628">
        <ele>746.8</ele>
      </trkpt>
      <trkpt lat="43.39553" lon="18.76622">
        <ele>746.0</ele>
      </trkpt>
      <trkpt lat="43.39577" lon="18.7661">
        <ele>744.8</ele>
      </trkpt>
      <trkpt lat="43.39591" lon="18.766">
        <ele>742.6</ele>
      </trkpt>
      <trkpt lat="43.39601" lon="18.7659">
        <ele>740.6</ele>
      </trkpt>
      <trkpt lat="43.39608" lon="18.7658">
        <ele>740.4</ele>
      </trkpt>
      <trkpt lat="43.39626" lon="18.76542">
        <ele>748.7</ele>
      </trkpt>
      <trkpt lat="43.39634" lon="18.7653">
        <ele>751.1</ele>
      </trkpt>
      <trkpt lat="43.39639" lon="18.76524">
        <ele>752.2</ele>
      </trkpt>
      <trkpt lat="43.39644" lon="18.76522">
        <ele>752.0</ele>
      </trkpt>
      <trkpt lat="43.39662" lon="18.76519">
        <ele>750.0</ele>
      </trkpt>
      <trkpt lat="43.39671" lon="18.76523">
        <ele>749.1</ele>
      </trkpt>
      <trkpt lat="43.39677" lon="18.76529">
        <ele>749.0</ele>
      </trkpt>
      <trkpt lat="43.39682" lon="18.76538">
        <ele>747.4</ele>
      </trkpt>
      <trkpt lat="43.39703" lon="18.76592">
        <ele>736.4</ele>
      </trkpt>
      <trkpt lat="43.39721" lon="18.76625">
        <ele>730.4</ele>
      </trkpt>
      <trkpt lat="43.39785" lon="18.76696">
        <ele>719.1</ele>
      </trkpt>
      <trkpt lat="43.39804" lon="18.76715">
        <ele>717.1</ele>
      </trkpt>
      <trkpt lat="43.39816" lon="18.7672">
        <ele>717.9</ele>
      </trkpt>
      <trkpt lat="43.39836" lon="18.76724">
        <ele>720.2</ele>
      </trkpt>
      <trkpt lat="43.39895" lon="18.76733">
        <ele>715.3</ele>
      </trkpt>
      <trkpt lat="43.39906" lon="18.76733">
        <ele>715.2</ele>
      </trkpt>
      <trkpt lat="43.39945" lon="18.76725">
        <ele>722.9</ele>
      </trkpt>
      <trkpt lat="43.39954" lon="18.76725">
        <ele>723.9</ele>
      </trkpt>
      <trkpt lat="43.39964" lon="18.7673">
        <ele>722.5</ele>
      </trkpt>
      <trkpt lat="43.40035" lon="18.76794">
        <ele>713.6</ele>
      </trkpt>
      <trkpt lat="43.40045" lon="18.76806">
        <ele>712.3</ele>
      </trkpt>
      <trkpt lat="43.40088" lon="18.76874">
        <ele>700.1</ele>
      </trkpt>
      <trkpt lat="43.40098" lon="18.76881">
        <ele>698.8</ele>
      </trkpt>
      <trkpt lat="43.40111" lon="18.76885">
        <ele>698.5</ele>
      </trkpt>
      <trkpt lat="43.40141" lon="18.76879">
        <ele>702.2</ele>
      </trkpt>
      <trkpt lat="43.40165" lon="18.76869">
        <ele>706.6</ele>
      </trkpt>
      <trkpt lat="43.40233" lon="18.76834">
        <ele>706.5</ele>
      </trkpt>
      <trkpt lat="43.40248" lon="18.76829">
        <ele>706.6</ele>
      </trkpt>
      <trkpt lat="43.40267" lon="18.76825">
        <ele>706.7</ele>
      </trkpt>
      <trkpt lat="43.40277" lon="18.76825">
        <ele>705.8</ele>
      </trkpt>
      <trkpt lat="43.40304" lon="18.7683">
        <ele>700.5</ele>
      </trkpt>
      <trkpt lat="43.40319" lon="18.7683">
        <ele>699.1</ele>
      </trkpt>
      <trkpt lat="43.40376" lon="18.76817">
        <ele>697.7</ele>
      </trkpt>
      <trkpt lat="43.40401" lon="18.76808">
        <ele>697.0</ele>
      </trkpt>
      <trkpt lat="43.40415" lon="18.76801">
        <ele>696.8</ele>
      </trkpt>
      <trkpt lat="43.40421" lon="18.76795">
        <ele>696.8</ele>
      </trkpt>
      <trkpt lat="43.40425" lon="18.76786">
        <ele>698.1</ele>
      </trkpt>
      <trkpt lat="43.4043" lon="18.76771">
        <ele>700.6</ele>
      </trkpt>
      <trkpt lat="43.40435" lon="18.76755">
        <ele>703.0</ele>
      </trkpt>
      <trkpt lat="43.4044" lon="18.76716">
        <ele>708.0</ele>
      </trkpt>
      <trkpt lat="43.40454" lon="18.76675">
        <ele>708.2</ele>
      </trkpt>
      <trkpt lat="43.40469" lon="18.76641">
        <ele>705.2</ele>
      </trkpt>
      <trkpt lat="43.40485" lon="18.76608">
        <ele>701.6</ele>
      </trkpt>
      <trkpt lat="43.40496" lon="18.76592">
        <ele>698.6</ele>
      </trkpt>
      <trkpt lat="43.40508" lon="18.76576">
        <ele>697.5</ele>
      </trkpt>
      <trkpt lat="43.40563" lon="18.76519">
        <ele>694.6</ele>
      </trkpt>
      <trkpt lat="43.40617" lon="18.76462">
        <ele>692.8</ele>
      </trkpt>
      <trkpt lat="43.40672" lon="18.76405">
        <ele>690.2</ele>
      </trkpt>
      <trkpt lat="43.407" lon="18.76376">
        <ele>695.5</ele>
      </trkpt>
      <trkpt lat="43.40716" lon="18.76365">
        <ele>697.8</ele>
      </trkpt>
      <trkpt lat="43.40741" lon="18.76362">
        <ele>697.5</ele>
      </trkpt>
      <trkpt lat="43.40763" lon="18.76369">
        <ele>695.5</ele>
      </trkpt>
      <trkpt lat="43.40774" lon="18.76377">
        <ele>693.9</ele>
      </trkpt>
      <trkpt lat="43.40783" lon="18.76391">
        <ele>690.6</ele>
      </trkpt>
      <trkpt lat="43.40815" lon="18.76449">
        <ele>678.9</ele>
      </trkpt>
      <trkpt lat="43.40825" lon="18.76464">
        <ele>676.1</ele>
      </trkpt>
      <trkpt lat="43.40841" lon="18.7648">
        <ele>673.3</ele>
      </trkpt>
      <trkpt lat="43.40874" lon="18.76502">
        <ele>670.4</ele>
      </trkpt>
      <trkpt lat="43.40921" lon="18.7653">
        <ele>668.2</ele>
      </trkpt>
      <trkpt lat="43.40941" lon="18.76538">
        <ele>665.4</ele>
      </trkpt>
      <trkpt lat="43.40951" lon="18.76541">
        <ele>664.4</ele>
      </trkpt>
      <trkpt lat="43.40971" lon="18.7654">
        <ele>663.5</ele>
      </trkpt>
      <trkpt lat="43.40979" lon="18.76535">
        <ele>663.5</ele>
      </trkpt>
      <trkpt lat="43.40988" lon="18.76524">
        <ele>663.5</ele>
      </trkpt>
      <trkpt lat="43.41028" lon="18.76457">
        <ele>661.7</ele>
      </trkpt>
      <trkpt lat="43.4104" lon="18.76433">
        <ele>659.6</ele>
      </trkpt>
      <trkpt lat="43.41044" lon="18.76413">
        <ele>659.1</ele>
      </trkpt>
      <trkpt lat="43.41043" lon="18.76383">
        <ele>659.8</ele>
      </trkpt>
      <trkpt lat="43.41036" lon="18.76339">
        <ele>663.5</ele>
      </trkpt>
      <trkpt lat="43.41036" lon="18.76308">
        <ele>664.2</ele>
      </trkpt>
      <trkpt lat="43.41041" lon="18.76292">
        <ele>662.5</ele>
      </trkpt>
      <trkpt lat="43.41046" lon="18.76281">
        <ele>660.9</ele>
      </trkpt>
      <trkpt lat="43.41064" lon="18.7626">
        <ele>655.1</ele>
      </trkpt>
      <trkpt lat="43.41091" lon="18.76242">
        <ele>648.1</ele>
      </trkpt>
      <trkpt lat="43.41122" lon="18.76216">
        <ele>644.0</ele>
      </trkpt>
      <trkpt lat="43.41132" lon="18.76206">
        <ele>642.8</ele>
      </trkpt>
      <trkpt lat="43.4114" lon="18.76193">
        <ele>642.2</ele>
      </trkpt>
      <trkpt lat="43.41145" lon="18.76172">
        <ele>643.0</ele>
      </trkpt>
      <trkpt lat="43.41148" lon="18.76135">
        <ele>644.5</ele>
      </trkpt>
      <trkpt lat="43.41148" lon="18.76111">
        <ele>645.9</ele>
      </trkpt>
      <trkpt lat="43.41153" lon="18.76091">
        <ele>645.5</ele>
      </trkpt>
      <trkpt lat="43.41159" lon="18.76077">
        <ele>645.0</ele>
      </trkpt>
      <trkpt lat="43.41167" lon="18.76067">
        <ele>644.1</ele>
      </trkpt>
      <trkpt lat="43.41185" lon="18.7605">
        <ele>641.8</ele>
      </trkpt>
      <trkpt lat="43.41204" lon="18.76039">
        <ele>639.3</ele>
      </trkpt>
      <trkpt lat="43.41249" lon="18.76017">
        <ele>635.9</ele>
      </trkpt>
      <trkpt lat="43.41302" lon="18.76001">
        <ele>633.2</ele>
      </trkpt>
      <trkpt lat="43.41326" lon="18.7599">
        <ele>632.1</ele>
      </trkpt>
      <trkpt lat="43.41338" lon="18.75978">
        <ele>632.5</ele>
      </trkpt>
      <trkpt lat="43.41353" lon="18.75961">
        <ele>632.7</ele>
      </trkpt>
      <trkpt lat="43.41413" lon="18.75881">
        <ele>639.9</ele>
      </trkpt>
      <trkpt lat="43.41422" lon="18.75875">
        <ele>641.3</ele>
      </trkpt>
      <trkpt lat="43.41435" lon="18.75874">
        <ele>642.2</ele>
      </trkpt>
      <trkpt lat="43.41441" lon="18.75876">
        <ele>641.9</ele>
      </trkpt>
      <trkpt lat="43.41452" lon="18.75883">
        <ele>640.4</ele>
      </trkpt>
      <trkpt lat="43.41467" lon="18.75913">
        <ele>632.7</ele>
      </trkpt>
      <trkpt lat="43.41481" lon="18.75956">
        <ele>625.3</ele>
      </trkpt>
      <trkpt lat="43.41485" lon="18.75964">
        <ele>624.2</ele>
      </trkpt>
      <trkpt lat="43.41491" lon="18.75969">
        <ele>623.8</ele>
      </trkpt>
      <trkpt lat="43.41499" lon="18.75974">
        <ele>623.6</ele>
      </trkpt>
      <trkpt lat="43.41529" lon="18.75979">
        <ele>625.2</ele>
      </trkpt>
      <trkpt lat="43.41584" lon="18.75982">
        <ele>628.9</ele>
      </trkpt>
      <trkpt lat="43.41594" lon="18.7598">
        <ele>628.0</ele>
      </trkpt>
      <trkpt lat="43.41624" lon="18.75969">
        <ele>627.2</ele>
      </trkpt>
      <trkpt lat="43.4166" lon="18.7595">
        <ele>629.3</ele>
      </trkpt>
      <trkpt lat="43.4168" lon="18.7595">
        <ele>628.9</ele>
      </trkpt>
      <trkpt lat="43.41688" lon="18.75953">
        <ele>628.1</ele>
      </trkpt>
      <trkpt lat="43.41706" lon="18.75971">
        <ele>622.9</ele>
      </trkpt>
      <trkpt lat="43.41758" lon="18.76036">
        <ele>609.9</ele>
      </trkpt>
      <trkpt lat="43.41794" lon="18.76069">
        <ele>602.7</ele>
      </trkpt>
      <trkpt lat="43.41808" lon="18.76078">
        <ele>600.3</ele>
      </trkpt>
      <trkpt lat="43.41848" lon="18.76099">
        <ele>594.5</ele>
      </trkpt>
      <trkpt lat="43.41891" lon="18.76116">
        <ele>589.0</ele>
      </trkpt>
      <trkpt lat="43.4191" lon="18.7612">
        <ele>587.6</ele>
      </trkpt>
      <trkpt lat="43.41917" lon="18.76119">
        <ele>587.6</ele>
      </trkpt>
      <trkpt lat="43.41926" lon="18.76113">
        <ele>587.4</ele>
      </trkpt>
      <trkpt lat="43.41937" lon="18.76102">
        <ele>588.0</ele>
      </trkpt>
      <trkpt lat="43.4195" lon="18.76083">
        <ele>590.6</ele>
      </trkpt>
      <trkpt lat="43.41962" lon="18.76071">
        <ele>594.1</ele>
      </trkpt>
      <trkpt lat="43.41974" lon="18.76065">
        <ele>595.2</ele>
      </trkpt>
      <trkpt lat="43.41984" lon="18.76066">
        <ele>593.0</ele>
      </trkpt>
      <trkpt lat="43.41997" lon="18.76069">
        <ele>588.8</ele>
      </trkpt>
      <trkpt lat="43.42054" lon="18.761">
        <ele>581.0</ele>
      </trkpt>
      <trkpt lat="43.42111" lon="18.7613">
        <ele>571.7</ele>
      </trkpt>
      <trkpt lat="43.42126" lon="18.76134">
        <ele>569.3</ele>
      </trkpt>
      <trkpt lat="43.42135" lon="18.76133">
        <ele>569.2</ele>
      </trkpt>
      <trkpt lat="43.42148" lon="18.7613">
        <ele>569.8</ele>
      </trkpt>
      <trkpt lat="43.42172" lon="18.76119">
        <ele>573.3</ele>
      </trkpt>
      <trkpt lat="43.42191" lon="18.76113">
        <ele>574.7</ele>
      </trkpt>
      <trkpt lat="43.42202" lon="18.76111">
        <ele>574.9</ele>
      </trkpt>
      <trkpt lat="43.42214" lon="18.76113">
        <ele>573.3</ele>
      </trkpt>
      <trkpt lat="43.42295" lon="18.7615">
        <ele>564.7</ele>
      </trkpt>
      <trkpt lat="43.42308" lon="18.76159">
        <ele>563.7</ele>
      </trkpt>
      <trkpt lat="43.42321" lon="18.76171">
        <ele>561.5</ele>
      </trkpt>
      <trkpt lat="43.42343" lon="18.76204">
        <ele>552.2</ele>
      </trkpt>
      <trkpt lat="43.42352" lon="18.76213">
        <ele>549.9</ele>
      </trkpt>
      <trkpt lat="43.42367" lon="18.76221">
        <ele>549.0</ele>
      </trkpt>
      <trkpt lat="43.42396" lon="18.76226">
        <ele>551.6</ele>
      </trkpt>
      <trkpt lat="43.42423" lon="18.76227">
        <ele>554.0</ele>
      </trkpt>
      <trkpt lat="43.42456" lon="18.76221">
        <ele>553.8</ele>
      </trkpt>
      <trkpt lat="43.42474" lon="18.76221">
        <ele>552.1</ele>
      </trkpt>
      <trkpt lat="43.42551" lon="18.76233">
        <ele>537.9</ele>
      </trkpt>
      <trkpt lat="43.42572" lon="18.76225">
        <ele>539.6</ele>
      </trkpt>
      <trkpt lat="43.42588" lon="18.76213">
        <ele>542.7</ele>
      </trkpt>
      <trkpt lat="43.42634" lon="18.76176">
        <ele>544.5</ele>
      </trkpt>
      <trkpt lat="43.42651" lon="18.76167">
        <ele>542.5</ele>
      </trkpt>
      <trkpt lat="43.42689" lon="18.76162">
        <ele>533.1</ele>
      </trkpt>
      <trkpt lat="43.42697" lon="18.76159">
        <ele>532.0</ele>
      </trkpt>
      <trkpt lat="43.42704" lon="18.76154">
        <ele>531.5</ele>
      </trkpt>
      <trkpt lat="43.4271" lon="18.76146">
        <ele>531.9</ele>
      </trkpt>
      <trkpt lat="43.42725" lon="18.76117">
        <ele>534.0</ele>
      </trkpt>
      <trkpt lat="43.42737" lon="18.76101">
        <ele>533.3</ele>
      </trkpt>
      <trkpt lat="43.42751" lon="18.76091">
        <ele>530.6</ele>
      </trkpt>
      <trkpt lat="43.42817" lon="18.76077">
        <ele>526.4</ele>
      </trkpt>
      <trkpt lat="43.42828" lon="18.76077">
        <ele>525.2</ele>
      </trkpt>
      <trkpt lat="43.42875" lon="18.76091">
        <ele>512.3</ele>
      </trkpt>
      <trkpt lat="43.42888" lon="18.76091">
        <ele>509.6</ele>
      </trkpt>
      <trkpt lat="43.42894" lon="18.76089">
        <ele>508.9</ele>
      </trkpt>
      <trkpt lat="43.42903" lon="18.76082">
        <ele>509.0</ele>
      </trkpt>
      <trkpt lat="43.4291" lon="18.7607">
        <ele>509.1</ele>
      </trkpt>
      <trkpt lat="43.42921" lon="18.76026">
        <ele>511.9</ele>
      </trkpt>
      <trkpt lat="43.4293" lon="18.76011">
        <ele>511.9</ele>
      </trkpt>
      <trkpt lat="43.42942" lon="18.75999">
        <ele>511.3</ele>
      </trkpt>
      <trkpt lat="43.42981" lon="18.75974">
        <ele>508.8</ele>
      </trkpt>
      <trkpt lat="43.43007" lon="18.75959">
        <ele>508.0</ele>
      </trkpt>
      <trkpt lat="43.4302" lon="18.75956">
        <ele>507.0</ele>
      </trkpt>
      <trkpt lat="43.4306" lon="18.75958">
        <ele>501.5</ele>
      </trkpt>
      <trkpt lat="43.43096" lon="18.7597">
        <ele>493.7</ele>
      </trkpt>
      <trkpt lat="43.43121" lon="18.75982">
        <ele>487.5</ele>
      </trkpt>
      <trkpt lat="43.43134" lon="18.75984">
        <ele>485.7</ele>
      </trkpt>
      <trkpt lat="43.43147" lon="18.75983">
        <ele>484.9</ele>
      </trkpt>
      <trkpt lat="43.43171" lon="18.75974">
        <ele>486.4</ele>
      </trkpt>
      <trkpt lat="43.43186" lon="18.7597">
        <ele>488.0</ele>
      </trkpt>
      <trkpt lat="43.43214" lon="18.75971">
        <ele>488.0</ele>
      </trkpt>
      <trkpt lat="43.43228" lon="18.75969">
        <ele>488.7</ele>
      </trkpt>
      <trkpt lat="43.43242" lon="18.75964">
        <ele>490.3</ele>
      </trkpt>
      <trkpt lat="43.43266" lon="18.75945">
        <ele>491.5</ele>
      </trkpt>
      <trkpt lat="43.43282" lon="18.75937">
        <ele>489.4</ele>
      </trkpt>
      <trkpt lat="43.43302" lon="18.75933">
        <ele>485.1</ele>
      </trkpt>
      <trkpt lat="43.43363" lon="18.75925">
        <ele>474.0</ele>
      </trkpt>
      <trkpt lat="43.43399" lon="18.75919">
        <ele>469.5</ele>
      </trkpt>
      <trkpt lat="43.43476" lon="18.75897">
        <ele>464.9</ele>
      </trkpt>
      <trkpt lat="43.43553" lon="18.75876">
        <ele>454.7</ele>
      </trkpt>
      <trkpt lat="43.43571" lon="18.75868">
        <ele>452.6</ele>
      </trkpt>
      <trkpt lat="43.43583" lon="18.75859">
        <ele>452.2</ele>
      </trkpt>
      <trkpt lat="43.43594" lon="18.75843">
        <ele>453.5</ele>
      </trkpt>
      <trkpt lat="43.43601" lon="18.75824">
        <ele>455.3</ele>
      </trkpt>
      <trkpt lat="43.43617" lon="18.75756">
        <ele>461.1</ele>
      </trkpt>
      <trkpt lat="43.43623" lon="18.75735">
        <ele>465.1</ele>
      </trkpt>
      <trkpt lat="43.43632" lon="18.7572">
        <ele>467.5</ele>
      </trkpt>
      <trkpt lat="43.43644" lon="18.7571">
        <ele>467.8</ele>
      </trkpt>
      <trkpt lat="43.43661" lon="18.75702">
        <ele>466.3</ele>
      </trkpt>
      <trkpt lat="43.4368" lon="18.75698">
        <ele>464.5</ele>
      </trkpt>
      <trkpt lat="43.43699" lon="18.75697">
        <ele>462.4</ele>
      </trkpt>
      <trkpt lat="43.43737" lon="18.75701">
        <ele>456.8</ele>
      </trkpt>
      <trkpt lat="43.43755" lon="18.75698">
        <ele>455.4</ele>
      </trkpt>
      <trkpt lat="43.43772" lon="18.75692">
        <ele>455.4</ele>
      </trkpt>
      <trkpt lat="43.43843" lon="18.7565">
        <ele>458.0</ele>
      </trkpt>
      <trkpt lat="43.43889" lon="18.75626">
        <ele>460.1</ele>
      </trkpt>
      <trkpt lat="43.43929" lon="18.75596">
        <ele>462.7</ele>
      </trkpt>
      <trkpt lat="43.43969" lon="18.75567">
        <ele>465.2</ele>
      </trkpt>
      <trkpt lat="43.44012" lon="18.75559">
        <ele>462.6</ele>
      </trkpt>
      <trkpt lat="43.4403" lon="18.75553">
        <ele>462.0</ele>
      </trkpt>
      <trkpt lat="43.44077" lon="18.75532">
        <ele>460.2</ele>
      </trkpt>
      <trkpt lat="43.44093" lon="18.75531">
        <ele>458.9</ele>
      </trkpt>
      <trkpt lat="43.44141" lon="18.75541">
        <ele>454.4</ele>
      </trkpt>
      <trkpt lat="43.44162" lon="18.75539">
        <ele>454.0</ele>
      </trkpt>
      <trkpt lat="43.44191" lon="18.75528">
        <ele>452.9</ele>
      </trkpt>
      <trkpt lat="43.44214" lon="18.75513">
        <ele>453.4</ele>
      </trkpt>
      <trkpt lat="43.4424" lon="18.7549">
        <ele>454.8</ele>
      </trkpt>
      <trkpt lat="43.44256" lon="18.75479">
        <ele>454.1</ele>
      </trkpt>
      <trkpt lat="43.4428" lon="18.75467">
        <ele>450.9</ele>
      </trkpt>
      <trkpt lat="43.44293" lon="18.75453">
        <ele>450.8</ele>
      </trkpt>
      <trkpt lat="43.44305" lon="18.75438">
        <ele>451.2</ele>
      </trkpt>
      <trkpt lat="43.4432" lon="18.75409">
        <ele>453.7</ele>
      </trkpt>
      <trkpt lat="43.44332" lon="18.75392">
        <ele>454.0</ele>
      </trkpt>
      <trkpt lat="43.44397" lon="18.75348">
        <ele>451.2</ele>
      </trkpt>
      <trkpt lat="43.44413" lon="18.75332">
        <ele>451.8</ele>
      </trkpt>
      <trkpt lat="43.44437" lon="18.75304">
        <ele>451.5</ele>
      </trkpt>
      <trkpt lat="43.44468" lon="18.75259">
        <ele>452.7</ele>
      </trkpt>
      <trkpt lat="43.44482" lon="18.75247">
        <ele>452.2</ele>
      </trkpt>
      <trkpt lat="43.44494" lon="18.75242">
        <ele>451.2</ele>
      </trkpt>
      <trkpt lat="43.44505" lon="18.75242">
        <ele>450.6</ele>
      </trkpt>
      <trkpt lat="43.44518" lon="18.75245">
        <ele>451.3</ele>
      </trkpt>
      <trkpt lat="43.44532" lon="18.75253">
        <ele>451.3</ele>
      </trkpt>
      <trkpt lat="43.44553" lon="18.75271">
        <ele>450.0</ele>
      </trkpt>
      <trkpt lat="43.44587" lon="18.7531">
        <ele>444.5</ele>
      </trkpt>
      <trkpt lat="43.44613" lon="18.75353">
        <ele>434.2</ele>
      </trkpt>
      <trkpt lat="43.44624" lon="18.75362">
        <ele>431.9</ele>
      </trkpt>
      <trkpt lat="43.44637" lon="18.75363">
        <ele>432.0</ele>
      </trkpt>
      <trkpt lat="43.44651" lon="18.75361">
        <ele>433.1</ele>
      </trkpt>
      <trkpt lat="43.44667" lon="18.75355">
        <ele>435.5</ele>
      </trkpt>
      <trkpt lat="43.4468" lon="18.75348">
        <ele>436.8</ele>
      </trkpt>
      <trkpt lat="43.44717" lon="18.75321">
        <ele>443.7</ele>
      </trkpt>
      <trkpt lat="43.44732" lon="18.75316">
        <ele>445.4</ele>
      </trkpt>
      <trkpt lat="43.44748" lon="18.75315">
        <ele>445.6</ele>
      </trkpt>
      <trkpt lat="43.44817" lon="18.75319">
        <ele>441.4</ele>
      </trkpt>
      <trkpt lat="43.44859" lon="18.75316">
        <ele>439.9</ele>
      </trkpt>
      <trkpt lat="43.449" lon="18.75309">
        <ele>439.1</ele>
      </trkpt>
      <trkpt lat="43.44946" lon="18.75292">
        <ele>439.1</ele>
      </trkpt>
      <trkpt lat="43.44973" lon="18.75276">
        <ele>439.5</ele>
      </trkpt>
      <trkpt lat="43.45022" lon="18.75237">
        <ele>441.9</ele>
      </trkpt>
      <trkpt lat="43.45041" lon="18.75225">
        <ele>441.8</ele>
      </trkpt>
      <trkpt lat="43.45062" lon="18.75221">
        <ele>438.0</ele>
      </trkpt>
      <trkpt lat="43.45123" lon="18.75226">
        <ele>428.7</ele>
      </trkpt>
      <trkpt lat="43.45144" lon="18.75223">
        <ele>428.3</ele>
      </trkpt>
      <trkpt lat="43.45171" lon="18.75205">
        <ele>430.4</ele>
      </trkpt>
      <trkpt lat="43.45225" lon="18.75129">
        <ele>439.7</ele>
      </trkpt>
      <trkpt lat="43.45288" lon="18.75066">
        <ele>438.0</ele>
      </trkpt>
      <trkpt lat="43.45351" lon="18.75002">
        <ele>436.9</ele>
      </trkpt>
      <trkpt lat="43.45398" lon="18.74938">
        <ele>437.1</ele>
      </trkpt>
      <trkpt lat="43.45445" lon="18.74874">
        <ele>431.4</ele>
      </trkpt>
      <trkpt lat="43.45475" lon="18.74809">
        <ele>431.0</ele>
      </trkpt>
      <trkpt lat="43.45486" lon="18.74792">
        <ele>431.3</ele>
      </trkpt>
      <trkpt lat="43.45499" lon="18.74778">
        <ele>430.6</ele>
      </trkpt>
      <trkpt lat="43.45522" lon="18.74759">
        <ele>428.5</ele>
      </trkpt>
      <trkpt lat="43.45536" lon="18.74743">
        <ele>427.4</ele>
      </trkpt>
      <trkpt lat="43.45562" lon="18.7469">
        <ele>429.3</ele>
      </trkpt>
      <trkpt lat="43.45584" lon="18.74652">
        <ele>429.5</ele>
      </trkpt>
      <trkpt lat="43.45616" lon="18.74611">
        <ele>430.3</ele>
      </trkpt>
      <trkpt lat="43.45655" lon="18.74571">
        <ele>424.2</ele>
      </trkpt>
      <trkpt lat="43.45671" lon="18.74546">
        <ele>421.6</ele>
      </trkpt>
      <trkpt lat="43.45679" lon="18.74523">
        <ele>421.7</ele>
      </trkpt>
      <trkpt lat="43.45695" lon="18.74454">
        <ele>422.1</ele>
      </trkpt>
      <trkpt lat="43.45705" lon="18.74429">
        <ele>421.7</ele>
      </trkpt>
      <trkpt lat="43.45717" lon="18.74412">
        <ele>420.5</ele>
      </trkpt>
      <trkpt lat="43.45735" lon="18.74399">
        <ele>418.3</ele>
      </trkpt>
      <trkpt lat="43.45755" lon="18.74394">
        <ele>417.7</ele>
      </trkpt>
      <trkpt lat="43.45769" lon="18.74395">
        <ele>420.9</ele>
      </trkpt>
      <trkpt lat="43.45785" lon="18.74405">
        <ele>423.1</ele>
      </trkpt>
      <trkpt lat="43.45841" lon="18.74451">
        <ele>422.3</ele>
      </trkpt>
      <trkpt lat="43.45859" lon="18.74458">
        <ele>421.2</ele>
      </trkpt>
      <trkpt lat="43.45878" lon="18.7446">
        <ele>421.3</ele>
      </trkpt>
      <trkpt lat="43.45912" lon="18.74459">
        <ele>423.1</ele>
      </trkpt>
      <trkpt lat="43.45953" lon="18.74472">
        <ele>420.3</ele>
      </trkpt>
      <trkpt lat="43.45975" lon="18.74476">
        <ele>420.0</ele>
      </trkpt>
      <trkpt lat="43.46058" lon="18.74468">
        <ele>426.8</ele>
      </trkpt>
      <trkpt lat="43.46126" lon="18.74464">
        <ele>430.2</ele>
      </trkpt>
      <trkpt lat="43.46194" lon="18.7446">
        <ele>432.9</ele>
      </trkpt>
      <trkpt lat="43.46229" lon="18.7446">
        <ele>434.0</ele>
      </trkpt>
      <trkpt lat="43.46294" lon="18.74451">
        <ele>438.6</ele>
      </trkpt>
      <trkpt lat="43.46377" lon="18.74446">
        <ele>442.8</ele>
      </trkpt>
      <trkpt lat="43.46461" lon="18.74441">
        <ele>447.5</ele>
      </trkpt>
      <trkpt lat="43.46489" lon="18.74446">
        <ele>447.1</ele>
      </trkpt>
      <trkpt lat="43.46505" lon="18.74454">
        <ele>446.0</ele>
      </trkpt>
      <trkpt lat="43.4658" lon="18.74505">
        <ele>442.9</ele>
      </trkpt>
      <trkpt lat="43.46592" lon="18.74511">
        <ele>441.1</ele>
      </trkpt>
      <trkpt lat="43.46604" lon="18.74512">
        <ele>440.1</ele>
      </trkpt>
      <trkpt lat="43.46615" lon="18.74509">
        <ele>440.4</ele>
      </trkpt>
      <trkpt lat="43.46627" lon="18.74499">
        <ele>442.6</ele>
      </trkpt>
      <trkpt lat="43.46638" lon="18.74483">
        <ele>446.2</ele>
      </trkpt>
      <trkpt lat="43.46652" lon="18.74453">
        <ele>453.3</ele>
      </trkpt>
      <trkpt lat="43.46659" lon="18.74445">
        <ele>455.0</ele>
      </trkpt>
      <trkpt lat="43.46666" lon="18.74443">
        <ele>455.1</ele>
      </trkpt>
      <trkpt lat="43.46673" lon="18.74443">
        <ele>455.3</ele>
      </trkpt>
      <trkpt lat="43.46684" lon="18.7445">
        <ele>454.0</ele>
      </trkpt>
      <trkpt lat="43.46705" lon="18.74483">
        <ele>446.6</ele>
      </trkpt>
      <trkpt lat="43.46717" lon="18.74497">
        <ele>443.8</ele>
      </trkpt>
      <trkpt lat="43.46724" lon="18.74498">
        <ele>443.9</ele>
      </trkpt>
      <trkpt lat="43.46735" lon="18.74498">
        <ele>444.6</ele>
      </trkpt>
      <trkpt lat="43.46759" lon="18.74484">
        <ele>448.4</ele>
      </trkpt>
      <trkpt lat="43.46784" lon="18.74473">
        <ele>450.1</ele>
      </trkpt>
      <trkpt lat="43.46802" lon="18.74471">
        <ele>449.9</ele>
      </trkpt>
      <trkpt lat="43.46827" lon="18.74472">
        <ele>448.6</ele>
      </trkpt>
      <trkpt lat="43.46847" lon="18.74476">
        <ele>448.3</ele>
      </trkpt>
      <trkpt lat="43.46884" lon="18.7449">
        <ele>447.3</ele>
      </trkpt>
      <trkpt lat="43.46907" lon="18.74496">
        <ele>447.4</ele>
      </trkpt>
      <trkpt lat="43.46925" lon="18.74497">
        <ele>448.5</ele>
      </trkpt>
      <trkpt lat="43.46955" lon="18.74493">
        <ele>452.0</ele>
      </trkpt>
      <trkpt lat="43.46975" lon="18.74495">
        <ele>453.1</ele>
      </trkpt>
      <trkpt lat="43.46988" lon="18.74499">
        <ele>453.2</ele>
      </trkpt>
      <trkpt lat="43.47002" lon="18.74508">
        <ele>452.5</ele>
      </trkpt>
      <trkpt lat="43.47019" lon="18.74525">
        <ele>452.0</ele>
      </trkpt>
      <trkpt lat="43.47042" lon="18.74583">
        <ele>442.6</ele>
      </trkpt>
      <trkpt lat="43.47059" lon="18.74607">
        <ele>439.9</ele>
      </trkpt>
      <trkpt lat="43.47073" lon="18.74624">
        <ele>438.0</ele>
      </trkpt>
      <trkpt lat="43.47087" lon="18.74637">
        <ele>436.4</ele>
      </trkpt>
      <trkpt lat="43.47104" lon="18.74647">
        <ele>434.4</ele>
      </trkpt>
      <trkpt lat="43.47121" lon="18.74653">
        <ele>433.6</ele>
      </trkpt>
      <trkpt lat="43.47138" lon="18.74653">
        <ele>434.4</ele>
      </trkpt>
      <trkpt lat="43.47181" lon="18.7465">
        <ele>437.8</ele>
      </trkpt>
      <trkpt lat="43.47204" lon="18.74652">
        <ele>439.3</ele>
      </trkpt>
      <trkpt lat="43.47231" lon="18.74668">
        <ele>437.8</ele>
      </trkpt>
      <trkpt lat="43.4727" lon="18.74697">
        <ele>431.8</ele>
      </trkpt>
      <trkpt lat="43.47285" lon="18.74705">
        <ele>429.8</ele>
      </trkpt>
      <trkpt lat="43.47301" lon="18.74708">
        <ele>429.3</ele>
      </trkpt>
      <trkpt lat="43.47336" lon="18.74707">
        <ele>430.6</ele>
      </trkpt>
      <trkpt lat="43.47352" lon="18.7471">
        <ele>431.0</ele>
      </trkpt>
      <trkpt lat="43.47368" lon="18.7472">
        <ele>429.2</ele>
      </trkpt>
      <trkpt lat="43.47401" lon="18.74744">
        <ele>423.9</ele>
      </trkpt>
      <trkpt lat="43.47418" lon="18.74747">
        <ele>424.0</ele>
      </trkpt>
      <trkpt lat="43.47442" lon="18.74747">
        <ele>423.7</ele>
      </trkpt>
      <trkpt lat="43.47463" lon="18.74743">
        <ele>424.7</ele>
      </trkpt>
      <trkpt lat="43.4748" lon="18.74736">
        <ele>426.6</ele>
      </trkpt>
      <trkpt lat="43.47499" lon="18.74733">
        <ele>427.1</ele>
      </trkpt>
      <trkpt lat="43.47513" lon="18.74736">
        <ele>427.3</ele>
      </trkpt>
      <trkpt lat="43.47546" lon="18.74748">
        <ele>426.5</ele>
      </trkpt>
      <trkpt lat="43.47606" lon="18.7475">
        <ele>429.0</ele>
      </trkpt>
      <trkpt lat="43.47667" lon="18.74753">
        <ele>428.3</ele>
      </trkpt>
      <trkpt lat="43.47746" lon="18.7474">
        <ele>425.5</ele>
      </trkpt>
      <trkpt lat="43.47802" lon="18.74736">
        <ele>421.0</ele>
      </trkpt>
      <trkpt lat="43.47816" lon="18.74731">
        <ele>420.5</ele>
      </trkpt>
      <trkpt lat="43.47826" lon="18.74725">
        <ele>420.4</ele>
      </trkpt>
      <trkpt lat="43.47836" lon="18.74715">
        <ele>420.6</ele>
      </trkpt>
      <trkpt lat="43.47867" lon="18.74676">
        <ele>419.7</ele>
      </trkpt>
      <trkpt lat="43.47886" lon="18.74649">
        <ele>419.5</ele>
      </trkpt>
      <trkpt lat="43.47916" lon="18.74597">
        <ele>421.0</ele>
      </trkpt>
      <trkpt lat="43.47934" lon="18.74576">
        <ele>421.3</ele>
      </trkpt>
      <trkpt lat="43.47971" lon="18.74548">
        <ele>421.1</ele>
      </trkpt>
      <trkpt lat="43.48004" lon="18.74527">
        <ele>420.0</ele>
      </trkpt>
      <trkpt lat="43.48035" lon="18.74509">
        <ele>423.4</ele>
      </trkpt>
      <trkpt lat="43.48066" lon="18.74496">
        <ele>425.6</ele>
      </trkpt>
      <trkpt lat="43.4808" lon="18.74492">
        <ele>426.2</ele>
      </trkpt>
      <trkpt lat="43.48133" lon="18.74487">
        <ele>424.8</ele>
      </trkpt>
      <trkpt lat="43.48185" lon="18.74483">
        <ele>422.2</ele>
      </trkpt>
      <trkpt lat="43.48204" lon="18.74479">
        <ele>421.5</ele>
      </trkpt>
      <trkpt lat="43.48221" lon="18.74472">
        <ele>422.1</ele>
      </trkpt>
      <trkpt lat="43.48237" lon="18.74454">
        <ele>426.6</ele>
      </trkpt>
      <trkpt lat="43.48244" lon="18.74449">
        <ele>427.5</ele>
      </trkpt>
      <trkpt lat="43.48251" lon="18.74448">
        <ele>427.0</ele>
      </trkpt>
      <trkpt lat="43.48308" lon="18.74462">
        <ele>419.5</ele>
      </trkpt>
      <trkpt lat="43.48317" lon="18.74462">
        <ele>419.1</ele>
      </trkpt>
      <trkpt lat="43.48338" lon="18.74455">
        <ele>420.0</ele>
      </trkpt>
      <trkpt lat="43.48354" lon="18.74444">
        <ele>421.4</ele>
      </trkpt>
      <trkpt lat="43.48375" lon="18.74433">
        <ele>421.6</ele>
      </trkpt>
      <trkpt lat="43.48396" lon="18.74426">
        <ele>420.2</ele>
      </trkpt>
      <trkpt lat="43.48445" lon="18.74416">
        <ele>415.8</ele>
      </trkpt>
      <trkpt lat="43.48494" lon="18.74406">
        <ele>412.0</ele>
      </trkpt>
      <trkpt lat="43.48514" lon="18.74398">
        <ele>412.4</ele>
      </trkpt>
      <trkpt lat="43.48542" lon="18.74381">
        <ele>414.5</ele>
      </trkpt>
      <trkpt lat="43.48561" lon="18.74372">
        <ele>415.3</ele>
      </trkpt>
      <trkpt lat="43.48599" lon="18.74347">
        <ele>418.1</ele>
      </trkpt>
      <trkpt lat="43.48624" lon="18.74336">
        <ele>419.5</ele>
      </trkpt>
      <trkpt lat="43.48637" lon="18.74332">
        <ele>420.1</ele>
      </trkpt>
      <trkpt lat="43.48653" lon="18.7433">
        <ele>420.2</ele>
      </trkpt>
      <trkpt lat="43.48743" lon="18.74338">
        <ele>421.4</ele>
      </trkpt>
      <trkpt lat="43.48832" lon="18.74345">
        <ele>416.1</ele>
      </trkpt>
      <trkpt lat="43.48857" lon="18.74345">
        <ele>414.0</ele>
      </trkpt>
      <trkpt lat="43.48904" lon="18.74339">
        <ele>411.1</ele>
      </trkpt>
      <trkpt lat="43.48952" lon="18.74333">
        <ele>408.9</ele>
      </trkpt>
      <trkpt lat="43.48971" lon="18.74328">
        <ele>408.8</ele>
      </trkpt>
      <trkpt lat="43.49" lon="18.74312">
        <ele>410.6</ele>
      </trkpt>
      <trkpt lat="43.49066" lon="18.74253">
        <ele>413.3</ele>
      </trkpt>
      <trkpt lat="43.49082" lon="18.74247">
        <ele>411.5</ele>
      </trkpt>
      <trkpt lat="43.49099" lon="18.7425">
        <ele>409.8</ele>
      </trkpt>
      <trkpt lat="43.49149" lon="18.74265">
        <ele>404.4</ele>
      </trkpt>
      <trkpt lat="43.49172" lon="18.74268">
        <ele>402.1</ele>
      </trkpt>
      <trkpt lat="43.49185" lon="18.74273">
        <ele>405.7</ele>
      </trkpt>
      <trkpt lat="43.4919" lon="18.74278">
        <ele>407.3</ele>
      </trkpt>
      <trkpt lat="43.49193" lon="18.74284">
        <ele>408.4</ele>
      </trkpt>
      <trkpt lat="43.49195" lon="18.74305">
        <ele>410.0</ele>
      </trkpt>
      <trkpt lat="43.49185" lon="18.74357">
        <ele>408.0</ele>
      </trkpt>
      <trkpt lat="43.49183" lon="18.74383">
        <ele>407.0</ele>
      </trkpt>
      <trkpt lat="43.49185" lon="18.74405">
        <ele>407.1</ele>
      </trkpt>
      <trkpt lat="43.4919" lon="18.74436">
        <ele>406.5</ele>
      </trkpt>
      <trkpt lat="43.49193" lon="18.74446">
        <ele>406.4</ele>
      </trkpt>
      <trkpt lat="43.49208" lon="18.74473">
        <ele>407.5</ele>
      </trkpt>
      <trkpt lat="43.49239" lon="18.74515">
        <ele>410.5</ele>
      </trkpt>
      <trkpt lat="43.49257" lon="18.74552">
        <ele>412.8</ele>
      </trkpt>
      <trkpt lat="43.49263" lon="18.7457">
        <ele>414.1</ele>
      </trkpt>
      <trkpt lat="43.49278" lon="18.74621">
        <ele>416.3</ele>
      </trkpt>
      <trkpt lat="43.49292" lon="18.74681">
        <ele>415.1</ele>
      </trkpt>
      <trkpt lat="43.49299" lon="18.74742">
        <ele>408.0</ele>
      </trkpt>
      <trkpt lat="43.493" lon="18.74797">
        <ele>408.1</ele>
      </trkpt>
      <trkpt lat="43.49293" lon="18.74854">
        <ele>409.5</ele>
      </trkpt>
      <trkpt lat="43.49287" lon="18.74878">
        <ele>410.5</ele>
      </trkpt>
      <trkpt lat="43.49279" lon="18.74908">
        <ele>411.2</ele>
      </trkpt>
      <trkpt lat="43.49248" lon="18.75001">
        <ele>411.7</ele>
      </trkpt>
      <trkpt lat="43.49234" lon="18.75057">
        <ele>414.1</ele>
      </trkpt>
      <trkpt lat="43.49228" lon="18.75094">
        <ele>415.0</ele>
      </trkpt>
      <trkpt lat="43.49223" lon="18.75185">
        <ele>416.9</ele>
      </trkpt>
      <trkpt lat="43.49214" lon="18.75249">
        <ele>416.7</ele>
      </trkpt>
      <trkpt lat="43.49199" lon="18.7531">
        <ele>418.2</ele>
      </trkpt>
      <trkpt lat="43.49172" lon="18.75402">
        <ele>416.5</ele>
      </trkpt>
      <trkpt lat="43.49154" lon="18.75478">
        <ele>415.6</ele>
      </trkpt>
      <trkpt lat="43.49148" lon="18.7552">
        <ele>415.3</ele>
      </trkpt>
      <trkpt lat="43.49144" lon="18.75586">
        <ele>416.1</ele>
      </trkpt>
      <trkpt lat="43.4914" lon="18.75651">
        <ele>414.7</ele>
      </trkpt>
      <trkpt lat="43.49138" lon="18.75739">
        <ele>415.6</ele>
      </trkpt>
      <trkpt lat="43.49142" lon="18.75775">
        <ele>415.6</ele>
      </trkpt>
      <trkpt lat="43.49148" lon="18.75802">
        <ele>415.7</ele>
      </trkpt>
      <trkpt lat="43.49165" lon="18.75856">
        <ele>415.5</ele>
      </trkpt>
      <trkpt lat="43.49177" lon="18.75881">
        <ele>416.9</ele>
      </trkpt>
      <trkpt lat="43.49213" lon="18.75943">
        <ele>420.6</ele>
      </trkpt>
      <trkpt lat="43.49248" lon="18.76006">
        <ele>420.8</ele>
      </trkpt>
      <trkpt lat="43.49268" lon="18.76036">
        <ele>421.3</ele>
      </trkpt>
      <trkpt lat="43.49287" lon="18.76058">
        <ele>421.6</ele>
      </trkpt>
      <trkpt lat="43.49329" lon="18.76096">
        <ele>420.6</ele>
      </trkpt>
      <trkpt lat="43.49387" lon="18.76141">
        <ele>417.8</ele>
      </trkpt>
      <trkpt lat="43.49422" lon="18.76164">
        <ele>417.2</ele>
      </trkpt>
      <trkpt lat="43.49462" lon="18.76195">
        <ele>419.6</ele>
      </trkpt>
      <trkpt lat="43.49526" lon="18.76279">
        <ele>413.3</ele>
      </trkpt>
      <trkpt lat="43.49545" lon="18.76298">
        <ele>412.6</ele>
      </trkpt>
      <trkpt lat="43.49583" lon="18.76318">
        <ele>414.4</ele>
      </trkpt>
      <trkpt lat="43.49628" lon="18.76336">
        <ele>419.6</ele>
      </trkpt>
      <trkpt lat="43.49642" lon="18.76344">
        <ele>420.6</ele>
      </trkpt>
      <trkpt lat="43.49675" lon="18.76369">
        <ele>420.2</ele>
      </trkpt>
      <trkpt lat="43.49721" lon="18.76415">
        <ele>415.4</ele>
      </trkpt>
      <trkpt lat="43.49751" lon="18.76441">
        <ele>415.2</ele>
      </trkpt>
      <trkpt lat="43.4977" lon="18.76455">
        <ele>413.5</ele>
      </trkpt>
      <trkpt lat="43.49791" lon="18.76465">
        <ele>412.8</ele>
      </trkpt>
      <trkpt lat="43.4987" lon="18.76491">
        <ele>416.5</ele>
      </trkpt>
      <trkpt lat="43.49935" lon="18.76523">
        <ele>420.1</ele>
      </trkpt>
      <trkpt lat="43.49979" lon="18.76551">
        <ele>419.8</ele>
      </trkpt>
      <trkpt lat="43.5001" lon="18.76581">
        <ele>416.3</ele>
      </trkpt>
      <trkpt lat="43.50042" lon="18.76606">
        <ele>414.6</ele>
      </trkpt>
      <trkpt lat="43.50064" lon="18.76617">
        <ele>414.4</ele>
      </trkpt>
      <trkpt lat="43.50121" lon="18.76636">
        <ele>415.6</ele>
      </trkpt>
      <trkpt lat="43.50179" lon="18.76654">
        <ele>416.2</ele>
      </trkpt>
      <trkpt lat="43.50223" lon="18.76666">
        <ele>414.9</ele>
      </trkpt>
      <trkpt lat="43.50281" lon="18.76671">
        <ele>416.2</ele>
      </trkpt>
      <trkpt lat="43.50324" lon="18.76678">
        <ele>416.6</ele>
      </trkpt>
      <trkpt lat="43.50356" lon="18.76689">
        <ele>419.0</ele>
      </trkpt>
      <trkpt lat="43.5038" lon="18.76704">
        <ele>420.2</ele>
      </trkpt>
      <trkpt lat="43.50433" lon="18.76763">
        <ele>417.4</ele>
      </trkpt>
      <trkpt lat="43.50468" lon="18.76808">
        <ele>414.7</ele>
      </trkpt>
      <trkpt lat="43.50497" lon="18.76836">
        <ele>413.0</ele>
      </trkpt>
      <trkpt lat="43.50527" lon="18.76856">
        <ele>415.4</ele>
      </trkpt>
      <trkpt lat="43.50608" lon="18.76907">
        <ele>415.9</ele>
      </trkpt>
      <trkpt lat="43.50669" lon="18.76962">
        <ele>414.4</ele>
      </trkpt>
      <trkpt lat="43.50729" lon="18.77016">
        <ele>410.1</ele>
      </trkpt>
      <trkpt lat="43.5079" lon="18.77071">
        <ele>406.9</ele>
      </trkpt>
      <trkpt lat="43.5083" lon="18.77104">
        <ele>405.7</ele>
      </trkpt>
      <trkpt lat="43.5087" lon="18.77137">
        <ele>409.6</ele>
      </trkpt>
      <trkpt lat="43.50934" lon="18.77196">
        <ele>413.7</ele>
      </trkpt>
      <trkpt lat="43.50963" lon="18.77227">
        <ele>413.9</ele>
      </trkpt>
      <trkpt lat="43.50994" lon="18.77256">
        <ele>412.3</ele>
      </trkpt>
      <trkpt lat="43.51028" lon="18.77282">
        <ele>412.7</ele>
      </trkpt>
      <trkpt lat="43.51059" lon="18.77309">
        <ele>411.1</ele>
      </trkpt>
      <trkpt lat="43.51124" lon="18.77376">
        <ele>406.9</ele>
      </trkpt>
      <trkpt lat="43.5119" lon="18.77443">
        <ele>403.8</ele>
      </trkpt>
      <trkpt lat="43.51255" lon="18.77511">
        <ele>396.6</ele>
      </trkpt>
      <trkpt lat="43.51301" lon="18.77548">
        <ele>396.2</ele>
      </trkpt>
      <trkpt lat="43.51349" lon="18.77584">
        <ele>393.2</ele>
      </trkpt>
      <trkpt lat="43.51415" lon="18.77627">
        <ele>398.4</ele>
      </trkpt>
      <trkpt lat="43.5148" lon="18.77671">
        <ele>400.2</ele>
      </trkpt>
      <trkpt lat="43.51554" lon="18.77722">
        <ele>398.6</ele>
      </trkpt>
      <trkpt lat="43.51605" lon="18.77747">
        <ele>396.0</ele>
      </trkpt>
      <trkpt lat="43.5166" lon="18.77771">
        <ele>396.1</ele>
      </trkpt>
      <trkpt lat="43.51715" lon="18.77794">
        <ele>394.3</ele>
      </trkpt>
      <trkpt lat="43.51791" lon="18.77815">
        <ele>392.7</ele>
      </trkpt>
      <trkpt lat="43.51834" lon="18.77825">
        <ele>392.0</ele>
      </trkpt>
      <trkpt lat="43.51845" lon="18.77826">
        <ele>391.7</ele>
      </trkpt>
      <trkpt lat="43.51858" lon="18.77824">
        <ele>391.8</ele>
      </trkpt>
      <trkpt lat="43.51911" lon="18.77801">
        <ele>393.9</ele>
      </trkpt>
      <trkpt lat="43.51983" lon="18.77775">
        <ele>395.5</ele>
      </trkpt>
      <trkpt lat="43.52006" lon="18.77763">
        <ele>396.7</ele>
      </trkpt>
      <trkpt lat="43.52044" lon="18.77739">
        <ele>397.9</ele>
      </trkpt>
      <trkpt lat="43.521" lon="18.77701">
        <ele>398.8</ele>
      </trkpt>
      <trkpt lat="43.52159" lon="18.77667">
        <ele>397.6</ele>
      </trkpt>
      <trkpt lat="43.52202" lon="18.77649">
        <ele>400.6</ele>
      </trkpt>
      <trkpt lat="43.52259" lon="18.77633">
        <ele>401.9</ele>
      </trkpt>
      <trkpt lat="43.52307" lon="18.77627">
        <ele>406.0</ele>
      </trkpt>
      <trkpt lat="43.5234" lon="18.77633">
        <ele>405.9</ele>
      </trkpt>
      <trkpt lat="43.52373" lon="18.77644">
        <ele>404.3</ele>
      </trkpt>
      <trkpt lat="43.52417" lon="18.77661">
        <ele>398.1</ele>
      </trkpt>
      <trkpt lat="43.52461" lon="18.77678">
        <ele>403.3</ele>
      </trkpt>
      <trkpt lat="43.52524" lon="18.77709">
        <ele>406.9</ele>
      </trkpt>
      <trkpt lat="43.52587" lon="18.7774">
        <ele>401.9</ele>
      </trkpt>
      <trkpt lat="43.52613" lon="18.77751">
        <ele>399.4</ele>
      </trkpt>
      <trkpt lat="43.5266" lon="18.77787">
        <ele>396.6</ele>
      </trkpt>
      <trkpt lat="43.52707" lon="18.77826">
        <ele>395.6</ele>
      </trkpt>
      <trkpt lat="43.52751" lon="18.77868">
        <ele>394.5</ele>
      </trkpt>
      <trkpt lat="43.52795" lon="18.77909">
        <ele>396.1</ele>
      </trkpt>
      <trkpt lat="43.52827" lon="18.77954">
        <ele>395.7</ele>
      </trkpt>
      <trkpt lat="43.52842" lon="18.77977">
        <ele>397.0</ele>
      </trkpt>
      <trkpt lat="43.5287" lon="18.78031">
        <ele>402.5</ele>
      </trkpt>
      <trkpt lat="43.52902" lon="18.78122">
        <ele>405.4</ele>
      </trkpt>
      <trkpt lat="43.52934" lon="18.78213">
        <ele>406.0</ele>
      </trkpt>
      <trkpt lat="43.52955" lon="18.7828">
        <ele>406.5</ele>
      </trkpt>
      <trkpt lat="43.52964" lon="18.7832">
        <ele>405.4</ele>
      </trkpt>
      <trkpt lat="43.5298" lon="18.78394">
        <ele>404.8</ele>
      </trkpt>
      <trkpt lat="43.52997" lon="18.78507">
        <ele>403.9</ele>
      </trkpt>
      <trkpt lat="43.53013" lon="18.78619">
        <ele>405.7</ele>
      </trkpt>
      <trkpt lat="43.5303" lon="18.78732">
        <ele>408.4</ele>
      </trkpt>
      <trkpt lat="43.53047" lon="18.78845">
        <ele>408.8</ele>
      </trkpt>
      <trkpt lat="43.53053" lon="18.78873">
        <ele>408.8</ele>
      </trkpt>
      <trkpt lat="43.53063" lon="18.78907">
        <ele>409.4</ele>
      </trkpt>
      <trkpt lat="43.53071" lon="18.78929">
        <ele>409.6</ele>
      </trkpt>
      <trkpt lat="43.53115" lon="18.79029">
        <ele>407.9</ele>
      </trkpt>
      <trkpt lat="43.53159" lon="18.79128">
        <ele>405.6</ele>
      </trkpt>
      <trkpt lat="43.53176" lon="18.79164">
        <ele>404.9</ele>
      </trkpt>
      <trkpt lat="43.53189" lon="18.79186">
        <ele>404.3</ele>
      </trkpt>
      <trkpt lat="43.53209" lon="18.79213">
        <ele>404.3</ele>
      </trkpt>
      <trkpt lat="43.53222" lon="18.79227">
        <ele>404.8</ele>
      </trkpt>
      <trkpt lat="43.53266" lon="18.79256">
        <ele>407.7</ele>
      </trkpt>
      <trkpt lat="43.53309" lon="18.79286">
        <ele>407.0</ele>
      </trkpt>
      <trkpt lat="43.53372" lon="18.79323">
        <ele>405.1</ele>
      </trkpt>
      <trkpt lat="43.53394" lon="18.79333">
        <ele>404.7</ele>
      </trkpt>
      <trkpt lat="43.53419" lon="18.79338">
        <ele>405.2</ele>
      </trkpt>
      <trkpt lat="43.5344" lon="18.79339">
        <ele>406.5</ele>
      </trkpt>
      <trkpt lat="43.53491" lon="18.79335">
        <ele>411.0</ele>
      </trkpt>
      <trkpt lat="43.53542" lon="18.79331">
        <ele>412.0</ele>
      </trkpt>
      <trkpt lat="43.53581" lon="18.79322">
        <ele>413.2</ele>
      </trkpt>
      <trkpt lat="43.53592" lon="18.79316">
        <ele>412.9</ele>
      </trkpt>
      <trkpt lat="43.53638" lon="18.79292">
        <ele>411.0</ele>
      </trkpt>
      <trkpt lat="43.53683" lon="18.79269">
        <ele>412.3</ele>
      </trkpt>
      <trkpt lat="43.53735" lon="18.79257">
        <ele>413.5</ele>
      </trkpt>
      <trkpt lat="43.53787" lon="18.79246">
        <ele>410.3</ele>
      </trkpt>
      <trkpt lat="43.53833" lon="18.79231">
        <ele>409.0</ele>
      </trkpt>
      <trkpt lat="43.5388" lon="18.79216">
        <ele>412.6</ele>
      </trkpt>
      <trkpt lat="43.53913" lon="18.79211">
        <ele>412.7</ele>
      </trkpt>
      <trkpt lat="43.53995" lon="18.79211">
        <ele>409.2</ele>
      </trkpt>
      <trkpt lat="43.54077" lon="18.7921">
        <ele>407.1</ele>
      </trkpt>
      <trkpt lat="43.54164" lon="18.79222">
        <ele>400.5</ele>
      </trkpt>
      <trkpt lat="43.54236" lon="18.79228">
        <ele>400.3</ele>
      </trkpt>
      <trkpt lat="43.54309" lon="18.79234">
        <ele>396.2</ele>
      </trkpt>
      <trkpt lat="43.54354" lon="18.7924">
        <ele>394.6</ele>
      </trkpt>
      <trkpt lat="43.544" lon="18.79247">
        <ele>395.0</ele>
      </trkpt>
      <trkpt lat="43.54476" lon="18.7926">
        <ele>395.9</ele>
      </trkpt>
      <trkpt lat="43.54517" lon="18.79257">
        <ele>397.9</ele>
      </trkpt>
      <trkpt lat="43.54569" lon="18.79246">
        <ele>402.0</ele>
      </trkpt>
      <trkpt lat="43.54621" lon="18.79236">
        <ele>407.1</ele>
      </trkpt>
      <trkpt lat="43.54657" lon="18.7923">
        <ele>409.8</ele>
      </trkpt>
      <trkpt lat="43.54683" lon="18.79231">
        <ele>410.5</ele>
      </trkpt>
      <trkpt lat="43.54704" lon="18.79234">
        <ele>410.6</ele>
      </trkpt>
      <trkpt lat="43.54737" lon="18.79249">
        <ele>408.6</ele>
      </trkpt>
      <trkpt lat="43.54804" lon="18.79289">
        <ele>407.9</ele>
      </trkpt>
      <trkpt lat="43.5487" lon="18.7933">
        <ele>403.9</ele>
      </trkpt>
      <trkpt lat="43.54933" lon="18.79358">
        <ele>406.0</ele>
      </trkpt>
      <trkpt lat="43.54996" lon="18.79386">
        <ele>403.8</ele>
      </trkpt>
      <trkpt lat="43.5506" lon="18.79415">
        <ele>400.6</ele>
      </trkpt>
      <trkpt lat="43.55094" lon="18.79424">
        <ele>402.2</ele>
      </trkpt>
      <trkpt lat="43.55154" lon="18.79444">
        <ele>403.6</ele>
      </trkpt>
      <trkpt lat="43.55214" lon="18.79464">
        <ele>404.2</ele>
      </trkpt>
      <trkpt lat="43.55241" lon="18.79479">
        <ele>402.8</ele>
      </trkpt>
      <trkpt lat="43.55265" lon="18.79496">
        <ele>402.4</ele>
      </trkpt>
      <trkpt lat="43.55306" lon="18.79536">
        <ele>402.9</ele>
      </trkpt>
      <trkpt lat="43.55345" lon="18.7959">
        <ele>400.2</ele>
      </trkpt>
      <trkpt lat="43.55384" lon="18.79664">
        <ele>395.1</ele>
      </trkpt>
      <trkpt lat="43.55424" lon="18.79739">
        <ele>390.0</ele>
      </trkpt>
      <trkpt lat="43.55443" lon="18.79767">
        <ele>388.9</ele>
      </trkpt>
      <trkpt lat="43.55466" lon="18.79797">
        <ele>388.1</ele>
      </trkpt>
      <trkpt lat="43.5552" lon="18.79853">
        <ele>386.4</ele>
      </trkpt>
      <trkpt lat="43.55574" lon="18.7991">
        <ele>385.9</ele>
      </trkpt>
      <trkpt lat="43.55642" lon="18.79966">
        <ele>386.6</ele>
      </trkpt>
      <trkpt lat="43.5571" lon="18.80023">
        <ele>387.9</ele>
      </trkpt>
      <trkpt lat="43.55759" lon="18.80062">
        <ele>389.1</ele>
      </trkpt>
      <trkpt lat="43.55808" lon="18.80101">
        <ele>387.8</ele>
      </trkpt>
      <trkpt lat="43.55831" lon="18.80118">
        <ele>387.8</ele>
      </trkpt>
      <trkpt lat="43.55857" lon="18.80132">
        <ele>389.6</ele>
      </trkpt>
      <trkpt lat="43.55919" lon="18.80157">
        <ele>394.0</ele>
      </trkpt>
      <trkpt lat="43.55981" lon="18.80181">
        <ele>396.5</ele>
      </trkpt>
      <trkpt lat="43.56044" lon="18.80224">
        <ele>399.4</ele>
      </trkpt>
      <trkpt lat="43.56098" lon="18.8027">
        <ele>400.2</ele>
      </trkpt>
      <trkpt lat="43.56153" lon="18.80317">
        <ele>401.1</ele>
      </trkpt>
      <trkpt lat="43.56207" lon="18.80364">
        <ele>398.2</ele>
      </trkpt>
      <trkpt lat="43.56228" lon="18.80377">
        <ele>397.3</ele>
      </trkpt>
      <trkpt lat="43.56252" lon="18.80388">
        <ele>396.6</ele>
      </trkpt>
      <trkpt lat="43.56307" lon="18.80397">
        <ele>399.2</ele>
      </trkpt>
      <trkpt lat="43.56362" lon="18.80407">
        <ele>400.4</ele>
      </trkpt>
      <trkpt lat="43.56417" lon="18.80428">
        <ele>399.2</ele>
      </trkpt>
      <trkpt lat="43.56465" lon="18.80443">
        <ele>398.7</ele>
      </trkpt>
      <trkpt lat="43.56503" lon="18.80451">
        <ele>398.2</ele>
      </trkpt>
      <trkpt lat="43.56542" lon="18.80452">
        <ele>397.2</ele>
      </trkpt>
      <trkpt lat="43.56576" lon="18.80447">
        <ele>396.9</ele>
      </trkpt>
      <trkpt lat="43.56606" lon="18.80438">
        <ele>396.5</ele>
      </trkpt>
      <trkpt lat="43.56684" lon="18.80406">
        <ele>393.4</ele>
      </trkpt>
      <trkpt lat="43.56703" lon="18.80392">
        <ele>392.0</ele>
      </trkpt>
      <trkpt lat="43.5672" lon="18.80376">
        <ele>391.2</ele>
      </trkpt>
      <trkpt lat="43.5674" lon="18.80345">
        <ele>392.0</ele>
      </trkpt>
      <trkpt lat="43.56755" lon="18.8031">
        <ele>394.0</ele>
      </trkpt>
      <trkpt lat="43.56783" lon="18.80209">
        <ele>401.1</ele>
      </trkpt>
      <trkpt lat="43.56795" lon="18.80177">
        <ele>402.0</ele>
      </trkpt>
      <trkpt lat="43.56844" lon="18.8008">
        <ele>400.4</ele>
      </trkpt>
      <trkpt lat="43.56871" lon="18.80018">
        <ele>401.0</ele>
      </trkpt>
      <trkpt lat="43.56883" lon="18.79984">
        <ele>400.9</ele>
      </trkpt>
      <trkpt lat="43.56906" lon="18.79904">
        <ele>399.2</ele>
      </trkpt>
      <trkpt lat="43.56924" lon="18.79844">
        <ele>397.0</ele>
      </trkpt>
      <trkpt lat="43.56943" lon="18.79784">
        <ele>398.6</ele>
      </trkpt>
      <trkpt lat="43.56974" lon="18.797">
        <ele>395.2</ele>
      </trkpt>
      <trkpt lat="43.57005" lon="18.79639">
        <ele>388.4</ele>
      </trkpt>
      <trkpt lat="43.57038" lon="18.79582">
        <ele>388.4</ele>
      </trkpt>
      <trkpt lat="43.57084" lon="18.79522">
        <ele>385.5</ele>
      </trkpt>
      <trkpt lat="43.57117" lon="18.79489">
        <ele>385.8</ele>
      </trkpt>
      <trkpt lat="43.57162" lon="18.79451">
        <ele>386.3</ele>
      </trkpt>
      <trkpt lat="43.57207" lon="18.79414">
        <ele>388.9</ele>
      </trkpt>
      <trkpt lat="43.5724" lon="18.79396">
        <ele>392.0</ele>
      </trkpt>
      <trkpt lat="43.57272" lon="18.79386">
        <ele>393.2</ele>
      </trkpt>
      <trkpt lat="43.57324" lon="18.79374">
        <ele>394.7</ele>
      </trkpt>
      <trkpt lat="43.5737" lon="18.79358">
        <ele>396.0</ele>
      </trkpt>
      <trkpt lat="43.57415" lon="18.79341">
        <ele>396.2</ele>
      </trkpt>
      <trkpt lat="43.57488" lon="18.79321">
        <ele>393.5</ele>
      </trkpt>
      <trkpt lat="43.5756" lon="18.79301">
        <ele>389.8</ele>
      </trkpt>
      <trkpt lat="43.57585" lon="18.79292">
        <ele>388.7</ele>
      </trkpt>
      <trkpt lat="43.57655" lon="18.79254">
        <ele>387.8</ele>
      </trkpt>
      <trkpt lat="43.57725" lon="18.79216">
        <ele>387.4</ele>
      </trkpt>
      <trkpt lat="43.57775" lon="18.79197">
        <ele>386.1</ele>
      </trkpt>
      <trkpt lat="43.57812" lon="18.79192">
        <ele>384.9</ele>
      </trkpt>
      <trkpt lat="43.57866" lon="18.79192">
        <ele>383.5</ele>
      </trkpt>
      <trkpt lat="43.5792" lon="18.79192">
        <ele>383.0</ele>
      </trkpt>
      <trkpt lat="43.57941" lon="18.79188">
        <ele>382.7</ele>
      </trkpt>
      <trkpt lat="43.57993" lon="18.79171">
        <ele>382.0</ele>
      </trkpt>
      <trkpt lat="43.58044" lon="18.79153">
        <ele>381.1</ele>
      </trkpt>
      <trkpt lat="43.58071" lon="18.79149">
        <ele>379.8</ele>
      </trkpt>
      <trkpt lat="43.58118" lon="18.79146">
        <ele>379.9</ele>
      </trkpt>
      <trkpt lat="43.58132" lon="18.79147">
        <ele>380.0</ele>
      </trkpt>
      <trkpt lat="43.58215" lon="18.79169">
        <ele>378.5</ele>
      </trkpt>
      <trkpt lat="43.58236" lon="18.79176">
        <ele>378.2</ele>
      </trkpt>
      <trkpt lat="43.58255" lon="18.79181">
        <ele>377.9</ele>
      </trkpt>
      <trkpt lat="43.58268" lon="18.79188">
        <ele>378.9</ele>
      </trkpt>
      <trkpt lat="43.5828" lon="18.79201">
        <ele>379.6</ele>
      </trkpt>
      <trkpt lat="43.58294" lon="18.7922">
        <ele>380.2</ele>
      </trkpt>
      <trkpt lat="43.5832" lon="18.79282">
        <ele>379.4</ele>
      </trkpt>
      <trkpt lat="43.58334" lon="18.79303">
        <ele>379.2</ele>
      </trkpt>
      <trkpt lat="43.58378" lon="18.79336">
        <ele>378.4</ele>
      </trkpt>
      <trkpt lat="43.58422" lon="18.7937">
        <ele>377.7</ele>
      </trkpt>
      <trkpt lat="43.58488" lon="18.79426">
        <ele>376.2</ele>
      </trkpt>
      <trkpt lat="43.58554" lon="18.79483">
        <ele>375.5</ele>
      </trkpt>
      <trkpt lat="43.58599" lon="18.79527">
        <ele>376.2</ele>
      </trkpt>
      <trkpt lat="43.58667" lon="18.79607">
        <ele>381.1</ele>
      </trkpt>
      <trkpt lat="43.58694" lon="18.7965">
        <ele>383.9</ele>
      </trkpt>
      <trkpt lat="43.58709" lon="18.79682">
        <ele>385.4</ele>
      </trkpt>
      <trkpt lat="43.58723" lon="18.79719">
        <ele>387.0</ele>
      </trkpt>
      <trkpt lat="43.58736" lon="18.79761">
        <ele>388.2</ele>
      </trkpt>
      <trkpt lat="43.5876" lon="18.79858">
        <ele>391.5</ele>
      </trkpt>
      <trkpt lat="43.58784" lon="18.79956">
        <ele>398.0</ele>
      </trkpt>
      <trkpt lat="43.58799" lon="18.80023">
        <ele>398.6</ele>
      </trkpt>
      <trkpt lat="43.58814" lon="18.80091">
        <ele>394.2</ele>
      </trkpt>
      <trkpt lat="43.58831" lon="18.80191">
        <ele>391.8</ele>
      </trkpt>
      <trkpt lat="43.58849" lon="18.80291">
        <ele>389.7</ele>
      </trkpt>
      <trkpt lat="43.58859" lon="18.80343">
        <ele>388.7</ele>
      </trkpt>
      <trkpt lat="43.58867" lon="18.80375">
        <ele>389.7</ele>
      </trkpt>
      <trkpt lat="43.58875" lon="18.80401">
        <ele>390.2</ele>
      </trkpt>
      <trkpt lat="43.58907" lon="18.80473">
        <ele>392.3</ele>
      </trkpt>
      <trkpt lat="43.58925" lon="18.80524">
        <ele>392.1</ele>
      </trkpt>
      <trkpt lat="43.58936" lon="18.80565">
        <ele>391.0</ele>
      </trkpt>
      <trkpt lat="43.58942" lon="18.80627">
        <ele>388.3</ele>
      </trkpt>
      <trkpt lat="43.58942" lon="18.80655">
        <ele>386.9</ele>
      </trkpt>
      <trkpt lat="43.58941" lon="18.80674">
        <ele>386.1</ele>
      </trkpt>
      <trkpt lat="43.58928" lon="18.80781">
        <ele>384.2</ele>
      </trkpt>
      <trkpt lat="43.58927" lon="18.80828">
        <ele>384.2</ele>
      </trkpt>
      <trkpt lat="43.58927" lon="18.80854">
        <ele>384.7</ele>
      </trkpt>
      <trkpt lat="43.58936" lon="18.80911">
        <ele>386.8</ele>
      </trkpt>
      <trkpt lat="43.58947" lon="18.80948">
        <ele>387.0</ele>
      </trkpt>
      <trkpt lat="43.58969" lon="18.80999">
        <ele>386.6</ele>
      </trkpt>
      <trkpt lat="43.59001" lon="18.81049">
        <ele>385.7</ele>
      </trkpt>
      <trkpt lat="43.59033" lon="18.81099">
        <ele>385.2</ele>
      </trkpt>
      <trkpt lat="43.59054" lon="18.81138">
        <ele>384.2</ele>
      </trkpt>
      <trkpt lat="43.59066" lon="18.81166">
        <ele>383.2</ele>
      </trkpt>
      <trkpt lat="43.59078" lon="18.81203">
        <ele>381.6</ele>
      </trkpt>
      <trkpt lat="43.59085" lon="18.81229">
        <ele>380.9</ele>
      </trkpt>
      <trkpt lat="43.59089" lon="18.81256">
        <ele>381.4</ele>
      </trkpt>
      <trkpt lat="43.59091" lon="18.81282">
        <ele>383.1</ele>
      </trkpt>
      <trkpt lat="43.59091" lon="18.81314">
        <ele>384.2</ele>
      </trkpt>
      <trkpt lat="43.59089" lon="18.8135">
        <ele>384.9</ele>
      </trkpt>
      <trkpt lat="43.59083" lon="18.81386">
        <ele>384.5</ele>
      </trkpt>
      <trkpt lat="43.59067" lon="18.81466">
        <ele>383.5</ele>
      </trkpt>
      <trkpt lat="43.5905" lon="18.81546">
        <ele>380.1</ele>
      </trkpt>
      <trkpt lat="43.59047" lon="18.81571">
        <ele>379.4</ele>
      </trkpt>
      <trkpt lat="43.59044" lon="18.8161">
        <ele>379.1</ele>
      </trkpt>
      <trkpt lat="43.59043" lon="18.81642">
        <ele>379.4</ele>
      </trkpt>
      <trkpt lat="43.59047" lon="18.81693">
        <ele>379.8</ele>
      </trkpt>
      <trkpt lat="43.59053" lon="18.81725">
        <ele>380.0</ele>
      </trkpt>
      <trkpt lat="43.59072" lon="18.81792">
        <ele>379.6</ele>
      </trkpt>
      <trkpt lat="43.5909" lon="18.81859">
        <ele>380.4</ele>
      </trkpt>
      <trkpt lat="43.59096" lon="18.81885">
        <ele>382.2</ele>
      </trkpt>
      <trkpt lat="43.59099" lon="18.8192">
        <ele>382.6</ele>
      </trkpt>
      <trkpt lat="43.591" lon="18.81949">
        <ele>382.5</ele>
      </trkpt>
      <trkpt lat="43.59096" lon="18.81996">
        <ele>380.3</ele>
      </trkpt>
      <trkpt lat="43.59083" lon="18.82046">
        <ele>379.3</ele>
      </trkpt>
      <trkpt lat="43.59054" lon="18.82124">
        <ele>378.7</ele>
      </trkpt>
      <trkpt lat="43.59047" lon="18.82148">
        <ele>378.1</ele>
      </trkpt>
      <trkpt lat="43.59038" lon="18.82193">
        <ele>376.9</ele>
      </trkpt>
      <trkpt lat="43.59037" lon="18.82252">
        <ele>376.8</ele>
      </trkpt>
      <trkpt lat="43.59038" lon="18.82277">
        <ele>376.7</ele>
      </trkpt>
      <trkpt lat="43.59051" lon="18.82393">
        <ele>379.4</ele>
      </trkpt>
      <trkpt lat="43.59052" lon="18.82427">
        <ele>380.7</ele>
      </trkpt>
      <trkpt lat="43.59052" lon="18.82459">
        <ele>383.3</ele>
      </trkpt>
      <trkpt lat="43.59049" lon="18.82499">
        <ele>385.6</ele>
      </trkpt>
      <trkpt lat="43.59041" lon="18.82553">
        <ele>385.2</ele>
      </trkpt>
      <trkpt lat="43.59017" lon="18.82662">
        <ele>383.6</ele>
      </trkpt>
      <trkpt lat="43.58993" lon="18.82772">
        <ele>384.2</ele>
      </trkpt>
      <trkpt lat="43.5897" lon="18.8287">
        <ele>388.7</ele>
      </trkpt>
      <trkpt lat="43.5896" lon="18.82906">
        <ele>388.4</ele>
      </trkpt>
      <trkpt lat="43.58931" lon="18.82981">
        <ele>381.8</ele>
      </trkpt>
      <trkpt lat="43.58902" lon="18.83056">
        <ele>380.1</ele>
      </trkpt>
      <trkpt lat="43.58874" lon="18.83132">
        <ele>378.8</ele>
      </trkpt>
      <trkpt lat="43.58862" lon="18.83172">
        <ele>377.6</ele>
      </trkpt>
      <trkpt lat="43.58852" lon="18.83214">
        <ele>378.1</ele>
      </trkpt>
      <trkpt lat="43.58845" lon="18.83263">
        <ele>379.3</ele>
      </trkpt>
      <trkpt lat="43.5884" lon="18.83338">
        <ele>382.0</ele>
      </trkpt>
      <trkpt lat="43.58835" lon="18.83412">
        <ele>383.5</ele>
      </trkpt>
      <trkpt lat="43.58835" lon="18.83462">
        <ele>384.2</ele>
      </trkpt>
      <trkpt lat="43.58838" lon="18.83487">
        <ele>385.5</ele>
      </trkpt>
      <trkpt lat="43.58842" lon="18.83512">
        <ele>386.4</ele>
      </trkpt>
      <trkpt lat="43.58849" lon="18.83542">
        <ele>386.6</ele>
      </trkpt>
      <trkpt lat="43.58857" lon="18.83564">
        <ele>386.9</ele>
      </trkpt>
      <trkpt lat="43.58865" lon="18.8358">
        <ele>387.0</ele>
      </trkpt>
      <trkpt lat="43.58881" lon="18.83604">
        <ele>386.4</ele>
      </trkpt>
      <trkpt lat="43.58907" lon="18.83636">
        <ele>385.6</ele>
      </trkpt>
      <trkpt lat="43.58954" lon="18.83685">
        <ele>387.2</ele>
      </trkpt>
      <trkpt lat="43.59021" lon="18.83746">
        <ele>389.0</ele>
      </trkpt>
      <trkpt lat="43.59089" lon="18.83807">
        <ele>387.0</ele>
      </trkpt>
      <trkpt lat="43.59135" lon="18.83853">
        <ele>391.6</ele>
      </trkpt>
      <trkpt lat="43.59181" lon="18.83899">
        <ele>393.5</ele>
      </trkpt>
      <trkpt lat="43.59211" lon="18.83935">
        <ele>394.5</ele>
      </trkpt>
      <trkpt lat="43.59254" lon="18.83997">
        <ele>390.4</ele>
      </trkpt>
      <trkpt lat="43.59297" lon="18.84059">
        <ele>394.1</ele>
      </trkpt>
      <trkpt lat="43.59339" lon="18.84121">
        <ele>391.3</ele>
      </trkpt>
      <trkpt lat="43.59404" lon="18.84202">
        <ele>392.2</ele>
      </trkpt>
      <trkpt lat="43.59428" lon="18.84235">
        <ele>392.2</ele>
      </trkpt>
      <trkpt lat="43.5945" lon="18.84278">
        <ele>393.4</ele>
      </trkpt>
      <trkpt lat="43.59493" lon="18.84376">
        <ele>389.7</ele>
      </trkpt>
      <trkpt lat="43.59536" lon="18.84475">
        <ele>389.1</ele>
      </trkpt>
      <trkpt lat="43.59552" lon="18.84513">
        <ele>389.9</ele>
      </trkpt>
      <trkpt lat="43.59573" lon="18.84583">
        <ele>386.4</ele>
      </trkpt>
      <trkpt lat="43.59594" lon="18.84652">
        <ele>385.2</ele>
      </trkpt>
      <trkpt lat="43.59608" lon="18.84688">
        <ele>385.8</ele>
      </trkpt>
      <trkpt lat="43.59627" lon="18.8473">
        <ele>385.4</ele>
      </trkpt>
      <trkpt lat="43.59672" lon="18.84815">
        <ele>385.4</ele>
      </trkpt>
      <trkpt lat="43.59689" lon="18.84851">
        <ele>387.2</ele>
      </trkpt>
      <trkpt lat="43.5972" lon="18.84928">
        <ele>390.4</ele>
      </trkpt>
      <trkpt lat="43.59752" lon="18.85006">
        <ele>386.8</ele>
      </trkpt>
      <trkpt lat="43.59783" lon="18.85084">
        <ele>387.6</ele>
      </trkpt>
      <trkpt lat="43.59805" lon="18.8513">
        <ele>388.5</ele>
      </trkpt>
      <trkpt lat="43.59841" lon="18.85194">
        <ele>389.4</ele>
      </trkpt>
      <trkpt lat="43.59878" lon="18.85259">
        <ele>391.8</ele>
      </trkpt>
      <trkpt lat="43.59908" lon="18.85297">
        <ele>389.0</ele>
      </trkpt>
      <trkpt lat="43.59973" lon="18.85361">
        <ele>388.8</ele>
      </trkpt>
      <trkpt lat="43.60038" lon="18.85424">
        <ele>386.9</ele>
      </trkpt>
      <trkpt lat="43.60103" lon="18.85487">
        <ele>383.0</ele>
      </trkpt>
      <trkpt lat="43.60168" lon="18.85551">
        <ele>379.9</ele>
      </trkpt>
      <trkpt lat="43.60233" lon="18.85614">
        <ele>380.9</ele>
      </trkpt>
      <trkpt lat="43.60298" lon="18.85678">
        <ele>381.2</ele>
      </trkpt>
      <trkpt lat="43.60326" lon="18.85707">
        <ele>380.9</ele>
      </trkpt>
      <trkpt lat="43.60349" lon="18.85732">
        <ele>382.1</ele>
      </trkpt>
      <trkpt lat="43.60375" lon="18.85765">
        <ele>383.8</ele>
      </trkpt>
      <trkpt lat="43.6041" lon="18.85818">
        <ele>381.0</ele>
      </trkpt>
      <trkpt lat="43.60445" lon="18.8587">
        <ele>381.5</ele>
      </trkpt>
      <trkpt lat="43.60473" lon="18.85906">
        <ele>379.9</ele>
      </trkpt>
      <trkpt lat="43.60517" lon="18.85947">
        <ele>377.9</ele>
      </trkpt>
      <trkpt lat="43.60582" lon="18.86001">
        <ele>375.7</ele>
      </trkpt>
      <trkpt lat="43.60648" lon="18.86056">
        <ele>382.9</ele>
      </trkpt>
      <trkpt lat="43.60669" lon="18.86079">
        <ele>382.1</ele>
      </trkpt>
      <trkpt lat="43.60706" lon="18.86132">
        <ele>384.7</ele>
      </trkpt>
      <trkpt lat="43.60743" lon="18.86184">
        <ele>382.7</ele>
      </trkpt>
      <trkpt lat="43.60794" lon="18.86249">
        <ele>381.4</ele>
      </trkpt>
      <trkpt lat="43.60846" lon="18.86314">
        <ele>380.6</ele>
      </trkpt>
      <trkpt lat="43.60898" lon="18.86378">
        <ele>379.2</ele>
      </trkpt>
      <trkpt lat="43.60949" lon="18.86443">
        <ele>377.9</ele>
      </trkpt>
      <trkpt lat="43.60979" lon="18.86484">
        <ele>377.2</ele>
      </trkpt>
      <trkpt lat="43.6101" lon="18.86535">
        <ele>376.3</ele>
      </trkpt>
      <trkpt lat="43.61041" lon="18.86586">
        <ele>375.4</ele>
      </trkpt>
      <trkpt lat="43.61081" lon="18.86669">
        <ele>374.2</ele>
      </trkpt>
      <trkpt lat="43.61121" lon="18.86751">
        <ele>375.2</ele>
      </trkpt>
      <trkpt lat="43.61161" lon="18.86834">
        <ele>376.8</ele>
      </trkpt>
      <trkpt lat="43.61192" lon="18.86892">
        <ele>380.2</ele>
      </trkpt>
      <trkpt lat="43.61222" lon="18.8695">
        <ele>381.5</ele>
      </trkpt>
      <trkpt lat="43.61252" lon="18.87002">
        <ele>379.2</ele>
      </trkpt>
      <trkpt lat="43.61283" lon="18.87054">
        <ele>378.1</ele>
      </trkpt>
      <trkpt lat="43.61334" lon="18.87133">
        <ele>378.3</ele>
      </trkpt>
      <trkpt lat="43.61358" lon="18.87174">
        <ele>381.1</ele>
      </trkpt>
      <trkpt lat="43.61371" lon="18.87201">
        <ele>381.6</ele>
      </trkpt>
      <trkpt lat="43.61387" lon="18.87236">
        <ele>381.2</ele>
      </trkpt>
      <trkpt lat="43.61398" lon="18.8727">
        <ele>380.2</ele>
      </trkpt>
      <trkpt lat="43.61407" lon="18.87306">
        <ele>378.9</ele>
      </trkpt>
      <trkpt lat="43.61427" lon="18.87424">
        <ele>373.1</ele>
      </trkpt>
      <trkpt lat="43.61439" lon="18.87477">
        <ele>371.9</ele>
      </trkpt>
      <trkpt lat="43.61462" lon="18.87554">
        <ele>371.3</ele>
      </trkpt>
      <trkpt lat="43.61486" lon="18.87631">
        <ele>369.9</ele>
      </trkpt>
      <trkpt lat="43.61509" lon="18.87708">
        <ele>368.3</ele>
      </trkpt>
      <trkpt lat="43.61522" lon="18.87744">
        <ele>368.9</ele>
      </trkpt>
      <trkpt lat="43.61543" lon="18.8781">
        <ele>371.8</ele>
      </trkpt>
      <trkpt lat="43.61567" lon="18.87903">
        <ele>375.1</ele>
      </trkpt>
      <trkpt lat="43.61587" lon="18.88004">
        <ele>374.8</ele>
      </trkpt>
      <trkpt lat="43.61594" lon="18.8805">
        <ele>377.9</ele>
      </trkpt>
      <trkpt lat="43.61598" lon="18.8809">
        <ele>379.2</ele>
      </trkpt>
      <trkpt lat="43.61598" lon="18.88136">
        <ele>378.4</ele>
      </trkpt>
      <trkpt lat="43.61594" lon="18.88173">
        <ele>376.5</ele>
      </trkpt>
      <trkpt lat="43.61588" lon="18.88211">
        <ele>376.6</ele>
      </trkpt>
      <trkpt lat="43.61578" lon="18.88255">
        <ele>376.9</ele>
      </trkpt>
      <trkpt lat="43.61563" lon="18.88301">
        <ele>382.8</ele>
      </trkpt>
      <trkpt lat="43.61528" lon="18.88391">
        <ele>383.4</ele>
      </trkpt>
      <trkpt lat="43.6151" lon="18.88449">
        <ele>380.7</ele>
      </trkpt>
      <trkpt lat="43.61492" lon="18.88506">
        <ele>380.7</ele>
      </trkpt>
      <trkpt lat="43.61474" lon="18.88565">
        <ele>380.6</ele>
      </trkpt>
      <trkpt lat="43.61457" lon="18.88624">
        <ele>381.1</ele>
      </trkpt>
      <trkpt lat="43.61431" lon="18.88701">
        <ele>378.3</ele>
      </trkpt>
      <trkpt lat="43.61405" lon="18.88778">
        <ele>377.7</ele>
      </trkpt>
      <trkpt lat="43.61379" lon="18.88856">
        <ele>380.4</ele>
      </trkpt>
      <trkpt lat="43.61365" lon="18.88902">
        <ele>380.7</ele>
      </trkpt>
      <trkpt lat="43.61355" lon="18.8895">
        <ele>377.5</ele>
      </trkpt>
      <trkpt lat="43.61351" lon="18.88996">
        <ele>374.3</ele>
      </trkpt>
      <trkpt lat="43.61353" lon="18.89025">
        <ele>373.0</ele>
      </trkpt>
      <trkpt lat="43.61356" lon="18.89048">
        <ele>372.1</ele>
      </trkpt>
      <trkpt lat="43.6137" lon="18.89096">
        <ele>372.2</ele>
      </trkpt>
      <trkpt lat="43.61378" lon="18.89116">
        <ele>372.0</ele>
      </trkpt>
      <trkpt lat="43.61391" lon="18.89138">
        <ele>371.6</ele>
      </trkpt>
      <trkpt lat="43.61414" lon="18.8917">
        <ele>369.3</ele>
      </trkpt>
      <trkpt lat="43.61445" lon="18.89206">
        <ele>370.7</ele>
      </trkpt>
      <trkpt lat="43.61505" lon="18.89267">
        <ele>370.3</ele>
      </trkpt>
      <trkpt lat="43.61564" lon="18.89327">
        <ele>371.1</ele>
      </trkpt>
      <trkpt lat="43.61604" lon="18.89364">
        <ele>369.3</ele>
      </trkpt>
      <trkpt lat="43.61635" lon="18.89386">
        <ele>368.6</ele>
      </trkpt>
      <trkpt lat="43.61701" lon="18.89422">
        <ele>366.1</ele>
      </trkpt>
      <trkpt lat="43.61766" lon="18.8945">
        <ele>363.6</ele>
      </trkpt>
      <trkpt lat="43.61831" lon="18.89479">
        <ele>362.7</ele>
      </trkpt>
      <trkpt lat="43.61889" lon="18.89503">
        <ele>361.3</ele>
      </trkpt>
      <trkpt lat="43.61948" lon="18.89528">
        <ele>359.3</ele>
      </trkpt>
      <trkpt lat="43.62007" lon="18.89553">
        <ele>359.9</ele>
      </trkpt>
      <trkpt lat="43.62052" lon="18.89577">
        <ele>363.4</ele>
      </trkpt>
      <trkpt lat="43.62093" lon="18.89613">
        <ele>364.7</ele>
      </trkpt>
      <trkpt lat="43.62135" lon="18.89661">
        <ele>365.7</ele>
      </trkpt>
      <trkpt lat="43.62171" lon="18.89708">
        <ele>366.3</ele>
      </trkpt>
      <trkpt lat="43.62206" lon="18.89761">
        <ele>373.6</ele>
      </trkpt>
      <trkpt lat="43.62233" lon="18.89807">
        <ele>377.0</ele>
      </trkpt>
      <trkpt lat="43.62251" lon="18.89844">
        <ele>376.0</ele>
      </trkpt>
      <trkpt lat="43.62273" lon="18.89899">
        <ele>378.0</ele>
      </trkpt>
      <trkpt lat="43.62293" lon="18.89951">
        <ele>377.7</ele>
      </trkpt>
      <trkpt lat="43.62314" lon="18.9">
        <ele>373.8</ele>
      </trkpt>
      <trkpt lat="43.62341" lon="18.90054">
        <ele>371.2</ele>
      </trkpt>
      <trkpt lat="43.62368" lon="18.90108">
        <ele>370.1</ele>
      </trkpt>
      <trkpt lat="43.62384" lon="18.90148">
        <ele>369.0</ele>
      </trkpt>
      <trkpt lat="43.62396" lon="18.90186">
        <ele>368.3</ele>
      </trkpt>
      <trkpt lat="43.62408" lon="18.90246">
        <ele>367.0</ele>
      </trkpt>
      <trkpt lat="43.6242" lon="18.90306">
        <ele>365.9</ele>
      </trkpt>
      <trkpt lat="43.62429" lon="18.90358">
        <ele>365.9</ele>
      </trkpt>
      <trkpt lat="43.62434" lon="18.90404">
        <ele>364.3</ele>
      </trkpt>
      <trkpt lat="43.62436" lon="18.90475">
        <ele>363.6</ele>
      </trkpt>
      <trkpt lat="43.62428" lon="18.90541">
        <ele>362.6</ele>
      </trkpt>
      <trkpt lat="43.62423" lon="18.90568">
        <ele>362.0</ele>
      </trkpt>
      <trkpt lat="43.62407" lon="18.90628">
        <ele>363.6</ele>
      </trkpt>
      <trkpt lat="43.62393" lon="18.90668">
        <ele>364.2</ele>
      </trkpt>
      <trkpt lat="43.6235" lon="18.90758">
        <ele>366.2</ele>
      </trkpt>
      <trkpt lat="43.62325" lon="18.90816">
        <ele>369.9</ele>
      </trkpt>
      <trkpt lat="43.62298" lon="18.90888">
        <ele>370.8</ele>
      </trkpt>
      <trkpt lat="43.62265" lon="18.90984">
        <ele>366.1</ele>
      </trkpt>
      <trkpt lat="43.62225" lon="18.91089">
        <ele>362.9</ele>
      </trkpt>
      <trkpt lat="43.62185" lon="18.91179">
        <ele>365.3</ele>
      </trkpt>
      <trkpt lat="43.62152" lon="18.91245">
        <ele>366.9</ele>
      </trkpt>
      <trkpt lat="43.62136" lon="18.91275">
        <ele>368.2</ele>
      </trkpt>
      <trkpt lat="43.62094" lon="18.91342">
        <ele>367.7</ele>
      </trkpt>
      <trkpt lat="43.62071" lon="18.91374">
        <ele>369.2</ele>
      </trkpt>
      <trkpt lat="43.62048" lon="18.91402">
        <ele>370.3</ele>
      </trkpt>
      <trkpt lat="43.61989" lon="18.91463">
        <ele>371.8</ele>
      </trkpt>
      <trkpt lat="43.6193" lon="18.91523">
        <ele>368.2</ele>
      </trkpt>
      <trkpt lat="43.61913" lon="18.91545">
        <ele>368.0</ele>
      </trkpt>
      <trkpt lat="43.61893" lon="18.91579">
        <ele>369.6</ele>
      </trkpt>
      <trkpt lat="43.6188" lon="18.91612">
        <ele>370.4</ele>
      </trkpt>
      <trkpt lat="43.61859" lon="18.91681">
        <ele>371.6</ele>
      </trkpt>
      <trkpt lat="43.61839" lon="18.9175">
        <ele>372.8</ele>
      </trkpt>
      <trkpt lat="43.61831" lon="18.91783">
        <ele>373.0</ele>
      </trkpt>
      <trkpt lat="43.61812" lon="18.91845">
        <ele>374.4</ele>
      </trkpt>
      <trkpt lat="43.61793" lon="18.91907">
        <ele>374.8</ele>
      </trkpt>
      <trkpt lat="43.61755" lon="18.92017">
        <ele>375.2</ele>
      </trkpt>
      <trkpt lat="43.61717" lon="18.92127">
        <ele>372.9</ele>
      </trkpt>
      <trkpt lat="43.61708" lon="18.92162">
        <ele>371.4</ele>
      </trkpt>
      <trkpt lat="43.61703" lon="18.92203">
        <ele>369.7</ele>
      </trkpt>
      <trkpt lat="43.61703" lon="18.92245">
        <ele>368.9</ele>
      </trkpt>
      <trkpt lat="43.61708" lon="18.92283">
        <ele>368.1</ele>
      </trkpt>
      <trkpt lat="43.61715" lon="18.92321">
        <ele>367.8</ele>
      </trkpt>
      <trkpt lat="43.61741" lon="18.92423">
        <ele>366.8</ele>
      </trkpt>
      <trkpt lat="43.61752" lon="18.92481">
        <ele>363.2</ele>
      </trkpt>
      <trkpt lat="43.61764" lon="18.92601">
        <ele>359.6</ele>
      </trkpt>
      <trkpt lat="43.6177" lon="18.92641">
        <ele>357.8</ele>
      </trkpt>
      <trkpt lat="43.61776" lon="18.92671">
        <ele>356.7</ele>
      </trkpt>
      <trkpt lat="43.61795" lon="18.92726">
        <ele>356.3</ele>
      </trkpt>
      <trkpt lat="43.6182" lon="18.9278">
        <ele>356.1</ele>
      </trkpt>
      <trkpt lat="43.61869" lon="18.92865">
        <ele>356.9</ele>
      </trkpt>
      <trkpt lat="43.61918" lon="18.92951">
        <ele>358.8</ele>
      </trkpt>
      <trkpt lat="43.61967" lon="18.93036">
        <ele>358.3</ele>
      </trkpt>
      <trkpt lat="43.62009" lon="18.93124">
        <ele>357.3</ele>
      </trkpt>
      <trkpt lat="43.62052" lon="18.93213">
        <ele>358.7</ele>
      </trkpt>
      <trkpt lat="43.62088" lon="18.9328">
        <ele>357.0</ele>
      </trkpt>
      <trkpt lat="43.62112" lon="18.93312">
        <ele>357.7</ele>
      </trkpt>
      <trkpt lat="43.62183" lon="18.93384">
        <ele>358.9</ele>
      </trkpt>
      <trkpt lat="43.62255" lon="18.93456">
        <ele>356.2</ele>
      </trkpt>
      <trkpt lat="43.62326" lon="18.93528">
        <ele>354.8</ele>
      </trkpt>
      <trkpt lat="43.62373" lon="18.93568">
        <ele>353.7</ele>
      </trkpt>
      <trkpt lat="43.62413" lon="18.93589">
        <ele>354.5</ele>
      </trkpt>
      <trkpt lat="43.62456" lon="18.93606">
        <ele>354.8</ele>
      </trkpt>
      <trkpt lat="43.62486" lon="18.93612">
        <ele>355.5</ele>
      </trkpt>
      <trkpt lat="43.6257" lon="18.93622">
        <ele>360.3</ele>
      </trkpt>
      <trkpt lat="43.62616" lon="18.93632">
        <ele>360.1</ele>
      </trkpt>
      <trkpt lat="43.62634" lon="18.9364">
        <ele>359.3</ele>
      </trkpt>
      <trkpt lat="43.6267" lon="18.93659">
        <ele>358.7</ele>
      </trkpt>
      <trkpt lat="43.62698" lon="18.93681">
        <ele>358.3</ele>
      </trkpt>
      <trkpt lat="43.62714" lon="18.93697">
        <ele>358.1</ele>
      </trkpt>
      <trkpt lat="43.62757" lon="18.93748">
        <ele>361.6</ele>
      </trkpt>
      <trkpt lat="43.6279" lon="18.93802">
        <ele>361.7</ele>
      </trkpt>
      <trkpt lat="43.62848" lon="18.93891">
        <ele>364.6</ele>
      </trkpt>
      <trkpt lat="43.62907" lon="18.93981">
        <ele>369.4</ele>
      </trkpt>
      <trkpt lat="43.62933" lon="18.9403">
        <ele>372.3</ele>
      </trkpt>
      <trkpt lat="43.62946" lon="18.94055">
        <ele>373.8</ele>
      </trkpt>
      <trkpt lat="43.62959" lon="18.94093">
        <ele>375.9</ele>
      </trkpt>
      <trkpt lat="43.62968" lon="18.94122">
        <ele>377.5</ele>
      </trkpt>
      <trkpt lat="43.62977" lon="18.9416">
        <ele>380.5</ele>
      </trkpt>
      <trkpt lat="43.62983" lon="18.94196">
        <ele>383.0</ele>
      </trkpt>
      <trkpt lat="43.62988" lon="18.94248">
        <ele>385.9</ele>
      </trkpt>
      <trkpt lat="43.62987" lon="18.94336">
        <ele>384.6</ele>
      </trkpt>
      <trkpt lat="43.62981" lon="18.94409">
        <ele>382.5</ele>
      </trkpt>
      <trkpt lat="43.62976" lon="18.94481">
        <ele>380.5</ele>
      </trkpt>
      <trkpt lat="43.62964" lon="18.94567">
        <ele>383.1</ele>
      </trkpt>
      <trkpt lat="43.62954" lon="18.94609">
        <ele>382.8</ele>
      </trkpt>
      <trkpt lat="43.62934" lon="18.94669">
        <ele>380.4</ele>
      </trkpt>
      <trkpt lat="43.62911" lon="18.94726">
        <ele>378.7</ele>
      </trkpt>
      <trkpt lat="43.62888" lon="18.94782">
        <ele>377.0</ele>
      </trkpt>
      <trkpt lat="43.62875" lon="18.9482">
        <ele>376.1</ele>
      </trkpt>
      <trkpt lat="43.62863" lon="18.94887">
        <ele>373.9</ele>
      </trkpt>
      <trkpt lat="43.62859" lon="18.94957">
        <ele>373.1</ele>
      </trkpt>
      <trkpt lat="43.62853" lon="18.95007">
        <ele>372.0</ele>
      </trkpt>
      <trkpt lat="43.62847" lon="18.95028">
        <ele>371.8</ele>
      </trkpt>
      <trkpt lat="43.62833" lon="18.95063">
        <ele>371.0</ele>
      </trkpt>
      <trkpt lat="43.628" lon="18.95134">
        <ele>368.6</ele>
      </trkpt>
      <trkpt lat="43.62787" lon="18.95171">
        <ele>368.0</ele>
      </trkpt>
      <trkpt lat="43.62779" lon="18.95213">
        <ele>368.7</ele>
      </trkpt>
      <trkpt lat="43.62776" lon="18.95251">
        <ele>370.5</ele>
      </trkpt>
      <trkpt lat="43.62777" lon="18.95346">
        <ele>376.2</ele>
      </trkpt>
      <trkpt lat="43.62774" lon="18.95375">
        <ele>378.4</ele>
      </trkpt>
      <trkpt lat="43.6277" lon="18.95398">
        <ele>379.1</ele>
      </trkpt>
      <trkpt lat="43.62736" lon="18.95478">
        <ele>374.5</ele>
      </trkpt>
      <trkpt lat="43.6273" lon="18.95499">
        <ele>374.7</ele>
      </trkpt>
      <trkpt lat="43.62727" lon="18.95522">
        <ele>374.9</ele>
      </trkpt>
      <trkpt lat="43.62725" lon="18.95564">
        <ele>376.5</ele>
      </trkpt>
      <trkpt lat="43.62726" lon="18.95587">
        <ele>377.9</ele>
      </trkpt>
      <trkpt lat="43.62733" lon="18.95643">
        <ele>379.7</ele>
      </trkpt>
      <trkpt lat="43.62747" lon="18.95708">
        <ele>380.2</ele>
      </trkpt>
      <trkpt lat="43.62759" lon="18.95777">
        <ele>378.7</ele>
      </trkpt>
      <trkpt lat="43.62763" lon="18.9582">
        <ele>376.9</ele>
      </trkpt>
      <trkpt lat="43.62762" lon="18.95849">
        <ele>376.0</ele>
      </trkpt>
      <trkpt lat="43.6276" lon="18.95879">
        <ele>376.1</ele>
      </trkpt>
      <trkpt lat="43.62755" lon="18.95909">
        <ele>374.8</ele>
      </trkpt>
      <trkpt lat="43.62736" lon="18.95989">
        <ele>377.6</ele>
      </trkpt>
      <trkpt lat="43.62731" lon="18.96018">
        <ele>376.6</ele>
      </trkpt>
      <trkpt lat="43.62731" lon="18.96066">
        <ele>375.2</ele>
      </trkpt>
      <trkpt lat="43.62738" lon="18.96111">
        <ele>374.0</ele>
      </trkpt>
      <trkpt lat="43.62756" lon="18.96179">
        <ele>372.2</ele>
      </trkpt>
      <trkpt lat="43.62782" lon="18.96237">
        <ele>376.6</ele>
      </trkpt>
      <trkpt lat="43.62808" lon="18.96296">
        <ele>376.3</ele>
      </trkpt>
      <trkpt lat="43.62831" lon="18.96329">
        <ele>373.7</ele>
      </trkpt>
      <trkpt lat="43.62879" lon="18.96371">
        <ele>375.1</ele>
      </trkpt>
      <trkpt lat="43.62926" lon="18.96401">
        <ele>375.7</ele>
      </trkpt>
      <trkpt lat="43.62973" lon="18.96432">
        <ele>375.2</ele>
      </trkpt>
      <trkpt lat="43.63044" lon="18.96497">
        <ele>366.6</ele>
      </trkpt>
      <trkpt lat="43.63073" lon="18.96519">
        <ele>366.1</ele>
      </trkpt>
      <trkpt lat="43.63119" lon="18.96547">
        <ele>365.2</ele>
      </trkpt>
      <trkpt lat="43.6315" lon="18.96561">
        <ele>364.9</ele>
      </trkpt>
      <trkpt lat="43.63166" lon="18.96565">
        <ele>365.3</ele>
      </trkpt>
      <trkpt lat="43.63199" lon="18.96566">
        <ele>364.3</ele>
      </trkpt>
      <trkpt lat="43.63268" lon="18.96557">
        <ele>364.6</ele>
      </trkpt>
      <trkpt lat="43.63281" lon="18.96561">
        <ele>363.5</ele>
      </trkpt>
      <trkpt lat="43.63294" lon="18.9657">
        <ele>361.3</ele>
      </trkpt>
      <trkpt lat="43.63299" lon="18.96574">
        <ele>360.4</ele>
      </trkpt>
      <trkpt lat="43.63309" lon="18.96576">
        <ele>359.8</ele>
      </trkpt>
      <trkpt lat="43.63314" lon="18.96573">
        <ele>360.4</ele>
      </trkpt>
      <trkpt lat="43.63329" lon="18.96555">
        <ele>363.9</ele>
      </trkpt>
      <trkpt lat="43.63344" lon="18.96547">
        <ele>364.9</ele>
      </trkpt>
      <trkpt lat="43.63395" lon="18.96537">
        <ele>364.4</ele>
      </trkpt>
      <trkpt lat="43.63445" lon="18.96527">
        <ele>363.7</ele>
      </trkpt>
      <trkpt lat="43.63466" lon="18.96521">
        <ele>363.6</ele>
      </trkpt>
      <trkpt lat="43.63489" lon="18.96514">
        <ele>363.4</ele>
      </trkpt>
      <trkpt lat="43.63567" lon="18.96474">
        <ele>363.6</ele>
      </trkpt>
      <trkpt lat="43.63598" lon="18.96466">
        <ele>364.1</ele>
      </trkpt>
      <trkpt lat="43.63627" lon="18.9647">
        <ele>363.9</ele>
      </trkpt>
      <trkpt lat="43.63642" lon="18.96476">
        <ele>362.8</ele>
      </trkpt>
      <trkpt lat="43.63721" lon="18.96515">
        <ele>354.9</ele>
      </trkpt>
      <trkpt lat="43.63737" lon="18.9652">
        <ele>354.1</ele>
      </trkpt>
      <trkpt lat="43.63751" lon="18.96521">
        <ele>353.8</ele>
      </trkpt>
      <trkpt lat="43.63834" lon="18.96514">
        <ele>357.5</ele>
      </trkpt>
      <trkpt lat="43.63865" lon="18.96518">
        <ele>359.7</ele>
      </trkpt>
      <trkpt lat="43.63919" lon="18.96543">
        <ele>356.9</ele>
      </trkpt>
      <trkpt lat="43.63972" lon="18.96569">
        <ele>356.0</ele>
      </trkpt>
      <trkpt lat="43.64022" lon="18.96587">
        <ele>354.8</ele>
      </trkpt>
      <trkpt lat="43.64056" lon="18.96585">
        <ele>354.4</ele>
      </trkpt>
      <trkpt lat="43.6408" lon="18.96576">
        <ele>355.9</ele>
      </trkpt>
      <trkpt lat="43.64153" lon="18.96543">
        <ele>354.6</ele>
      </trkpt>
      <trkpt lat="43.64226" lon="18.9651">
        <ele>355.0</ele>
      </trkpt>
      <trkpt lat="43.64273" lon="18.96494">
        <ele>356.1</ele>
      </trkpt>
      <trkpt lat="43.64319" lon="18.96488">
        <ele>356.2</ele>
      </trkpt>
      <trkpt lat="43.64402" lon="18.96487">
        <ele>354.6</ele>
      </trkpt>
      <trkpt lat="43.64479" lon="18.96491">
        <ele>354.5</ele>
      </trkpt>
      <trkpt lat="43.64528" lon="18.96488">
        <ele>354.0</ele>
      </trkpt>
      <trkpt lat="43.64563" lon="18.96481">
        <ele>353.3</ele>
      </trkpt>
      <trkpt lat="43.64587" lon="18.96475">
        <ele>353.0</ele>
      </trkpt>
      <trkpt lat="43.64662" lon="18.96443">
        <ele>353.2</ele>
      </trkpt>
      <trkpt lat="43.64738" lon="18.96411">
        <ele>353.2</ele>
      </trkpt>
      <trkpt lat="43.64814" lon="18.96379">
        <ele>351.7</ele>
      </trkpt>
      <trkpt lat="43.64863" lon="18.9636">
        <ele>352.2</ele>
      </trkpt>
      <trkpt lat="43.64936" lon="18.9635">
        <ele>352.5</ele>
      </trkpt>
      <trkpt lat="43.64993" lon="18.96344">
        <ele>351.5</ele>
      </trkpt>
      <trkpt lat="43.65056" lon="18.96345">
        <ele>351.4</ele>
      </trkpt>
      <trkpt lat="43.65119" lon="18.96346">
        <ele>350.6</ele>
      </trkpt>
      <trkpt lat="43.65141" lon="18.96343">
        <ele>350.2</ele>
      </trkpt>
      <trkpt lat="43.65144" lon="18.96347">
        <ele>350.0</ele>
      </trkpt>
      <trkpt lat="43.65148" lon="18.96348">
        <ele>349.9</ele>
      </trkpt>
      <trkpt lat="43.652" lon="18.96347">
        <ele>349.6</ele>
      </trkpt>
      <trkpt lat="43.65251" lon="18.96346">
        <ele>349.9</ele>
      </trkpt>
      <trkpt lat="43.65275" lon="18.96348">
        <ele>350.1</ele>
      </trkpt>
      <trkpt lat="43.65297" lon="18.96353">
        <ele>350.2</ele>
      </trkpt>
      <trkpt lat="43.65307" lon="18.96357">
        <ele>350.2</ele>
      </trkpt>
      <trkpt lat="43.65325" lon="18.96369">
        <ele>350.1</ele>
      </trkpt>
      <trkpt lat="43.65345" lon="18.96389">
        <ele>349.6</ele>
      </trkpt>
      <trkpt lat="43.65365" lon="18.96418">
        <ele>348.9</ele>
      </trkpt>
      <trkpt lat="43.65378" lon="18.96445">
        <ele>347.7</ele>
      </trkpt>
      <trkpt lat="43.65384" lon="18.9647">
        <ele>346.7</ele>
      </trkpt>
      <trkpt lat="43.65388" lon="18.96499">
        <ele>345.7</ele>
      </trkpt>
      <trkpt lat="43.65387" lon="18.96523">
        <ele>344.5</ele>
      </trkpt>
      <trkpt lat="43.65377" lon="18.96587">
        <ele>343.8</ele>
      </trkpt>
      <trkpt lat="43.65365" lon="18.9666">
        <ele>343.1</ele>
      </trkpt>
      <trkpt lat="43.65352" lon="18.96733">
        <ele>342.4</ele>
      </trkpt>
      <trkpt lat="43.65348" lon="18.96767">
        <ele>342.1</ele>
      </trkpt>
      <trkpt lat="43.65348" lon="18.96794">
        <ele>342.4</ele>
      </trkpt>
      <trkpt lat="43.65355" lon="18.96834">
        <ele>343.1</ele>
      </trkpt>
      <trkpt lat="43.65361" lon="18.96852">
        <ele>346.2</ele>
      </trkpt>
      <trkpt lat="43.65374" lon="18.96884">
        <ele>351.0</ele>
      </trkpt>
      <trkpt lat="43.65383" lon="18.969">
        <ele>352.8</ele>
      </trkpt>
      <trkpt lat="43.65399" lon="18.96919">
        <ele>354.5</ele>
      </trkpt>
      <trkpt lat="43.65423" lon="18.96938">
        <ele>358.5</ele>
      </trkpt>
      <trkpt lat="43.6544" lon="18.96944">
        <ele>359.8</ele>
      </trkpt>
      <trkpt lat="43.65456" lon="18.96947">
        <ele>360.1</ele>
      </trkpt>
      <trkpt lat="43.65474" lon="18.96948">
        <ele>359.8</ele>
      </trkpt>
      <trkpt lat="43.65494" lon="18.96944">
        <ele>358.1</ele>
      </trkpt>
      <trkpt lat="43.65576" lon="18.96916">
        <ele>352.7</ele>
      </trkpt>
      <trkpt lat="43.65605" lon="18.96914">
        <ele>350.4</ele>
      </trkpt>
      <trkpt lat="43.65622" lon="18.9692">
        <ele>349.4</ele>
      </trkpt>
      <trkpt lat="43.65641" lon="18.96933">
        <ele>349.6</ele>
      </trkpt>
      <trkpt lat="43.65682" lon="18.96977">
        <ele>352.5</ele>
      </trkpt>
      <trkpt lat="43.65748" lon="18.97054">
        <ele>353.1</ele>
      </trkpt>
      <trkpt lat="43.65813" lon="18.9713">
        <ele>354.1</ele>
      </trkpt>
      <trkpt lat="43.65879" lon="18.97207">
        <ele>352.1</ele>
      </trkpt>
      <trkpt lat="43.65909" lon="18.97246">
        <ele>351.2</ele>
      </trkpt>
      <trkpt lat="43.65938" lon="18.97292">
        <ele>351.6</ele>
      </trkpt>
      <trkpt lat="43.65967" lon="18.9735">
        <ele>352.2</ele>
      </trkpt>
      <trkpt lat="43.66013" lon="18.97456">
        <ele>354.8</ele>
      </trkpt>
      <trkpt lat="43.66047" lon="18.97527">
        <ele>355.7</ele>
      </trkpt>
      <trkpt lat="43.66057" lon="18.97545">
        <ele>356.1</ele>
      </trkpt>
      <trkpt lat="43.66091" lon="18.97598">
        <ele>357.3</ele>
      </trkpt>
      <trkpt lat="43.66124" lon="18.9765">
        <ele>358.4</ele>
      </trkpt>
      <trkpt lat="43.66179" lon="18.97724">
        <ele>359.6</ele>
      </trkpt>
      <trkpt lat="43.66195" lon="18.97742">
        <ele>359.7</ele>
      </trkpt>
      <trkpt lat="43.66237" lon="18.978">
        <ele>359.0</ele>
      </trkpt>
      <trkpt lat="43.66279" lon="18.97858">
        <ele>356.9</ele>
      </trkpt>
      <trkpt lat="43.66319" lon="18.97924">
        <ele>354.1</ele>
      </trkpt>
      <trkpt lat="43.66347" lon="18.97993">
        <ele>352.8</ele>
      </trkpt>
      <trkpt lat="43.66367" lon="18.98057">
        <ele>354.3</ele>
      </trkpt>
      <trkpt lat="43.66386" lon="18.98103">
        <ele>355.0</ele>
      </trkpt>
      <trkpt lat="43.66395" lon="18.98124">
        <ele>355.4</ele>
      </trkpt>
      <trkpt lat="43.66425" lon="18.98168">
        <ele>353.3</ele>
      </trkpt>
      <trkpt lat="43.66468" lon="18.98219">
        <ele>355.9</ele>
      </trkpt>
      <trkpt lat="43.66511" lon="18.9827">
        <ele>357.0</ele>
      </trkpt>
      <trkpt lat="43.66551" lon="18.98315">
        <ele>358.4</ele>
      </trkpt>
      <trkpt lat="43.66591" lon="18.9836">
        <ele>356.7</ele>
      </trkpt>
      <trkpt lat="43.66649" lon="18.98427">
        <ele>355.3</ele>
      </trkpt>
      <trkpt lat="43.66706" lon="18.98493">
        <ele>352.8</ele>
      </trkpt>
      <trkpt lat="43.66764" lon="18.9856">
        <ele>350.3</ele>
      </trkpt>
      <trkpt lat="43.66802" lon="18.98606">
        <ele>351.1</ele>
      </trkpt>
      <trkpt lat="43.66841" lon="18.98651">
        <ele>352.4</ele>
      </trkpt>
      <trkpt lat="43.66884" lon="18.98695">
        <ele>352.0</ele>
      </trkpt>
      <trkpt lat="43.66918" lon="18.98739">
        <ele>349.9</ele>
      </trkpt>
      <trkpt lat="43.66952" lon="18.98782">
        <ele>352.7</ele>
      </trkpt>
      <trkpt lat="43.66964" lon="18.98796">
        <ele>353.7</ele>
      </trkpt>
      <trkpt lat="43.67018" lon="18.98842">
        <ele>354.2</ele>
      </trkpt>
      <trkpt lat="43.67078" lon="18.98888">
        <ele>354.3</ele>
      </trkpt>
      <trkpt lat="43.67128" lon="18.98918">
        <ele>353.6</ele>
      </trkpt>
      <trkpt lat="43.67179" lon="18.98947">
        <ele>357.8</ele>
      </trkpt>
      <trkpt lat="43.67259" lon="18.98988">
        <ele>351.1</ele>
      </trkpt>
      <trkpt lat="43.67306" lon="18.99034">
        <ele>352.9</ele>
      </trkpt>
      <trkpt lat="43.67357" lon="18.99101">
        <ele>354.0</ele>
      </trkpt>
      <trkpt lat="43.67408" lon="18.99168">
        <ele>354.6</ele>
      </trkpt>
      <trkpt lat="43.67454" lon="18.99234">
        <ele>354.2</ele>
      </trkpt>
      <trkpt lat="43.675" lon="18.993">
        <ele>348.0</ele>
      </trkpt>
      <trkpt lat="43.67546" lon="18.99366">
        <ele>348.9</ele>
      </trkpt>
      <trkpt lat="43.676" lon="18.99439">
        <ele>348.1</ele>
      </trkpt>
      <trkpt lat="43.67653" lon="18.99512">
        <ele>348.1</ele>
      </trkpt>
      <trkpt lat="43.67689" lon="18.99558">
        <ele>348.3</ele>
      </trkpt>
      <trkpt lat="43.67725" lon="18.99605">
        <ele>350.3</ele>
      </trkpt>
      <trkpt lat="43.6776" lon="18.99656">
        <ele>351.8</ele>
      </trkpt>
      <trkpt lat="43.67767" lon="18.99665">
        <ele>352.1</ele>
      </trkpt>
      <trkpt lat="43.67788" lon="18.99693">
        <ele>353.0</ele>
      </trkpt>
      <trkpt lat="43.67829" lon="18.9976">
        <ele>349.4</ele>
      </trkpt>
      <trkpt lat="43.67843" lon="18.99801">
        <ele>349.2</ele>
      </trkpt>
      <trkpt lat="43.67845" lon="18.9983">
        <ele>350.7</ele>
      </trkpt>
      <trkpt lat="43.67847" lon="18.99914">
        <ele>349.1</ele>
      </trkpt>
      <trkpt lat="43.67854" lon="19.00016">
        <ele>346.8</ele>
      </trkpt>
      <trkpt lat="43.67861" lon="19.00117">
        <ele>348.6</ele>
      </trkpt>
      <trkpt lat="43.67867" lon="19.00219">
        <ele>349.3</ele>
      </trkpt>
      <trkpt lat="43.67874" lon="19.00321">
        <ele>347.7</ele>
      </trkpt>
      <trkpt lat="43.6788" lon="19.00422">
        <ele>346.8</ele>
      </trkpt>
      <trkpt lat="43.67881" lon="19.00498">
        <ele>347.4</ele>
      </trkpt>
      <trkpt lat="43.67877" lon="19.0055">
        <ele>346.6</ele>
      </trkpt>
      <trkpt lat="43.67873" lon="19.00581">
        <ele>346.2</ele>
      </trkpt>
      <trkpt lat="43.67866" lon="19.00623">
        <ele>345.3</ele>
      </trkpt>
      <trkpt lat="43.67846" lon="19.00703">
        <ele>344.9</ele>
      </trkpt>
      <trkpt lat="43.67826" lon="19.00784">
        <ele>346.5</ele>
      </trkpt>
      <trkpt lat="43.67796" lon="19.00897">
        <ele>350.0</ele>
      </trkpt>
      <trkpt lat="43.67767" lon="19.01011">
        <ele>350.7</ele>
      </trkpt>
      <trkpt lat="43.67737" lon="19.01125">
        <ele>349.4</ele>
      </trkpt>
      <trkpt lat="43.67708" lon="19.01238">
        <ele>347.6</ele>
      </trkpt>
      <trkpt lat="43.67678" lon="19.01352">
        <ele>348.7</ele>
      </trkpt>
      <trkpt lat="43.67673" lon="19.01383">
        <ele>349.8</ele>
      </trkpt>
      <trkpt lat="43.67673" lon="19.01404">
        <ele>349.8</ele>
      </trkpt>
      <trkpt lat="43.67676" lon="19.01423">
        <ele>349.0</ele>
      </trkpt>
      <trkpt lat="43.67682" lon="19.01455">
        <ele>346.1</ele>
      </trkpt>
      <trkpt lat="43.67687" lon="19.01472">
        <ele>345.4</ele>
      </trkpt>
      <trkpt lat="43.67695" lon="19.01486">
        <ele>344.9</ele>
      </trkpt>
      <trkpt lat="43.6773" lon="19.01536">
        <ele>342.6</ele>
      </trkpt>
      <trkpt lat="43.67766" lon="19.01585">
        <ele>340.2</ele>
      </trkpt>
      <trkpt lat="43.67794" lon="19.01614">
        <ele>338.7</ele>
      </trkpt>
      <trkpt lat="43.67818" lon="19.01623">
        <ele>339.9</ele>
      </trkpt>
      <trkpt lat="43.67829" lon="19.01701">
        <ele>341.4</ele>
      </trkpt>
      <trkpt lat="43.6783" lon="19.01722">
        <ele>341.2</ele>
      </trkpt>
      <trkpt lat="43.67827" lon="19.01807">
        <ele>343.3</ele>
      </trkpt>
      <trkpt lat="43.67821" lon="19.01889">
        <ele>344.7</ele>
      </trkpt>
      <trkpt lat="43.67814" lon="19.01971">
        <ele>343.6</ele>
      </trkpt>
      <trkpt lat="43.67805" lon="19.02069">
        <ele>340.4</ele>
      </trkpt>
      <trkpt lat="43.67795" lon="19.02167">
        <ele>339.0</ele>
      </trkpt>
      <trkpt lat="43.67785" lon="19.02266">
        <ele>339.3</ele>
      </trkpt>
      <trkpt lat="43.67779" lon="19.02367">
        <ele>339.1</ele>
      </trkpt>
      <trkpt lat="43.67773" lon="19.02469">
        <ele>339.4</ele>
      </trkpt>
      <trkpt lat="43.67771" lon="19.02522">
        <ele>339.5</ele>
      </trkpt>
      <trkpt lat="43.67774" lon="19.02628">
        <ele>341.8</ele>
      </trkpt>
      <trkpt lat="43.6778" lon="19.02724">
        <ele>346.4</ele>
      </trkpt>
      <trkpt lat="43.6779" lon="19.02839">
        <ele>349.5</ele>
      </trkpt>
      <trkpt lat="43.67803" lon="19.02954">
        <ele>353.3</ele>
      </trkpt>
      <trkpt lat="43.67815" lon="19.03069">
        <ele>354.2</ele>
      </trkpt>
      <trkpt lat="43.67828" lon="19.03185">
        <ele>352.1</ele>
      </trkpt>
      <trkpt lat="43.67841" lon="19.033">
        <ele>354.5</ele>
      </trkpt>
      <trkpt lat="43.67846" lon="19.0336">
        <ele>357.1</ele>
      </trkpt>
      <trkpt lat="43.67848" lon="19.03408">
        <ele>359.8</ele>
      </trkpt>
      <trkpt lat="43.67847" lon="19.03429">
        <ele>360.3</ele>
      </trkpt>
      <trkpt lat="43.67838" lon="19.03476">
        <ele>359.3</ele>
      </trkpt>
      <trkpt lat="43.67826" lon="19.03514">
        <ele>359.4</ele>
      </trkpt>
      <trkpt lat="43.67798" lon="19.03568">
        <ele>359.6</ele>
      </trkpt>
      <trkpt lat="43.67765" lon="19.03614">
        <ele>359.9</ele>
      </trkpt>
      <trkpt lat="43.67733" lon="19.0366">
        <ele>362.3</ele>
      </trkpt>
      <trkpt lat="43.67704" lon="19.03716">
        <ele>365.1</ele>
      </trkpt>
      <trkpt lat="43.67691" lon="19.03743">
        <ele>366.8</ele>
      </trkpt>
      <trkpt lat="43.6768" lon="19.03775">
        <ele>368.0</ele>
      </trkpt>
      <trkpt lat="43.67669" lon="19.03808">
        <ele>369.0</ele>
      </trkpt>
      <trkpt lat="43.67659" lon="19.03846">
        <ele>370.1</ele>
      </trkpt>
      <trkpt lat="43.67637" lon="19.03944">
        <ele>372.1</ele>
      </trkpt>
      <trkpt lat="43.67631" lon="19.03983">
        <ele>373.5</ele>
      </trkpt>
      <trkpt lat="43.67623" lon="19.04053">
        <ele>375.0</ele>
      </trkpt>
      <trkpt lat="43.6762" lon="19.04144">
        <ele>377.3</ele>
      </trkpt>
      <trkpt lat="43.67621" lon="19.04234">
        <ele>378.5</ele>
      </trkpt>
      <trkpt lat="43.67622" lon="19.04324">
        <ele>381.4</ele>
      </trkpt>
      <trkpt lat="43.67625" lon="19.04383">
        <ele>382.5</ele>
      </trkpt>
      <trkpt lat="43.67633" lon="19.04435">
        <ele>384.1</ele>
      </trkpt>
      <trkpt lat="43.67648" lon="19.04496">
        <ele>385.2</ele>
      </trkpt>
      <trkpt lat="43.67667" lon="19.0456">
        <ele>386.9</ele>
      </trkpt>
      <trkpt lat="43.67686" lon="19.04624">
        <ele>390.6</ele>
      </trkpt>
      <trkpt lat="43.67691" lon="19.04648">
        <ele>391.8</ele>
      </trkpt>
      <trkpt lat="43.67701" lon="19.04712">
        <ele>395.3</ele>
      </trkpt>
      <trkpt lat="43.6771" lon="19.04777">
        <ele>397.4</ele>
      </trkpt>
      <trkpt lat="43.67715" lon="19.04802">
        <ele>397.8</ele>
      </trkpt>
      <trkpt lat="43.67727" lon="19.04839">
        <ele>399.1</ele>
      </trkpt>
      <trkpt lat="43.67735" lon="19.0486">
        <ele>398.0</ele>
      </trkpt>
      <trkpt lat="43.67765" lon="19.04924">
        <ele>397.3</ele>
      </trkpt>
      <trkpt lat="43.67813" lon="19.0502">
        <ele>399.7</ele>
      </trkpt>
      <trkpt lat="43.67842" lon="19.05091">
        <ele>404.8</ele>
      </trkpt>
      <trkpt lat="43.67863" lon="19.05154">
        <ele>405.6</ele>
      </trkpt>
      <trkpt lat="43.67876" lon="19.05211">
        <ele>406.2</ele>
      </trkpt>
      <trkpt lat="43.67882" lon="19.05258">
        <ele>406.1</ele>
      </trkpt>
      <trkpt lat="43.67883" lon="19.05301">
        <ele>406.4</ele>
      </trkpt>
      <trkpt lat="43.6788" lon="19.05342">
        <ele>406.7</ele>
      </trkpt>
      <trkpt lat="43.67871" lon="19.05387">
        <ele>408.9</ele>
      </trkpt>
      <trkpt lat="43.67865" lon="19.05409">
        <ele>409.4</ele>
      </trkpt>
      <trkpt lat="43.67858" lon="19.0543">
        <ele>411.4</ele>
      </trkpt>
      <trkpt lat="43.67849" lon="19.05452">
        <ele>413.8</ele>
      </trkpt>
      <trkpt lat="43.67832" lon="19.05486">
        <ele>415.6</ele>
      </trkpt>
      <trkpt lat="43.67786" lon="19.05573">
        <ele>412.5</ele>
      </trkpt>
      <trkpt lat="43.67778" lon="19.05593">
        <ele>411.9</ele>
      </trkpt>
      <trkpt lat="43.67769" lon="19.05615">
        <ele>410.9</ele>
      </trkpt>
      <trkpt lat="43.67761" lon="19.05655">
        <ele>411.9</ele>
      </trkpt>
      <trkpt lat="43.67757" lon="19.05703">
        <ele>410.8</ele>
      </trkpt>
      <trkpt lat="43.67757" lon="19.05729">
        <ele>410.6</ele>
      </trkpt>
      <trkpt lat="43.67759" lon="19.05762">
        <ele>411.3</ele>
      </trkpt>
      <trkpt lat="43.67772" lon="19.05862">
        <ele>414.6</ele>
      </trkpt>
      <trkpt lat="43.67784" lon="19.05961">
        <ele>418.0</ele>
      </trkpt>
      <trkpt lat="43.67786" lon="19.06005">
        <ele>418.7</ele>
      </trkpt>
      <trkpt lat="43.67783" lon="19.06044">
        <ele>418.3</ele>
      </trkpt>
      <trkpt lat="43.67762" lon="19.06139">
        <ele>412.3</ele>
      </trkpt>
      <trkpt lat="43.6776" lon="19.06185">
        <ele>413.2</ele>
      </trkpt>
      <trkpt lat="43.67763" lon="19.06218">
        <ele>414.0</ele>
      </trkpt>
      <trkpt lat="43.67777" lon="19.06285">
        <ele>414.7</ele>
      </trkpt>
      <trkpt lat="43.67787" lon="19.06317">
        <ele>414.7</ele>
      </trkpt>
      <trkpt lat="43.67802" lon="19.0636">
        <ele>414.5</ele>
      </trkpt>
      <trkpt lat="43.67832" lon="19.06432">
        <ele>412.9</ele>
      </trkpt>
      <trkpt lat="43.67864" lon="19.06489">
        <ele>413.4</ele>
      </trkpt>
      <trkpt lat="43.67918" lon="19.06578">
        <ele>414.7</ele>
      </trkpt>
      <trkpt lat="43.67973" lon="19.06667">
        <ele>409.2</ele>
      </trkpt>
      <trkpt lat="43.68027" lon="19.06756">
        <ele>404.8</ele>
      </trkpt>
      <trkpt lat="43.68082" lon="19.06845">
        <ele>401.5</ele>
      </trkpt>
      <trkpt lat="43.6809" lon="19.06866">
        <ele>400.8</ele>
      </trkpt>
      <trkpt lat="43.68106" lon="19.06914">
        <ele>399.3</ele>
      </trkpt>
      <trkpt lat="43.68112" lon="19.06947">
        <ele>398.4</ele>
      </trkpt>
      <trkpt lat="43.68124" lon="19.07024">
        <ele>395.3</ele>
      </trkpt>
      <trkpt lat="43.68148" lon="19.07103">
        <ele>392.7</ele>
      </trkpt>
      <trkpt lat="43.68172" lon="19.07159">
        <ele>390.3</ele>
      </trkpt>
      <trkpt lat="43.68188" lon="19.0719">
        <ele>389.0</ele>
      </trkpt>
      <trkpt lat="43.68214" lon="19.07235">
        <ele>387.0</ele>
      </trkpt>
      <trkpt lat="43.68275" lon="19.0732">
        <ele>386.7</ele>
      </trkpt>
      <trkpt lat="43.68336" lon="19.07404">
        <ele>386.9</ele>
      </trkpt>
      <trkpt lat="43.6836" lon="19.07455">
        <ele>387.6</ele>
      </trkpt>
      <trkpt lat="43.68392" lon="19.07531">
        <ele>388.6</ele>
      </trkpt>
      <trkpt lat="43.6842" lon="19.07604">
        <ele>387.2</ele>
      </trkpt>
      <trkpt lat="43.68448" lon="19.07678">
        <ele>382.3</ele>
      </trkpt>
      <trkpt lat="43.68458" lon="19.077">
        <ele>381.2</ele>
      </trkpt>
      <trkpt lat="43.68478" lon="19.07739">
        <ele>379.4</ele>
      </trkpt>
      <trkpt lat="43.68523" lon="19.07801">
        <ele>380.5</ele>
      </trkpt>
      <trkpt lat="43.68568" lon="19.07864">
        <ele>380.3</ele>
      </trkpt>
      <trkpt lat="43.68612" lon="19.07932">
        <ele>372.7</ele>
      </trkpt>
      <trkpt lat="43.68655" lon="19.08">
        <ele>365.3</ele>
      </trkpt>
      <trkpt lat="43.68671" lon="19.08021">
        <ele>364.8</ele>
      </trkpt>
      <trkpt lat="43.68719" lon="19.08068">
        <ele>367.8</ele>
      </trkpt>
      <trkpt lat="43.68761" lon="19.08103">
        <ele>368.7</ele>
      </trkpt>
      <trkpt lat="43.68803" lon="19.08137">
        <ele>367.6</ele>
      </trkpt>
      <trkpt lat="43.68825" lon="19.08159">
        <ele>365.6</ele>
      </trkpt>
      <trkpt lat="43.68878" lon="19.08222">
        <ele>358.2</ele>
      </trkpt>
      <trkpt lat="43.68911" lon="19.08251">
        <ele>355.1</ele>
      </trkpt>
      <trkpt lat="43.68929" lon="19.08264">
        <ele>353.9</ele>
      </trkpt>
      <trkpt lat="43.68959" lon="19.08276">
        <ele>352.5</ele>
      </trkpt>
      <trkpt lat="43.69026" lon="19.08295">
        <ele>350.9</ele>
      </trkpt>
      <trkpt lat="43.69046" lon="19.08304">
        <ele>349.8</ele>
      </trkpt>
      <trkpt lat="43.69068" lon="19.08319">
        <ele>347.1</ele>
      </trkpt>
      <trkpt lat="43.69084" lon="19.08333">
        <ele>345.0</ele>
      </trkpt>
      <trkpt lat="43.69102" lon="19.08353">
        <ele>342.5</ele>
      </trkpt>
      <trkpt lat="43.69124" lon="19.08385">
        <ele>339.0</ele>
      </trkpt>
      <trkpt lat="43.69146" lon="19.08433">
        <ele>335.9</ele>
      </trkpt>
      <trkpt lat="43.69153" lon="19.08459">
        <ele>335.7</ele>
      </trkpt>
      <trkpt lat="43.69157" lon="19.08486">
        <ele>336.5</ele>
      </trkpt>
      <trkpt lat="43.6916" lon="19.08529">
        <ele>337.9</ele>
      </trkpt>
      <trkpt lat="43.69159" lon="19.08563">
        <ele>339.0</ele>
      </trkpt>
      <trkpt lat="43.69155" lon="19.08599">
        <ele>340.2</ele>
      </trkpt>
      <trkpt lat="43.69148" lon="19.08628">
        <ele>341.2</ele>
      </trkpt>
      <trkpt lat="43.69145" lon="19.08643">
        <ele>341.7</ele>
      </trkpt>
      <trkpt lat="43.69143" lon="19.0866">
        <ele>342.3</ele>
      </trkpt>
      <trkpt lat="43.69143" lon="19.08672">
        <ele>343.1</ele>
      </trkpt>
      <trkpt lat="43.69145" lon="19.08678">
        <ele>343.7</ele>
      </trkpt>
      <trkpt lat="43.69153" lon="19.08692">
        <ele>345.6</ele>
      </trkpt>
      <trkpt lat="43.69185" lon="19.08642">
        <ele>346.8</ele>
      </trkpt>
      <trkpt lat="43.69219" lon="19.08596">
        <ele>346.7</ele>
      </trkpt>
      <trkpt lat="43.69242" lon="19.08573">
        <ele>346.6</ele>
      </trkpt>
      <trkpt lat="43.69269" lon="19.08539">
        <ele>346.9</ele>
      </trkpt>
      <trkpt lat="43.69302" lon="19.08493">
        <ele>346.2</ele>
      </trkpt>
      <trkpt lat="43.69322" lon="19.08452">
        <ele>345.4</ele>
      </trkpt>
      <trkpt lat="43.69347" lon="19.08393">
        <ele>345.4</ele>
      </trkpt>
      <trkpt lat="43.69373" lon="19.08345">
        <ele>347.3</ele>
      </trkpt>
      <trkpt lat="43.69402" lon="19.08305">
        <ele>349.7</ele>
      </trkpt>
      <trkpt lat="43.6944" lon="19.08257">
        <ele>352.0</ele>
      </trkpt>
      <trkpt lat="43.69478" lon="19.08209">
        <ele>353.9</ele>
      </trkpt>
      <trkpt lat="43.6949" lon="19.0819">
        <ele>353.2</ele>
      </trkpt>
      <trkpt lat="43.695" lon="19.08166">
        <ele>351.0</ele>
      </trkpt>
      <trkpt lat="43.69509" lon="19.08132">
        <ele>353.3</ele>
      </trkpt>
      <trkpt lat="43.69513" lon="19.08107">
        <ele>354.5</ele>
      </trkpt>
      <trkpt lat="43.69521" lon="19.08015">
        <ele>359.9</ele>
      </trkpt>
      <trkpt lat="43.69525" lon="19.07979">
        <ele>360.9</ele>
      </trkpt>
      <trkpt lat="43.69535" lon="19.0793">
        <ele>360.9</ele>
      </trkpt>
      <trkpt lat="43.69548" lon="19.07893">
        <ele>360.4</ele>
      </trkpt>
      <trkpt lat="43.69566" lon="19.07861">
        <ele>358.8</ele>
      </trkpt>
      <trkpt lat="43.69584" lon="19.07836">
        <ele>356.0</ele>
      </trkpt>
      <trkpt lat="43.696" lon="19.07818">
        <ele>358.3</ele>
      </trkpt>
      <trkpt lat="43.69642" lon="19.07785">
        <ele>362.4</ele>
      </trkpt>
      <trkpt lat="43.69696" lon="19.07749">
        <ele>361.6</ele>
      </trkpt>
      <trkpt lat="43.69723" lon="19.07727">
        <ele>363.4</ele>
      </trkpt>
      <trkpt lat="43.69733" lon="19.07716">
        <ele>362.6</ele>
      </trkpt>
      <trkpt lat="43.69759" lon="19.07683">
        <ele>359.1</ele>
      </trkpt>
      <trkpt lat="43.69786" lon="19.07636">
        <ele>364.4</ele>
      </trkpt>
      <trkpt lat="43.69809" lon="19.07592">
        <ele>364.5</ele>
      </trkpt>
      <trkpt lat="43.69856" lon="19.07509">
        <ele>361.4</ele>
      </trkpt>
      <trkpt lat="43.69885" lon="19.07467">
        <ele>363.0</ele>
      </trkpt>
      <trkpt lat="43.69909" lon="19.07438">
        <ele>359.5</ele>
      </trkpt>
      <trkpt lat="43.6992" lon="19.07426">
        <ele>357.0</ele>
      </trkpt>
      <trkpt lat="43.69954" lon="19.07403">
        <ele>358.9</ele>
      </trkpt>
      <trkpt lat="43.69972" lon="19.07396">
        <ele>360.6</ele>
      </trkpt>
      <trkpt lat="43.69996" lon="19.07392">
        <ele>362.7</ele>
      </trkpt>
      <trkpt lat="43.70077" lon="19.07399">
        <ele>365.3</ele>
      </trkpt>
      <trkpt lat="43.70152" lon="19.07396">
        <ele>367.7</ele>
      </trkpt>
      <trkpt lat="43.70173" lon="19.07399">
        <ele>368.3</ele>
      </trkpt>
      <trkpt lat="43.70197" lon="19.07409">
        <ele>366.8</ele>
      </trkpt>
      <trkpt lat="43.70224" lon="19.07426">
        <ele>366.7</ele>
      </trkpt>
      <trkpt lat="43.70254" lon="19.07451">
        <ele>371.0</ele>
      </trkpt>
      <trkpt lat="43.70287" lon="19.07482">
        <ele>377.1</ele>
      </trkpt>
      <trkpt lat="43.70315" lon="19.07502">
        <ele>378.2</ele>
      </trkpt>
      <trkpt lat="43.70326" lon="19.07508">
        <ele>379.1</ele>
      </trkpt>
      <trkpt lat="43.70351" lon="19.07515">
        <ele>381.2</ele>
      </trkpt>
      <trkpt lat="43.70371" lon="19.07517">
        <ele>382.2</ele>
      </trkpt>
      <trkpt lat="43.70397" lon="19.07518">
        <ele>382.6</ele>
      </trkpt>
      <trkpt lat="43.70427" lon="19.07514">
        <ele>381.5</ele>
      </trkpt>
      <trkpt lat="43.70442" lon="19.07509">
        <ele>380.1</ele>
      </trkpt>
      <trkpt lat="43.70481" lon="19.0749">
        <ele>376.8</ele>
      </trkpt>
      <trkpt lat="43.70502" lon="19.07473">
        <ele>374.9</ele>
      </trkpt>
      <trkpt lat="43.70562" lon="19.0742">
        <ele>374.2</ele>
      </trkpt>
      <trkpt lat="43.70594" lon="19.07397">
        <ele>376.5</ele>
      </trkpt>
      <trkpt lat="43.70618" lon="19.07386">
        <ele>378.5</ele>
      </trkpt>
      <trkpt lat="43.70639" lon="19.0738">
        <ele>380.2</ele>
      </trkpt>
      <trkpt lat="43.70684" lon="19.07378">
        <ele>384.9</ele>
      </trkpt>
      <trkpt lat="43.70699" lon="19.07376">
        <ele>385.5</ele>
      </trkpt>
      <trkpt lat="43.70751" lon="19.07355">
        <ele>382.6</ele>
      </trkpt>
      <trkpt lat="43.70803" lon="19.07335">
        <ele>378.2</ele>
      </trkpt>
      <trkpt lat="43.70825" lon="19.07329">
        <ele>378.8</ele>
      </trkpt>
      <trkpt lat="43.70837" lon="19.07328">
        <ele>379.1</ele>
      </trkpt>
      <trkpt lat="43.70865" lon="19.0733">
        <ele>378.7</ele>
      </trkpt>
      <trkpt lat="43.70896" lon="19.0734">
        <ele>380.9</ele>
      </trkpt>
      <trkpt lat="43.70919" lon="19.07355">
        <ele>386.4</ele>
      </trkpt>
      <trkpt lat="43.70981" lon="19.07416">
        <ele>391.6</ele>
      </trkpt>
      <trkpt lat="43.70995" lon="19.07427">
        <ele>392.1</ele>
      </trkpt>
      <trkpt lat="43.71023" lon="19.07443">
        <ele>395.0</ele>
      </trkpt>
      <trkpt lat="43.71043" lon="19.07449">
        <ele>394.7</ele>
      </trkpt>
      <trkpt lat="43.71071" lon="19.07449">
        <ele>390.8</ele>
      </trkpt>
      <trkpt lat="43.71087" lon="19.07447">
        <ele>389.0</ele>
      </trkpt>
      <trkpt lat="43.71101" lon="19.07444">
        <ele>390.2</ele>
      </trkpt>
      <trkpt lat="43.71143" lon="19.07426">
        <ele>390.7</ele>
      </trkpt>
      <trkpt lat="43.71202" lon="19.07387">
        <ele>392.1</ele>
      </trkpt>
      <trkpt lat="43.71261" lon="19.07349">
        <ele>389.5</ele>
      </trkpt>
      <trkpt lat="43.71287" lon="19.07329">
        <ele>391.5</ele>
      </trkpt>
      <trkpt lat="43.71308" lon="19.07307">
        <ele>393.4</ele>
      </trkpt>
      <trkpt lat="43.71374" lon="19.07228">
        <ele>394.8</ele>
      </trkpt>
      <trkpt lat="43.71421" lon="19.07181">
        <ele>389.6</ele>
      </trkpt>
      <trkpt lat="43.71443" lon="19.07157">
        <ele>386.8</ele>
      </trkpt>
      <trkpt lat="43.71479" lon="19.07103">
        <ele>386.2</ele>
      </trkpt>
      <trkpt lat="43.71496" lon="19.07067">
        <ele>384.9</ele>
      </trkpt>
      <trkpt lat="43.71507" lon="19.07029">
        <ele>388.4</ele>
      </trkpt>
      <trkpt lat="43.71512" lon="19.06998">
        <ele>391.6</ele>
      </trkpt>
      <trkpt lat="43.71525" lon="19.06879">
        <ele>395.6</ele>
      </trkpt>
      <trkpt lat="43.71533" lon="19.06839">
        <ele>395.5</ele>
      </trkpt>
      <trkpt lat="43.71543" lon="19.06814">
        <ele>396.1</ele>
      </trkpt>
      <trkpt lat="43.71556" lon="19.06786">
        <ele>395.5</ele>
      </trkpt>
      <trkpt lat="43.71605" lon="19.06709">
        <ele>398.6</ele>
      </trkpt>
      <trkpt lat="43.71647" lon="19.06645">
        <ele>403.6</ele>
      </trkpt>
      <trkpt lat="43.7169" lon="19.06582">
        <ele>401.2</ele>
      </trkpt>
      <trkpt lat="43.7171" lon="19.0654">
        <ele>402.1</ele>
      </trkpt>
      <trkpt lat="43.71724" lon="19.065">
        <ele>400.6</ele>
      </trkpt>
      <trkpt lat="43.71729" lon="19.06474">
        <ele>399.7</ele>
      </trkpt>
      <trkpt lat="43.71733" lon="19.0644">
        <ele>398.6</ele>
      </trkpt>
      <trkpt lat="43.71733" lon="19.06424">
        <ele>398.1</ele>
      </trkpt>
      <trkpt lat="43.71732" lon="19.06386">
        <ele>396.9</ele>
      </trkpt>
      <trkpt lat="43.71726" lon="19.06346">
        <ele>395.6</ele>
      </trkpt>
      <trkpt lat="43.71722" lon="19.06331">
        <ele>396.7</ele>
      </trkpt>
      <trkpt lat="43.71716" lon="19.06317">
        <ele>397.9</ele>
      </trkpt>
      <trkpt lat="43.71677" lon="19.06242">
        <ele>400.4</ele>
      </trkpt>
      <trkpt lat="43.71665" lon="19.06218">
        <ele>400.3</ele>
      </trkpt>
      <trkpt lat="43.71661" lon="19.06205">
        <ele>401.0</ele>
      </trkpt>
      <trkpt lat="43.71655" lon="19.06174">
        <ele>401.3</ele>
      </trkpt>
      <trkpt lat="43.71655" lon="19.06128">
        <ele>401.5</ele>
      </trkpt>
      <trkpt lat="43.71658" lon="19.06105">
        <ele>400.6</ele>
      </trkpt>
      <trkpt lat="43.71662" lon="19.06085">
        <ele>399.1</ele>
      </trkpt>
      <trkpt lat="43.71679" lon="19.06042">
        <ele>402.3</ele>
      </trkpt>
      <trkpt lat="43.71693" lon="19.06014">
        <ele>403.1</ele>
      </trkpt>
      <trkpt lat="43.71721" lon="19.05968">
        <ele>401.9</ele>
      </trkpt>
      <trkpt lat="43.71762" lon="19.0591">
        <ele>399.9</ele>
      </trkpt>
      <trkpt lat="43.71806" lon="19.05838">
        <ele>397.6</ele>
      </trkpt>
      <trkpt lat="43.71831" lon="19.05782">
        <ele>402.4</ele>
      </trkpt>
      <trkpt lat="43.71836" lon="19.05766">
        <ele>403.7</ele>
      </trkpt>
      <trkpt lat="43.7184" lon="19.05734">
        <ele>406.1</ele>
      </trkpt>
      <trkpt lat="43.71841" lon="19.05701">
        <ele>408.5</ele>
      </trkpt>
      <trkpt lat="43.71839" lon="19.05683">
        <ele>409.8</ele>
      </trkpt>
      <trkpt lat="43.71828" lon="19.05636">
        <ele>413.5</ele>
      </trkpt>
      <trkpt lat="43.71814" lon="19.05605">
        <ele>416.2</ele>
      </trkpt>
      <trkpt lat="43.71794" lon="19.0557">
        <ele>415.2</ele>
      </trkpt>
      <trkpt lat="43.71778" lon="19.05537">
        <ele>413.8</ele>
      </trkpt>
      <trkpt lat="43.71769" lon="19.05493">
        <ele>415.8</ele>
      </trkpt>
      <trkpt lat="43.71768" lon="19.05465">
        <ele>415.6</ele>
      </trkpt>
      <trkpt lat="43.71769" lon="19.05436">
        <ele>416.4</ele>
      </trkpt>
      <trkpt lat="43.71774" lon="19.05403">
        <ele>418.0</ele>
      </trkpt>
      <trkpt lat="43.71786" lon="19.05352">
        <ele>418.2</ele>
      </trkpt>
      <trkpt lat="43.7181" lon="19.05256">
        <ele>413.5</ele>
      </trkpt>
      <trkpt lat="43.71818" lon="19.0523">
        <ele>412.0</ele>
      </trkpt>
      <trkpt lat="43.7183" lon="19.05204">
        <ele>409.6</ele>
      </trkpt>
      <trkpt lat="43.71868" lon="19.05133">
        <ele>409.6</ele>
      </trkpt>
      <trkpt lat="43.71907" lon="19.05062">
        <ele>413.6</ele>
      </trkpt>
      <trkpt lat="43.71922" lon="19.05027">
        <ele>414.7</ele>
      </trkpt>
      <trkpt lat="43.71938" lon="19.04964">
        <ele>417.0</ele>
      </trkpt>
      <trkpt lat="43.71951" lon="19.04893">
        <ele>419.8</ele>
      </trkpt>
      <trkpt lat="43.71956" lon="19.04853">
        <ele>422.7</ele>
      </trkpt>
      <trkpt lat="43.71959" lon="19.04816">
        <ele>423.2</ele>
      </trkpt>
      <trkpt lat="43.7196" lon="19.04781">
        <ele>421.4</ele>
      </trkpt>
      <trkpt lat="43.71958" lon="19.04708">
        <ele>416.4</ele>
      </trkpt>
      <trkpt lat="43.71957" lon="19.04636">
        <ele>424.6</ele>
      </trkpt>
      <trkpt lat="43.71956" lon="19.0458">
        <ele>431.0</ele>
      </trkpt>
      <trkpt lat="43.71959" lon="19.04529">
        <ele>436.9</ele>
      </trkpt>
      <trkpt lat="43.71963" lon="19.04499">
        <ele>435.3</ele>
      </trkpt>
      <trkpt lat="43.71973" lon="19.04435">
        <ele>431.9</ele>
      </trkpt>
      <trkpt lat="43.71988" lon="19.04375">
        <ele>428.7</ele>
      </trkpt>
      <trkpt lat="43.72" lon="19.04339">
        <ele>426.7</ele>
      </trkpt>
      <trkpt lat="43.72013" lon="19.04306">
        <ele>424.8</ele>
      </trkpt>
      <trkpt lat="43.72024" lon="19.04282">
        <ele>429.4</ele>
      </trkpt>
      <trkpt lat="43.7206" lon="19.04218">
        <ele>437.3</ele>
      </trkpt>
      <trkpt lat="43.72096" lon="19.04154">
        <ele>431.0</ele>
      </trkpt>
      <trkpt lat="43.72123" lon="19.04104">
        <ele>426.2</ele>
      </trkpt>
      <trkpt lat="43.72151" lon="19.04053">
        <ele>421.2</ele>
      </trkpt>
      <trkpt lat="43.72168" lon="19.04016">
        <ele>422.0</ele>
      </trkpt>
      <trkpt lat="43.72185" lon="19.03977">
        <ele>422.7</ele>
      </trkpt>
      <trkpt lat="43.72215" lon="19.03894">
        <ele>424.3</ele>
      </trkpt>
      <trkpt lat="43.72237" lon="19.0382">
        <ele>425.7</ele>
      </trkpt>
      <trkpt lat="43.72253" lon="19.03782">
        <ele>430.1</ele>
      </trkpt>
      <trkpt lat="43.72266" lon="19.03757">
        <ele>433.0</ele>
      </trkpt>
      <trkpt lat="43.72287" lon="19.03724">
        <ele>435.4</ele>
      </trkpt>
      <trkpt lat="43.72346" lon="19.03646">
        <ele>430.6</ele>
      </trkpt>
      <trkpt lat="43.72406" lon="19.03568">
        <ele>431.9</ele>
      </trkpt>
      <trkpt lat="43.72447" lon="19.03499">
        <ele>438.7</ele>
      </trkpt>
      <trkpt lat="43.72456" lon="19.03478">
        <ele>440.5</ele>
      </trkpt>
      <trkpt lat="43.72465" lon="19.0345">
        <ele>441.2</ele>
      </trkpt>
      <trkpt lat="43.72488" lon="19.03367">
        <ele>443.4</ele>
      </trkpt>
      <trkpt lat="43.72511" lon="19.03284">
        <ele>454.5</ele>
      </trkpt>
      <trkpt lat="43.72525" lon="19.03251">
        <ele>457.7</ele>
      </trkpt>
      <trkpt lat="43.72546" lon="19.03213">
        <ele>457.7</ele>
      </trkpt>
      <trkpt lat="43.72608" lon="19.03148">
        <ele>457.9</ele>
      </trkpt>
      <trkpt lat="43.72671" lon="19.03082">
        <ele>458.1</ele>
      </trkpt>
      <trkpt lat="43.72733" lon="19.03017">
        <ele>458.2</ele>
      </trkpt>
      <trkpt lat="43.72796" lon="19.02952">
        <ele>458.4</ele>
      </trkpt>
      <trkpt lat="43.72858" lon="19.02886">
        <ele>458.6</ele>
      </trkpt>
      <trkpt lat="43.72892" lon="19.02841">
        <ele>458.7</ele>
      </trkpt>
      <trkpt lat="43.72924" lon="19.02793">
        <ele>458.8</ele>
      </trkpt>
      <trkpt lat="43.72956" lon="19.02728">
        <ele>458.9</ele>
      </trkpt>
      <trkpt lat="43.72985" lon="19.02659">
        <ele>459.0</ele>
      </trkpt>
      <trkpt lat="43.73013" lon="19.02562">
        <ele>459.2</ele>
      </trkpt>
      <trkpt lat="43.73042" lon="19.02465">
        <ele>459.4</ele>
      </trkpt>
      <trkpt lat="43.73051" lon="19.02404">
        <ele>459.5</ele>
      </trkpt>
      <trkpt lat="43.73061" lon="19.02343">
        <ele>459.5</ele>
      </trkpt>
      <trkpt lat="43.73064" lon="19.02255">
        <ele>459.7</ele>
      </trkpt>
      <trkpt lat="43.73064" lon="19.02151">
        <ele>459.9</ele>
      </trkpt>
      <trkpt lat="43.73063" lon="19.02093">
        <ele>462.9</ele>
      </trkpt>
      <trkpt lat="43.7306" lon="19.02058">
        <ele>463.6</ele>
      </trkpt>
      <trkpt lat="43.73052" lon="19.02003">
        <ele>464.7</ele>
      </trkpt>
      <trkpt lat="43.73033" lon="19.01909">
        <ele>465.6</ele>
      </trkpt>
      <trkpt lat="43.73013" lon="19.01815">
        <ele>465.9</ele>
      </trkpt>
      <trkpt lat="43.73007" lon="19.01781">
        <ele>466.7</ele>
      </trkpt>
      <trkpt lat="43.73003" lon="19.01738">
        <ele>466.2</ele>
      </trkpt>
      <trkpt lat="43.73001" lon="19.01659">
        <ele>467.1</ele>
      </trkpt>
      <trkpt lat="43.72999" lon="19.01581">
        <ele>456.1</ele>
      </trkpt>
      <trkpt lat="43.72996" lon="19.01541">
        <ele>452.8</ele>
      </trkpt>
      <trkpt lat="43.72986" lon="19.01456">
        <ele>451.9</ele>
      </trkpt>
      <trkpt lat="43.72972" lon="19.01344">
        <ele>450.7</ele>
      </trkpt>
      <trkpt lat="43.72971" lon="19.01323">
        <ele>450.5</ele>
      </trkpt>
      <trkpt lat="43.72972" lon="19.01261">
        <ele>449.9</ele>
      </trkpt>
      <trkpt lat="43.72976" lon="19.01203">
        <ele>449.8</ele>
      </trkpt>
      <trkpt lat="43.7298" lon="19.01177">
        <ele>449.5</ele>
      </trkpt>
      <trkpt lat="43.72997" lon="19.01115">
        <ele>452.0</ele>
      </trkpt>
      <trkpt lat="43.73025" lon="19.0104">
        <ele>455.2</ele>
      </trkpt>
      <trkpt lat="43.73057" lon="19.00977">
        <ele>458.2</ele>
      </trkpt>
      <trkpt lat="43.73079" lon="19.00938">
        <ele>460.8</ele>
      </trkpt>
      <trkpt lat="43.73119" lon="19.00878">
        <ele>470.1</ele>
      </trkpt>
      <trkpt lat="43.73147" lon="19.00843">
        <ele>466.4</ele>
      </trkpt>
      <trkpt lat="43.73183" lon="19.00806">
        <ele>465.2</ele>
      </trkpt>
      <trkpt lat="43.73224" lon="19.00771">
        <ele>464.1</ele>
      </trkpt>
      <trkpt lat="43.73266" lon="19.00736">
        <ele>464.6</ele>
      </trkpt>
      <trkpt lat="43.73304" lon="19.00701">
        <ele>476.2</ele>
      </trkpt>
      <trkpt lat="43.73382" lon="19.00642">
        <ele>477.6</ele>
      </trkpt>
      <trkpt lat="43.73426" lon="19.00614">
        <ele>473.8</ele>
      </trkpt>
      <trkpt lat="43.73454" lon="19.00593">
        <ele>471.9</ele>
      </trkpt>
      <trkpt lat="43.73491" lon="19.00568">
        <ele>466.3</ele>
      </trkpt>
      <trkpt lat="43.73515" lon="19.00549">
        <ele>473.2</ele>
      </trkpt>
      <trkpt lat="43.73558" lon="19.00512">
        <ele>479.6</ele>
      </trkpt>
      <trkpt lat="43.73598" lon="19.00466">
        <ele>503.4</ele>
      </trkpt>
      <trkpt lat="43.73638" lon="19.0042">
        <ele>544.8</ele>
      </trkpt>
      <trkpt lat="43.7366" lon="19.00399">
        <ele>556.8</ele>
      </trkpt>
      <trkpt lat="43.73718" lon="19.00357">
        <ele>566.0</ele>
      </trkpt>
      <trkpt lat="43.73792" lon="19.00309">
        <ele>577.6</ele>
      </trkpt>
      <trkpt lat="43.73838" lon="19.00285">
        <ele>584.6</ele>
      </trkpt>
      <trkpt lat="43.7385" lon="19.00281">
        <ele>577.2</ele>
      </trkpt>
      <trkpt lat="43.73868" lon="19.00281">
        <ele>562.1</ele>
      </trkpt>
      <trkpt lat="43.73884" lon="19.00283">
        <ele>547.5</ele>
      </trkpt>
      <trkpt lat="43.73909" lon="19.00293">
        <ele>521.0</ele>
      </trkpt>
      <trkpt lat="43.73933" lon="19.00307">
        <ele>514.9</ele>
      </trkpt>
      <trkpt lat="43.73962" lon="19.00329">
        <ele>511.8</ele>
      </trkpt>
      <trkpt lat="43.74002" lon="19.00358">
        <ele>507.6</ele>
      </trkpt>
      <trkpt lat="43.74026" lon="19.00382">
        <ele>504.9</ele>
      </trkpt>
      <trkpt lat="43.74048" lon="19.00405">
        <ele>502.3</ele>
      </trkpt>
      <trkpt lat="43.74064" lon="19.00424">
        <ele>500.4</ele>
      </trkpt>
      <trkpt lat="43.74085" lon="19.0046">
        <ele>497.3</ele>
      </trkpt>
      <trkpt lat="43.74111" lon="19.00491">
        <ele>494.1</ele>
      </trkpt>
      <trkpt lat="43.74163" lon="19.00511">
        <ele>489.1</ele>
      </trkpt>
      <trkpt lat="43.74191" lon="19.00513">
        <ele>486.5</ele>
      </trkpt>
      <trkpt lat="43.74226" lon="19.0051">
        <ele>483.3</ele>
      </trkpt>
      <trkpt lat="43.74249" lon="19.00514">
        <ele>481.2</ele>
      </trkpt>
      <trkpt lat="43.74289" lon="19.00528">
        <ele>482.0</ele>
      </trkpt>
      <trkpt lat="43.74311" lon="19.00534">
        <ele>482.3</ele>
      </trkpt>
      <trkpt lat="43.74387" lon="19.00548">
        <ele>484.8</ele>
      </trkpt>
      <trkpt lat="43.74464" lon="19.00553">
        <ele>489.7</ele>
      </trkpt>
      <trkpt lat="43.74507" lon="19.00547">
        <ele>492.0</ele>
      </trkpt>
      <trkpt lat="43.74544" lon="19.00536">
        <ele>495.5</ele>
      </trkpt>
      <trkpt lat="43.74557" lon="19.00531">
        <ele>495.7</ele>
      </trkpt>
      <trkpt lat="43.74573" lon="19.00521">
        <ele>493.6</ele>
      </trkpt>
      <trkpt lat="43.74612" lon="19.00488">
        <ele>492.7</ele>
      </trkpt>
      <trkpt lat="43.74632" lon="19.00468">
        <ele>493.6</ele>
      </trkpt>
      <trkpt lat="43.74662" lon="19.00443">
        <ele>490.1</ele>
      </trkpt>
      <trkpt lat="43.74694" lon="19.00422">
        <ele>483.8</ele>
      </trkpt>
      <trkpt lat="43.74718" lon="19.0041">
        <ele>483.4</ele>
      </trkpt>
      <trkpt lat="43.74753" lon="19.00401">
        <ele>484.8</ele>
      </trkpt>
      <trkpt lat="43.74773" lon="19.00398">
        <ele>483.1</ele>
      </trkpt>
      <trkpt lat="43.74809" lon="19.00399">
        <ele>486.6</ele>
      </trkpt>
      <trkpt lat="43.74848" lon="19.00411">
        <ele>490.6</ele>
      </trkpt>
      <trkpt lat="43.7488" lon="19.00427">
        <ele>494.0</ele>
      </trkpt>
      <trkpt lat="43.74893" lon="19.00436">
        <ele>495.4</ele>
      </trkpt>
      <trkpt lat="43.74936" lon="19.00472">
        <ele>500.5</ele>
      </trkpt>
      <trkpt lat="43.74959" lon="19.00495">
        <ele>504.7</ele>
      </trkpt>
      <trkpt lat="43.74985" lon="19.00524">
        <ele>507.2</ele>
      </trkpt>
      <trkpt lat="43.75037" lon="19.00591">
        <ele>503.8</ele>
      </trkpt>
      <trkpt lat="43.75089" lon="19.00659">
        <ele>497.8</ele>
      </trkpt>
      <trkpt lat="43.75141" lon="19.00722">
        <ele>506.0</ele>
      </trkpt>
      <trkpt lat="43.75194" lon="19.00785">
        <ele>510.1</ele>
      </trkpt>
      <trkpt lat="43.75235" lon="19.00839">
        <ele>510.8</ele>
      </trkpt>
      <trkpt lat="43.75275" lon="19.00892">
        <ele>514.9</ele>
      </trkpt>
      <trkpt lat="43.75301" lon="19.00917">
        <ele>515.7</ele>
      </trkpt>
      <trkpt lat="43.75353" lon="19.00954">
        <ele>528.6</ele>
      </trkpt>
      <trkpt lat="43.75406" lon="19.0099">
        <ele>529.7</ele>
      </trkpt>
      <trkpt lat="43.75425" lon="19.01009">
        <ele>527.4</ele>
      </trkpt>
      <trkpt lat="43.75477" lon="19.01071">
        <ele>516.3</ele>
      </trkpt>
      <trkpt lat="43.75499" lon="19.01086">
        <ele>507.1</ele>
      </trkpt>
      <trkpt lat="43.75517" lon="19.0109">
        <ele>503.8</ele>
      </trkpt>
      <trkpt lat="43.75538" lon="19.01087">
        <ele>500.7</ele>
      </trkpt>
      <trkpt lat="43.75551" lon="19.01082">
        <ele>499.6</ele>
      </trkpt>
      <trkpt lat="43.75613" lon="19.01044">
        <ele>501.8</ele>
      </trkpt>
      <trkpt lat="43.75674" lon="19.01006">
        <ele>498.1</ele>
      </trkpt>
      <trkpt lat="43.75726" lon="19.0098">
        <ele>497.9</ele>
      </trkpt>
      <trkpt lat="43.75785" lon="19.00941">
        <ele>497.3</ele>
      </trkpt>
      <trkpt lat="43.75848" lon="19.00885">
        <ele>492.1</ele>
      </trkpt>
      <trkpt lat="43.75876" lon="19.00851">
        <ele>492.7</ele>
      </trkpt>
      <trkpt lat="43.75895" lon="19.0082">
        <ele>492.4</ele>
      </trkpt>
      <trkpt lat="43.75909" lon="19.00792">
        <ele>493.0</ele>
      </trkpt>
      <trkpt lat="43.75938" lon="19.00729">
        <ele>498.0</ele>
      </trkpt>
      <trkpt lat="43.7598" lon="19.00626">
        <ele>500.6</ele>
      </trkpt>
      <trkpt lat="43.75994" lon="19.00586">
        <ele>497.7</ele>
      </trkpt>
      <trkpt lat="43.76015" lon="19.00536">
        <ele>503.1</ele>
      </trkpt>
      <trkpt lat="43.76047" lon="19.00483">
        <ele>504.0</ele>
      </trkpt>
      <trkpt lat="43.76069" lon="19.00458">
        <ele>499.7</ele>
      </trkpt>
      <trkpt lat="43.76095" lon="19.00433">
        <ele>495.5</ele>
      </trkpt>
      <trkpt lat="43.76115" lon="19.00419">
        <ele>495.3</ele>
      </trkpt>
      <trkpt lat="43.76149" lon="19.00403">
        <ele>494.1</ele>
      </trkpt>
      <trkpt lat="43.76235" lon="19.00383">
        <ele>493.0</ele>
      </trkpt>
      <trkpt lat="43.76276" lon="19.00377">
        <ele>493.1</ele>
      </trkpt>
      <trkpt lat="43.763" lon="19.00377">
        <ele>492.9</ele>
      </trkpt>
      <trkpt lat="43.7632" lon="19.00379">
        <ele>492.5</ele>
      </trkpt>
      <trkpt lat="43.76341" lon="19.00385">
        <ele>491.8</ele>
      </trkpt>
      <trkpt lat="43.76359" lon="19.00393">
        <ele>491.3</ele>
      </trkpt>
      <trkpt lat="43.76374" lon="19.00403">
        <ele>490.6</ele>
      </trkpt>
      <trkpt lat="43.76399" lon="19.00425">
        <ele>489.9</ele>
      </trkpt>
      <trkpt lat="43.76462" lon="19.00502">
        <ele>492.2</ele>
      </trkpt>
      <trkpt lat="43.7652" lon="19.00579">
        <ele>490.5</ele>
      </trkpt>
      <trkpt lat="43.76579" lon="19.00652">
        <ele>490.6</ele>
      </trkpt>
      <trkpt lat="43.76591" lon="19.00663">
        <ele>490.6</ele>
      </trkpt>
      <trkpt lat="43.76615" lon="19.0068">
        <ele>492.8</ele>
      </trkpt>
      <trkpt lat="43.76626" lon="19.00684">
        <ele>493.9</ele>
      </trkpt>
      <trkpt lat="43.76647" lon="19.00689">
        <ele>495.9</ele>
      </trkpt>
      <trkpt lat="43.76671" lon="19.00687">
        <ele>497.6</ele>
      </trkpt>
      <trkpt lat="43.76682" lon="19.00683">
        <ele>498.5</ele>
      </trkpt>
      <trkpt lat="43.76702" lon="19.0067">
        <ele>498.5</ele>
      </trkpt>
      <trkpt lat="43.76726" lon="19.00639">
        <ele>501.0</ele>
      </trkpt>
      <trkpt lat="43.76738" lon="19.00617">
        <ele>502.0</ele>
      </trkpt>
      <trkpt lat="43.76747" lon="19.00595">
        <ele>502.1</ele>
      </trkpt>
      <trkpt lat="43.76773" lon="19.00507">
        <ele>509.3</ele>
      </trkpt>
      <trkpt lat="43.76776" lon="19.00495">
        <ele>510.1</ele>
      </trkpt>
      <trkpt lat="43.76785" lon="19.00473">
        <ele>512.5</ele>
      </trkpt>
      <trkpt lat="43.76796" lon="19.00455">
        <ele>513.5</ele>
      </trkpt>
      <trkpt lat="43.76807" lon="19.00445">
        <ele>513.1</ele>
      </trkpt>
      <trkpt lat="43.76831" lon="19.00429">
        <ele>510.8</ele>
      </trkpt>
      <trkpt lat="43.76848" lon="19.00422">
        <ele>510.3</ele>
      </trkpt>
      <trkpt lat="43.76877" lon="19.00414">
        <ele>510.0</ele>
      </trkpt>
      <trkpt lat="43.76939" lon="19.00401">
        <ele>516.9</ele>
      </trkpt>
      <trkpt lat="43.76963" lon="19.00403">
        <ele>519.3</ele>
      </trkpt>
      <trkpt lat="43.76977" lon="19.00408">
        <ele>519.1</ele>
      </trkpt>
      <trkpt lat="43.76996" lon="19.00419">
        <ele>517.8</ele>
      </trkpt>
      <trkpt lat="43.77041" lon="19.00467">
        <ele>517.9</ele>
      </trkpt>
      <trkpt lat="43.77076" lon="19.00497">
        <ele>519.7</ele>
      </trkpt>
      <trkpt lat="43.7712" lon="19.00524">
        <ele>523.4</ele>
      </trkpt>
      <trkpt lat="43.77199" lon="19.00569">
        <ele>527.7</ele>
      </trkpt>
      <trkpt lat="43.77224" lon="19.00588">
        <ele>524.6</ele>
      </trkpt>
      <trkpt lat="43.77243" lon="19.0061">
        <ele>522.1</ele>
      </trkpt>
      <trkpt lat="43.77296" lon="19.00683">
        <ele>518.8</ele>
      </trkpt>
      <trkpt lat="43.77317" lon="19.00702">
        <ele>516.9</ele>
      </trkpt>
      <trkpt lat="43.77343" lon="19.00715">
        <ele>516.3</ele>
      </trkpt>
      <trkpt lat="43.77366" lon="19.00721">
        <ele>517.4</ele>
      </trkpt>
      <trkpt lat="43.77411" lon="19.00725">
        <ele>520.7</ele>
      </trkpt>
      <trkpt lat="43.77426" lon="19.00729">
        <ele>521.7</ele>
      </trkpt>
      <trkpt lat="43.77441" lon="19.00734">
        <ele>522.9</ele>
      </trkpt>
      <trkpt lat="43.77469" lon="19.00751">
        <ele>522.5</ele>
      </trkpt>
      <trkpt lat="43.77482" lon="19.00762">
        <ele>523.1</ele>
      </trkpt>
      <trkpt lat="43.77504" lon="19.00785">
        <ele>522.0</ele>
      </trkpt>
      <trkpt lat="43.7755" lon="19.00853">
        <ele>517.6</ele>
      </trkpt>
      <trkpt lat="43.77569" lon="19.00876">
        <ele>516.8</ele>
      </trkpt>
      <trkpt lat="43.77581" lon="19.00889">
        <ele>515.0</ele>
      </trkpt>
      <trkpt lat="43.77592" lon="19.00897">
        <ele>514.8</ele>
      </trkpt>
      <trkpt lat="43.77619" lon="19.00914">
        <ele>514.9</ele>
      </trkpt>
      <trkpt lat="43.77657" lon="19.00932">
        <ele>518.5</ele>
      </trkpt>
      <trkpt lat="43.77676" lon="19.00935">
        <ele>518.6</ele>
      </trkpt>
      <trkpt lat="43.77688" lon="19.00933">
        <ele>518.2</ele>
      </trkpt>
      <trkpt lat="43.77703" lon="19.00928">
        <ele>517.9</ele>
      </trkpt>
      <trkpt lat="43.77712" lon="19.00924">
        <ele>517.6</ele>
      </trkpt>
      <trkpt lat="43.77782" lon="19.00867">
        <ele>528.4</ele>
      </trkpt>
      <trkpt lat="43.77804" lon="19.00857">
        <ele>528.4</ele>
      </trkpt>
      <trkpt lat="43.77828" lon="19.00853">
        <ele>526.3</ele>
      </trkpt>
      <trkpt lat="43.77854" lon="19.00852">
        <ele>524.2</ele>
      </trkpt>
      <trkpt lat="43.77867" lon="19.00854">
        <ele>522.9</ele>
      </trkpt>
      <trkpt lat="43.77887" lon="19.00864">
        <ele>520.1</ele>
      </trkpt>
      <trkpt lat="43.77933" lon="19.00893">
        <ele>515.3</ele>
      </trkpt>
      <trkpt lat="43.77951" lon="19.00899">
        <ele>515.0</ele>
      </trkpt>
      <trkpt lat="43.77973" lon="19.009">
        <ele>515.1</ele>
      </trkpt>
      <trkpt lat="43.77994" lon="19.00893">
        <ele>515.5</ele>
      </trkpt>
      <trkpt lat="43.78004" lon="19.00887">
        <ele>516.6</ele>
      </trkpt>
      <trkpt lat="43.78025" lon="19.00869">
        <ele>520.3</ele>
      </trkpt>
      <trkpt lat="43.78044" lon="19.00844">
        <ele>520.0</ele>
      </trkpt>
      <trkpt lat="43.78071" lon="19.00801">
        <ele>521.6</ele>
      </trkpt>
      <trkpt lat="43.78097" lon="19.00764">
        <ele>524.3</ele>
      </trkpt>
      <trkpt lat="43.78115" lon="19.00749">
        <ele>525.8</ele>
      </trkpt>
      <trkpt lat="43.78138" lon="19.00737">
        <ele>531.3</ele>
      </trkpt>
      <trkpt lat="43.78154" lon="19.00734">
        <ele>533.9</ele>
      </trkpt>
      <trkpt lat="43.7817" lon="19.00734">
        <ele>536.4</ele>
      </trkpt>
      <trkpt lat="43.78192" lon="19.00739">
        <ele>542.5</ele>
      </trkpt>
      <trkpt lat="43.78216" lon="19.00753">
        <ele>545.9</ele>
      </trkpt>
      <trkpt lat="43.78227" lon="19.00762">
        <ele>548.1</ele>
      </trkpt>
      <trkpt lat="43.78243" lon="19.0078">
        <ele>548.4</ele>
      </trkpt>
      <trkpt lat="43.78255" lon="19.00799">
        <ele>546.5</ele>
      </trkpt>
      <trkpt lat="43.78267" lon="19.00827">
        <ele>542.7</ele>
      </trkpt>
      <trkpt lat="43.78297" lon="19.00911">
        <ele>542.4</ele>
      </trkpt>
      <trkpt lat="43.78316" lon="19.00941">
        <ele>541.9</ele>
      </trkpt>
      <trkpt lat="43.78342" lon="19.00967">
        <ele>539.5</ele>
      </trkpt>
      <trkpt lat="43.78355" lon="19.00977">
        <ele>539.9</ele>
      </trkpt>
      <trkpt lat="43.78371" lon="19.00985">
        <ele>539.9</ele>
      </trkpt>
      <trkpt lat="43.78441" lon="19.01016">
        <ele>543.6</ele>
      </trkpt>
      <trkpt lat="43.78511" lon="19.01047">
        <ele>554.2</ele>
      </trkpt>
      <trkpt lat="43.78537" lon="19.01054">
        <ele>556.0</ele>
      </trkpt>
      <trkpt lat="43.78576" lon="19.01056">
        <ele>559.7</ele>
      </trkpt>
      <trkpt lat="43.78599" lon="19.01061">
        <ele>559.0</ele>
      </trkpt>
      <trkpt lat="43.78612" lon="19.01068">
        <ele>556.6</ele>
      </trkpt>
      <trkpt lat="43.78635" lon="19.01083">
        <ele>550.5</ele>
      </trkpt>
      <trkpt lat="43.7869" lon="19.01124">
        <ele>539.0</ele>
      </trkpt>
      <trkpt lat="43.78699" lon="19.01126">
        <ele>537.0</ele>
      </trkpt>
      <trkpt lat="43.7871" lon="19.01127">
        <ele>534.8</ele>
      </trkpt>
      <trkpt lat="43.78722" lon="19.01125">
        <ele>533.0</ele>
      </trkpt>
      <trkpt lat="43.78734" lon="19.01119">
        <ele>532.0</ele>
      </trkpt>
      <trkpt lat="43.78758" lon="19.01098">
        <ele>531.7</ele>
      </trkpt>
      <trkpt lat="43.78819" lon="19.01038">
        <ele>531.0</ele>
      </trkpt>
      <trkpt lat="43.78879" lon="19.00978">
        <ele>529.7</ele>
      </trkpt>
      <trkpt lat="43.78914" lon="19.00955">
        <ele>527.3</ele>
      </trkpt>
      <trkpt lat="43.78948" lon="19.00937">
        <ele>527.9</ele>
      </trkpt>
      <trkpt lat="43.78982" lon="19.00913">
        <ele>528.1</ele>
      </trkpt>
      <trkpt lat="43.78996" lon="19.00901">
        <ele>529.2</ele>
      </trkpt>
      <trkpt lat="43.79035" lon="19.00858">
        <ele>531.0</ele>
      </trkpt>
      <trkpt lat="43.79075" lon="19.00815">
        <ele>530.6</ele>
      </trkpt>
      <trkpt lat="43.7909" lon="19.00801">
        <ele>532.5</ele>
      </trkpt>
      <trkpt lat="43.79136" lon="19.00769">
        <ele>535.2</ele>
      </trkpt>
      <trkpt lat="43.79182" lon="19.00737">
        <ele>534.7</ele>
      </trkpt>
      <trkpt lat="43.79219" lon="19.00707">
        <ele>536.1</ele>
      </trkpt>
      <trkpt lat="43.79265" lon="19.00665">
        <ele>535.1</ele>
      </trkpt>
      <trkpt lat="43.79312" lon="19.00612">
        <ele>536.2</ele>
      </trkpt>
      <trkpt lat="43.79343" lon="19.00581">
        <ele>534.3</ele>
      </trkpt>
      <trkpt lat="43.79377" lon="19.00554">
        <ele>537.5</ele>
      </trkpt>
      <trkpt lat="43.79393" lon="19.00544">
        <ele>536.7</ele>
      </trkpt>
      <trkpt lat="43.79436" lon="19.00526">
        <ele>533.0</ele>
      </trkpt>
      <trkpt lat="43.7946" lon="19.00519">
        <ele>531.9</ele>
      </trkpt>
      <trkpt lat="43.79524" lon="19.00511">
        <ele>527.4</ele>
      </trkpt>
      <trkpt lat="43.79549" lon="19.00496">
        <ele>527.7</ele>
      </trkpt>
      <trkpt lat="43.79558" lon="19.00489">
        <ele>528.1</ele>
      </trkpt>
      <trkpt lat="43.7957" lon="19.00473">
        <ele>529.1</ele>
      </trkpt>
      <trkpt lat="43.79614" lon="19.00414">
        <ele>530.3</ele>
      </trkpt>
      <trkpt lat="43.79645" lon="19.00376">
        <ele>530.3</ele>
      </trkpt>
      <trkpt lat="43.79669" lon="19.00352">
        <ele>528.9</ele>
      </trkpt>
      <trkpt lat="43.79715" lon="19.00319">
        <ele>531.1</ele>
      </trkpt>
      <trkpt lat="43.79774" lon="19.00294">
        <ele>531.4</ele>
      </trkpt>
      <trkpt lat="43.79833" lon="19.00269">
        <ele>529.6</ele>
      </trkpt>
      <trkpt lat="43.79893" lon="19.00243">
        <ele>530.9</ele>
      </trkpt>
      <trkpt lat="43.79971" lon="19.00212">
        <ele>531.9</ele>
      </trkpt>
      <trkpt lat="43.8005" lon="19.0018">
        <ele>532.8</ele>
      </trkpt>
      <trkpt lat="43.80129" lon="19.00149">
        <ele>533.5</ele>
      </trkpt>
      <trkpt lat="43.80161" lon="19.00141">
        <ele>533.9</ele>
      </trkpt>
      <trkpt lat="43.80177" lon="19.00139">
        <ele>534.0</ele>
      </trkpt>
      <trkpt lat="43.80236" lon="19.00144">
        <ele>534.0</ele>
      </trkpt>
      <trkpt lat="43.80259" lon="19.00149">
        <ele>533.8</ele>
      </trkpt>
      <trkpt lat="43.80283" lon="19.00149">
        <ele>533.8</ele>
      </trkpt>
      <trkpt lat="43.80349" lon="19.00143">
        <ele>534.2</ele>
      </trkpt>
      <trkpt lat="43.80414" lon="19.00136">
        <ele>534.7</ele>
      </trkpt>
      <trkpt lat="43.8048" lon="19.00129">
        <ele>536.4</ele>
      </trkpt>
      <trkpt lat="43.8055" lon="19.00125">
        <ele>537.0</ele>
      </trkpt>
      <trkpt lat="43.80621" lon="19.0012">
        <ele>536.8</ele>
      </trkpt>
      <trkpt lat="43.80672" lon="19.00119">
        <ele>536.3</ele>
      </trkpt>
      <trkpt lat="43.80706" lon="19.00115">
        <ele>536.3</ele>
      </trkpt>
      <trkpt lat="43.80725" lon="19.00111">
        <ele>536.4</ele>
      </trkpt>
      <trkpt lat="43.80796" lon="19.00086">
        <ele>537.3</ele>
      </trkpt>
      <trkpt lat="43.80867" lon="19.00061">
        <ele>537.6</ele>
      </trkpt>
      <trkpt lat="43.80939" lon="19.00036">
        <ele>539.3</ele>
      </trkpt>
      <trkpt lat="43.8101" lon="19.00011">
        <ele>542.3</ele>
      </trkpt>
      <trkpt lat="43.81081" lon="18.99986">
        <ele>544.1</ele>
      </trkpt>
      <trkpt lat="43.81096" lon="18.99979">
        <ele>543.7</ele>
      </trkpt>
      <trkpt lat="43.81121" lon="18.99965">
        <ele>543.1</ele>
      </trkpt>
      <trkpt lat="43.81142" lon="18.99949">
        <ele>543.2</ele>
      </trkpt>
      <trkpt lat="43.81182" lon="18.99907">
        <ele>544.7</ele>
      </trkpt>
      <trkpt lat="43.81234" lon="18.99852">
        <ele>544.6</ele>
      </trkpt>
      <trkpt lat="43.81259" lon="18.99821">
        <ele>545.5</ele>
      </trkpt>
      <trkpt lat="43.81304" lon="18.99753">
        <ele>549.8</ele>
      </trkpt>
      <trkpt lat="43.81349" lon="18.99685">
        <ele>548.2</ele>
      </trkpt>
      <trkpt lat="43.81388" lon="18.99627">
        <ele>549.0</ele>
      </trkpt>
      <trkpt lat="43.81427" lon="18.99569">
        <ele>550.2</ele>
      </trkpt>
      <trkpt lat="43.81487" lon="18.99498">
        <ele>552.3</ele>
      </trkpt>
      <trkpt lat="43.81527" lon="18.99456">
        <ele>553.8</ele>
      </trkpt>
      <trkpt lat="43.81569" lon="18.99421">
        <ele>552.9</ele>
      </trkpt>
      <trkpt lat="43.81612" lon="18.99386">
        <ele>554.8</ele>
      </trkpt>
      <trkpt lat="43.81656" lon="18.99357">
        <ele>557.3</ele>
      </trkpt>
      <trkpt lat="43.81719" lon="18.99323">
        <ele>557.9</ele>
      </trkpt>
      <trkpt lat="43.81761" lon="18.99305">
        <ele>558.0</ele>
      </trkpt>
      <trkpt lat="43.81796" lon="18.99286">
        <ele>558.6</ele>
      </trkpt>
      <trkpt lat="43.81809" lon="18.99277">
        <ele>559.1</ele>
      </trkpt>
      <trkpt lat="43.8184" lon="18.9924">
        <ele>560.9</ele>
      </trkpt>
      <trkpt lat="43.81862" lon="18.99204">
        <ele>560.2</ele>
      </trkpt>
      <trkpt lat="43.81903" lon="18.9912">
        <ele>560.6</ele>
      </trkpt>
      <trkpt lat="43.81929" lon="18.99065">
        <ele>563.0</ele>
      </trkpt>
      <trkpt lat="43.81955" lon="18.99009">
        <ele>565.3</ele>
      </trkpt>
      <trkpt lat="43.81968" lon="18.98972">
        <ele>564.7</ele>
      </trkpt>
      <trkpt lat="43.81982" lon="18.98912">
        <ele>563.4</ele>
      </trkpt>
      <trkpt lat="43.81986" lon="18.98889">
        <ele>563.2</ele>
      </trkpt>
      <trkpt lat="43.8199" lon="18.98841">
        <ele>563.7</ele>
      </trkpt>
      <trkpt lat="43.8199" lon="18.98803">
        <ele>564.0</ele>
      </trkpt>
      <trkpt lat="43.81988" lon="18.98777">
        <ele>564.6</ele>
      </trkpt>
      <trkpt lat="43.81979" lon="18.98721">
        <ele>567.0</ele>
      </trkpt>
      <trkpt lat="43.81967" lon="18.98672">
        <ele>569.5</ele>
      </trkpt>
      <trkpt lat="43.81944" lon="18.98597">
        <ele>571.2</ele>
      </trkpt>
      <trkpt lat="43.81922" lon="18.98522">
        <ele>571.4</ele>
      </trkpt>
      <trkpt lat="43.81914" lon="18.98475">
        <ele>571.6</ele>
      </trkpt>
      <trkpt lat="43.81912" lon="18.98428">
        <ele>572.0</ele>
      </trkpt>
      <trkpt lat="43.81912" lon="18.98351">
        <ele>571.1</ele>
      </trkpt>
      <trkpt lat="43.81909" lon="18.98311">
        <ele>571.9</ele>
      </trkpt>
      <trkpt lat="43.81903" lon="18.98272">
        <ele>573.9</ele>
      </trkpt>
      <trkpt lat="43.81886" lon="18.98174">
        <ele>578.1</ele>
      </trkpt>
      <trkpt lat="43.81883" lon="18.98144">
        <ele>579.4</ele>
      </trkpt>
      <trkpt lat="43.81882" lon="18.98113">
        <ele>580.5</ele>
      </trkpt>
      <trkpt lat="43.81885" lon="18.98038">
        <ele>581.6</ele>
      </trkpt>
      <trkpt lat="43.81885" lon="18.97994">
        <ele>582.1</ele>
      </trkpt>
      <trkpt lat="43.81882" lon="18.97961">
        <ele>582.4</ele>
      </trkpt>
      <trkpt lat="43.81871" lon="18.97881">
        <ele>583.1</ele>
      </trkpt>
      <trkpt lat="43.8187" lon="18.97845">
        <ele>582.0</ele>
      </trkpt>
      <trkpt lat="43.81876" lon="18.97797">
        <ele>581.0</ele>
      </trkpt>
      <trkpt lat="43.81881" lon="18.97773">
        <ele>580.8</ele>
      </trkpt>
      <trkpt lat="43.81902" lon="18.97703">
        <ele>582.0</ele>
      </trkpt>
      <trkpt lat="43.81925" lon="18.97611">
        <ele>585.4</ele>
      </trkpt>
      <trkpt lat="43.8193" lon="18.97584">
        <ele>586.3</ele>
      </trkpt>
      <trkpt lat="43.81937" lon="18.97524">
        <ele>586.7</ele>
      </trkpt>
      <trkpt lat="43.8194" lon="18.9746">
        <ele>587.5</ele>
      </trkpt>
      <trkpt lat="43.81939" lon="18.97411">
        <ele>588.3</ele>
      </trkpt>
      <trkpt lat="43.81932" lon="18.9734">
        <ele>589.7</ele>
      </trkpt>
      <trkpt lat="43.81918" lon="18.97266">
        <ele>592.4</ele>
      </trkpt>
      <trkpt lat="43.819" lon="18.97201">
        <ele>594.3</ele>
      </trkpt>
      <trkpt lat="43.81892" lon="18.97179">
        <ele>595.2</ele>
      </trkpt>
      <trkpt lat="43.81866" lon="18.97125">
        <ele>599.6</ele>
      </trkpt>
      <trkpt lat="43.81832" lon="18.97065">
        <ele>605.4</ele>
      </trkpt>
      <trkpt lat="43.81806" lon="18.97015">
        <ele>614.1</ele>
      </trkpt>
      <trkpt lat="43.81799" lon="18.96994">
        <ele>617.3</ele>
      </trkpt>
      <trkpt lat="43.81793" lon="18.96972">
        <ele>620.8</ele>
      </trkpt>
      <trkpt lat="43.81791" lon="18.96952">
        <ele>623.3</ele>
      </trkpt>
      <trkpt lat="43.81789" lon="18.96914">
        <ele>627.9</ele>
      </trkpt>
      <trkpt lat="43.81791" lon="18.96881">
        <ele>634.0</ele>
      </trkpt>
      <trkpt lat="43.81794" lon="18.96861">
        <ele>636.8</ele>
      </trkpt>
      <trkpt lat="43.81798" lon="18.96847">
        <ele>637.5</ele>
      </trkpt>
      <trkpt lat="43.81807" lon="18.96824">
        <ele>637.8</ele>
      </trkpt>
      <trkpt lat="43.81826" lon="18.96791">
        <ele>635.9</ele>
      </trkpt>
      <trkpt lat="43.81845" lon="18.9677">
        <ele>635.1</ele>
      </trkpt>
      <trkpt lat="43.81873" lon="18.9675">
        <ele>635.3</ele>
      </trkpt>
      <trkpt lat="43.81925" lon="18.96729">
        <ele>631.0</ele>
      </trkpt>
      <trkpt lat="43.81947" lon="18.96712">
        <ele>632.3</ele>
      </trkpt>
      <trkpt lat="43.81961" lon="18.96693">
        <ele>634.7</ele>
      </trkpt>
      <trkpt lat="43.82" lon="18.96629">
        <ele>649.6</ele>
      </trkpt>
      <trkpt lat="43.82038" lon="18.96565">
        <ele>657.7</ele>
      </trkpt>
      <trkpt lat="43.82047" lon="18.96554">
        <ele>657.7</ele>
      </trkpt>
      <trkpt lat="43.82066" lon="18.96535">
        <ele>656.2</ele>
      </trkpt>
      <trkpt lat="43.82102" lon="18.96508">
        <ele>653.1</ele>
      </trkpt>
      <trkpt lat="43.82123" lon="18.96486">
        <ele>655.6</ele>
      </trkpt>
      <trkpt lat="43.82149" lon="18.96453">
        <ele>660.9</ele>
      </trkpt>
      <trkpt lat="43.82184" lon="18.96404">
        <ele>670.4</ele>
      </trkpt>
      <trkpt lat="43.82202" lon="18.96386">
        <ele>673.2</ele>
      </trkpt>
      <trkpt lat="43.82222" lon="18.96373">
        <ele>672.7</ele>
      </trkpt>
      <trkpt lat="43.82255" lon="18.96365">
        <ele>668.0</ele>
      </trkpt>
      <trkpt lat="43.82294" lon="18.96364">
        <ele>668.6</ele>
      </trkpt>
      <trkpt lat="43.82347" lon="18.96366">
        <ele>669.2</ele>
      </trkpt>
      <trkpt lat="43.82401" lon="18.96363">
        <ele>671.5</ele>
      </trkpt>
      <trkpt lat="43.82427" lon="18.96358">
        <ele>672.5</ele>
      </trkpt>
      <trkpt lat="43.82461" lon="18.96345">
        <ele>673.4</ele>
      </trkpt>
      <trkpt lat="43.82502" lon="18.96317">
        <ele>677.0</ele>
      </trkpt>
      <trkpt lat="43.82543" lon="18.96289">
        <ele>682.5</ele>
      </trkpt>
      <trkpt lat="43.82567" lon="18.96277">
        <ele>684.9</ele>
      </trkpt>
      <trkpt lat="43.82577" lon="18.96274">
        <ele>685.6</ele>
      </trkpt>
      <trkpt lat="43.82598" lon="18.96273">
        <ele>686.5</ele>
      </trkpt>
      <trkpt lat="43.82609" lon="18.96274">
        <ele>686.8</ele>
      </trkpt>
      <trkpt lat="43.82629" lon="18.9628">
        <ele>686.9</ele>
      </trkpt>
      <trkpt lat="43.82659" lon="18.96295">
        <ele>687.2</ele>
      </trkpt>
      <trkpt lat="43.82671" lon="18.96297">
        <ele>688.4</ele>
      </trkpt>
      <trkpt lat="43.8268" lon="18.96297">
        <ele>690.0</ele>
      </trkpt>
      <trkpt lat="43.82694" lon="18.9629">
        <ele>693.0</ele>
      </trkpt>
      <trkpt lat="43.82705" lon="18.96275">
        <ele>695.9</ele>
      </trkpt>
      <trkpt lat="43.82713" lon="18.96255">
        <ele>698.5</ele>
      </trkpt>
      <trkpt lat="43.82715" lon="18.96247">
        <ele>699.5</ele>
      </trkpt>
      <trkpt lat="43.82713" lon="18.96227">
        <ele>701.6</ele>
      </trkpt>
      <trkpt lat="43.82711" lon="18.96218">
        <ele>702.4</ele>
      </trkpt>
      <trkpt lat="43.82702" lon="18.96201">
        <ele>703.3</ele>
      </trkpt>
      <trkpt lat="43.8269" lon="18.9619">
        <ele>703.3</ele>
      </trkpt>
      <trkpt lat="43.82682" lon="18.96187">
        <ele>702.7</ele>
      </trkpt>
      <trkpt lat="43.8262" lon="18.96183">
        <ele>703.1</ele>
      </trkpt>
      <trkpt lat="43.82597" lon="18.96177">
        <ele>705.2</ele>
      </trkpt>
      <trkpt lat="43.82577" lon="18.96163">
        <ele>707.7</ele>
      </trkpt>
      <trkpt lat="43.82563" lon="18.96148">
        <ele>708.1</ele>
      </trkpt>
      <trkpt lat="43.82508" lon="18.96075">
        <ele>712.9</ele>
      </trkpt>
      <trkpt lat="43.82487" lon="18.96054">
        <ele>717.4</ele>
      </trkpt>
      <trkpt lat="43.82468" lon="18.96043">
        <ele>721.0</ele>
      </trkpt>
      <trkpt lat="43.82456" lon="18.9604">
        <ele>722.3</ele>
      </trkpt>
      <trkpt lat="43.82422" lon="18.9604">
        <ele>723.8</ele>
      </trkpt>
      <trkpt lat="43.82401" lon="18.96043">
        <ele>725.2</ele>
      </trkpt>
      <trkpt lat="43.82325" lon="18.96065">
        <ele>728.8</ele>
      </trkpt>
      <trkpt lat="43.82296" lon="18.96081">
        <ele>732.0</ele>
      </trkpt>
      <trkpt lat="43.82274" lon="18.96101">
        <ele>732.6</ele>
      </trkpt>
      <trkpt lat="43.82239" lon="18.96141">
        <ele>731.0</ele>
      </trkpt>
      <trkpt lat="43.82186" lon="18.96209">
        <ele>729.8</ele>
      </trkpt>
      <trkpt lat="43.82132" lon="18.96277">
        <ele>730.3</ele>
      </trkpt>
      <trkpt lat="43.82114" lon="18.96295">
        <ele>730.8</ele>
      </trkpt>
      <trkpt lat="43.82087" lon="18.96317">
        <ele>732.0</ele>
      </trkpt>
      <trkpt lat="43.82073" lon="18.96325">
        <ele>731.0</ele>
      </trkpt>
      <trkpt lat="43.82051" lon="18.96334">
        <ele>729.5</ele>
      </trkpt>
      <trkpt lat="43.8203" lon="18.96335">
        <ele>731.0</ele>
      </trkpt>
      <trkpt lat="43.82015" lon="18.96332">
        <ele>733.2</ele>
      </trkpt>
      <trkpt lat="43.81992" lon="18.96321">
        <ele>735.3</ele>
      </trkpt>
      <trkpt lat="43.81976" lon="18.96306">
        <ele>734.5</ele>
      </trkpt>
      <trkpt lat="43.81965" lon="18.96292">
        <ele>735.2</ele>
      </trkpt>
      <trkpt lat="43.81956" lon="18.96276">
        <ele>737.2</ele>
      </trkpt>
      <trkpt lat="43.81924" lon="18.96207">
        <ele>745.2</ele>
      </trkpt>
      <trkpt lat="43.81888" lon="18.96121">
        <ele>756.7</ele>
      </trkpt>
      <trkpt lat="43.81875" lon="18.96064">
        <ele>762.6</ele>
      </trkpt>
      <trkpt lat="43.81863" lon="18.95948">
        <ele>769.8</ele>
      </trkpt>
      <trkpt lat="43.81861" lon="18.95898">
        <ele>771.3</ele>
      </trkpt>
      <trkpt lat="43.81862" lon="18.95874">
        <ele>772.1</ele>
      </trkpt>
      <trkpt lat="43.81871" lon="18.95832">
        <ele>775.0</ele>
      </trkpt>
      <trkpt lat="43.81897" lon="18.95766">
        <ele>776.7</ele>
      </trkpt>
      <trkpt lat="43.81905" lon="18.95735">
        <ele>775.8</ele>
      </trkpt>
      <trkpt lat="43.81912" lon="18.95685">
        <ele>774.6</ele>
      </trkpt>
      <trkpt lat="43.81912" lon="18.9558">
        <ele>776.5</ele>
      </trkpt>
      <trkpt lat="43.81914" lon="18.95559">
        <ele>777.7</ele>
      </trkpt>
      <trkpt lat="43.81917" lon="18.95537">
        <ele>778.9</ele>
      </trkpt>
      <trkpt lat="43.81922" lon="18.95517">
        <ele>782.4</ele>
      </trkpt>
      <trkpt lat="43.81942" lon="18.95453">
        <ele>789.3</ele>
      </trkpt>
      <trkpt lat="43.81983" lon="18.95348">
        <ele>791.8</ele>
      </trkpt>
      <trkpt lat="43.81991" lon="18.95332">
        <ele>790.1</ele>
      </trkpt>
      <trkpt lat="43.82008" lon="18.95312">
        <ele>791.9</ele>
      </trkpt>
      <trkpt lat="43.8206" lon="18.95278">
        <ele>806.7</ele>
      </trkpt>
      <trkpt lat="43.82069" lon="18.95269">
        <ele>807.9</ele>
      </trkpt>
      <trkpt lat="43.82083" lon="18.95247">
        <ele>807.7</ele>
      </trkpt>
      <trkpt lat="43.82092" lon="18.95219">
        <ele>809.6</ele>
      </trkpt>
      <trkpt lat="43.82096" lon="18.95189">
        <ele>809.5</ele>
      </trkpt>
      <trkpt lat="43.82095" lon="18.9517">
        <ele>807.8</ele>
      </trkpt>
      <trkpt lat="43.82079" lon="18.951">
        <ele>810.8</ele>
      </trkpt>
      <trkpt lat="43.82058" lon="18.95021">
        <ele>820.5</ele>
      </trkpt>
      <trkpt lat="43.82056" lon="18.94993">
        <ele>823.1</ele>
      </trkpt>
      <trkpt lat="43.82055" lon="18.94969">
        <ele>824.4</ele>
      </trkpt>
      <trkpt lat="43.82058" lon="18.94948">
        <ele>825.4</ele>
      </trkpt>
      <trkpt lat="43.82062" lon="18.94926">
        <ele>826.2</ele>
      </trkpt>
      <trkpt lat="43.82093" lon="18.9482">
        <ele>823.0</ele>
      </trkpt>
      <trkpt lat="43.82098" lon="18.94784">
        <ele>821.1</ele>
      </trkpt>
      <trkpt lat="43.82099" lon="18.94765">
        <ele>819.5</ele>
      </trkpt>
      <trkpt lat="43.82096" lon="18.94722">
        <ele>818.1</ele>
      </trkpt>
      <trkpt lat="43.82085" lon="18.94662">
        <ele>818.8</ele>
      </trkpt>
      <trkpt lat="43.82066" lon="18.94576">
        <ele>830.9</ele>
      </trkpt>
      <trkpt lat="43.82048" lon="18.94491">
        <ele>837.0</ele>
      </trkpt>
      <trkpt lat="43.8203" lon="18.94405">
        <ele>838.1</ele>
      </trkpt>
      <trkpt lat="43.82022" lon="18.9438">
        <ele>837.4</ele>
      </trkpt>
      <trkpt lat="43.82011" lon="18.94357">
        <ele>835.5</ele>
      </trkpt>
      <trkpt lat="43.81965" lon="18.94283">
        <ele>842.5</ele>
      </trkpt>
      <trkpt lat="43.81957" lon="18.94266">
        <ele>843.7</ele>
      </trkpt>
      <trkpt lat="43.81951" lon="18.94246">
        <ele>844.4</ele>
      </trkpt>
      <trkpt lat="43.81946" lon="18.94213">
        <ele>846.6</ele>
      </trkpt>
      <trkpt lat="43.81949" lon="18.94167">
        <ele>849.3</ele>
      </trkpt>
      <trkpt lat="43.81967" lon="18.94058">
        <ele>848.3</ele>
      </trkpt>
      <trkpt lat="43.81984" lon="18.9395">
        <ele>844.3</ele>
      </trkpt>
      <trkpt lat="43.81996" lon="18.93894">
        <ele>841.7</ele>
      </trkpt>
      <trkpt lat="43.8201" lon="18.93857">
        <ele>842.6</ele>
      </trkpt>
      <trkpt lat="43.82023" lon="18.93828">
        <ele>844.5</ele>
      </trkpt>
      <trkpt lat="43.82038" lon="18.93801">
        <ele>846.5</ele>
      </trkpt>
      <trkpt lat="43.82059" lon="18.9377">
        <ele>846.4</ele>
      </trkpt>
      <trkpt lat="43.82111" lon="18.93718">
        <ele>847.4</ele>
      </trkpt>
      <trkpt lat="43.82172" lon="18.93666">
        <ele>843.8</ele>
      </trkpt>
      <trkpt lat="43.82232" lon="18.93608">
        <ele>847.5</ele>
      </trkpt>
      <trkpt lat="43.82277" lon="18.93558">
        <ele>849.3</ele>
      </trkpt>
      <trkpt lat="43.82305" lon="18.93518">
        <ele>850.5</ele>
      </trkpt>
      <trkpt lat="43.82338" lon="18.93463">
        <ele>850.4</ele>
      </trkpt>
      <trkpt lat="43.82371" lon="18.93407">
        <ele>851.8</ele>
      </trkpt>
      <trkpt lat="43.82401" lon="18.93371">
        <ele>850.6</ele>
      </trkpt>
      <trkpt lat="43.82428" lon="18.93346">
        <ele>849.1</ele>
      </trkpt>
      <trkpt lat="43.82452" lon="18.93328">
        <ele>851.1</ele>
      </trkpt>
      <trkpt lat="43.82495" lon="18.93303">
        <ele>856.3</ele>
      </trkpt>
      <trkpt lat="43.82534" lon="18.93283">
        <ele>858.7</ele>
      </trkpt>
      <trkpt lat="43.82555" lon="18.93277">
        <ele>859.5</ele>
      </trkpt>
      <trkpt lat="43.82587" lon="18.93272">
        <ele>860.5</ele>
      </trkpt>
      <trkpt lat="43.82616" lon="18.93275">
        <ele>862.0</ele>
      </trkpt>
      <trkpt lat="43.82649" lon="18.9329">
        <ele>863.5</ele>
      </trkpt>
      <trkpt lat="43.82683" lon="18.93313">
        <ele>864.9</ele>
      </trkpt>
      <trkpt lat="43.82748" lon="18.93349">
        <ele>868.3</ele>
      </trkpt>
      <trkpt lat="43.8279" lon="18.93368">
        <ele>873.4</ele>
      </trkpt>
      <trkpt lat="43.82839" lon="18.93383">
        <ele>879.3</ele>
      </trkpt>
      <trkpt lat="43.82874" lon="18.93389">
        <ele>882.3</ele>
      </trkpt>
      <trkpt lat="43.82907" lon="18.93393">
        <ele>884.8</ele>
      </trkpt>
      <trkpt lat="43.8295" lon="18.93393">
        <ele>886.9</ele>
      </trkpt>
      <trkpt lat="43.83007" lon="18.93387">
        <ele>889.3</ele>
      </trkpt>
      <trkpt lat="43.8308" lon="18.93366">
        <ele>891.1</ele>
      </trkpt>
      <trkpt lat="43.83124" lon="18.93348">
        <ele>890.9</ele>
      </trkpt>
      <trkpt lat="43.83192" lon="18.93316">
        <ele>891.5</ele>
      </trkpt>
      <trkpt lat="43.83261" lon="18.93283">
        <ele>892.1</ele>
      </trkpt>
      <trkpt lat="43.83273" lon="18.93275">
        <ele>892.2</ele>
      </trkpt>
      <trkpt lat="43.8329" lon="18.93259">
        <ele>892.2</ele>
      </trkpt>
      <trkpt lat="43.83311" lon="18.93228">
        <ele>892.5</ele>
      </trkpt>
      <trkpt lat="43.83329" lon="18.93194">
        <ele>891.8</ele>
      </trkpt>
      <trkpt lat="43.83372" lon="18.93086">
        <ele>892.4</ele>
      </trkpt>
      <trkpt lat="43.8339" lon="18.93053">
        <ele>894.3</ele>
      </trkpt>
      <trkpt lat="43.83405" lon="18.93033">
        <ele>894.2</ele>
      </trkpt>
      <trkpt lat="43.83422" lon="18.93017">
        <ele>893.3</ele>
      </trkpt>
      <trkpt lat="43.83474" lon="18.92975">
        <ele>894.0</ele>
      </trkpt>
      <trkpt lat="43.83506" lon="18.92941">
        <ele>893.8</ele>
      </trkpt>
      <trkpt lat="43.83515" lon="18.92928">
        <ele>894.4</ele>
      </trkpt>
      <trkpt lat="43.83523" lon="18.92913">
        <ele>895.1</ele>
      </trkpt>
      <trkpt lat="43.83541" lon="18.92875">
        <ele>897.7</ele>
      </trkpt>
      <trkpt lat="43.83558" lon="18.92822">
        <ele>898.8</ele>
      </trkpt>
      <trkpt lat="43.83562" lon="18.92794">
        <ele>898.3</ele>
      </trkpt>
      <trkpt lat="43.83564" lon="18.92763">
        <ele>897.6</ele>
      </trkpt>
      <trkpt lat="43.83563" lon="18.92706">
        <ele>897.2</ele>
      </trkpt>
      <trkpt lat="43.83554" lon="18.92617">
        <ele>897.2</ele>
      </trkpt>
      <trkpt lat="43.83545" lon="18.92528">
        <ele>900.3</ele>
      </trkpt>
      <trkpt lat="43.83545" lon="18.92487">
        <ele>902.4</ele>
      </trkpt>
      <trkpt lat="43.83549" lon="18.92444">
        <ele>904.2</ele>
      </trkpt>
      <trkpt lat="43.83556" lon="18.92408">
        <ele>905.0</ele>
      </trkpt>
      <trkpt lat="43.8357" lon="18.92367">
        <ele>904.2</ele>
      </trkpt>
      <trkpt lat="43.83581" lon="18.92343">
        <ele>902.4</ele>
      </trkpt>
      <trkpt lat="43.83605" lon="18.92302">
        <ele>902.9</ele>
      </trkpt>
      <trkpt lat="43.83661" lon="18.92228">
        <ele>900.7</ele>
      </trkpt>
      <trkpt lat="43.83674" lon="18.92202">
        <ele>900.6</ele>
      </trkpt>
      <trkpt lat="43.83682" lon="18.92168">
        <ele>901.2</ele>
      </trkpt>
      <trkpt lat="43.83689" lon="18.92063">
        <ele>902.0</ele>
      </trkpt>
      <trkpt lat="43.83691" lon="18.92039">
        <ele>902.4</ele>
      </trkpt>
      <trkpt lat="43.83696" lon="18.92014">
        <ele>902.9</ele>
      </trkpt>
      <trkpt lat="43.83705" lon="18.9199">
        <ele>903.7</ele>
      </trkpt>
      <trkpt lat="43.83717" lon="18.91971">
        <ele>904.8</ele>
      </trkpt>
      <trkpt lat="43.83731" lon="18.91954">
        <ele>905.7</ele>
      </trkpt>
      <trkpt lat="43.83759" lon="18.91928">
        <ele>906.9</ele>
      </trkpt>
      <trkpt lat="43.8379" lon="18.91904">
        <ele>907.5</ele>
      </trkpt>
      <trkpt lat="43.83808" lon="18.91884">
        <ele>907.4</ele>
      </trkpt>
      <trkpt lat="43.83824" lon="18.91862">
        <ele>906.9</ele>
      </trkpt>
      <trkpt lat="43.83835" lon="18.91835">
        <ele>906.1</ele>
      </trkpt>
      <trkpt lat="43.83842" lon="18.91808">
        <ele>907.2</ele>
      </trkpt>
      <trkpt lat="43.83845" lon="18.91769">
        <ele>908.4</ele>
      </trkpt>
      <trkpt lat="43.83846" lon="18.91701">
        <ele>910.3</ele>
      </trkpt>
      <trkpt lat="43.8385" lon="18.91667">
        <ele>911.4</ele>
      </trkpt>
      <trkpt lat="43.83856" lon="18.91644">
        <ele>911.5</ele>
      </trkpt>
      <trkpt lat="43.83876" lon="18.91594">
        <ele>912.0</ele>
      </trkpt>
      <trkpt lat="43.83923" lon="18.91509">
        <ele>913.6</ele>
      </trkpt>
      <trkpt lat="43.8397" lon="18.91424">
        <ele>915.8</ele>
      </trkpt>
      <trkpt lat="43.8399" lon="18.91381">
        <ele>917.1</ele>
      </trkpt>
      <trkpt lat="43.8401" lon="18.91333">
        <ele>919.0</ele>
      </trkpt>
      <trkpt lat="43.84032" lon="18.91266">
        <ele>919.5</ele>
      </trkpt>
      <trkpt lat="43.84049" lon="18.91202">
        <ele>919.5</ele>
      </trkpt>
      <trkpt lat="43.84066" lon="18.91124">
        <ele>918.8</ele>
      </trkpt>
      <trkpt lat="43.84084" lon="18.91047">
        <ele>918.9</ele>
      </trkpt>
      <trkpt lat="43.84099" lon="18.91002">
        <ele>920.4</ele>
      </trkpt>
      <trkpt lat="43.84119" lon="18.90957">
        <ele>922.1</ele>
      </trkpt>
      <trkpt lat="43.8417" lon="18.90862">
        <ele>923.2</ele>
      </trkpt>
      <trkpt lat="43.84221" lon="18.90766">
        <ele>926.6</ele>
      </trkpt>
      <trkpt lat="43.84272" lon="18.90671">
        <ele>927.8</ele>
      </trkpt>
      <trkpt lat="43.84285" lon="18.90637">
        <ele>928.9</ele>
      </trkpt>
      <trkpt lat="43.84293" lon="18.90608">
        <ele>929.5</ele>
      </trkpt>
      <trkpt lat="43.84298" lon="18.90579">
        <ele>929.8</ele>
      </trkpt>
      <trkpt lat="43.84297" lon="18.90545">
        <ele>929.7</ele>
      </trkpt>
      <trkpt lat="43.84292" lon="18.9052">
        <ele>929.6</ele>
      </trkpt>
      <trkpt lat="43.84279" lon="18.90491">
        <ele>929.1</ele>
      </trkpt>
      <trkpt lat="43.8426" lon="18.90465">
        <ele>927.4</ele>
      </trkpt>
      <trkpt lat="43.84234" lon="18.90441">
        <ele>925.8</ele>
      </trkpt>
      <trkpt lat="43.8422" lon="18.90432">
        <ele>925.6</ele>
      </trkpt>
      <trkpt lat="43.84193" lon="18.9042">
        <ele>925.6</ele>
      </trkpt>
      <trkpt lat="43.84149" lon="18.90403">
        <ele>926.7</ele>
      </trkpt>
      <trkpt lat="43.84107" lon="18.90384">
        <ele>928.0</ele>
      </trkpt>
      <trkpt lat="43.84086" lon="18.9037">
        <ele>928.2</ele>
      </trkpt>
      <trkpt lat="43.84075" lon="18.9036">
        <ele>928.5</ele>
      </trkpt>
      <trkpt lat="43.84045" lon="18.90316">
        <ele>929.7</ele>
      </trkpt>
      <trkpt lat="43.84038" lon="18.90295">
        <ele>930.6</ele>
      </trkpt>
      <trkpt lat="43.84033" lon="18.90277">
        <ele>931.2</ele>
      </trkpt>
      <trkpt lat="43.8403" lon="18.90256">
        <ele>931.8</ele>
      </trkpt>
      <trkpt lat="43.8403" lon="18.90225">
        <ele>933.0</ele>
      </trkpt>
      <trkpt lat="43.84032" lon="18.90199">
        <ele>934.2</ele>
      </trkpt>
      <trkpt lat="43.84036" lon="18.90175">
        <ele>935.2</ele>
      </trkpt>
      <trkpt lat="43.84045" lon="18.90144">
        <ele>935.4</ele>
      </trkpt>
      <trkpt lat="43.84076" lon="18.90064">
        <ele>934.7</ele>
      </trkpt>
      <trkpt lat="43.84106" lon="18.89985">
        <ele>936.6</ele>
      </trkpt>
      <trkpt lat="43.84118" lon="18.89946">
        <ele>937.3</ele>
      </trkpt>
      <trkpt lat="43.84125" lon="18.89904">
        <ele>937.7</ele>
      </trkpt>
      <trkpt lat="43.84126" lon="18.89878">
        <ele>937.9</ele>
      </trkpt>
      <trkpt lat="43.84125" lon="18.89831">
        <ele>938.6</ele>
      </trkpt>
      <trkpt lat="43.84116" lon="18.89736">
        <ele>940.7</ele>
      </trkpt>
      <trkpt lat="43.84106" lon="18.89641">
        <ele>941.6</ele>
      </trkpt>
      <trkpt lat="43.84106" lon="18.89593">
        <ele>940.9</ele>
      </trkpt>
      <trkpt lat="43.84108" lon="18.89567">
        <ele>940.9</ele>
      </trkpt>
      <trkpt lat="43.84113" lon="18.89535">
        <ele>941.3</ele>
      </trkpt>
      <trkpt lat="43.84118" lon="18.89509">
        <ele>941.7</ele>
      </trkpt>
      <trkpt lat="43.8413" lon="18.89472">
        <ele>943.9</ele>
      </trkpt>
      <trkpt lat="43.84161" lon="18.89403">
        <ele>948.6</ele>
      </trkpt>
      <trkpt lat="43.84184" lon="18.89346">
        <ele>950.2</ele>
      </trkpt>
      <trkpt lat="43.84193" lon="18.89313">
        <ele>950.4</ele>
      </trkpt>
      <trkpt lat="43.84196" lon="18.8928">
        <ele>950.8</ele>
      </trkpt>
      <trkpt lat="43.84195" lon="18.89252">
        <ele>951.3</ele>
      </trkpt>
      <trkpt lat="43.8419" lon="18.89222">
        <ele>952.8</ele>
      </trkpt>
      <trkpt lat="43.84184" lon="18.89199">
        <ele>954.4</ele>
      </trkpt>
      <trkpt lat="43.84176" lon="18.89176">
        <ele>956.4</ele>
      </trkpt>
      <trkpt lat="43.8414" lon="18.89103">
        <ele>957.7</ele>
      </trkpt>
      <trkpt lat="43.84116" lon="18.89045">
        <ele>959.9</ele>
      </trkpt>
      <trkpt lat="43.84107" lon="18.89016">
        <ele>961.0</ele>
      </trkpt>
      <trkpt lat="43.84099" lon="18.88975">
        <ele>962.2</ele>
      </trkpt>
      <trkpt lat="43.84093" lon="18.88933">
        <ele>963.2</ele>
      </trkpt>
      <trkpt lat="43.84091" lon="18.88887">
        <ele>963.2</ele>
      </trkpt>
      <trkpt lat="43.84095" lon="18.88807">
        <ele>962.5</ele>
      </trkpt>
      <trkpt lat="43.84098" lon="18.88726">
        <ele>963.5</ele>
      </trkpt>
      <trkpt lat="43.84104" lon="18.88636">
        <ele>967.5</ele>
      </trkpt>
      <trkpt lat="43.8411" lon="18.88547">
        <ele>973.6</ele>
      </trkpt>
      <trkpt lat="43.84116" lon="18.88457">
        <ele>977.5</ele>
      </trkpt>
      <trkpt lat="43.84125" lon="18.88381">
        <ele>979.3</ele>
      </trkpt>
      <trkpt lat="43.84137" lon="18.88315">
        <ele>981.4</ele>
      </trkpt>
      <trkpt lat="43.8415" lon="18.88248">
        <ele>984.7</ele>
      </trkpt>
      <trkpt lat="43.84153" lon="18.88219">
        <ele>985.9</ele>
      </trkpt>
      <trkpt lat="43.84157" lon="18.88154">
        <ele>988.5</ele>
      </trkpt>
      <trkpt lat="43.84161" lon="18.88088">
        <ele>990.5</ele>
      </trkpt>
      <trkpt lat="43.84166" lon="18.88055">
        <ele>991.8</ele>
      </trkpt>
      <trkpt lat="43.84181" lon="18.87983">
        <ele>995.9</ele>
      </trkpt>
      <trkpt lat="43.84191" lon="18.87913">
        <ele>1000.4</ele>
      </trkpt>
      <trkpt lat="43.84191" lon="18.87873">
        <ele>1001.9</ele>
      </trkpt>
      <trkpt lat="43.84188" lon="18.87829">
        <ele>1003.3</ele>
      </trkpt>
      <trkpt lat="43.84183" lon="18.87804">
        <ele>1003.3</ele>
      </trkpt>
      <trkpt lat="43.84175" lon="18.87775">
        <ele>1003.2</ele>
      </trkpt>
      <trkpt lat="43.84157" lon="18.87723">
        <ele>1000.3</ele>
      </trkpt>
      <trkpt lat="43.84153" lon="18.87705">
        <ele>998.5</ele>
      </trkpt>
      <trkpt lat="43.84153" lon="18.8769">
        <ele>997.3</ele>
      </trkpt>
      <trkpt lat="43.84155" lon="18.87667">
        <ele>995.6</ele>
      </trkpt>
      <trkpt lat="43.84167" lon="18.87624">
        <ele>991.9</ele>
      </trkpt>
      <trkpt lat="43.84209" lon="18.87515">
        <ele>987.9</ele>
      </trkpt>
      <trkpt lat="43.84247" lon="18.87422">
        <ele>985.9</ele>
      </trkpt>
      <trkpt lat="43.84285" lon="18.87329">
        <ele>983.4</ele>
      </trkpt>
      <trkpt lat="43.84314" lon="18.87267">
        <ele>979.0</ele>
      </trkpt>
      <trkpt lat="43.84345" lon="18.87212">
        <ele>977.2</ele>
      </trkpt>
      <trkpt lat="43.84376" lon="18.87156">
        <ele>974.5</ele>
      </trkpt>
      <trkpt lat="43.84385" lon="18.87136">
        <ele>974.1</ele>
      </trkpt>
      <trkpt lat="43.84393" lon="18.87113">
        <ele>973.2</ele>
      </trkpt>
      <trkpt lat="43.84404" lon="18.87064">
        <ele>971.1</ele>
      </trkpt>
      <trkpt lat="43.84412" lon="18.86997">
        <ele>968.1</ele>
      </trkpt>
      <trkpt lat="43.84421" lon="18.8693">
        <ele>968.5</ele>
      </trkpt>
      <trkpt lat="43.84425" lon="18.86911">
        <ele>968.4</ele>
      </trkpt>
      <trkpt lat="43.84433" lon="18.86891">
        <ele>968.3</ele>
      </trkpt>
      <trkpt lat="43.84441" lon="18.86877">
        <ele>968.1</ele>
      </trkpt>
      <trkpt lat="43.84457" lon="18.86856">
        <ele>967.7</ele>
      </trkpt>
      <trkpt lat="43.84489" lon="18.86836">
        <ele>967.1</ele>
      </trkpt>
      <trkpt lat="43.84549" lon="18.86813">
        <ele>966.4</ele>
      </trkpt>
      <trkpt lat="43.84568" lon="18.868">
        <ele>965.4</ele>
      </trkpt>
      <trkpt lat="43.84587" lon="18.8678">
        <ele>964.2</ele>
      </trkpt>
      <trkpt lat="43.84599" lon="18.86761">
        <ele>964.5</ele>
      </trkpt>
      <trkpt lat="43.84607" lon="18.86746">
        <ele>964.7</ele>
      </trkpt>
      <trkpt lat="43.84617" lon="18.86715">
        <ele>964.2</ele>
      </trkpt>
      <trkpt lat="43.84622" lon="18.86689">
        <ele>963.1</ele>
      </trkpt>
      <trkpt lat="43.84634" lon="18.86589">
        <ele>958.9</ele>
      </trkpt>
      <trkpt lat="43.8464" lon="18.86551">
        <ele>957.4</ele>
      </trkpt>
      <trkpt lat="43.84651" lon="18.86501">
        <ele>955.2</ele>
      </trkpt>
      <trkpt lat="43.84673" lon="18.8642">
        <ele>951.6</ele>
      </trkpt>
      <trkpt lat="43.84705" lon="18.86337">
        <ele>951.6</ele>
      </trkpt>
      <trkpt lat="43.84732" lon="18.86278">
        <ele>949.9</ele>
      </trkpt>
      <trkpt lat="43.8476" lon="18.86218">
        <ele>948.2</ele>
      </trkpt>
      <trkpt lat="43.84792" lon="18.86155">
        <ele>947.3</ele>
      </trkpt>
      <trkpt lat="43.84824" lon="18.86092">
        <ele>944.5</ele>
      </trkpt>
      <trkpt lat="43.84853" lon="18.86045">
        <ele>943.1</ele>
      </trkpt>
      <trkpt lat="43.84883" lon="18.85998">
        <ele>941.9</ele>
      </trkpt>
      <trkpt lat="43.84917" lon="18.85956">
        <ele>940.9</ele>
      </trkpt>
      <trkpt lat="43.84947" lon="18.85922">
        <ele>939.9</ele>
      </trkpt>
      <trkpt lat="43.84978" lon="18.85891">
        <ele>939.6</ele>
      </trkpt>
      <trkpt lat="43.85013" lon="18.85859">
        <ele>938.5</ele>
      </trkpt>
      <trkpt lat="43.8506" lon="18.85822">
        <ele>936.7</ele>
      </trkpt>
      <trkpt lat="43.8509" lon="18.85802">
        <ele>936.5</ele>
      </trkpt>
      <trkpt lat="43.85153" lon="18.85766">
        <ele>937.2</ele>
      </trkpt>
      <trkpt lat="43.85225" lon="18.85733">
        <ele>936.4</ele>
      </trkpt>
      <trkpt lat="43.85246" lon="18.8572">
        <ele>935.9</ele>
      </trkpt>
      <trkpt lat="43.85264" lon="18.85701">
        <ele>935.8</ele>
      </trkpt>
      <trkpt lat="43.85274" lon="18.85686">
        <ele>935.6</ele>
      </trkpt>
      <trkpt lat="43.85282" lon="18.85667">
        <ele>935.2</ele>
      </trkpt>
      <trkpt lat="43.85288" lon="18.85643">
        <ele>934.9</ele>
      </trkpt>
      <trkpt lat="43.85292" lon="18.85625">
        <ele>934.8</ele>
      </trkpt>
      <trkpt lat="43.85297" lon="18.85563">
        <ele>934.4</ele>
      </trkpt>
      <trkpt lat="43.85303" lon="18.85524">
        <ele>934.8</ele>
      </trkpt>
      <trkpt lat="43.8531" lon="18.85497">
        <ele>935.1</ele>
      </trkpt>
      <trkpt lat="43.8532" lon="18.85471">
        <ele>934.9</ele>
      </trkpt>
      <trkpt lat="43.8535" lon="18.85421">
        <ele>933.5</ele>
      </trkpt>
      <trkpt lat="43.85377" lon="18.85384">
        <ele>931.3</ele>
      </trkpt>
      <trkpt lat="43.85404" lon="18.85354">
        <ele>930.2</ele>
      </trkpt>
      <trkpt lat="43.85431" lon="18.85339">
        <ele>929.7</ele>
      </trkpt>
      <trkpt lat="43.85452" lon="18.85333">
        <ele>929.1</ele>
      </trkpt>
      <trkpt lat="43.85472" lon="18.85333">
        <ele>928.7</ele>
      </trkpt>
      <trkpt lat="43.85538" lon="18.85344">
        <ele>927.8</ele>
      </trkpt>
      <trkpt lat="43.85554" lon="18.85345">
        <ele>927.8</ele>
      </trkpt>
      <trkpt lat="43.85574" lon="18.85342">
        <ele>927.5</ele>
      </trkpt>
      <trkpt lat="43.85601" lon="18.85333">
        <ele>927.0</ele>
      </trkpt>
      <trkpt lat="43.85682" lon="18.85293">
        <ele>924.8</ele>
      </trkpt>
      <trkpt lat="43.8571" lon="18.85282">
        <ele>924.4</ele>
      </trkpt>
      <trkpt lat="43.85764" lon="18.85272">
        <ele>924.2</ele>
      </trkpt>
      <trkpt lat="43.85817" lon="18.85266">
        <ele>923.2</ele>
      </trkpt>
      <trkpt lat="43.85866" lon="18.85256">
        <ele>923.7</ele>
      </trkpt>
      <trkpt lat="43.85914" lon="18.85242">
        <ele>924.1</ele>
      </trkpt>
      <trkpt lat="43.85965" lon="18.8522">
        <ele>925.0</ele>
      </trkpt>
      <trkpt lat="43.86016" lon="18.85198">
        <ele>925.3</ele>
      </trkpt>
      <trkpt lat="43.86054" lon="18.85185">
        <ele>925.1</ele>
      </trkpt>
      <trkpt lat="43.86078" lon="18.8518">
        <ele>925.5</ele>
      </trkpt>
      <trkpt lat="43.86132" lon="18.85179">
        <ele>926.0</ele>
      </trkpt>
      <trkpt lat="43.86186" lon="18.85178">
        <ele>926.0</ele>
      </trkpt>
      <trkpt lat="43.86201" lon="18.85175">
        <ele>925.8</ele>
      </trkpt>
      <trkpt lat="43.86215" lon="18.8517">
        <ele>925.5</ele>
      </trkpt>
      <trkpt lat="43.86243" lon="18.85152">
        <ele>925.2</ele>
      </trkpt>
      <trkpt lat="43.863" lon="18.85099">
        <ele>922.6</ele>
      </trkpt>
      <trkpt lat="43.86357" lon="18.85046">
        <ele>923.4</ele>
      </trkpt>
      <trkpt lat="43.86385" lon="18.85024">
        <ele>923.0</ele>
      </trkpt>
      <trkpt lat="43.86447" lon="18.84993">
        <ele>919.3</ele>
      </trkpt>
      <trkpt lat="43.86465" lon="18.84982">
        <ele>918.4</ele>
      </trkpt>
      <trkpt lat="43.86503" lon="18.8494">
        <ele>918.2</ele>
      </trkpt>
      <trkpt lat="43.86523" lon="18.84922">
        <ele>917.5</ele>
      </trkpt>
      <trkpt lat="43.86542" lon="18.84913">
        <ele>915.7</ele>
      </trkpt>
      <trkpt lat="43.86557" lon="18.84909">
        <ele>914.0</ele>
      </trkpt>
      <trkpt lat="43.86575" lon="18.84908">
        <ele>911.6</ele>
      </trkpt>
      <trkpt lat="43.8663" lon="18.8491">
        <ele>910.6</ele>
      </trkpt>
      <trkpt lat="43.86653" lon="18.84907">
        <ele>910.5</ele>
      </trkpt>
      <trkpt lat="43.86671" lon="18.849">
        <ele>910.3</ele>
      </trkpt>
      <trkpt lat="43.86685" lon="18.84891">
        <ele>910.1</ele>
      </trkpt>
      <trkpt lat="43.86718" lon="18.84863">
        <ele>909.3</ele>
      </trkpt>
      <trkpt lat="43.86761" lon="18.84825">
        <ele>907.9</ele>
      </trkpt>
      <trkpt lat="43.86804" lon="18.84788">
        <ele>907.2</ele>
      </trkpt>
      <trkpt lat="43.86826" lon="18.84772">
        <ele>906.8</ele>
      </trkpt>
      <trkpt lat="43.86851" lon="18.84762">
        <ele>906.4</ele>
      </trkpt>
      <trkpt lat="43.86878" lon="18.84756">
        <ele>906.1</ele>
      </trkpt>
      <trkpt lat="43.86902" lon="18.84755">
        <ele>906.1</ele>
      </trkpt>
      <trkpt lat="43.86936" lon="18.8476">
        <ele>906.0</ele>
      </trkpt>
      <trkpt lat="43.8699" lon="18.84773">
        <ele>906.6</ele>
      </trkpt>
      <trkpt lat="43.87045" lon="18.84786">
        <ele>908.8</ele>
      </trkpt>
      <trkpt lat="43.87065" lon="18.84785">
        <ele>909.2</ele>
      </trkpt>
      <trkpt lat="43.87085" lon="18.8478">
        <ele>909.2</ele>
      </trkpt>
      <trkpt lat="43.87102" lon="18.84769">
        <ele>910.5</ele>
      </trkpt>
      <trkpt lat="43.87118" lon="18.84753">
        <ele>910.8</ele>
      </trkpt>
      <trkpt lat="43.87129" lon="18.84738">
        <ele>910.6</ele>
      </trkpt>
      <trkpt lat="43.87142" lon="18.84712">
        <ele>908.7</ele>
      </trkpt>
      <trkpt lat="43.87163" lon="18.84659">
        <ele>902.2</ele>
      </trkpt>
      <trkpt lat="43.87179" lon="18.84627">
        <ele>900.8</ele>
      </trkpt>
      <trkpt lat="43.87187" lon="18.84613">
        <ele>900.1</ele>
      </trkpt>
      <trkpt lat="43.87224" lon="18.84567">
        <ele>896.7</ele>
      </trkpt>
      <trkpt lat="43.87238" lon="18.84546">
        <ele>894.2</ele>
      </trkpt>
      <trkpt lat="43.87253" lon="18.8451">
        <ele>889.2</ele>
      </trkpt>
      <trkpt lat="43.87257" lon="18.84493">
        <ele>888.1</ele>
      </trkpt>
      <trkpt lat="43.87258" lon="18.84476">
        <ele>887.8</ele>
      </trkpt>
      <trkpt lat="43.87257" lon="18.84451">
        <ele>886.9</ele>
      </trkpt>
      <trkpt lat="43.87255" lon="18.84435">
        <ele>886.1</ele>
      </trkpt>
      <trkpt lat="43.87234" lon="18.84345">
        <ele>883.4</ele>
      </trkpt>
      <trkpt lat="43.87229" lon="18.84315">
        <ele>881.7</ele>
      </trkpt>
      <trkpt lat="43.87228" lon="18.84284">
        <ele>880.0</ele>
      </trkpt>
      <trkpt lat="43.87237" lon="18.84199">
        <ele>874.9</ele>
      </trkpt>
      <trkpt lat="43.87237" lon="18.84179">
        <ele>873.3</ele>
      </trkpt>
      <trkpt lat="43.8723" lon="18.84077">
        <ele>871.9</ele>
      </trkpt>
      <trkpt lat="43.87231" lon="18.84048">
        <ele>871.1</ele>
      </trkpt>
      <trkpt lat="43.87233" lon="18.84027">
        <ele>870.6</ele>
      </trkpt>
      <trkpt lat="43.87238" lon="18.84008">
        <ele>870.4</ele>
      </trkpt>
      <trkpt lat="43.87265" lon="18.83928">
        <ele>870.4</ele>
      </trkpt>
      <trkpt lat="43.87276" lon="18.83888">
        <ele>870.5</ele>
      </trkpt>
      <trkpt lat="43.87285" lon="18.83841">
        <ele>870.8</ele>
      </trkpt>
      <trkpt lat="43.87296" lon="18.83748">
        <ele>871.2</ele>
      </trkpt>
      <trkpt lat="43.87313" lon="18.83683">
        <ele>868.9</ele>
      </trkpt>
      <trkpt lat="43.87322" lon="18.83659">
        <ele>867.8</ele>
      </trkpt>
      <trkpt lat="43.87337" lon="18.8363">
        <ele>866.6</ele>
      </trkpt>
      <trkpt lat="43.87356" lon="18.836">
        <ele>866.6</ele>
      </trkpt>
      <trkpt lat="43.87389" lon="18.83557">
        <ele>866.3</ele>
      </trkpt>
      <trkpt lat="43.87422" lon="18.83515">
        <ele>864.6</ele>
      </trkpt>
      <trkpt lat="43.87466" lon="18.83464">
        <ele>865.2</ele>
      </trkpt>
      <trkpt lat="43.87504" lon="18.83428">
        <ele>863.6</ele>
      </trkpt>
      <trkpt lat="43.87541" lon="18.83393">
        <ele>861.4</ele>
      </trkpt>
      <trkpt lat="43.87569" lon="18.83362">
        <ele>861.1</ele>
      </trkpt>
      <trkpt lat="43.87587" lon="18.83335">
        <ele>861.0</ele>
      </trkpt>
      <trkpt lat="43.8762" lon="18.83272">
        <ele>858.6</ele>
      </trkpt>
      <trkpt lat="43.87657" lon="18.83192">
        <ele>857.3</ele>
      </trkpt>
      <trkpt lat="43.87703" lon="18.83105">
        <ele>856.4</ele>
      </trkpt>
      <trkpt lat="43.87749" lon="18.83019">
        <ele>854.2</ele>
      </trkpt>
      <trkpt lat="43.87793" lon="18.82946">
        <ele>851.8</ele>
      </trkpt>
      <trkpt lat="43.87837" lon="18.82872">
        <ele>850.5</ele>
      </trkpt>
      <trkpt lat="43.87897" lon="18.82783">
        <ele>851.5</ele>
      </trkpt>
      <trkpt lat="43.87958" lon="18.82693">
        <ele>850.0</ele>
      </trkpt>
      <trkpt lat="43.88018" lon="18.82604">
        <ele>848.3</ele>
      </trkpt>
      <trkpt lat="43.88079" lon="18.82514">
        <ele>846.0</ele>
      </trkpt>
      <trkpt lat="43.88139" lon="18.82425">
        <ele>843.2</ele>
      </trkpt>
      <trkpt lat="43.8818" lon="18.82369">
        <ele>841.9</ele>
      </trkpt>
      <trkpt lat="43.88212" lon="18.82334">
        <ele>840.9</ele>
      </trkpt>
      <trkpt lat="43.88265" lon="18.82281">
        <ele>840.6</ele>
      </trkpt>
      <trkpt lat="43.88318" lon="18.82229">
        <ele>841.2</ele>
      </trkpt>
      <trkpt lat="43.88388" lon="18.82153">
        <ele>841.8</ele>
      </trkpt>
      <trkpt lat="43.88421" lon="18.8211">
        <ele>841.1</ele>
      </trkpt>
      <trkpt lat="43.88475" lon="18.82029">
        <ele>839.6</ele>
      </trkpt>
      <trkpt lat="43.88529" lon="18.81949">
        <ele>838.2</ele>
      </trkpt>
      <trkpt lat="43.88579" lon="18.81883">
        <ele>836.1</ele>
      </trkpt>
      <trkpt lat="43.88629" lon="18.81816">
        <ele>836.5</ele>
      </trkpt>
      <trkpt lat="43.88678" lon="18.8175">
        <ele>836.3</ele>
      </trkpt>
      <trkpt lat="43.88728" lon="18.81684">
        <ele>836.1</ele>
      </trkpt>
      <trkpt lat="43.88793" lon="18.816">
        <ele>834.8</ele>
      </trkpt>
      <trkpt lat="43.88858" lon="18.81517">
        <ele>833.8</ele>
      </trkpt>
      <trkpt lat="43.88922" lon="18.81433">
        <ele>834.2</ele>
      </trkpt>
      <trkpt lat="43.88944" lon="18.81404">
        <ele>834.4</ele>
      </trkpt>
      <trkpt lat="43.88991" lon="18.81338">
        <ele>834.8</ele>
      </trkpt>
      <trkpt lat="43.89038" lon="18.81272">
        <ele>835.5</ele>
      </trkpt>
      <trkpt lat="43.89093" lon="18.81201">
        <ele>836.0</ele>
      </trkpt>
      <trkpt lat="43.89148" lon="18.8113">
        <ele>836.0</ele>
      </trkpt>
      <trkpt lat="43.89177" lon="18.81075">
        <ele>835.9</ele>
      </trkpt>
      <trkpt lat="43.89206" lon="18.8102">
        <ele>836.2</ele>
      </trkpt>
      <trkpt lat="43.89246" lon="18.80953">
        <ele>837.5</ele>
      </trkpt>
      <trkpt lat="43.89281" lon="18.80905">
        <ele>838.8</ele>
      </trkpt>
      <trkpt lat="43.89317" lon="18.80857">
        <ele>840.2</ele>
      </trkpt>
      <trkpt lat="43.89362" lon="18.80801">
        <ele>841.2</ele>
      </trkpt>
      <trkpt lat="43.89408" lon="18.80745">
        <ele>841.0</ele>
      </trkpt>
      <trkpt lat="43.89463" lon="18.8067">
        <ele>840.5</ele>
      </trkpt>
      <trkpt lat="43.89514" lon="18.80589">
        <ele>840.3</ele>
      </trkpt>
      <trkpt lat="43.89549" lon="18.8053">
        <ele>839.7</ele>
      </trkpt>
      <trkpt lat="43.89583" lon="18.80472">
        <ele>840.7</ele>
      </trkpt>
      <trkpt lat="43.89642" lon="18.80378">
        <ele>837.7</ele>
      </trkpt>
      <trkpt lat="43.897" lon="18.80283">
        <ele>836.7</ele>
      </trkpt>
      <trkpt lat="43.89758" lon="18.80189">
        <ele>836.2</ele>
      </trkpt>
      <trkpt lat="43.89816" lon="18.80095">
        <ele>836.1</ele>
      </trkpt>
      <trkpt lat="43.89848" lon="18.8004">
        <ele>836.5</ele>
      </trkpt>
      <trkpt lat="43.89888" lon="18.79982">
        <ele>837.3</ele>
      </trkpt>
      <trkpt lat="43.89928" lon="18.79925">
        <ele>838.8</ele>
      </trkpt>
      <trkpt lat="43.89966" lon="18.79858">
        <ele>837.6</ele>
      </trkpt>
      <trkpt lat="43.89994" lon="18.79801">
        <ele>837.1</ele>
      </trkpt>
      <trkpt lat="43.90023" lon="18.79744">
        <ele>836.6</ele>
      </trkpt>
      <trkpt lat="43.90044" lon="18.79718">
        <ele>836.9</ele>
      </trkpt>
      <trkpt lat="43.90083" lon="18.79677">
        <ele>838.5</ele>
      </trkpt>
      <trkpt lat="43.90122" lon="18.79636">
        <ele>838.4</ele>
      </trkpt>
      <trkpt lat="43.90173" lon="18.79558">
        <ele>837.9</ele>
      </trkpt>
      <trkpt lat="43.90223" lon="18.79479">
        <ele>838.1</ele>
      </trkpt>
      <trkpt lat="43.90273" lon="18.79401">
        <ele>838.3</ele>
      </trkpt>
      <trkpt lat="43.90323" lon="18.79323">
        <ele>838.8</ele>
      </trkpt>
      <trkpt lat="43.90374" lon="18.79245">
        <ele>837.1</ele>
      </trkpt>
      <trkpt lat="43.90419" lon="18.79172">
        <ele>837.8</ele>
      </trkpt>
      <trkpt lat="43.90465" lon="18.791">
        <ele>837.1</ele>
      </trkpt>
      <trkpt lat="43.90511" lon="18.79027">
        <ele>837.7</ele>
      </trkpt>
      <trkpt lat="43.90557" lon="18.78955">
        <ele>837.5</ele>
      </trkpt>
      <trkpt lat="43.906" lon="18.78892">
        <ele>838.5</ele>
      </trkpt>
      <trkpt lat="43.90643" lon="18.78829">
        <ele>840.1</ele>
      </trkpt>
      <trkpt lat="43.9068" lon="18.78781">
        <ele>840.8</ele>
      </trkpt>
      <trkpt lat="43.90717" lon="18.78733">
        <ele>840.2</ele>
      </trkpt>
      <trkpt lat="43.90777" lon="18.78658">
        <ele>840.3</ele>
      </trkpt>
      <trkpt lat="43.90836" lon="18.78584">
        <ele>840.1</ele>
      </trkpt>
      <trkpt lat="43.90876" lon="18.78529">
        <ele>840.4</ele>
      </trkpt>
      <trkpt lat="43.90916" lon="18.78475">
        <ele>840.7</ele>
      </trkpt>
      <trkpt lat="43.90972" lon="18.78389">
        <ele>842.2</ele>
      </trkpt>
      <trkpt lat="43.91028" lon="18.78303">
        <ele>842.3</ele>
      </trkpt>
      <trkpt lat="43.91085" lon="18.78217">
        <ele>842.2</ele>
      </trkpt>
      <trkpt lat="43.91141" lon="18.78131">
        <ele>841.8</ele>
      </trkpt>
      <trkpt lat="43.91197" lon="18.78045">
        <ele>842.8</ele>
      </trkpt>
      <trkpt lat="43.91253" lon="18.77959">
        <ele>844.0</ele>
      </trkpt>
      <trkpt lat="43.91309" lon="18.77873">
        <ele>842.8</ele>
      </trkpt>
      <trkpt lat="43.91366" lon="18.77788">
        <ele>843.9</ele>
      </trkpt>
      <trkpt lat="43.91424" lon="18.77709">
        <ele>844.5</ele>
      </trkpt>
      <trkpt lat="43.91483" lon="18.77631">
        <ele>846.8</ele>
      </trkpt>
      <trkpt lat="43.91502" lon="18.77605">
        <ele>847.4</ele>
      </trkpt>
      <trkpt lat="43.91519" lon="18.77575">
        <ele>848.7</ele>
      </trkpt>
      <trkpt lat="43.91537" lon="18.77538">
        <ele>850.5</ele>
      </trkpt>
      <trkpt lat="43.91562" lon="18.77458">
        <ele>851.2</ele>
      </trkpt>
      <trkpt lat="43.91579" lon="18.77372">
        <ele>852.0</ele>
      </trkpt>
      <trkpt lat="43.91599" lon="18.77251">
        <ele>855.9</ele>
      </trkpt>
      <trkpt lat="43.91604" lon="18.77232">
        <ele>856.4</ele>
      </trkpt>
      <trkpt lat="43.91613" lon="18.77211">
        <ele>856.7</ele>
      </trkpt>
      <trkpt lat="43.91636" lon="18.77172">
        <ele>855.6</ele>
      </trkpt>
      <trkpt lat="43.91661" lon="18.77144">
        <ele>854.3</ele>
      </trkpt>
      <trkpt lat="43.91705" lon="18.771">
        <ele>854.1</ele>
      </trkpt>
      <trkpt lat="43.91727" lon="18.77069">
        <ele>854.3</ele>
      </trkpt>
      <trkpt lat="43.91736" lon="18.77046">
        <ele>854.6</ele>
      </trkpt>
      <trkpt lat="43.91748" lon="18.77001">
        <ele>855.0</ele>
      </trkpt>
      <trkpt lat="43.91753" lon="18.76968">
        <ele>856.8</ele>
      </trkpt>
      <trkpt lat="43.91758" lon="18.76895">
        <ele>860.0</ele>
      </trkpt>
      <trkpt lat="43.91764" lon="18.76855">
        <ele>861.1</ele>
      </trkpt>
      <trkpt lat="43.91768" lon="18.76839">
        <ele>861.7</ele>
      </trkpt>
      <trkpt lat="43.91789" lon="18.76778">
        <ele>863.6</ele>
      </trkpt>
      <trkpt lat="43.91798" lon="18.76748">
        <ele>863.3</ele>
      </trkpt>
      <trkpt lat="43.91803" lon="18.76716">
        <ele>861.8</ele>
      </trkpt>
      <trkpt lat="43.91804" lon="18.76697">
        <ele>860.9</ele>
      </trkpt>
      <trkpt lat="43.91802" lon="18.76672">
        <ele>859.9</ele>
      </trkpt>
      <trkpt lat="43.91785" lon="18.76583">
        <ele>859.7</ele>
      </trkpt>
      <trkpt lat="43.91781" lon="18.76538">
        <ele>859.9</ele>
      </trkpt>
      <trkpt lat="43.91782" lon="18.76512">
        <ele>860.0</ele>
      </trkpt>
      <trkpt lat="43.91807" lon="18.76406">
        <ele>861.6</ele>
      </trkpt>
      <trkpt lat="43.91832" lon="18.76299">
        <ele>862.9</ele>
      </trkpt>
      <trkpt lat="43.91835" lon="18.76269">
        <ele>863.7</ele>
      </trkpt>
      <trkpt lat="43.91833" lon="18.76244">
        <ele>864.0</ele>
      </trkpt>
      <trkpt lat="43.91831" lon="18.76226">
        <ele>863.9</ele>
      </trkpt>
      <trkpt lat="43.91825" lon="18.76209">
        <ele>864.2</ele>
      </trkpt>
      <trkpt lat="43.91799" lon="18.7614">
        <ele>864.9</ele>
      </trkpt>
      <trkpt lat="43.91795" lon="18.76107">
        <ele>864.7</ele>
      </trkpt>
      <trkpt lat="43.91796" lon="18.76088">
        <ele>864.5</ele>
      </trkpt>
      <trkpt lat="43.91801" lon="18.76065">
        <ele>864.3</ele>
      </trkpt>
      <trkpt lat="43.91808" lon="18.76045">
        <ele>864.2</ele>
      </trkpt>
      <trkpt lat="43.91818" lon="18.76027">
        <ele>864.1</ele>
      </trkpt>
      <trkpt lat="43.91831" lon="18.76011">
        <ele>864.0</ele>
      </trkpt>
      <trkpt lat="43.91842" lon="18.76002">
        <ele>864.6</ele>
      </trkpt>
      <trkpt lat="43.91885" lon="18.7598">
        <ele>868.1</ele>
      </trkpt>
      <trkpt lat="43.91901" lon="18.75969">
        <ele>869.2</ele>
      </trkpt>
      <trkpt lat="43.91915" lon="18.75955">
        <ele>869.9</ele>
      </trkpt>
      <trkpt lat="43.91929" lon="18.7593">
        <ele>871.0</ele>
      </trkpt>
      <trkpt lat="43.91953" lon="18.75871">
        <ele>872.1</ele>
      </trkpt>
      <trkpt lat="43.91977" lon="18.75813">
        <ele>871.4</ele>
      </trkpt>
      <trkpt lat="43.91992" lon="18.75784">
        <ele>871.6</ele>
      </trkpt>
      <trkpt lat="43.92005" lon="18.75764">
        <ele>871.9</ele>
      </trkpt>
      <trkpt lat="43.92018" lon="18.75751">
        <ele>872.6</ele>
      </trkpt>
      <trkpt lat="43.92049" lon="18.7573">
        <ele>875.1</ele>
      </trkpt>
      <trkpt lat="43.92069" lon="18.75724">
        <ele>876.3</ele>
      </trkpt>
      <trkpt lat="43.92116" lon="18.75716">
        <ele>879.0</ele>
      </trkpt>
      <trkpt lat="43.92164" lon="18.75708">
        <ele>882.4</ele>
      </trkpt>
      <trkpt lat="43.92194" lon="18.75701">
        <ele>882.8</ele>
      </trkpt>
      <trkpt lat="43.92216" lon="18.75691">
        <ele>883.4</ele>
      </trkpt>
      <trkpt lat="43.92236" lon="18.75677">
        <ele>884.3</ele>
      </trkpt>
      <trkpt lat="43.92251" lon="18.75662">
        <ele>885.5</ele>
      </trkpt>
      <trkpt lat="43.92268" lon="18.7564">
        <ele>887.3</ele>
      </trkpt>
      <trkpt lat="43.92283" lon="18.75615">
        <ele>889.4</ele>
      </trkpt>
      <trkpt lat="43.92324" lon="18.75533">
        <ele>896.3</ele>
      </trkpt>
      <trkpt lat="43.92342" lon="18.75477">
        <ele>900.1</ele>
      </trkpt>
      <trkpt lat="43.92344" lon="18.75455">
        <ele>900.9</ele>
      </trkpt>
      <trkpt lat="43.92344" lon="18.75426">
        <ele>902.2</ele>
      </trkpt>
      <trkpt lat="43.92334" lon="18.75383">
        <ele>906.2</ele>
      </trkpt>
      <trkpt lat="43.92329" lon="18.7537">
        <ele>907.4</ele>
      </trkpt>
      <trkpt lat="43.92292" lon="18.75309">
        <ele>912.1</ele>
      </trkpt>
      <trkpt lat="43.92282" lon="18.75289">
        <ele>913.8</ele>
      </trkpt>
      <trkpt lat="43.92276" lon="18.75267">
        <ele>915.8</ele>
      </trkpt>
      <trkpt lat="43.92272" lon="18.75236">
        <ele>918.3</ele>
      </trkpt>
      <trkpt lat="43.92271" lon="18.75218">
        <ele>919.5</ele>
      </trkpt>
      <trkpt lat="43.92277" lon="18.7516">
        <ele>924.4</ele>
      </trkpt>
      <trkpt lat="43.92276" lon="18.75137">
        <ele>925.8</ele>
      </trkpt>
      <trkpt lat="43.92273" lon="18.75112">
        <ele>926.9</ele>
      </trkpt>
      <trkpt lat="43.92262" lon="18.75049">
        <ele>929.7</ele>
      </trkpt>
      <trkpt lat="43.92254" lon="18.74965">
        <ele>936.8</ele>
      </trkpt>
      <trkpt lat="43.9225" lon="18.74897">
        <ele>943.4</ele>
      </trkpt>
      <trkpt lat="43.92245" lon="18.74872">
        <ele>945.1</ele>
      </trkpt>
      <trkpt lat="43.92237" lon="18.74846">
        <ele>946.3</ele>
      </trkpt>
      <trkpt lat="43.9221" lon="18.7478">
        <ele>950.7</ele>
      </trkpt>
      <trkpt lat="43.92195" lon="18.7474">
        <ele>952.8</ele>
      </trkpt>
      <trkpt lat="43.92173" lon="18.74648">
        <ele>958.4</ele>
      </trkpt>
      <trkpt lat="43.92158" lon="18.74602">
        <ele>962.4</ele>
      </trkpt>
      <trkpt lat="43.92134" lon="18.74549">
        <ele>964.6</ele>
      </trkpt>
      <trkpt lat="43.9211" lon="18.74495">
        <ele>966.1</ele>
      </trkpt>
      <trkpt lat="43.9209" lon="18.74433">
        <ele>970.2</ele>
      </trkpt>
      <trkpt lat="43.92085" lon="18.74411">
        <ele>972.0</ele>
      </trkpt>
      <trkpt lat="43.92075" lon="18.74363">
        <ele>974.9</ele>
      </trkpt>
      <trkpt lat="43.92073" lon="18.74331">
        <ele>977.9</ele>
      </trkpt>
      <trkpt lat="43.92068" lon="18.74221">
        <ele>983.2</ele>
      </trkpt>
      <trkpt lat="43.92064" lon="18.74202">
        <ele>983.8</ele>
      </trkpt>
      <trkpt lat="43.92056" lon="18.74182">
        <ele>984.3</ele>
      </trkpt>
      <trkpt lat="43.92044" lon="18.74163">
        <ele>985.2</ele>
      </trkpt>
      <trkpt lat="43.92034" lon="18.7415">
        <ele>986.5</ele>
      </trkpt>
      <trkpt lat="43.92018" lon="18.74138">
        <ele>987.6</ele>
      </trkpt>
      <trkpt lat="43.9196" lon="18.74103">
        <ele>988.4</ele>
      </trkpt>
      <trkpt lat="43.91947" lon="18.74093">
        <ele>988.7</ele>
      </trkpt>
      <trkpt lat="43.9193" lon="18.74071">
        <ele>990.8</ele>
      </trkpt>
      <trkpt lat="43.91918" lon="18.74051">
        <ele>993.4</ele>
      </trkpt>
      <trkpt lat="43.9188" lon="18.73974">
        <ele>998.5</ele>
      </trkpt>
      <trkpt lat="43.9187" lon="18.73948">
        <ele>999.7</ele>
      </trkpt>
      <trkpt lat="43.91858" lon="18.73889">
        <ele>1005.1</ele>
      </trkpt>
      <trkpt lat="43.9183" lon="18.73788">
        <ele>1009.7</ele>
      </trkpt>
      <trkpt lat="43.91826" lon="18.7377">
        <ele>1010.0</ele>
      </trkpt>
      <trkpt lat="43.91825" lon="18.73744">
        <ele>1011.9</ele>
      </trkpt>
      <trkpt lat="43.91832" lon="18.73653">
        <ele>1019.0</ele>
      </trkpt>
      <trkpt lat="43.91831" lon="18.73618">
        <ele>1022.4</ele>
      </trkpt>
      <trkpt lat="43.91824" lon="18.7357">
        <ele>1025.4</ele>
      </trkpt>
      <trkpt lat="43.91818" lon="18.73541">
        <ele>1026.9</ele>
      </trkpt>
      <trkpt lat="43.91811" lon="18.73519">
        <ele>1027.5</ele>
      </trkpt>
      <trkpt lat="43.91805" lon="18.73507">
        <ele>1027.3</ele>
      </trkpt>
      <trkpt lat="43.91793" lon="18.73487">
        <ele>1027.0</ele>
      </trkpt>
      <trkpt lat="43.91765" lon="18.73451">
        <ele>1026.1</ele>
      </trkpt>
      <trkpt lat="43.91753" lon="18.73427">
        <ele>1027.7</ele>
      </trkpt>
      <trkpt lat="43.91732" lon="18.73355">
        <ele>1035.7</ele>
      </trkpt>
      <trkpt lat="43.91723" lon="18.73331">
        <ele>1038.0</ele>
      </trkpt>
      <trkpt lat="43.9168" lon="18.73246">
        <ele>1044.2</ele>
      </trkpt>
      <trkpt lat="43.91659" lon="18.73194">
        <ele>1049.3</ele>
      </trkpt>
      <trkpt lat="43.91645" lon="18.73152">
        <ele>1054.1</ele>
      </trkpt>
      <trkpt lat="43.91631" lon="18.73105">
        <ele>1056.5</ele>
      </trkpt>
      <trkpt lat="43.91626" lon="18.73079">
        <ele>1057.9</ele>
      </trkpt>
      <trkpt lat="43.91623" lon="18.73049">
        <ele>1059.4</ele>
      </trkpt>
      <trkpt lat="43.91623" lon="18.73022">
        <ele>1061.1</ele>
      </trkpt>
      <trkpt lat="43.91629" lon="18.72932">
        <ele>1065.8</ele>
      </trkpt>
      <trkpt lat="43.91636" lon="18.72841">
        <ele>1071.0</ele>
      </trkpt>
      <trkpt lat="43.91642" lon="18.72751">
        <ele>1074.9</ele>
      </trkpt>
      <trkpt lat="43.91648" lon="18.72689">
        <ele>1077.8</ele>
      </trkpt>
      <trkpt lat="43.91648" lon="18.72659">
        <ele>1078.9</ele>
      </trkpt>
      <trkpt lat="43.91644" lon="18.72559">
        <ele>1083.3</ele>
      </trkpt>
      <trkpt lat="43.91648" lon="18.72511">
        <ele>1084.4</ele>
      </trkpt>
      <trkpt lat="43.91658" lon="18.72446">
        <ele>1087.8</ele>
      </trkpt>
      <trkpt lat="43.91675" lon="18.72362">
        <ele>1094.8</ele>
      </trkpt>
      <trkpt lat="43.91693" lon="18.72277">
        <ele>1104.3</ele>
      </trkpt>
      <trkpt lat="43.91695" lon="18.72256">
        <ele>1106.3</ele>
      </trkpt>
      <trkpt lat="43.91695" lon="18.72229">
        <ele>1108.2</ele>
      </trkpt>
      <trkpt lat="43.9169" lon="18.72198">
        <ele>1109.7</ele>
      </trkpt>
      <trkpt lat="43.91683" lon="18.7217">
        <ele>1110.7</ele>
      </trkpt>
      <trkpt lat="43.91674" lon="18.72149">
        <ele>1111.7</ele>
      </trkpt>
      <trkpt lat="43.91655" lon="18.72116">
        <ele>1114.6</ele>
      </trkpt>
      <trkpt lat="43.9163" lon="18.72092">
        <ele>1117.5</ele>
      </trkpt>
      <trkpt lat="43.91609" lon="18.72079">
        <ele>1119.5</ele>
      </trkpt>
      <trkpt lat="43.91572" lon="18.72075">
        <ele>1121.8</ele>
      </trkpt>
      <trkpt lat="43.91532" lon="18.72076">
        <ele>1125.6</ele>
      </trkpt>
      <trkpt lat="43.9151" lon="18.72081">
        <ele>1126.6</ele>
      </trkpt>
      <trkpt lat="43.91495" lon="18.72081">
        <ele>1127.6</ele>
      </trkpt>
      <trkpt lat="43.9148" lon="18.72079">
        <ele>1128.1</ele>
      </trkpt>
      <trkpt lat="43.91456" lon="18.7207">
        <ele>1130.2</ele>
      </trkpt>
      <trkpt lat="43.91429" lon="18.72051">
        <ele>1134.5</ele>
      </trkpt>
      <trkpt lat="43.9139" lon="18.72018">
        <ele>1137.3</ele>
      </trkpt>
      <trkpt lat="43.9133" lon="18.71959">
        <ele>1143.8</ele>
      </trkpt>
      <trkpt lat="43.9131" lon="18.71949">
        <ele>1144.0</ele>
      </trkpt>
      <trkpt lat="43.91281" lon="18.71937">
        <ele>1143.2</ele>
      </trkpt>
      <trkpt lat="43.91263" lon="18.71925">
        <ele>1143.8</ele>
      </trkpt>
      <trkpt lat="43.91246" lon="18.71908">
        <ele>1146.0</ele>
      </trkpt>
      <trkpt lat="43.91226" lon="18.71881">
        <ele>1151.2</ele>
      </trkpt>
      <trkpt lat="43.91208" lon="18.71862">
        <ele>1154.5</ele>
      </trkpt>
      <trkpt lat="43.91193" lon="18.7185">
        <ele>1156.2</ele>
      </trkpt>
      <trkpt lat="43.91154" lon="18.7183">
        <ele>1156.2</ele>
      </trkpt>
      <trkpt lat="43.91127" lon="18.71807">
        <ele>1157.6</ele>
      </trkpt>
      <trkpt lat="43.91078" lon="18.71746">
        <ele>1167.7</ele>
      </trkpt>
      <trkpt lat="43.9105" lon="18.71705">
        <ele>1171.1</ele>
      </trkpt>
      <trkpt lat="43.91005" lon="18.71626">
        <ele>1177.2</ele>
      </trkpt>
      <trkpt lat="43.9096" lon="18.71556">
        <ele>1181.8</ele>
      </trkpt>
      <trkpt lat="43.90924" lon="18.71507">
        <ele>1182.0</ele>
      </trkpt>
      <trkpt lat="43.90894" lon="18.71454">
        <ele>1186.4</ele>
      </trkpt>
      <trkpt lat="43.90881" lon="18.71426">
        <ele>1189.4</ele>
      </trkpt>
      <trkpt lat="43.90872" lon="18.71398">
        <ele>1192.5</ele>
      </trkpt>
      <trkpt lat="43.90865" lon="18.71365">
        <ele>1196.3</ele>
      </trkpt>
      <trkpt lat="43.90857" lon="18.71304">
        <ele>1202.8</ele>
      </trkpt>
      <trkpt lat="43.9085" lon="18.71266">
        <ele>1205.3</ele>
      </trkpt>
      <trkpt lat="43.90842" lon="18.7124">
        <ele>1206.3</ele>
      </trkpt>
      <trkpt lat="43.90799" lon="18.71151">
        <ele>1210.5</ele>
      </trkpt>
      <trkpt lat="43.90781" lon="18.71107">
        <ele>1212.0</ele>
      </trkpt>
      <trkpt lat="43.90771" lon="18.71079">
        <ele>1213.1</ele>
      </trkpt>
      <trkpt lat="43.90763" lon="18.71042">
        <ele>1214.0</ele>
      </trkpt>
      <trkpt lat="43.90762" lon="18.70984">
        <ele>1216.6</ele>
      </trkpt>
      <trkpt lat="43.90765" lon="18.70941">
        <ele>1217.5</ele>
      </trkpt>
      <trkpt lat="43.90769" lon="18.70913">
        <ele>1218.3</ele>
      </trkpt>
      <trkpt lat="43.90777" lon="18.70878">
        <ele>1218.2</ele>
      </trkpt>
      <trkpt lat="43.90789" lon="18.70844">
        <ele>1218.6</ele>
      </trkpt>
      <trkpt lat="43.90823" lon="18.70785">
        <ele>1218.0</ele>
      </trkpt>
      <trkpt lat="43.90857" lon="18.70725">
        <ele>1218.7</ele>
      </trkpt>
      <trkpt lat="43.90884" lon="18.70681">
        <ele>1219.8</ele>
      </trkpt>
      <trkpt lat="43.9094" lon="18.70603">
        <ele>1220.1</ele>
      </trkpt>
      <trkpt lat="43.90958" lon="18.70576">
        <ele>1220.3</ele>
      </trkpt>
      <trkpt lat="43.90972" lon="18.70546">
        <ele>1220.2</ele>
      </trkpt>
      <trkpt lat="43.9098" lon="18.70519">
        <ele>1219.0</ele>
      </trkpt>
      <trkpt lat="43.9099" lon="18.70458">
        <ele>1217.8</ele>
      </trkpt>
      <trkpt lat="43.90998" lon="18.70377">
        <ele>1216.0</ele>
      </trkpt>
      <trkpt lat="43.91003" lon="18.70359">
        <ele>1215.6</ele>
      </trkpt>
      <trkpt lat="43.91006" lon="18.70349">
        <ele>1215.4</ele>
      </trkpt>
      <trkpt lat="43.91021" lon="18.70314">
        <ele>1214.3</ele>
      </trkpt>
      <trkpt lat="43.91047" lon="18.70274">
        <ele>1213.1</ele>
      </trkpt>
      <trkpt lat="43.91073" lon="18.70251">
        <ele>1213.2</ele>
      </trkpt>
      <trkpt lat="43.91099" lon="18.70233">
        <ele>1214.0</ele>
      </trkpt>
      <trkpt lat="43.91129" lon="18.70216">
        <ele>1214.2</ele>
      </trkpt>
      <trkpt lat="43.91158" lon="18.70204">
        <ele>1214.1</ele>
      </trkpt>
      <trkpt lat="43.91237" lon="18.70183">
        <ele>1216.9</ele>
      </trkpt>
      <trkpt lat="43.91315" lon="18.70163">
        <ele>1218.2</ele>
      </trkpt>
      <trkpt lat="43.91393" lon="18.70143">
        <ele>1220.2</ele>
      </trkpt>
      <trkpt lat="43.91452" lon="18.7013">
        <ele>1221.2</ele>
      </trkpt>
      <trkpt lat="43.91514" lon="18.70121">
        <ele>1222.0</ele>
      </trkpt>
      <trkpt lat="43.91577" lon="18.70118">
        <ele>1223.0</ele>
      </trkpt>
      <trkpt lat="43.91608" lon="18.70113">
        <ele>1224.1</ele>
      </trkpt>
      <trkpt lat="43.91647" lon="18.70097">
        <ele>1224.6</ele>
      </trkpt>
      <trkpt lat="43.91676" lon="18.70076">
        <ele>1226.4</ele>
      </trkpt>
      <trkpt lat="43.91692" lon="18.70062">
        <ele>1230.1</ele>
      </trkpt>
      <trkpt lat="43.91737" lon="18.70016">
        <ele>1235.9</ele>
      </trkpt>
      <trkpt lat="43.91783" lon="18.69969">
        <ele>1238.6</ele>
      </trkpt>
      <trkpt lat="43.91804" lon="18.69943">
        <ele>1238.7</ele>
      </trkpt>
      <trkpt lat="43.9182" lon="18.69911">
        <ele>1237.1</ele>
      </trkpt>
      <trkpt lat="43.91829" lon="18.69889">
        <ele>1236.2</ele>
      </trkpt>
      <trkpt lat="43.91834" lon="18.69863">
        <ele>1234.8</ele>
      </trkpt>
      <trkpt lat="43.91838" lon="18.69836">
        <ele>1233.4</ele>
      </trkpt>
      <trkpt lat="43.91839" lon="18.69802">
        <ele>1233.0</ele>
      </trkpt>
      <trkpt lat="43.91837" lon="18.69725">
        <ele>1232.2</ele>
      </trkpt>
      <trkpt lat="43.91835" lon="18.69647">
        <ele>1232.6</ele>
      </trkpt>
      <trkpt lat="43.91838" lon="18.69584">
        <ele>1234.1</ele>
      </trkpt>
      <trkpt lat="43.91845" lon="18.69545">
        <ele>1235.4</ele>
      </trkpt>
      <trkpt lat="43.91873" lon="18.6945">
        <ele>1236.7</ele>
      </trkpt>
      <trkpt lat="43.919" lon="18.69355">
        <ele>1236.4</ele>
      </trkpt>
      <trkpt lat="43.91909" lon="18.69308">
        <ele>1236.0</ele>
      </trkpt>
      <trkpt lat="43.91919" lon="18.69235">
        <ele>1236.2</ele>
      </trkpt>
      <trkpt lat="43.91925" lon="18.69144">
        <ele>1237.3</ele>
      </trkpt>
      <trkpt lat="43.91928" lon="18.69038">
        <ele>1239.1</ele>
      </trkpt>
      <trkpt lat="43.91931" lon="18.68931">
        <ele>1242.7</ele>
      </trkpt>
      <trkpt lat="43.91934" lon="18.68825">
        <ele>1241.7</ele>
      </trkpt>
      <trkpt lat="43.91937" lon="18.68794">
        <ele>1241.3</ele>
      </trkpt>
      <trkpt lat="43.91944" lon="18.68754">
        <ele>1241.0</ele>
      </trkpt>
      <trkpt lat="43.91957" lon="18.68704">
        <ele>1241.1</ele>
      </trkpt>
      <trkpt lat="43.91974" lon="18.68657">
        <ele>1241.9</ele>
      </trkpt>
      <trkpt lat="43.91997" lon="18.68609">
        <ele>1242.6</ele>
      </trkpt>
      <trkpt lat="43.92024" lon="18.68565">
        <ele>1245.1</ele>
      </trkpt>
      <trkpt lat="43.92058" lon="18.68514">
        <ele>1246.4</ele>
      </trkpt>
      <trkpt lat="43.9208" lon="18.68476">
        <ele>1246.2</ele>
      </trkpt>
      <trkpt lat="43.92106" lon="18.68421">
        <ele>1245.8</ele>
      </trkpt>
      <trkpt lat="43.92144" lon="18.68321">
        <ele>1243.5</ele>
      </trkpt>
      <trkpt lat="43.92182" lon="18.6822">
        <ele>1242.8</ele>
      </trkpt>
      <trkpt lat="43.92199" lon="18.6817">
        <ele>1243.7</ele>
      </trkpt>
      <trkpt lat="43.92213" lon="18.68114">
        <ele>1243.5</ele>
      </trkpt>
      <trkpt lat="43.9222" lon="18.68073">
        <ele>1242.8</ele>
      </trkpt>
      <trkpt lat="43.92231" lon="18.67987">
        <ele>1242.7</ele>
      </trkpt>
      <trkpt lat="43.92245" lon="18.67908">
        <ele>1244.1</ele>
      </trkpt>
      <trkpt lat="43.92258" lon="18.67857">
        <ele>1245.9</ele>
      </trkpt>
      <trkpt lat="43.92288" lon="18.67768">
        <ele>1250.3</ele>
      </trkpt>
      <trkpt lat="43.92318" lon="18.67679">
        <ele>1252.6</ele>
      </trkpt>
      <trkpt lat="43.92327" lon="18.67645">
        <ele>1253.7</ele>
      </trkpt>
      <trkpt lat="43.92337" lon="18.67599">
        <ele>1255.3</ele>
      </trkpt>
      <trkpt lat="43.92341" lon="18.67567">
        <ele>1255.8</ele>
      </trkpt>
      <trkpt lat="43.92344" lon="18.67512">
        <ele>1255.6</ele>
      </trkpt>
      <trkpt lat="43.92347" lon="18.67415">
        <ele>1258.0</ele>
      </trkpt>
      <trkpt lat="43.9235" lon="18.67319">
        <ele>1261.2</ele>
      </trkpt>
      <trkpt lat="43.92357" lon="18.67245">
        <ele>1263.2</ele>
      </trkpt>
      <trkpt lat="43.92368" lon="18.67194">
        <ele>1266.2</ele>
      </trkpt>
      <trkpt lat="43.92383" lon="18.67151">
        <ele>1268.8</ele>
      </trkpt>
      <trkpt lat="43.92429" lon="18.67066">
        <ele>1273.8</ele>
      </trkpt>
      <trkpt lat="43.92476" lon="18.66982">
        <ele>1280.0</ele>
      </trkpt>
      <trkpt lat="43.92508" lon="18.66913">
        <ele>1279.7</ele>
      </trkpt>
      <trkpt lat="43.92534" lon="18.66842">
        <ele>1283.3</ele>
      </trkpt>
      <trkpt lat="43.9256" lon="18.6677">
        <ele>1292.8</ele>
      </trkpt>
      <trkpt lat="43.92575" lon="18.66724">
        <ele>1295.0</ele>
      </trkpt>
      <trkpt lat="43.92582" lon="18.66693">
        <ele>1294.6</ele>
      </trkpt>
      <trkpt lat="43.92591" lon="18.66615">
        <ele>1290.4</ele>
      </trkpt>
      <trkpt lat="43.926" lon="18.66537">
        <ele>1283.6</ele>
      </trkpt>
      <trkpt lat="43.92607" lon="18.66464">
        <ele>1277.6</ele>
      </trkpt>
      <trkpt lat="43.92615" lon="18.66391">
        <ele>1273.2</ele>
      </trkpt>
      <trkpt lat="43.92624" lon="18.66281">
        <ele>1269.1</ele>
      </trkpt>
      <trkpt lat="43.92623" lon="18.66247">
        <ele>1268.6</ele>
      </trkpt>
      <trkpt lat="43.92619" lon="18.66214">
        <ele>1268.0</ele>
      </trkpt>
      <trkpt lat="43.9261" lon="18.66175">
        <ele>1267.7</ele>
      </trkpt>
      <trkpt lat="43.92594" lon="18.66135">
        <ele>1264.7</ele>
      </trkpt>
      <trkpt lat="43.92577" lon="18.66098">
        <ele>1261.4</ele>
      </trkpt>
      <trkpt lat="43.92562" lon="18.66062">
        <ele>1262.0</ele>
      </trkpt>
      <trkpt lat="43.9254" lon="18.65986">
        <ele>1264.2</ele>
      </trkpt>
      <trkpt lat="43.92528" lon="18.65899">
        <ele>1261.2</ele>
      </trkpt>
      <trkpt lat="43.92527" lon="18.65855">
        <ele>1257.6</ele>
      </trkpt>
      <trkpt lat="43.92523" lon="18.658">
        <ele>1256.4</ele>
      </trkpt>
      <trkpt lat="43.92515" lon="18.65728">
        <ele>1257.7</ele>
      </trkpt>
      <trkpt lat="43.92507" lon="18.65686">
        <ele>1258.7</ele>
      </trkpt>
      <trkpt lat="43.92487" lon="18.65604">
        <ele>1262.3</ele>
      </trkpt>
      <trkpt lat="43.92472" lon="18.65563">
        <ele>1264.3</ele>
      </trkpt>
      <trkpt lat="43.9243" lon="18.65461">
        <ele>1266.6</ele>
      </trkpt>
      <trkpt lat="43.92387" lon="18.65359">
        <ele>1268.6</ele>
      </trkpt>
      <trkpt lat="43.92345" lon="18.65257">
        <ele>1269.8</ele>
      </trkpt>
      <trkpt lat="43.92307" lon="18.65178">
        <ele>1275.1</ele>
      </trkpt>
      <trkpt lat="43.92289" lon="18.65153">
        <ele>1276.5</ele>
      </trkpt>
      <trkpt lat="43.92265" lon="18.6513">
        <ele>1275.7</ele>
      </trkpt>
      <trkpt lat="43.92238" lon="18.65113">
        <ele>1271.3</ele>
      </trkpt>
      <trkpt lat="43.9222" lon="18.65109">
        <ele>1266.9</ele>
      </trkpt>
      <trkpt lat="43.92181" lon="18.65107">
        <ele>1257.8</ele>
      </trkpt>
      <trkpt lat="43.92161" lon="18.65112">
        <ele>1253.6</ele>
      </trkpt>
      <trkpt lat="43.92147" lon="18.65122">
        <ele>1250.7</ele>
      </trkpt>
      <trkpt lat="43.92132" lon="18.65144">
        <ele>1250.4</ele>
      </trkpt>
      <trkpt lat="43.92087" lon="18.65222">
        <ele>1255.0</ele>
      </trkpt>
      <trkpt lat="43.92042" lon="18.65315">
        <ele>1262.6</ele>
      </trkpt>
      <trkpt lat="43.92028" lon="18.65339">
        <ele>1262.6</ele>
      </trkpt>
      <trkpt lat="43.92012" lon="18.65362">
        <ele>1262.9</ele>
      </trkpt>
      <trkpt lat="43.91997" lon="18.65377">
        <ele>1261.9</ele>
      </trkpt>
      <trkpt lat="43.91981" lon="18.65386">
        <ele>1261.0</ele>
      </trkpt>
      <trkpt lat="43.91966" lon="18.65392">
        <ele>1259.4</ele>
      </trkpt>
      <trkpt lat="43.91947" lon="18.65395">
        <ele>1256.2</ele>
      </trkpt>
      <trkpt lat="43.91926" lon="18.65394">
        <ele>1251.5</ele>
      </trkpt>
      <trkpt lat="43.91905" lon="18.65388">
        <ele>1248.4</ele>
      </trkpt>
      <trkpt lat="43.91881" lon="18.65376">
        <ele>1246.3</ele>
      </trkpt>
      <trkpt lat="43.91863" lon="18.65357">
        <ele>1242.7</ele>
      </trkpt>
      <trkpt lat="43.91849" lon="18.65338">
        <ele>1239.2</ele>
      </trkpt>
      <trkpt lat="43.91821" lon="18.65285">
        <ele>1236.3</ele>
      </trkpt>
      <trkpt lat="43.91795" lon="18.65222">
        <ele>1236.9</ele>
      </trkpt>
      <trkpt lat="43.91768" lon="18.6516">
        <ele>1234.8</ele>
      </trkpt>
      <trkpt lat="43.91728" lon="18.65054">
        <ele>1225.9</ele>
      </trkpt>
      <trkpt lat="43.91694" lon="18.64993">
        <ele>1221.9</ele>
      </trkpt>
      <trkpt lat="43.91674" lon="18.64964">
        <ele>1219.6</ele>
      </trkpt>
      <trkpt lat="43.91651" lon="18.64935">
        <ele>1216.9</ele>
      </trkpt>
      <trkpt lat="43.91603" lon="18.64883">
        <ele>1215.3</ele>
      </trkpt>
      <trkpt lat="43.91579" lon="18.64852">
        <ele>1212.0</ele>
      </trkpt>
      <trkpt lat="43.91562" lon="18.64822">
        <ele>1207.8</ele>
      </trkpt>
      <trkpt lat="43.91521" lon="18.64741">
        <ele>1196.4</ele>
      </trkpt>
      <trkpt lat="43.91481" lon="18.6466">
        <ele>1190.3</ele>
      </trkpt>
      <trkpt lat="43.91465" lon="18.64637">
        <ele>1188.1</ele>
      </trkpt>
      <trkpt lat="43.91445" lon="18.64611">
        <ele>1184.7</ele>
      </trkpt>
      <trkpt lat="43.914" lon="18.64574">
        <ele>1181.4</ele>
      </trkpt>
      <trkpt lat="43.91356" lon="18.64536">
        <ele>1181.5</ele>
      </trkpt>
      <trkpt lat="43.91335" lon="18.64513">
        <ele>1180.0</ele>
      </trkpt>
      <trkpt lat="43.91315" lon="18.64486">
        <ele>1178.7</ele>
      </trkpt>
      <trkpt lat="43.91265" lon="18.64391">
        <ele>1171.3</ele>
      </trkpt>
      <trkpt lat="43.91223" lon="18.643">
        <ele>1168.4</ele>
      </trkpt>
      <trkpt lat="43.91182" lon="18.64209">
        <ele>1164.1</ele>
      </trkpt>
      <trkpt lat="43.91135" lon="18.64126">
        <ele>1159.6</ele>
      </trkpt>
      <trkpt lat="43.91093" lon="18.64064">
        <ele>1151.8</ele>
      </trkpt>
      <trkpt lat="43.9105" lon="18.6401">
        <ele>1148.6</ele>
      </trkpt>
      <trkpt lat="43.90991" lon="18.63948">
        <ele>1142.9</ele>
      </trkpt>
      <trkpt lat="43.90965" lon="18.63926">
        <ele>1141.3</ele>
      </trkpt>
      <trkpt lat="43.90928" lon="18.63903">
        <ele>1140.9</ele>
      </trkpt>
      <trkpt lat="43.90884" lon="18.6387">
        <ele>1135.0</ele>
      </trkpt>
      <trkpt lat="43.90836" lon="18.63839">
        <ele>1129.3</ele>
      </trkpt>
      <trkpt lat="43.90836" lon="18.63839">
        <ele>1129.3</ele>
      </trkpt>
      <trkpt lat="43.90807" lon="18.63827">
        <ele>1127.8</ele>
      </trkpt>
      <trkpt lat="43.90756" lon="18.63814">
        <ele>1128.3</ele>
      </trkpt>
      <trkpt lat="43.90711" lon="18.63794">
        <ele>1124.4</ele>
      </trkpt>
      <trkpt lat="43.90687" lon="18.6378">
        <ele>1121.5</ele>
      </trkpt>
      <trkpt lat="43.90648" lon="18.63748">
        <ele>1112.8</ele>
      </trkpt>
      <trkpt lat="43.90609" lon="18.63708">
        <ele>1104.6</ele>
      </trkpt>
      <trkpt lat="43.90554" lon="18.63671">
        <ele>1097.7</ele>
      </trkpt>
      <trkpt lat="43.9053" lon="18.63659">
        <ele>1096.6</ele>
      </trkpt>
      <trkpt lat="43.90513" lon="18.63655">
        <ele>1097.2</ele>
      </trkpt>
      <trkpt lat="43.90496" lon="18.63653">
        <ele>1097.5</ele>
      </trkpt>
      <trkpt lat="43.90467" lon="18.63654">
        <ele>1095.4</ele>
      </trkpt>
      <trkpt lat="43.90447" lon="18.63659">
        <ele>1094.3</ele>
      </trkpt>
      <trkpt lat="43.90425" lon="18.63669">
        <ele>1093.9</ele>
      </trkpt>
      <trkpt lat="43.90406" lon="18.63681">
        <ele>1093.1</ele>
      </trkpt>
      <trkpt lat="43.90375" lon="18.63709">
        <ele>1091.1</ele>
      </trkpt>
      <trkpt lat="43.9033" lon="18.63756">
        <ele>1090.7</ele>
      </trkpt>
      <trkpt lat="43.90305" lon="18.63779">
        <ele>1095.5</ele>
      </trkpt>
      <trkpt lat="43.90285" lon="18.63783">
        <ele>1094.5</ele>
      </trkpt>
      <trkpt lat="43.90265" lon="18.6378">
        <ele>1091.7</ele>
      </trkpt>
      <trkpt lat="43.90251" lon="18.63772">
        <ele>1088.6</ele>
      </trkpt>
      <trkpt lat="43.90235" lon="18.63757">
        <ele>1088.9</ele>
      </trkpt>
      <trkpt lat="43.90185" lon="18.63688">
        <ele>1082.1</ele>
      </trkpt>
      <trkpt lat="43.90166" lon="18.63668">
        <ele>1079.4</ele>
      </trkpt>
      <trkpt lat="43.90139" lon="18.63655">
        <ele>1078.5</ele>
      </trkpt>
      <trkpt lat="43.90121" lon="18.63649">
        <ele>1078.5</ele>
      </trkpt>
      <trkpt lat="43.90076" lon="18.63643">
        <ele>1080.6</ele>
      </trkpt>
      <trkpt lat="43.90051" lon="18.63634">
        <ele>1080.1</ele>
      </trkpt>
      <trkpt lat="43.9" lon="18.63602">
        <ele>1073.8</ele>
      </trkpt>
      <trkpt lat="43.89963" lon="18.63576">
        <ele>1068.4</ele>
      </trkpt>
      <trkpt lat="43.89931" lon="18.63563">
        <ele>1067.0</ele>
      </trkpt>
      <trkpt lat="43.8989" lon="18.63548">
        <ele>1062.9</ele>
      </trkpt>
      <trkpt lat="43.89829" lon="18.63539">
        <ele>1057.9</ele>
      </trkpt>
      <trkpt lat="43.89809" lon="18.63542">
        <ele>1055.6</ele>
      </trkpt>
      <trkpt lat="43.89789" lon="18.63549">
        <ele>1054.1</ele>
      </trkpt>
      <trkpt lat="43.89713" lon="18.63593">
        <ele>1051.5</ele>
      </trkpt>
      <trkpt lat="43.89676" lon="18.63622">
        <ele>1049.0</ele>
      </trkpt>
      <trkpt lat="43.89654" lon="18.63631">
        <ele>1047.2</ele>
      </trkpt>
      <trkpt lat="43.8962" lon="18.63635">
        <ele>1044.7</ele>
      </trkpt>
      <trkpt lat="43.89576" lon="18.63631">
        <ele>1040.7</ele>
      </trkpt>
      <trkpt lat="43.89535" lon="18.63624">
        <ele>1038.7</ele>
      </trkpt>
      <trkpt lat="43.89479" lon="18.63611">
        <ele>1035.7</ele>
      </trkpt>
      <trkpt lat="43.89451" lon="18.636">
        <ele>1033.7</ele>
      </trkpt>
      <trkpt lat="43.89411" lon="18.63572">
        <ele>1030.2</ele>
      </trkpt>
      <trkpt lat="43.89372" lon="18.63538">
        <ele>1029.0</ele>
      </trkpt>
      <trkpt lat="43.89353" lon="18.63513">
        <ele>1026.8</ele>
      </trkpt>
      <trkpt lat="43.89325" lon="18.63465">
        <ele>1022.4</ele>
      </trkpt>
      <trkpt lat="43.89308" lon="18.63432">
        <ele>1019.1</ele>
      </trkpt>
      <trkpt lat="43.89284" lon="18.63364">
        <ele>1016.0</ele>
      </trkpt>
      <trkpt lat="43.89277" lon="18.63333">
        <ele>1015.7</ele>
      </trkpt>
      <trkpt lat="43.89268" lon="18.63263">
        <ele>1014.7</ele>
      </trkpt>
      <trkpt lat="43.89259" lon="18.63194">
        <ele>1010.5</ele>
      </trkpt>
      <trkpt lat="43.89242" lon="18.63084">
        <ele>1002.4</ele>
      </trkpt>
      <trkpt lat="43.89225" lon="18.62974">
        <ele>997.7</ele>
      </trkpt>
      <trkpt lat="43.89217" lon="18.62909">
        <ele>995.7</ele>
      </trkpt>
      <trkpt lat="43.89208" lon="18.62844">
        <ele>995.6</ele>
      </trkpt>
      <trkpt lat="43.89195" lon="18.62771">
        <ele>994.0</ele>
      </trkpt>
      <trkpt lat="43.8919" lon="18.62733">
        <ele>993.4</ele>
      </trkpt>
      <trkpt lat="43.89189" lon="18.62701">
        <ele>992.9</ele>
      </trkpt>
      <trkpt lat="43.89191" lon="18.62658">
        <ele>992.4</ele>
      </trkpt>
      <trkpt lat="43.89199" lon="18.62618">
        <ele>993.6</ele>
      </trkpt>
      <trkpt lat="43.89221" lon="18.62551">
        <ele>994.1</ele>
      </trkpt>
      <trkpt lat="43.89242" lon="18.62484">
        <ele>992.1</ele>
      </trkpt>
      <trkpt lat="43.89249" lon="18.62449">
        <ele>990.5</ele>
      </trkpt>
      <trkpt lat="43.89254" lon="18.62393">
        <ele>986.6</ele>
      </trkpt>
      <trkpt lat="43.8925" lon="18.62348">
        <ele>982.4</ele>
      </trkpt>
      <trkpt lat="43.89236" lon="18.62266">
        <ele>976.0</ele>
      </trkpt>
      <trkpt lat="43.89223" lon="18.62213">
        <ele>972.9</ele>
      </trkpt>
      <trkpt lat="43.89194" lon="18.62121">
        <ele>968.9</ele>
      </trkpt>
      <trkpt lat="43.89166" lon="18.6201">
        <ele>964.5</ele>
      </trkpt>
      <trkpt lat="43.89149" lon="18.61953">
        <ele>962.1</ele>
      </trkpt>
      <trkpt lat="43.89123" lon="18.6189">
        <ele>960.5</ele>
      </trkpt>
      <trkpt lat="43.89104" lon="18.61851">
        <ele>959.4</ele>
      </trkpt>
      <trkpt lat="43.8909" lon="18.61834">
        <ele>958.9</ele>
      </trkpt>
      <trkpt lat="43.89074" lon="18.61818">
        <ele>956.8</ele>
      </trkpt>
      <trkpt lat="43.89043" lon="18.61794">
        <ele>953.0</ele>
      </trkpt>
      <trkpt lat="43.88994" lon="18.61762">
        <ele>949.1</ele>
      </trkpt>
      <trkpt lat="43.8895" lon="18.61723">
        <ele>944.1</ele>
      </trkpt>
      <trkpt lat="43.88913" lon="18.61686">
        <ele>941.1</ele>
      </trkpt>
      <trkpt lat="43.8885" lon="18.61607">
        <ele>931.7</ele>
      </trkpt>
      <trkpt lat="43.88805" lon="18.61532">
        <ele>924.3</ele>
      </trkpt>
      <trkpt lat="43.88772" lon="18.61471">
        <ele>922.2</ele>
      </trkpt>
      <trkpt lat="43.8875" lon="18.61417">
        <ele>922.0</ele>
      </trkpt>
      <trkpt lat="43.8872" lon="18.61339">
        <ele>918.0</ele>
      </trkpt>
      <trkpt lat="43.88691" lon="18.61262">
        <ele>913.9</ele>
      </trkpt>
      <trkpt lat="43.88662" lon="18.61184">
        <ele>909.8</ele>
      </trkpt>
      <trkpt lat="43.88639" lon="18.61137">
        <ele>907.6</ele>
      </trkpt>
      <trkpt lat="43.88617" lon="18.61095">
        <ele>905.3</ele>
      </trkpt>
      <trkpt lat="43.88602" lon="18.61075">
        <ele>904.5</ele>
      </trkpt>
      <trkpt lat="43.88589" lon="18.61062">
        <ele>904.2</ele>
      </trkpt>
      <trkpt lat="43.88551" lon="18.61042">
        <ele>904.6</ele>
      </trkpt>
      <trkpt lat="43.88537" lon="18.61035">
        <ele>904.7</ele>
      </trkpt>
      <trkpt lat="43.88489" lon="18.6101">
        <ele>905.3</ele>
      </trkpt>
      <trkpt lat="43.88441" lon="18.60984">
        <ele>905.3</ele>
      </trkpt>
      <trkpt lat="43.88421" lon="18.60971">
        <ele>905.1</ele>
      </trkpt>
      <trkpt lat="43.88343" lon="18.60915">
        <ele>906.4</ele>
      </trkpt>
      <trkpt lat="43.88266" lon="18.60859">
        <ele>906.4</ele>
      </trkpt>
      <trkpt lat="43.88221" lon="18.60829">
        <ele>906.6</ele>
      </trkpt>
      <trkpt lat="43.88185" lon="18.60801">
        <ele>906.8</ele>
      </trkpt>
      <trkpt lat="43.88112" lon="18.60732">
        <ele>906.4</ele>
      </trkpt>
      <trkpt lat="43.88039" lon="18.60664">
        <ele>904.5</ele>
      </trkpt>
      <trkpt lat="43.87966" lon="18.60596">
        <ele>903.2</ele>
      </trkpt>
      <trkpt lat="43.87926" lon="18.60562">
        <ele>903.0</ele>
      </trkpt>
      <trkpt lat="43.87886" lon="18.60527">
        <ele>901.9</ele>
      </trkpt>
      <trkpt lat="43.87844" lon="18.60485">
        <ele>899.9</ele>
      </trkpt>
      <trkpt lat="43.87801" lon="18.60442">
        <ele>896.8</ele>
      </trkpt>
      <trkpt lat="43.87742" lon="18.60379">
        <ele>893.0</ele>
      </trkpt>
      <trkpt lat="43.87683" lon="18.60315">
        <ele>889.2</ele>
      </trkpt>
      <trkpt lat="43.87661" lon="18.60284">
        <ele>888.4</ele>
      </trkpt>
      <trkpt lat="43.87647" lon="18.60255">
        <ele>888.7</ele>
      </trkpt>
      <trkpt lat="43.87636" lon="18.60224">
        <ele>889.0</ele>
      </trkpt>
      <trkpt lat="43.87611" lon="18.60127">
        <ele>890.1</ele>
      </trkpt>
      <trkpt lat="43.87599" lon="18.60093">
        <ele>891.3</ele>
      </trkpt>
      <trkpt lat="43.87588" lon="18.60071">
        <ele>892.8</ele>
      </trkpt>
      <trkpt lat="43.87568" lon="18.60047">
        <ele>895.3</ele>
      </trkpt>
      <trkpt lat="43.87548" lon="18.60029">
        <ele>897.4</ele>
      </trkpt>
      <trkpt lat="43.87526" lon="18.60014">
        <ele>899.6</ele>
      </trkpt>
      <trkpt lat="43.87453" lon="18.59972">
        <ele>898.9</ele>
      </trkpt>
      <trkpt lat="43.87393" lon="18.59922">
        <ele>896.9</ele>
      </trkpt>
      <trkpt lat="43.8737" lon="18.59898">
        <ele>897.9</ele>
      </trkpt>
      <trkpt lat="43.87347" lon="18.59871">
        <ele>900.0</ele>
      </trkpt>
      <trkpt lat="43.87299" lon="18.59797">
        <ele>906.6</ele>
      </trkpt>
      <trkpt lat="43.87251" lon="18.59724">
        <ele>910.4</ele>
      </trkpt>
      <trkpt lat="43.87226" lon="18.59682">
        <ele>908.8</ele>
      </trkpt>
      <trkpt lat="43.87206" lon="18.59641">
        <ele>907.3</ele>
      </trkpt>
      <trkpt lat="43.87189" lon="18.59595">
        <ele>906.3</ele>
      </trkpt>
      <trkpt lat="43.87175" lon="18.59541">
        <ele>904.9</ele>
      </trkpt>
      <trkpt lat="43.87165" lon="18.59489">
        <ele>903.6</ele>
      </trkpt>
      <trkpt lat="43.87161" lon="18.59453">
        <ele>902.4</ele>
      </trkpt>
      <trkpt lat="43.8716" lon="18.59407">
        <ele>901.0</ele>
      </trkpt>
      <trkpt lat="43.87161" lon="18.59357">
        <ele>898.1</ele>
      </trkpt>
      <trkpt lat="43.87176" lon="18.59236">
        <ele>895.4</ele>
      </trkpt>
      <trkpt lat="43.87179" lon="18.59191">
        <ele>894.1</ele>
      </trkpt>
      <trkpt lat="43.87177" lon="18.59164">
        <ele>893.0</ele>
      </trkpt>
      <trkpt lat="43.87164" lon="18.59064">
        <ele>891.8</ele>
      </trkpt>
      <trkpt lat="43.87162" lon="18.59027">
        <ele>889.9</ele>
      </trkpt>
      <trkpt lat="43.87163" lon="18.58985">
        <ele>887.7</ele>
      </trkpt>
      <trkpt lat="43.87167" lon="18.58959">
        <ele>886.1</ele>
      </trkpt>
      <trkpt lat="43.87176" lon="18.58928">
        <ele>884.3</ele>
      </trkpt>
      <trkpt lat="43.87221" lon="18.58834">
        <ele>881.0</ele>
      </trkpt>
      <trkpt lat="43.87233" lon="18.58801">
        <ele>880.1</ele>
      </trkpt>
      <trkpt lat="43.87238" lon="18.58775">
        <ele>879.1</ele>
      </trkpt>
      <trkpt lat="43.87242" lon="18.58737">
        <ele>878.0</ele>
      </trkpt>
      <trkpt lat="43.87241" lon="18.58711">
        <ele>877.9</ele>
      </trkpt>
      <trkpt lat="43.8723" lon="18.58618">
        <ele>875.6</ele>
      </trkpt>
      <trkpt lat="43.87228" lon="18.58584">
        <ele>874.2</ele>
      </trkpt>
      <trkpt lat="43.8723" lon="18.58557">
        <ele>872.7</ele>
      </trkpt>
      <trkpt lat="43.87242" lon="18.58507">
        <ele>869.6</ele>
      </trkpt>
      <trkpt lat="43.87285" lon="18.58401">
        <ele>870.7</ele>
      </trkpt>
      <trkpt lat="43.87295" lon="18.58378">
        <ele>870.3</ele>
      </trkpt>
      <trkpt lat="43.87324" lon="18.58327">
        <ele>869.0</ele>
      </trkpt>
      <trkpt lat="43.87376" lon="18.58243">
        <ele>868.9</ele>
      </trkpt>
      <trkpt lat="43.87391" lon="18.58207">
        <ele>868.7</ele>
      </trkpt>
      <trkpt lat="43.87426" lon="18.58103">
        <ele>868.9</ele>
      </trkpt>
      <trkpt lat="43.87461" lon="18.57999">
        <ele>871.6</ele>
      </trkpt>
      <trkpt lat="43.87472" lon="18.57956">
        <ele>871.8</ele>
      </trkpt>
      <trkpt lat="43.87473" lon="18.57915">
        <ele>871.4</ele>
      </trkpt>
      <trkpt lat="43.8747" lon="18.5789">
        <ele>871.5</ele>
      </trkpt>
      <trkpt lat="43.87462" lon="18.57843">
        <ele>871.6</ele>
      </trkpt>
      <trkpt lat="43.87444" lon="18.57764">
        <ele>871.4</ele>
      </trkpt>
      <trkpt lat="43.87427" lon="18.57684">
        <ele>872.2</ele>
      </trkpt>
      <trkpt lat="43.87402" lon="18.57602">
        <ele>874.2</ele>
      </trkpt>
      <trkpt lat="43.87366" lon="18.57498">
        <ele>877.0</ele>
      </trkpt>
      <trkpt lat="43.87347" lon="18.57434">
        <ele>876.6</ele>
      </trkpt>
      <trkpt lat="43.87336" lon="18.57378">
        <ele>876.1</ele>
      </trkpt>
      <trkpt lat="43.87329" lon="18.57329">
        <ele>876.9</ele>
      </trkpt>
      <trkpt lat="43.87326" lon="18.57273">
        <ele>879.3</ele>
      </trkpt>
      <trkpt lat="43.87323" lon="18.57196">
        <ele>880.6</ele>
      </trkpt>
      <trkpt lat="43.8732" lon="18.57119">
        <ele>879.5</ele>
      </trkpt>
      <trkpt lat="43.87317" lon="18.57082">
        <ele>878.6</ele>
      </trkpt>
      <trkpt lat="43.87308" lon="18.57022">
        <ele>884.7</ele>
      </trkpt>
      <trkpt lat="43.87287" lon="18.56941">
        <ele>894.1</ele>
      </trkpt>
      <trkpt lat="43.87274" lon="18.56885">
        <ele>898.9</ele>
      </trkpt>
      <trkpt lat="43.87262" lon="18.56815">
        <ele>900.6</ele>
      </trkpt>
      <trkpt lat="43.87258" lon="18.56741">
        <ele>899.2</ele>
      </trkpt>
      <trkpt lat="43.8726" lon="18.56699">
        <ele>893.3</ele>
      </trkpt>
      <trkpt lat="43.8727" lon="18.56601">
        <ele>884.8</ele>
      </trkpt>
      <trkpt lat="43.8728" lon="18.56502">
        <ele>877.8</ele>
      </trkpt>
      <trkpt lat="43.8728" lon="18.56453">
        <ele>874.5</ele>
      </trkpt>
      <trkpt lat="43.87278" lon="18.56429">
        <ele>872.8</ele>
      </trkpt>
      <trkpt lat="43.87274" lon="18.56404">
        <ele>871.5</ele>
      </trkpt>
      <trkpt lat="43.8726" lon="18.5635">
        <ele>869.1</ele>
      </trkpt>
      <trkpt lat="43.87233" lon="18.56266">
        <ele>869.3</ele>
      </trkpt>
      <trkpt lat="43.87225" lon="18.56222">
        <ele>868.9</ele>
      </trkpt>
      <trkpt lat="43.87222" lon="18.56173">
        <ele>866.9</ele>
      </trkpt>
      <trkpt lat="43.87224" lon="18.56136">
        <ele>863.3</ele>
      </trkpt>
      <trkpt lat="43.87232" lon="18.5609">
        <ele>859.1</ele>
      </trkpt>
      <trkpt lat="43.87258" lon="18.55999">
        <ele>855.4</ele>
      </trkpt>
      <trkpt lat="43.87264" lon="18.5597">
        <ele>855.4</ele>
      </trkpt>
      <trkpt lat="43.87268" lon="18.55933">
        <ele>854.7</ele>
      </trkpt>
      <trkpt lat="43.87268" lon="18.55902">
        <ele>854.1</ele>
      </trkpt>
      <trkpt lat="43.87266" lon="18.55877">
        <ele>853.9</ele>
      </trkpt>
      <trkpt lat="43.87254" lon="18.55816">
        <ele>852.8</ele>
      </trkpt>
      <trkpt lat="43.87245" lon="18.55785">
        <ele>851.8</ele>
      </trkpt>
      <trkpt lat="43.87235" lon="18.55764">
        <ele>850.5</ele>
      </trkpt>
      <trkpt lat="43.87226" lon="18.5575">
        <ele>849.3</ele>
      </trkpt>
      <trkpt lat="43.87201" lon="18.55719">
        <ele>844.7</ele>
      </trkpt>
      <trkpt lat="43.87177" lon="18.55696">
        <ele>840.8</ele>
      </trkpt>
      <trkpt lat="43.87107" lon="18.55652">
        <ele>837.0</ele>
      </trkpt>
      <trkpt lat="43.87038" lon="18.55609">
        <ele>836.0</ele>
      </trkpt>
      <trkpt lat="43.86962" lon="18.5555">
        <ele>834.0</ele>
      </trkpt>
      <trkpt lat="43.86929" lon="18.55521">
        <ele>832.8</ele>
      </trkpt>
      <trkpt lat="43.86887" lon="18.55477">
        <ele>833.0</ele>
      </trkpt>
      <trkpt lat="43.86847" lon="18.55429">
        <ele>834.0</ele>
      </trkpt>
      <trkpt lat="43.86807" lon="18.55381">
        <ele>832.2</ele>
      </trkpt>
      <trkpt lat="43.86763" lon="18.55317">
        <ele>828.9</ele>
      </trkpt>
      <trkpt lat="43.86719" lon="18.55254">
        <ele>828.9</ele>
      </trkpt>
      <trkpt lat="43.86676" lon="18.55191">
        <ele>831.7</ele>
      </trkpt>
      <trkpt lat="43.86634" lon="18.55139">
        <ele>833.9</ele>
      </trkpt>
      <trkpt lat="43.86586" lon="18.5509">
        <ele>836.5</ele>
      </trkpt>
      <trkpt lat="43.86538" lon="18.55042">
        <ele>841.2</ele>
      </trkpt>
      <trkpt lat="43.86515" lon="18.55014">
        <ele>839.9</ele>
      </trkpt>
      <trkpt lat="43.86503" lon="18.54988">
        <ele>837.8</ele>
      </trkpt>
      <trkpt lat="43.86493" lon="18.54962">
        <ele>838.7</ele>
      </trkpt>
      <trkpt lat="43.8649" lon="18.54931">
        <ele>839.1</ele>
      </trkpt>
      <trkpt lat="43.86492" lon="18.54897">
        <ele>837.3</ele>
      </trkpt>
      <trkpt lat="43.86501" lon="18.54813">
        <ele>830.1</ele>
      </trkpt>
      <trkpt lat="43.865" lon="18.54777">
        <ele>829.3</ele>
      </trkpt>
      <trkpt lat="43.86493" lon="18.54739">
        <ele>830.9</ele>
      </trkpt>
      <trkpt lat="43.8648" lon="18.54714">
        <ele>832.2</ele>
      </trkpt>
      <trkpt lat="43.86467" lon="18.54692">
        <ele>833.5</ele>
      </trkpt>
      <trkpt lat="43.86446" lon="18.5467">
        <ele>832.8</ele>
      </trkpt>
      <trkpt lat="43.86433" lon="18.5466">
        <ele>832.7</ele>
      </trkpt>
      <trkpt lat="43.86358" lon="18.54615">
        <ele>835.2</ele>
      </trkpt>
      <trkpt lat="43.86296" lon="18.54582">
        <ele>836.4</ele>
      </trkpt>
      <trkpt lat="43.86234" lon="18.5455">
        <ele>844.7</ele>
      </trkpt>
      <trkpt lat="43.86172" lon="18.54517">
        <ele>841.2</ele>
      </trkpt>
      <trkpt lat="43.86142" lon="18.54505">
        <ele>835.3</ele>
      </trkpt>
      <trkpt lat="43.86122" lon="18.54503">
        <ele>833.7</ele>
      </trkpt>
      <trkpt lat="43.861" lon="18.54506">
        <ele>834.3</ele>
      </trkpt>
      <trkpt lat="43.86082" lon="18.54512">
        <ele>836.3</ele>
      </trkpt>
      <trkpt lat="43.86047" lon="18.54528">
        <ele>840.5</ele>
      </trkpt>
      <trkpt lat="43.8602" lon="18.54544">
        <ele>840.7</ele>
      </trkpt>
      <trkpt lat="43.85946" lon="18.54596">
        <ele>830.6</ele>
      </trkpt>
      <trkpt lat="43.8591" lon="18.54626">
        <ele>827.5</ele>
      </trkpt>
      <trkpt lat="43.8588" lon="18.54658">
        <ele>825.3</ele>
      </trkpt>
      <trkpt lat="43.85823" lon="18.54726">
        <ele>823.5</ele>
      </trkpt>
      <trkpt lat="43.85807" lon="18.54743">
        <ele>824.0</ele>
      </trkpt>
      <trkpt lat="43.85794" lon="18.54753">
        <ele>823.4</ele>
      </trkpt>
      <trkpt lat="43.85776" lon="18.5476">
        <ele>822.5</ele>
      </trkpt>
      <trkpt lat="43.85749" lon="18.54759">
        <ele>817.3</ele>
      </trkpt>
      <trkpt lat="43.85736" lon="18.54755">
        <ele>816.6</ele>
      </trkpt>
      <trkpt lat="43.85693" lon="18.54733">
        <ele>817.4</ele>
      </trkpt>
      <trkpt lat="43.8565" lon="18.5471">
        <ele>812.8</ele>
      </trkpt>
      <trkpt lat="43.85627" lon="18.54699">
        <ele>810.3</ele>
      </trkpt>
      <trkpt lat="43.85602" lon="18.5469">
        <ele>807.8</ele>
      </trkpt>
      <trkpt lat="43.85572" lon="18.54689">
        <ele>804.8</ele>
      </trkpt>
      <trkpt lat="43.85523" lon="18.54707">
        <ele>803.7</ele>
      </trkpt>
      <trkpt lat="43.85499" lon="18.5472">
        <ele>801.2</ele>
      </trkpt>
      <trkpt lat="43.85464" lon="18.54734">
        <ele>799.0</ele>
      </trkpt>
      <trkpt lat="43.85448" lon="18.54735">
        <ele>798.6</ele>
      </trkpt>
      <trkpt lat="43.85432" lon="18.54733">
        <ele>798.5</ele>
      </trkpt>
      <trkpt lat="43.85415" lon="18.54724">
        <ele>799.3</ele>
      </trkpt>
      <trkpt lat="43.85401" lon="18.5471">
        <ele>799.5</ele>
      </trkpt>
      <trkpt lat="43.85389" lon="18.54692">
        <ele>799.7</ele>
      </trkpt>
      <trkpt lat="43.85353" lon="18.54593">
        <ele>801.2</ele>
      </trkpt>
      <trkpt lat="43.85342" lon="18.54569">
        <ele>799.7</ele>
      </trkpt>
      <trkpt lat="43.85331" lon="18.54546">
        <ele>798.3</ele>
      </trkpt>
      <trkpt lat="43.85315" lon="18.54522">
        <ele>797.9</ele>
      </trkpt>
      <trkpt lat="43.85292" lon="18.5449">
        <ele>796.6</ele>
      </trkpt>
      <trkpt lat="43.85261" lon="18.54457">
        <ele>793.5</ele>
      </trkpt>
      <trkpt lat="43.85216" lon="18.54419">
        <ele>791.4</ele>
      </trkpt>
      <trkpt lat="43.85204" lon="18.54405">
        <ele>791.3</ele>
      </trkpt>
      <trkpt lat="43.85194" lon="18.54389">
        <ele>791.2</ele>
      </trkpt>
      <trkpt lat="43.85182" lon="18.54359">
        <ele>791.1</ele>
      </trkpt>
      <trkpt lat="43.85175" lon="18.54335">
        <ele>791.1</ele>
      </trkpt>
      <trkpt lat="43.85165" lon="18.5428">
        <ele>789.9</ele>
      </trkpt>
      <trkpt lat="43.85158" lon="18.54226">
        <ele>789.4</ele>
      </trkpt>
      <trkpt lat="43.85154" lon="18.54206">
        <ele>789.2</ele>
      </trkpt>
      <trkpt lat="43.85148" lon="18.54187">
        <ele>789.0</ele>
      </trkpt>
      <trkpt lat="43.85138" lon="18.54165">
        <ele>788.6</ele>
      </trkpt>
      <trkpt lat="43.85126" lon="18.54145">
        <ele>788.6</ele>
      </trkpt>
      <trkpt lat="43.85102" lon="18.54108">
        <ele>788.6</ele>
      </trkpt>
      <trkpt lat="43.85094" lon="18.54097">
        <ele>788.6</ele>
      </trkpt>
      <trkpt lat="43.85089" lon="18.54077">
        <ele>788.7</ele>
      </trkpt>
      <trkpt lat="43.85083" lon="18.54035">
        <ele>788.0</ele>
      </trkpt>
      <trkpt lat="43.85085" lon="18.5397">
        <ele>786.6</ele>
      </trkpt>
      <trkpt lat="43.85087" lon="18.53906">
        <ele>786.5</ele>
      </trkpt>
      <trkpt lat="43.85092" lon="18.538">
        <ele>793.1</ele>
      </trkpt>
      <trkpt lat="43.85097" lon="18.53695">
        <ele>799.8</ele>
      </trkpt>
      <trkpt lat="43.8511" lon="18.53591">
        <ele>803.6</ele>
      </trkpt>
      <trkpt lat="43.85132" lon="18.53498">
        <ele>798.7</ele>
      </trkpt>
      <trkpt lat="43.85145" lon="18.53456">
        <ele>795.4</ele>
      </trkpt>
      <trkpt lat="43.85177" lon="18.53371">
        <ele>789.1</ele>
      </trkpt>
      <trkpt lat="43.8521" lon="18.53286">
        <ele>788.2</ele>
      </trkpt>
      <trkpt lat="43.85237" lon="18.53184">
        <ele>788.0</ele>
      </trkpt>
      <trkpt lat="43.85253" lon="18.53089">
        <ele>788.4</ele>
      </trkpt>
      <trkpt lat="43.85261" lon="18.53016">
        <ele>793.8</ele>
      </trkpt>
      <trkpt lat="43.85268" lon="18.5293">
        <ele>797.5</ele>
      </trkpt>
      <trkpt lat="43.85274" lon="18.52844">
        <ele>796.0</ele>
      </trkpt>
      <trkpt lat="43.85281" lon="18.52758">
        <ele>790.6</ele>
      </trkpt>
      <trkpt lat="43.85282" lon="18.5271">
        <ele>788.2</ele>
      </trkpt>
      <trkpt lat="43.85281" lon="18.52651">
        <ele>785.1</ele>
      </trkpt>
      <trkpt lat="43.8527" lon="18.5254">
        <ele>781.7</ele>
      </trkpt>
      <trkpt lat="43.85265" lon="18.5251">
        <ele>781.9</ele>
      </trkpt>
      <trkpt lat="43.85248" lon="18.52423">
        <ele>775.9</ele>
      </trkpt>
      <trkpt lat="43.85231" lon="18.52335">
        <ele>781.5</ele>
      </trkpt>
      <trkpt lat="43.85214" lon="18.52247">
        <ele>789.6</ele>
      </trkpt>
      <trkpt lat="43.85207" lon="18.52157">
        <ele>787.3</ele>
      </trkpt>
      <trkpt lat="43.85206" lon="18.52064">
        <ele>786.2</ele>
      </trkpt>
      <trkpt lat="43.85205" lon="18.51971">
        <ele>781.1</ele>
      </trkpt>
      <trkpt lat="43.85201" lon="18.51866">
        <ele>778.8</ele>
      </trkpt>
      <trkpt lat="43.85198" lon="18.51832">
        <ele>778.1</ele>
      </trkpt>
      <trkpt lat="43.85186" lon="18.51727">
        <ele>775.9</ele>
      </trkpt>
      <trkpt lat="43.85174" lon="18.51622">
        <ele>773.6</ele>
      </trkpt>
      <trkpt lat="43.85162" lon="18.51517">
        <ele>771.4</ele>
      </trkpt>
      <trkpt lat="43.85154" lon="18.51446">
        <ele>769.9</ele>
      </trkpt>
      <trkpt lat="43.85145" lon="18.51392">
        <ele>767.2</ele>
      </trkpt>
      <trkpt lat="43.85132" lon="18.51338">
        <ele>763.5</ele>
      </trkpt>
      <trkpt lat="43.85118" lon="18.51287">
        <ele>759.7</ele>
      </trkpt>
      <trkpt lat="43.85107" lon="18.51256">
        <ele>756.8</ele>
      </trkpt>
      <trkpt lat="43.85096" lon="18.51233">
        <ele>752.5</ele>
      </trkpt>
      <trkpt lat="43.85058" lon="18.51173">
        <ele>743.4</ele>
      </trkpt>
      <trkpt lat="43.85008" lon="18.51111">
        <ele>736.9</ele>
      </trkpt>
      <trkpt lat="43.84954" lon="18.51055">
        <ele>733.8</ele>
      </trkpt>
      <trkpt lat="43.84899" lon="18.50999">
        <ele>731.2</ele>
      </trkpt>
      <trkpt lat="43.84845" lon="18.50943">
        <ele>732.8</ele>
      </trkpt>
      <trkpt lat="43.84791" lon="18.50887">
        <ele>733.3</ele>
      </trkpt>
      <trkpt lat="43.8476" lon="18.50851">
        <ele>733.4</ele>
      </trkpt>
      <trkpt lat="43.8473" lon="18.5081">
        <ele>731.5</ele>
      </trkpt>
      <trkpt lat="43.84701" lon="18.50763">
        <ele>728.3</ele>
      </trkpt>
      <trkpt lat="43.84681" lon="18.50725">
        <ele>727.0</ele>
      </trkpt>
      <trkpt lat="43.84635" lon="18.50618">
        <ele>726.7</ele>
      </trkpt>
      <trkpt lat="43.84619" lon="18.50563">
        <ele>725.2</ele>
      </trkpt>
      <trkpt lat="43.84607" lon="18.50505">
        <ele>725.2</ele>
      </trkpt>
      <trkpt lat="43.84595" lon="18.50432">
        <ele>726.5</ele>
      </trkpt>
      <trkpt lat="43.84587" lon="18.50359">
        <ele>727.2</ele>
      </trkpt>
      <trkpt lat="43.84581" lon="18.50244">
        <ele>730.2</ele>
      </trkpt>
      <trkpt lat="43.84579" lon="18.50161">
        <ele>732.3</ele>
      </trkpt>
      <trkpt lat="43.84577" lon="18.50079">
        <ele>730.0</ele>
      </trkpt>
      <trkpt lat="43.84571" lon="18.49986">
        <ele>730.5</ele>
      </trkpt>
      <trkpt lat="43.84559" lon="18.49864">
        <ele>739.6</ele>
      </trkpt>
      <trkpt lat="43.84547" lon="18.49742">
        <ele>739.3</ele>
      </trkpt>
      <trkpt lat="43.8454" lon="18.49701">
        <ele>738.8</ele>
      </trkpt>
      <trkpt lat="43.8453" lon="18.49671">
        <ele>737.4</ele>
      </trkpt>
      <trkpt lat="43.84523" lon="18.49655">
        <ele>738.6</ele>
      </trkpt>
      <trkpt lat="43.84513" lon="18.4964">
        <ele>740.2</ele>
      </trkpt>
      <trkpt lat="43.84489" lon="18.49617">
        <ele>742.6</ele>
      </trkpt>
      <trkpt lat="43.84428" lon="18.49582">
        <ele>750.5</ele>
      </trkpt>
      <trkpt lat="43.84353" lon="18.49547">
        <ele>746.7</ele>
      </trkpt>
      <trkpt lat="43.84278" lon="18.49512">
        <ele>748.4</ele>
      </trkpt>
      <trkpt lat="43.84228" lon="18.49482">
        <ele>749.1</ele>
      </trkpt>
      <trkpt lat="43.84187" lon="18.49448">
        <ele>753.2</ele>
      </trkpt>
      <trkpt lat="43.84119" lon="18.49376">
        <ele>757.6</ele>
      </trkpt>
      <trkpt lat="43.84076" lon="18.49314">
        <ele>756.6</ele>
      </trkpt>
      <trkpt lat="43.84054" lon="18.49274">
        <ele>756.1</ele>
      </trkpt>
      <trkpt lat="43.84035" lon="18.4922">
        <ele>755.5</ele>
      </trkpt>
      <trkpt lat="43.84014" lon="18.49137">
        <ele>754.6</ele>
      </trkpt>
      <trkpt lat="43.84002" lon="18.49056">
        <ele>753.7</ele>
      </trkpt>
      <trkpt lat="43.83997" lon="18.49">
        <ele>753.1</ele>
      </trkpt>
      <trkpt lat="43.83993" lon="18.48922">
        <ele>752.3</ele>
      </trkpt>
      <trkpt lat="43.83994" lon="18.48869">
        <ele>751.7</ele>
      </trkpt>
      <trkpt lat="43.83998" lon="18.48788">
        <ele>750.9</ele>
      </trkpt>
      <trkpt lat="43.84004" lon="18.4875">
        <ele>750.4</ele>
      </trkpt>
      <trkpt lat="43.84015" lon="18.48699">
        <ele>749.9</ele>
      </trkpt>
      <trkpt lat="43.84038" lon="18.48622">
        <ele>749.0</ele>
      </trkpt>
      <trkpt lat="43.84066" lon="18.48551">
        <ele>748.2</ele>
      </trkpt>
      <trkpt lat="43.84095" lon="18.48481">
        <ele>742.4</ele>
      </trkpt>
      <trkpt lat="43.84111" lon="18.48446">
        <ele>740.2</ele>
      </trkpt>
      <trkpt lat="43.84125" lon="18.4841">
        <ele>737.3</ele>
      </trkpt>
      <trkpt lat="43.84138" lon="18.4837">
        <ele>732.6</ele>
      </trkpt>
      <trkpt lat="43.8415" lon="18.48315">
        <ele>726.2</ele>
      </trkpt>
      <trkpt lat="43.84157" lon="18.4826">
        <ele>722.0</ele>
      </trkpt>
      <trkpt lat="43.84158" lon="18.4823">
        <ele>721.6</ele>
      </trkpt>
      <trkpt lat="43.84157" lon="18.48115">
        <ele>722.8</ele>
      </trkpt>
      <trkpt lat="43.84159" lon="18.48072">
        <ele>723.3</ele>
      </trkpt>
      <trkpt lat="43.84165" lon="18.48022">
        <ele>724.0</ele>
      </trkpt>
      <trkpt lat="43.84176" lon="18.47974">
        <ele>721.8</ele>
      </trkpt>
      <trkpt lat="43.84192" lon="18.47932">
        <ele>719.1</ele>
      </trkpt>
      <trkpt lat="43.84207" lon="18.47907">
        <ele>718.7</ele>
      </trkpt>
      <trkpt lat="43.84224" lon="18.47883">
        <ele>717.1</ele>
      </trkpt>
      <trkpt lat="43.84259" lon="18.47847">
        <ele>717.8</ele>
      </trkpt>
      <trkpt lat="43.84289" lon="18.47821">
        <ele>717.9</ele>
      </trkpt>
      <trkpt lat="43.84328" lon="18.47781">
        <ele>713.4</ele>
      </trkpt>
      <trkpt lat="43.84348" lon="18.47756">
        <ele>711.4</ele>
      </trkpt>
      <trkpt lat="43.84365" lon="18.47727">
        <ele>711.8</ele>
      </trkpt>
      <trkpt lat="43.84379" lon="18.47688">
        <ele>708.3</ele>
      </trkpt>
      <trkpt lat="43.84412" lon="18.4758">
        <ele>698.4</ele>
      </trkpt>
      <trkpt lat="43.84439" lon="18.47504">
        <ele>695.0</ele>
      </trkpt>
      <trkpt lat="43.84448" lon="18.47484">
        <ele>695.2</ele>
      </trkpt>
      <trkpt lat="43.84469" lon="18.47446">
        <ele>696.9</ele>
      </trkpt>
      <trkpt lat="43.84497" lon="18.47404">
        <ele>699.2</ele>
      </trkpt>
      <trkpt lat="43.84541" lon="18.47349">
        <ele>701.8</ele>
      </trkpt>
      <trkpt lat="43.84586" lon="18.47293">
        <ele>701.9</ele>
      </trkpt>
      <trkpt lat="43.8461" lon="18.47248">
        <ele>699.4</ele>
      </trkpt>
      <trkpt lat="43.84628" lon="18.472">
        <ele>700.5</ele>
      </trkpt>
      <trkpt lat="43.84637" lon="18.4717">
        <ele>699.1</ele>
      </trkpt>
      <trkpt lat="43.84656" lon="18.47049">
        <ele>691.7</ele>
      </trkpt>
      <trkpt lat="43.84665" lon="18.47013">
        <ele>690.2</ele>
      </trkpt>
      <trkpt lat="43.8468" lon="18.46969">
        <ele>687.4</ele>
      </trkpt>
      <trkpt lat="43.84697" lon="18.46933">
        <ele>685.9</ele>
      </trkpt>
      <trkpt lat="43.84736" lon="18.46862">
        <ele>680.0</ele>
      </trkpt>
      <trkpt lat="43.84772" lon="18.46809">
        <ele>678.7</ele>
      </trkpt>
      <trkpt lat="43.8482" lon="18.46752">
        <ele>681.9</ele>
      </trkpt>
      <trkpt lat="43.84831" lon="18.46734">
        <ele>682.6</ele>
      </trkpt>
      <trkpt lat="43.84842" lon="18.4671">
        <ele>682.7</ele>
      </trkpt>
      <trkpt lat="43.84855" lon="18.4667">
        <ele>677.7</ele>
      </trkpt>
      <trkpt lat="43.84875" lon="18.46573">
        <ele>666.5</ele>
      </trkpt>
      <trkpt lat="43.84888" lon="18.46544">
        <ele>662.7</ele>
      </trkpt>
      <trkpt lat="43.8491" lon="18.46514">
        <ele>657.8</ele>
      </trkpt>
      <trkpt lat="43.84928" lon="18.46497">
        <ele>654.8</ele>
      </trkpt>
      <trkpt lat="43.84952" lon="18.4648">
        <ele>653.1</ele>
      </trkpt>
      <trkpt lat="43.85004" lon="18.46458">
        <ele>653.3</ele>
      </trkpt>
      <trkpt lat="43.85062" lon="18.46444">
        <ele>654.7</ele>
      </trkpt>
      <trkpt lat="43.85121" lon="18.46431">
        <ele>649.5</ele>
      </trkpt>
      <trkpt lat="43.85201" lon="18.46408">
        <ele>643.3</ele>
      </trkpt>
      <trkpt lat="43.85237" lon="18.46389">
        <ele>640.4</ele>
      </trkpt>
      <trkpt lat="43.85271" lon="18.46359">
        <ele>637.4</ele>
      </trkpt>
      <trkpt lat="43.85299" lon="18.46328">
        <ele>634.7</ele>
      </trkpt>
      <trkpt lat="43.85325" lon="18.4629">
        <ele>631.9</ele>
      </trkpt>
      <trkpt lat="43.85348" lon="18.46241">
        <ele>628.8</ele>
      </trkpt>
      <trkpt lat="43.85363" lon="18.46197">
        <ele>626.1</ele>
      </trkpt>
      <trkpt lat="43.85375" lon="18.46152">
        <ele>623.5</ele>
      </trkpt>
      <trkpt lat="43.85388" lon="18.46087">
        <ele>620.4</ele>
      </trkpt>
      <trkpt lat="43.85401" lon="18.46022">
        <ele>618.6</ele>
      </trkpt>
      <trkpt lat="43.85417" lon="18.45968">
        <ele>616.9</ele>
      </trkpt>
      <trkpt lat="43.85429" lon="18.45941">
        <ele>617.3</ele>
      </trkpt>
      <trkpt lat="43.85444" lon="18.45915">
        <ele>617.8</ele>
      </trkpt>
      <trkpt lat="43.85467" lon="18.45884">
        <ele>615.6</ele>
      </trkpt>
      <trkpt lat="43.85504" lon="18.45848">
        <ele>613.9</ele>
      </trkpt>
      <trkpt lat="43.85542" lon="18.45812">
        <ele>611.3</ele>
      </trkpt>
      <trkpt lat="43.85571" lon="18.4578">
        <ele>607.0</ele>
      </trkpt>
      <trkpt lat="43.85599" lon="18.45736">
        <ele>603.9</ele>
      </trkpt>
      <trkpt lat="43.85614" lon="18.45701">
        <ele>603.0</ele>
      </trkpt>
      <trkpt lat="43.85627" lon="18.45665">
        <ele>600.8</ele>
      </trkpt>
      <trkpt lat="43.85648" lon="18.45591">
        <ele>598.0</ele>
      </trkpt>
      <trkpt lat="43.85664" lon="18.45529">
        <ele>595.7</ele>
      </trkpt>
      <trkpt lat="43.85689" lon="18.45447">
        <ele>592.7</ele>
      </trkpt>
      <trkpt lat="43.85714" lon="18.45374">
        <ele>588.7</ele>
      </trkpt>
      <trkpt lat="43.85738" lon="18.453">
        <ele>583.8</ele>
      </trkpt>
      <trkpt lat="43.85746" lon="18.45268">
        <ele>582.1</ele>
      </trkpt>
      <trkpt lat="43.85752" lon="18.45203">
        <ele>585.6</ele>
      </trkpt>
      <trkpt lat="43.85759" lon="18.4508">
        <ele>592.3</ele>
      </trkpt>
      <trkpt lat="43.85759" lon="18.45062">
        <ele>593.3</ele>
      </trkpt>
      <trkpt lat="43.85754" lon="18.44998">
        <ele>588.3</ele>
      </trkpt>
      <trkpt lat="43.85749" lon="18.44934">
        <ele>583.3</ele>
      </trkpt>
      <trkpt lat="43.85743" lon="18.44867">
        <ele>578.0</ele>
      </trkpt>
      <trkpt lat="43.85738" lon="18.448">
        <ele>572.8</ele>
      </trkpt>
      <trkpt lat="43.85735" lon="18.44767">
        <ele>570.3</ele>
      </trkpt>
      <trkpt lat="43.85733" lon="18.4473">
        <ele>571.7</ele>
      </trkpt>
      <trkpt lat="43.85731" lon="18.44699">
        <ele>572.8</ele>
      </trkpt>
      <trkpt lat="43.85728" lon="18.44635">
        <ele>575.3</ele>
      </trkpt>
      <trkpt lat="43.85729" lon="18.44613">
        <ele>577.3</ele>
      </trkpt>
      <trkpt lat="43.85734" lon="18.4457">
        <ele>581.0</ele>
      </trkpt>
      <trkpt lat="43.85743" lon="18.44538">
        <ele>582.0</ele>
      </trkpt>
      <trkpt lat="43.85761" lon="18.44496">
        <ele>586.2</ele>
      </trkpt>
      <trkpt lat="43.85799" lon="18.44423">
        <ele>587.8</ele>
      </trkpt>
      <trkpt lat="43.85837" lon="18.44351">
        <ele>586.8</ele>
      </trkpt>
      <trkpt lat="43.85864" lon="18.44282">
        <ele>591.2</ele>
      </trkpt>
      <trkpt lat="43.85879" lon="18.44208">
        <ele>587.9</ele>
      </trkpt>
      <trkpt lat="43.8589" lon="18.44142">
        <ele>585.1</ele>
      </trkpt>
      <trkpt lat="43.85899" lon="18.4407">
        <ele>582.0</ele>
      </trkpt>
      <trkpt lat="43.85908" lon="18.43999">
        <ele>579.0</ele>
      </trkpt>
      <trkpt lat="43.85916" lon="18.43951">
        <ele>576.9</ele>
      </trkpt>
      <trkpt lat="43.8593" lon="18.43912">
        <ele>575.1</ele>
      </trkpt>
      <trkpt lat="43.85944" lon="18.43884">
        <ele>573.8</ele>
      </trkpt>
      <trkpt lat="43.8597" lon="18.43849">
        <ele>572.8</ele>
      </trkpt>
      <trkpt lat="43.86009" lon="18.43804">
        <ele>572.0</ele>
      </trkpt>
      <trkpt lat="43.86033" lon="18.43768">
        <ele>571.6</ele>
      </trkpt>
      <trkpt lat="43.86039" lon="18.43748">
        <ele>568.9</ele>
      </trkpt>
      <trkpt lat="43.86042" lon="18.43735">
        <ele>568.9</ele>
      </trkpt>
      <trkpt lat="43.86043" lon="18.43711">
        <ele>567.4</ele>
      </trkpt>
      <trkpt lat="43.86041" lon="18.43695">
        <ele>565.5</ele>
      </trkpt>
      <trkpt lat="43.86036" lon="18.43676">
        <ele>562.7</ele>
      </trkpt>
      <trkpt lat="43.86031" lon="18.43663">
        <ele>561.2</ele>
      </trkpt>
      <trkpt lat="43.86019" lon="18.43644">
        <ele>560.4</ele>
      </trkpt>
      <trkpt lat="43.86" lon="18.43627">
        <ele>557.8</ele>
      </trkpt>
      <trkpt lat="43.85959" lon="18.43596">
        <ele>558.3</ele>
      </trkpt>
      <trkpt lat="43.85946" lon="18.4358">
        <ele>557.1</ele>
      </trkpt>
      <trkpt lat="43.85936" lon="18.43545">
        <ele>554.9</ele>
      </trkpt>
      <trkpt lat="43.85928" lon="18.43485">
        <ele>552.0</ele>
      </trkpt>
      <trkpt lat="43.85919" lon="18.43448">
        <ele>550.4</ele>
      </trkpt>
      <trkpt lat="43.85912" lon="18.43426">
        <ele>550.0</ele>
      </trkpt>
      <trkpt lat="43.85912" lon="18.43404">
        <ele>550.1</ele>
      </trkpt>
      <trkpt lat="43.85917" lon="18.43388">
        <ele>550.4</ele>
      </trkpt>
      <trkpt lat="43.85949" lon="18.4332">
        <ele>554.1</ele>
      </trkpt>
      <trkpt lat="43.85969" lon="18.43205">
        <ele>552.3</ele>
      </trkpt>
      <trkpt lat="43.86011" lon="18.43104">
        <ele>553.1</ele>
      </trkpt>
      <trkpt lat="43.86012" lon="18.43078">
        <ele>553.5</ele>
      </trkpt>
      <trkpt lat="43.8601" lon="18.43001">
        <ele>556.4</ele>
      </trkpt>
      <trkpt lat="43.86008" lon="18.42924">
        <ele>554.6</ele>
      </trkpt>
      <trkpt lat="43.86004" lon="18.42841">
        <ele>553.4</ele>
      </trkpt>
      <trkpt lat="43.86001" lon="18.42758">
        <ele>553.1</ele>
      </trkpt>
      <trkpt lat="43.85992" lon="18.42682">
        <ele>555.4</ele>
      </trkpt>
      <trkpt lat="43.85984" lon="18.42607">
        <ele>557.1</ele>
      </trkpt>
      <trkpt lat="43.85977" lon="18.42572">
        <ele>557.2</ele>
      </trkpt>
      <trkpt lat="43.85953" lon="18.42475">
        <ele>554.1</ele>
      </trkpt>
      <trkpt lat="43.85948" lon="18.42448">
        <ele>553.1</ele>
      </trkpt>
      <trkpt lat="43.8593" lon="18.42345">
        <ele>551.5</ele>
      </trkpt>
      <trkpt lat="43.85912" lon="18.42242">
        <ele>550.3</ele>
      </trkpt>
      <trkpt lat="43.85902" lon="18.42206">
        <ele>551.1</ele>
      </trkpt>
      <trkpt lat="43.8589" lon="18.4218">
        <ele>551.5</ele>
      </trkpt>
      <trkpt lat="43.85886" lon="18.42164">
        <ele>551.6</ele>
      </trkpt>
      <trkpt lat="43.85883" lon="18.42143">
        <ele>551.5</ele>
      </trkpt>
      <trkpt lat="43.85884" lon="18.42025">
        <ele>548.7</ele>
      </trkpt>
      <trkpt lat="43.85886" lon="18.41931">
        <ele>547.4</ele>
      </trkpt>
      <trkpt lat="43.85888" lon="18.41837">
        <ele>546.7</ele>
      </trkpt>
      <trkpt lat="43.85894" lon="18.41718">
        <ele>544.8</ele>
      </trkpt>
      <trkpt lat="43.85895" lon="18.41655">
        <ele>544.6</ele>
      </trkpt>
      <trkpt lat="43.85897" lon="18.41593">
        <ele>544.3</ele>
      </trkpt>
      <trkpt lat="43.85896" lon="18.4154">
        <ele>546.2</ele>
      </trkpt>
      <trkpt lat="43.85893" lon="18.41522">
        <ele>547.1</ele>
      </trkpt>
      <trkpt lat="43.85871" lon="18.41434">
        <ele>547.1</ele>
      </trkpt>
      <trkpt lat="43.85853" lon="18.41351">
        <ele>544.7</ele>
      </trkpt>
      <trkpt lat="43.85835" lon="18.41268">
        <ele>543.1</ele>
      </trkpt>
      <trkpt lat="43.85827" lon="18.41236">
        <ele>543.6</ele>
      </trkpt>
      <trkpt lat="43.85823" lon="18.41227">
        <ele>543.9</ele>
      </trkpt>
      <trkpt lat="43.858" lon="18.41216">
        <ele>544.3</ele>
      </trkpt>
      <trkpt lat="43.85786" lon="18.41204">
        <ele>544.6</ele>
      </trkpt>
      <trkpt lat="43.85767" lon="18.41179">
        <ele>545.0</ele>
      </trkpt>
      <trkpt lat="43.85742" lon="18.41131">
        <ele>544.2</ele>
      </trkpt>
      <trkpt lat="43.85711" lon="18.41067">
        <ele>544.1</ele>
      </trkpt>
      <trkpt lat="43.8568" lon="18.41003">
        <ele>546.3</ele>
      </trkpt>
      <trkpt lat="43.85639" lon="18.40905">
        <ele>543.9</ele>
      </trkpt>
      <trkpt lat="43.85619" lon="18.40854">
        <ele>541.6</ele>
      </trkpt>
      <trkpt lat="43.85603" lon="18.40802">
        <ele>539.8</ele>
      </trkpt>
      <trkpt lat="43.85596" lon="18.40772">
        <ele>538.6</ele>
      </trkpt>
      <trkpt lat="43.85594" lon="18.40747">
        <ele>537.8</ele>
      </trkpt>
      <trkpt lat="43.85591" lon="18.40661">
        <ele>534.3</ele>
      </trkpt>
      <trkpt lat="43.85588" lon="18.40574">
        <ele>534.3</ele>
      </trkpt>
      <trkpt lat="43.85584" lon="18.40476">
        <ele>536.6</ele>
      </trkpt>
      <trkpt lat="43.85579" lon="18.40378">
        <ele>536.6</ele>
      </trkpt>
      <trkpt lat="43.85574" lon="18.40279">
        <ele>533.3</ele>
      </trkpt>
      <trkpt lat="43.85571" lon="18.40188">
        <ele>531.4</ele>
      </trkpt>
      <trkpt lat="43.85571" lon="18.40089">
        <ele>530.5</ele>
      </trkpt>
      <trkpt lat="43.85571" lon="18.39991">
        <ele>530.0</ele>
      </trkpt>
      <trkpt lat="43.85568" lon="18.3987">
        <ele>530.5</ele>
      </trkpt>
      <trkpt lat="43.85562" lon="18.39771">
        <ele>531.3</ele>
      </trkpt>
      <trkpt lat="43.85555" lon="18.39671">
        <ele>530.1</ele>
      </trkpt>
      <trkpt lat="43.85547" lon="18.39618">
        <ele>529.9</ele>
      </trkpt>
      <trkpt lat="43.85531" lon="18.39548">
        <ele>529.9</ele>
      </trkpt>
      <trkpt lat="43.85519" lon="18.39509">
        <ele>529.7</ele>
      </trkpt>
      <trkpt lat="43.85489" lon="18.39423">
        <ele>533.3</ele>
      </trkpt>
      <trkpt lat="43.85459" lon="18.39337">
        <ele>531.1</ele>
      </trkpt>
      <trkpt lat="43.85429" lon="18.39252">
        <ele>529.2</ele>
      </trkpt>
      <trkpt lat="43.85407" lon="18.39179">
        <ele>529.8</ele>
      </trkpt>
      <trkpt lat="43.85385" lon="18.39107">
        <ele>531.5</ele>
      </trkpt>
      <trkpt lat="43.85373" lon="18.39061">
        <ele>532.2</ele>
      </trkpt>
      <trkpt lat="43.8536" lon="18.38994">
        <ele>532.4</ele>
      </trkpt>
      <trkpt lat="43.85347" lon="18.38928">
        <ele>529.6</ele>
      </trkpt>
      <trkpt lat="43.85328" lon="18.38826">
        <ele>529.9</ele>
      </trkpt>
      <trkpt lat="43.85309" lon="18.38725">
        <ele>530.4</ele>
      </trkpt>
      <trkpt lat="43.8529" lon="18.38624">
        <ele>530.2</ele>
      </trkpt>
      <trkpt lat="43.85272" lon="18.38522">
        <ele>525.8</ele>
      </trkpt>
      <trkpt lat="43.85249" lon="18.38408">
        <ele>527.2</ele>
      </trkpt>
      <trkpt lat="43.85226" lon="18.38293">
        <ele>529.5</ele>
      </trkpt>
      <trkpt lat="43.85203" lon="18.38178">
        <ele>525.9</ele>
      </trkpt>
      <trkpt lat="43.85197" lon="18.38135">
        <ele>523.7</ele>
      </trkpt>
      <trkpt lat="43.85186" lon="18.38028">
        <ele>521.4</ele>
      </trkpt>
      <trkpt lat="43.85176" lon="18.37922">
        <ele>522.2</ele>
      </trkpt>
      <trkpt lat="43.8517" lon="18.37887">
        <ele>522.8</ele>
      </trkpt>
      <trkpt lat="43.85165" lon="18.37869">
        <ele>523.1</ele>
      </trkpt>
      <trkpt lat="43.85146" lon="18.37814">
        <ele>523.2</ele>
      </trkpt>
      <trkpt lat="43.85123" lon="18.37738">
        <ele>521.9</ele>
      </trkpt>
      <trkpt lat="43.85109" lon="18.37665">
        <ele>520.8</ele>
      </trkpt>
      <trkpt lat="43.851" lon="18.37589">
        <ele>520.4</ele>
      </trkpt>
      <trkpt lat="43.85096" lon="18.37506">
        <ele>519.8</ele>
      </trkpt>
      <trkpt lat="43.85092" lon="18.37423">
        <ele>521.1</ele>
      </trkpt>
      <trkpt lat="43.85086" lon="18.37367">
        <ele>520.5</ele>
      </trkpt>
      <trkpt lat="43.85072" lon="18.37293">
        <ele>519.4</ele>
      </trkpt>
      <trkpt lat="43.85062" lon="18.3725">
        <ele>518.7</ele>
      </trkpt>
      <trkpt lat="43.85052" lon="18.37218">
        <ele>519.2</ele>
      </trkpt>
      <trkpt lat="43.8504" lon="18.37188">
        <ele>519.6</ele>
      </trkpt>
      <trkpt lat="43.8502" lon="18.37157">
        <ele>520.1</ele>
      </trkpt>
      <trkpt lat="43.85002" lon="18.37119">
        <ele>520.6</ele>
      </trkpt>
      <trkpt lat="43.8499" lon="18.37074">
        <ele>520.5</ele>
      </trkpt>
      <trkpt lat="43.84975" lon="18.36978">
        <ele>521.4</ele>
      </trkpt>
      <trkpt lat="43.8496" lon="18.36882">
        <ele>521.1</ele>
      </trkpt>
      <trkpt lat="43.84945" lon="18.36786">
        <ele>518.3</ele>
      </trkpt>
      <trkpt lat="43.8493" lon="18.3669">
        <ele>515.2</ele>
      </trkpt>
      <trkpt lat="43.85005" lon="18.36669">
        <ele>516.4</ele>
      </trkpt>
      <trkpt lat="43.8508" lon="18.36648">
        <ele>519.9</ele>
      </trkpt>
      <trkpt lat="43.85087" lon="18.36649">
        <ele>520.0</ele>
      </trkpt>
      <trkpt lat="43.85094" lon="18.36645">
        <ele>519.7</ele>
      </trkpt>
      <trkpt lat="43.85098" lon="18.36636">
        <ele>519.2</ele>
      </trkpt>
      <trkpt lat="43.85162" lon="18.36607">
        <ele>517.3</ele>
      </trkpt>
      <trkpt lat="43.85169" lon="18.36598">
        <ele>517.2</ele>
      </trkpt>
      <trkpt lat="43.85226" lon="18.36566">
        <ele>517.9</ele>
      </trkpt>
      <trkpt lat="43.85284" lon="18.36534">
        <ele>518.9</ele>
      </trkpt>
      <trkpt lat="43.85354" lon="18.36498">
        <ele>518.8</ele>
      </trkpt>
      <trkpt lat="43.85362" lon="18.36497">
        <ele>519.1</ele>
      </trkpt>
      <trkpt lat="43.85373" lon="18.36502">
        <ele>519.5</ele>
      </trkpt>
      <trkpt lat="43.85383" lon="18.36506">
        <ele>520.0</ele>
      </trkpt>
      <trkpt lat="43.85388" lon="18.36505">
        <ele>520.1</ele>
      </trkpt>
      <trkpt lat="43.85397" lon="18.36497">
        <ele>520.4</ele>
      </trkpt>
      <trkpt lat="43.854" lon="18.36484">
        <ele>520.9</ele>
      </trkpt>
      <trkpt lat="43.85397" lon="18.36472">
        <ele>521.1</ele>
      </trkpt>
      <trkpt lat="43.85394" lon="18.36466">
        <ele>521.1</ele>
      </trkpt>
      <trkpt lat="43.85389" lon="18.36462">
        <ele>520.9</ele>
      </trkpt>
      <trkpt lat="43.85378" lon="18.36457">
        <ele>520.4</ele>
      </trkpt>
      <trkpt lat="43.8537" lon="18.36448">
        <ele>520.1</ele>
      </trkpt>
      <trkpt lat="43.85339" lon="18.36365">
        <ele>520.4</ele>
      </trkpt>
      <trkpt lat="43.85308" lon="18.36282">
        <ele>523.2</ele>
      </trkpt>
      <trkpt lat="43.85293" lon="18.36237">
        <ele>524.2</ele>
      </trkpt>
      <trkpt lat="43.8527" lon="18.36163">
        <ele>523.3</ele>
      </trkpt>
      <trkpt lat="43.85255" lon="18.36091">
        <ele>524.2</ele>
      </trkpt>
      <trkpt lat="43.85246" lon="18.36025">
        <ele>525.1</ele>
      </trkpt>
      <trkpt lat="43.85237" lon="18.35934">
        <ele>526.3</ele>
      </trkpt>
      <trkpt lat="43.8523" lon="18.35849">
        <ele>526.5</ele>
      </trkpt>
      <trkpt lat="43.85221" lon="18.35774">
        <ele>527.4</ele>
      </trkpt>
      <trkpt lat="43.85213" lon="18.357">
        <ele>526.1</ele>
      </trkpt>
      <trkpt lat="43.85208" lon="18.35633">
        <ele>524.8</ele>
      </trkpt>
      <trkpt lat="43.85196" lon="18.35517">
        <ele>525.0</ele>
      </trkpt>
      <trkpt lat="43.85193" lon="18.35467">
        <ele>523.9</ele>
      </trkpt>
      <trkpt lat="43.85192" lon="18.35423">
        <ele>522.2</ele>
      </trkpt>
      <trkpt lat="43.85194" lon="18.35367">
        <ele>521.7</ele>
      </trkpt>
      <trkpt lat="43.85195" lon="18.35279">
        <ele>522.3</ele>
      </trkpt>
      <trkpt lat="43.85196" lon="18.35191">
        <ele>522.8</ele>
      </trkpt>
      <trkpt lat="43.85197" lon="18.35103">
        <ele>523.1</ele>
      </trkpt>
      <trkpt lat="43.85197" lon="18.35014">
        <ele>524.4</ele>
      </trkpt>
      <trkpt lat="43.85197" lon="18.34926">
        <ele>524.7</ele>
      </trkpt>
      <trkpt lat="43.85197" lon="18.34837">
        <ele>523.9</ele>
      </trkpt>
      <trkpt lat="43.852" lon="18.34803">
        <ele>523.8</ele>
      </trkpt>
      <trkpt lat="43.85199" lon="18.34784">
        <ele>522.9</ele>
      </trkpt>
      <trkpt lat="43.85195" lon="18.34768">
        <ele>521.3</ele>
      </trkpt>
      <trkpt lat="43.85189" lon="18.34754">
        <ele>519.5</ele>
      </trkpt>
      <trkpt lat="43.85187" lon="18.3474">
        <ele>518.7</ele>
      </trkpt>
      <trkpt lat="43.85195" lon="18.34627">
        <ele>517.9</ele>
      </trkpt>
      <trkpt lat="43.85193" lon="18.34588">
        <ele>517.0</ele>
      </trkpt>
      <trkpt lat="43.85187" lon="18.34547">
        <ele>516.0</ele>
      </trkpt>
      <trkpt lat="43.85186" lon="18.34534">
        <ele>515.8</ele>
      </trkpt>
      <trkpt lat="43.85187" lon="18.345">
        <ele>515.5</ele>
      </trkpt>
      <trkpt lat="43.85201" lon="18.34444">
        <ele>516.5</ele>
      </trkpt>
      <trkpt lat="43.85206" lon="18.34436">
        <ele>516.8</ele>
      </trkpt>
      <trkpt lat="43.85214" lon="18.34378">
        <ele>517.7</ele>
      </trkpt>
      <trkpt lat="43.85217" lon="18.34333">
        <ele>518.4</ele>
      </trkpt>
      <trkpt lat="43.85219" lon="18.34214">
        <ele>515.8</ele>
      </trkpt>
      <trkpt lat="43.85223" lon="18.34118">
        <ele>514.5</ele>
      </trkpt>
      <trkpt lat="43.85227" lon="18.34022">
        <ele>515.3</ele>
      </trkpt>
      <trkpt lat="43.85231" lon="18.33926">
        <ele>515.3</ele>
      </trkpt>
      <trkpt lat="43.85241" lon="18.33854">
        <ele>514.8</ele>
      </trkpt>
      <trkpt lat="43.85241" lon="18.33829">
        <ele>514.3</ele>
      </trkpt>
      <trkpt lat="43.85238" lon="18.338">
        <ele>513.4</ele>
      </trkpt>
      <trkpt lat="43.85238" lon="18.33775">
        <ele>512.8</ele>
      </trkpt>
      <trkpt lat="43.85241" lon="18.33767">
        <ele>512.8</ele>
      </trkpt>
      <trkpt lat="43.85241" lon="18.33752">
        <ele>512.5</ele>
      </trkpt>
      <trkpt lat="43.85239" lon="18.33746">
        <ele>512.2</ele>
      </trkpt>
      <trkpt lat="43.85233" lon="18.33737">
        <ele>511.5</ele>
      </trkpt>
      <trkpt lat="43.8523" lon="18.33734">
        <ele>511.3</ele>
      </trkpt>
      <trkpt lat="43.85221" lon="18.33731">
        <ele>510.7</ele>
      </trkpt>
      <trkpt lat="43.85214" lon="18.33733">
        <ele>510.3</ele>
      </trkpt>
      <trkpt lat="43.85203" lon="18.33723">
        <ele>509.4</ele>
      </trkpt>
      <trkpt lat="43.85185" lon="18.33692">
        <ele>507.6</ele>
      </trkpt>
      <trkpt lat="43.85169" lon="18.33647">
        <ele>506.1</ele>
      </trkpt>
      <trkpt lat="43.85164" lon="18.33609">
        <ele>505.9</ele>
      </trkpt>
      <trkpt lat="43.85162" lon="18.33493">
        <ele>503.7</ele>
      </trkpt>
      <trkpt lat="43.85161" lon="18.33377">
        <ele>501.5</ele>
      </trkpt>
      <trkpt lat="43.8516" lon="18.33261">
        <ele>502.0</ele>
      </trkpt>
      <trkpt lat="43.85159" lon="18.33145">
        <ele>504.3</ele>
      </trkpt>
      <trkpt lat="43.85158" lon="18.33029">
        <ele>504.4</ele>
      </trkpt>
      <trkpt lat="43.85156" lon="18.32913">
        <ele>503.3</ele>
      </trkpt>
      <trkpt lat="43.85156" lon="18.328">
        <ele>502.3</ele>
      </trkpt>
      <trkpt lat="43.85155" lon="18.32686">
        <ele>501.2</ele>
      </trkpt>
      <trkpt lat="43.85154" lon="18.32573">
        <ele>500.2</ele>
      </trkpt>
      <trkpt lat="43.85154" lon="18.3246">
        <ele>499.2</ele>
      </trkpt>
      <trkpt lat="43.85153" lon="18.32347">
        <ele>498.2</ele>
      </trkpt>
      <trkpt lat="43.85152" lon="18.32234">
        <ele>497.1</ele>
      </trkpt>
      <trkpt lat="43.85152" lon="18.3212">
        <ele>496.1</ele>
      </trkpt>
      <trkpt lat="43.85155" lon="18.32015">
        <ele>495.1</ele>
      </trkpt>
      <trkpt lat="43.85159" lon="18.31962">
        <ele>494.7</ele>
      </trkpt>
      <trkpt lat="43.8517" lon="18.31871">
        <ele>493.8</ele>
      </trkpt>
      <trkpt lat="43.85187" lon="18.31766">
        <ele>492.9</ele>
      </trkpt>
      <trkpt lat="43.85202" lon="18.31703">
        <ele>490.7</ele>
      </trkpt>
      <trkpt lat="43.85228" lon="18.31628">
        <ele>491.0</ele>
      </trkpt>
      <trkpt lat="43.85254" lon="18.31554">
        <ele>492.5</ele>
      </trkpt>
      <trkpt lat="43.85279" lon="18.31492">
        <ele>490.9</ele>
      </trkpt>
      <trkpt lat="43.85293" lon="18.31462">
        <ele>490.0</ele>
      </trkpt>
      <trkpt lat="43.85307" lon="18.31433">
        <ele>488.6</ele>
      </trkpt>
      <trkpt lat="43.85337" lon="18.31379">
        <ele>482.3</ele>
      </trkpt>
      <trkpt lat="43.85372" lon="18.31322">
        <ele>484.5</ele>
      </trkpt>
      <trkpt lat="43.85402" lon="18.31277">
        <ele>492.5</ele>
      </trkpt>
      <trkpt lat="43.85458" lon="18.31201">
        <ele>492.8</ele>
      </trkpt>
      <trkpt lat="43.85503" lon="18.31149">
        <ele>492.8</ele>
      </trkpt>
      <trkpt lat="43.85552" lon="18.311">
        <ele>490.9</ele>
      </trkpt>
      <trkpt lat="43.85589" lon="18.31067">
        <ele>491.2</ele>
      </trkpt>
      <trkpt lat="43.85663" lon="18.31004">
        <ele>488.1</ele>
      </trkpt>
      <trkpt lat="43.85737" lon="18.3094">
        <ele>491.0</ele>
      </trkpt>
      <trkpt lat="43.85811" lon="18.30877">
        <ele>488.2</ele>
      </trkpt>
      <trkpt lat="43.85885" lon="18.30813">
        <ele>488.0</ele>
      </trkpt>
      <trkpt lat="43.85958" lon="18.3075">
        <ele>485.5</ele>
      </trkpt>
      <trkpt lat="43.86032" lon="18.30686">
        <ele>485.2</ele>
      </trkpt>
      <trkpt lat="43.86106" lon="18.30623">
        <ele>484.5</ele>
      </trkpt>
      <trkpt lat="43.8618" lon="18.30559">
        <ele>486.6</ele>
      </trkpt>
      <trkpt lat="43.86254" lon="18.30496">
        <ele>487.5</ele>
      </trkpt>
      <trkpt lat="43.86328" lon="18.30432">
        <ele>484.3</ele>
      </trkpt>
      <trkpt lat="43.86401" lon="18.30369">
        <ele>485.7</ele>
      </trkpt>
      <trkpt lat="43.86475" lon="18.30305">
        <ele>485.0</ele>
      </trkpt>
      <trkpt lat="43.86549" lon="18.30242">
        <ele>486.1</ele>
      </trkpt>
      <trkpt lat="43.86623" lon="18.30178">
        <ele>487.4</ele>
      </trkpt>
      <trkpt lat="43.86697" lon="18.30115">
        <ele>484.5</ele>
      </trkpt>
      <trkpt lat="43.86766" lon="18.30054">
        <ele>483.6</ele>
      </trkpt>
      <trkpt lat="43.86834" lon="18.29993">
        <ele>482.1</ele>
      </trkpt>
      <trkpt lat="43.86903" lon="18.29932">
        <ele>482.9</ele>
      </trkpt>
      <trkpt lat="43.86972" lon="18.29871">
        <ele>482.6</ele>
      </trkpt>
      <trkpt lat="43.8704" lon="18.2981">
        <ele>480.7</ele>
      </trkpt>
      <trkpt lat="43.87109" lon="18.29749">
        <ele>481.0</ele>
      </trkpt>
      <trkpt lat="43.87155" lon="18.29698">
        <ele>481.3</ele>
      </trkpt>
      <trkpt lat="43.87201" lon="18.29648">
        <ele>481.6</ele>
      </trkpt>
      <trkpt lat="43.87261" lon="18.29586">
        <ele>482.0</ele>
      </trkpt>
      <trkpt lat="43.87321" lon="18.29525">
        <ele>482.3</ele>
      </trkpt>
      <trkpt lat="43.87363" lon="18.29475">
        <ele>482.6</ele>
      </trkpt>
      <trkpt lat="43.87386" lon="18.29444">
        <ele>482.8</ele>
      </trkpt>
      <trkpt lat="43.87403" lon="18.29414">
        <ele>482.9</ele>
      </trkpt>
      <trkpt lat="43.87417" lon="18.29382">
        <ele>483.0</ele>
      </trkpt>
      <trkpt lat="43.87428" lon="18.29349">
        <ele>483.1</ele>
      </trkpt>
      <trkpt lat="43.8744" lon="18.29303">
        <ele>483.3</ele>
      </trkpt>
      <trkpt lat="43.87445" lon="18.2927">
        <ele>483.4</ele>
      </trkpt>
      <trkpt lat="43.87448" lon="18.29228">
        <ele>483.6</ele>
      </trkpt>
      <trkpt lat="43.87448" lon="18.29197">
        <ele>483.7</ele>
      </trkpt>
      <trkpt lat="43.87445" lon="18.29162">
        <ele>483.8</ele>
      </trkpt>
      <trkpt lat="43.87439" lon="18.29125">
        <ele>483.9</ele>
      </trkpt>
      <trkpt lat="43.87422" lon="18.29066">
        <ele>484.2</ele>
      </trkpt>
      <trkpt lat="43.8741" lon="18.29034">
        <ele>484.3</ele>
      </trkpt>
      <trkpt lat="43.87394" lon="18.29005">
        <ele>484.4</ele>
      </trkpt>
      <trkpt lat="43.87364" lon="18.28956">
        <ele>484.6</ele>
      </trkpt>
      <trkpt lat="43.87304" lon="18.2887">
        <ele>485.1</ele>
      </trkpt>
      <trkpt lat="43.87244" lon="18.28783">
        <ele>490.1</ele>
      </trkpt>
      <trkpt lat="43.87209" lon="18.28714">
        <ele>490.5</ele>
      </trkpt>
      <trkpt lat="43.87174" lon="18.28645">
        <ele>488.8</ele>
      </trkpt>
      <trkpt lat="43.87143" lon="18.28591">
        <ele>487.8</ele>
      </trkpt>
      <trkpt lat="43.87113" lon="18.28537">
        <ele>489.0</ele>
      </trkpt>
      <trkpt lat="43.87053" lon="18.28446">
        <ele>489.2</ele>
      </trkpt>
      <trkpt lat="43.87018" lon="18.28402">
        <ele>487.5</ele>
      </trkpt>
      <trkpt lat="43.86983" lon="18.28358">
        <ele>487.2</ele>
      </trkpt>
      <trkpt lat="43.86943" lon="18.28309">
        <ele>486.9</ele>
      </trkpt>
      <trkpt lat="43.86903" lon="18.2826">
        <ele>486.7</ele>
      </trkpt>
      <trkpt lat="43.86841" lon="18.28186">
        <ele>486.3</ele>
      </trkpt>
      <trkpt lat="43.8678" lon="18.28113">
        <ele>485.5</ele>
      </trkpt>
      <trkpt lat="43.86718" lon="18.28039">
        <ele>485.1</ele>
      </trkpt>
      <trkpt lat="43.86656" lon="18.27965">
        <ele>484.1</ele>
      </trkpt>
      <trkpt lat="43.86613" lon="18.27912">
        <ele>484.1</ele>
      </trkpt>
      <trkpt lat="43.8657" lon="18.27859">
        <ele>484.5</ele>
      </trkpt>
      <trkpt lat="43.86528" lon="18.27799">
        <ele>485.3</ele>
      </trkpt>
      <trkpt lat="43.86486" lon="18.27739">
        <ele>485.6</ele>
      </trkpt>
      <trkpt lat="43.86456" lon="18.27686">
        <ele>484.6</ele>
      </trkpt>
      <trkpt lat="43.86427" lon="18.27633">
        <ele>484.3</ele>
      </trkpt>
      <trkpt lat="43.86393" lon="18.27558">
        <ele>483.9</ele>
      </trkpt>
      <trkpt lat="43.8636" lon="18.27484">
        <ele>481.2</ele>
      </trkpt>
      <trkpt lat="43.86332" lon="18.27398">
        <ele>482.7</ele>
      </trkpt>
      <trkpt lat="43.86308" lon="18.27321">
        <ele>481.3</ele>
      </trkpt>
      <trkpt lat="43.86294" lon="18.27264">
        <ele>482.5</ele>
      </trkpt>
      <trkpt lat="43.8628" lon="18.27195">
        <ele>490.4</ele>
      </trkpt>
      <trkpt lat="43.86267" lon="18.27126">
        <ele>500.5</ele>
      </trkpt>
      <trkpt lat="43.86259" lon="18.27076">
        <ele>507.2</ele>
      </trkpt>
      <trkpt lat="43.86253" lon="18.27026">
        <ele>510.3</ele>
      </trkpt>
      <trkpt lat="43.86248" lon="18.26955">
        <ele>510.6</ele>
      </trkpt>
      <trkpt lat="43.86246" lon="18.2684">
        <ele>505.0</ele>
      </trkpt>
      <trkpt lat="43.86244" lon="18.26725">
        <ele>506.5</ele>
      </trkpt>
      <trkpt lat="43.86242" lon="18.26611">
        <ele>514.1</ele>
      </trkpt>
      <trkpt lat="43.86241" lon="18.26496">
        <ele>522.8</ele>
      </trkpt>
      <trkpt lat="43.86239" lon="18.26381">
        <ele>531.2</ele>
      </trkpt>
      <trkpt lat="43.86237" lon="18.26266">
        <ele>540.1</ele>
      </trkpt>
      <trkpt lat="43.86235" lon="18.26152">
        <ele>547.2</ele>
      </trkpt>
      <trkpt lat="43.8623" lon="18.26037">
        <ele>542.6</ele>
      </trkpt>
      <trkpt lat="43.86225" lon="18.25923">
        <ele>540.4</ele>
      </trkpt>
      <trkpt lat="43.8622" lon="18.25809">
        <ele>538.2</ele>
      </trkpt>
      <trkpt lat="43.8621" lon="18.25706">
        <ele>536.3</ele>
      </trkpt>
      <trkpt lat="43.86203" lon="18.25647">
        <ele>534.6</ele>
      </trkpt>
      <trkpt lat="43.86182" lon="18.25536">
        <ele>533.2</ele>
      </trkpt>
      <trkpt lat="43.86166" lon="18.25437">
        <ele>532.5</ele>
      </trkpt>
      <trkpt lat="43.86151" lon="18.25338">
        <ele>531.8</ele>
      </trkpt>
      <trkpt lat="43.86143" lon="18.25265">
        <ele>531.3</ele>
      </trkpt>
      <trkpt lat="43.86136" lon="18.25193">
        <ele>530.8</ele>
      </trkpt>
      <trkpt lat="43.86131" lon="18.25115">
        <ele>530.3</ele>
      </trkpt>
      <trkpt lat="43.86133" lon="18.25001">
        <ele>529.5</ele>
      </trkpt>
      <trkpt lat="43.86138" lon="18.24928">
        <ele>529.0</ele>
      </trkpt>
      <trkpt lat="43.86143" lon="18.24854">
        <ele>528.5</ele>
      </trkpt>
      <trkpt lat="43.86153" lon="18.24781">
        <ele>528.1</ele>
      </trkpt>
      <trkpt lat="43.86164" lon="18.24709">
        <ele>530.3</ele>
      </trkpt>
      <trkpt lat="43.86179" lon="18.24638">
        <ele>529.0</ele>
      </trkpt>
      <trkpt lat="43.86193" lon="18.24567">
        <ele>524.6</ele>
      </trkpt>
      <trkpt lat="43.86211" lon="18.24503">
        <ele>525.5</ele>
      </trkpt>
      <trkpt lat="43.86235" lon="18.24437">
        <ele>532.1</ele>
      </trkpt>
      <trkpt lat="43.86259" lon="18.24371">
        <ele>532.9</ele>
      </trkpt>
      <trkpt lat="43.86286" lon="18.24302">
        <ele>534.5</ele>
      </trkpt>
      <trkpt lat="43.86316" lon="18.2423">
        <ele>539.3</ele>
      </trkpt>
      <trkpt lat="43.86346" lon="18.24158">
        <ele>547.3</ele>
      </trkpt>
      <trkpt lat="43.86366" lon="18.24096">
        <ele>548.9</ele>
      </trkpt>
      <trkpt lat="43.86387" lon="18.24034">
        <ele>552.5</ele>
      </trkpt>
      <trkpt lat="43.86402" lon="18.23967">
        <ele>558.1</ele>
      </trkpt>
      <trkpt lat="43.86418" lon="18.239">
        <ele>562.3</ele>
      </trkpt>
      <trkpt lat="43.86428" lon="18.23834">
        <ele>563.3</ele>
      </trkpt>
      <trkpt lat="43.86435" lon="18.23778">
        <ele>563.9</ele>
      </trkpt>
      <trkpt lat="43.8644" lon="18.23694">
        <ele>558.8</ele>
      </trkpt>
      <trkpt lat="43.86439" lon="18.23574">
        <ele>545.4</ele>
      </trkpt>
      <trkpt lat="43.86437" lon="18.23454">
        <ele>548.7</ele>
      </trkpt>
      <trkpt lat="43.86436" lon="18.23333">
        <ele>556.3</ele>
      </trkpt>
      <trkpt lat="43.86432" lon="18.23245">
        <ele>550.1</ele>
      </trkpt>
      <trkpt lat="43.86428" lon="18.23157">
        <ele>547.5</ele>
      </trkpt>
      <trkpt lat="43.86424" lon="18.23071">
        <ele>545.1</ele>
      </trkpt>
      <trkpt lat="43.8642" lon="18.22984">
        <ele>542.6</ele>
      </trkpt>
      <trkpt lat="43.86416" lon="18.22897">
        <ele>540.1</ele>
      </trkpt>
      <trkpt lat="43.86416" lon="18.22793">
        <ele>537.2</ele>
      </trkpt>
      <trkpt lat="43.86419" lon="18.22719">
        <ele>535.1</ele>
      </trkpt>
      <trkpt lat="43.86425" lon="18.22656">
        <ele>533.3</ele>
      </trkpt>
      <trkpt lat="43.86442" lon="18.22558">
        <ele>533.2</ele>
      </trkpt>
      <trkpt lat="43.86457" lon="18.22497">
        <ele>531.8</ele>
      </trkpt>
      <trkpt lat="43.86471" lon="18.22451">
        <ele>531.7</ele>
      </trkpt>
      <trkpt lat="43.86496" lon="18.22379">
        <ele>530.5</ele>
      </trkpt>
      <trkpt lat="43.86515" lon="18.22336">
        <ele>531.1</ele>
      </trkpt>
      <trkpt lat="43.86535" lon="18.22295">
        <ele>533.0</ele>
      </trkpt>
      <trkpt lat="43.86585" lon="18.22209">
        <ele>536.7</ele>
      </trkpt>
      <trkpt lat="43.86632" lon="18.22136">
        <ele>538.3</ele>
      </trkpt>
      <trkpt lat="43.86679" lon="18.22062">
        <ele>539.2</ele>
      </trkpt>
      <trkpt lat="43.86726" lon="18.21989">
        <ele>545.3</ele>
      </trkpt>
      <trkpt lat="43.86769" lon="18.21912">
        <ele>554.1</ele>
      </trkpt>
      <trkpt lat="43.8679" lon="18.21861">
        <ele>555.0</ele>
      </trkpt>
      <trkpt lat="43.86827" lon="18.21755">
        <ele>554.5</ele>
      </trkpt>
      <trkpt lat="43.86845" lon="18.21683">
        <ele>558.0</ele>
      </trkpt>
      <trkpt lat="43.86855" lon="18.21638">
        <ele>558.5</ele>
      </trkpt>
      <trkpt lat="43.86862" lon="18.21601">
        <ele>557.8</ele>
      </trkpt>
      <trkpt lat="43.86872" lon="18.2152">
        <ele>555.2</ele>
      </trkpt>
      <trkpt lat="43.86882" lon="18.21439">
        <ele>555.6</ele>
      </trkpt>
      <trkpt lat="43.86891" lon="18.21377">
        <ele>558.1</ele>
      </trkpt>
      <trkpt lat="43.86904" lon="18.21314">
        <ele>560.8</ele>
      </trkpt>
      <trkpt lat="43.86916" lon="18.21252">
        <ele>562.9</ele>
      </trkpt>
      <trkpt lat="43.86937" lon="18.21159">
        <ele>568.6</ele>
      </trkpt>
      <trkpt lat="43.8695" lon="18.21118">
        <ele>571.8</ele>
      </trkpt>
      <trkpt lat="43.86972" lon="18.21063">
        <ele>575.6</ele>
      </trkpt>
      <trkpt lat="43.86995" lon="18.21007">
        <ele>577.8</ele>
      </trkpt>
      <trkpt lat="43.87025" lon="18.20951">
        <ele>578.4</ele>
      </trkpt>
      <trkpt lat="43.87055" lon="18.20895">
        <ele>574.8</ele>
      </trkpt>
      <trkpt lat="43.8709" lon="18.20824">
        <ele>566.2</ele>
      </trkpt>
      <trkpt lat="43.87125" lon="18.20754">
        <ele>565.9</ele>
      </trkpt>
      <trkpt lat="43.87169" lon="18.20671">
        <ele>565.5</ele>
      </trkpt>
      <trkpt lat="43.87214" lon="18.20589">
        <ele>565.2</ele>
      </trkpt>
      <trkpt lat="43.87265" lon="18.20497">
        <ele>564.8</ele>
      </trkpt>
      <trkpt lat="43.87316" lon="18.20404">
        <ele>564.5</ele>
      </trkpt>
      <trkpt lat="43.87359" lon="18.20327">
        <ele>564.2</ele>
      </trkpt>
      <trkpt lat="43.87401" lon="18.20249">
        <ele>562.0</ele>
      </trkpt>
      <trkpt lat="43.87444" lon="18.20171">
        <ele>569.5</ele>
      </trkpt>
      <trkpt lat="43.87494" lon="18.20088">
        <ele>579.7</ele>
      </trkpt>
      <trkpt lat="43.87543" lon="18.19998">
        <ele>580.4</ele>
      </trkpt>
      <trkpt lat="43.87578" lon="18.19927">
        <ele>576.7</ele>
      </trkpt>
      <trkpt lat="43.87606" lon="18.19878">
        <ele>577.5</ele>
      </trkpt>
      <trkpt lat="43.87634" lon="18.19829">
        <ele>579.0</ele>
      </trkpt>
      <trkpt lat="43.87677" lon="18.19743">
        <ele>572.3</ele>
      </trkpt>
      <trkpt lat="43.8771" lon="18.19681">
        <ele>570.7</ele>
      </trkpt>
      <trkpt lat="43.87743" lon="18.19619">
        <ele>571.4</ele>
      </trkpt>
      <trkpt lat="43.87777" lon="18.19559">
        <ele>576.1</ele>
      </trkpt>
      <trkpt lat="43.87803" lon="18.19507">
        <ele>576.6</ele>
      </trkpt>
      <trkpt lat="43.87827" lon="18.19452">
        <ele>576.5</ele>
      </trkpt>
      <trkpt lat="43.87852" lon="18.19397">
        <ele>580.1</ele>
      </trkpt>
      <trkpt lat="43.8787" lon="18.19347">
        <ele>582.5</ele>
      </trkpt>
      <trkpt lat="43.87889" lon="18.19278">
        <ele>582.2</ele>
      </trkpt>
      <trkpt lat="43.87901" lon="18.19232">
        <ele>580.8</ele>
      </trkpt>
      <trkpt lat="43.87922" lon="18.19121">
        <ele>580.4</ele>
      </trkpt>
      <trkpt lat="43.8793" lon="18.19069">
        <ele>581.9</ele>
      </trkpt>
      <trkpt lat="43.87938" lon="18.18988">
        <ele>585.4</ele>
      </trkpt>
      <trkpt lat="43.87944" lon="18.18887">
        <ele>596.2</ele>
      </trkpt>
      <trkpt lat="43.87945" lon="18.18837">
        <ele>601.2</ele>
      </trkpt>
      <trkpt lat="43.87942" lon="18.18777">
        <ele>602.6</ele>
      </trkpt>
      <trkpt lat="43.87937" lon="18.18724">
        <ele>602.2</ele>
      </trkpt>
      <trkpt lat="43.8793" lon="18.18674">
        <ele>599.9</ele>
      </trkpt>
      <trkpt lat="43.87917" lon="18.186">
        <ele>599.4</ele>
      </trkpt>
      <trkpt lat="43.87905" lon="18.18526">
        <ele>600.3</ele>
      </trkpt>
      <trkpt lat="43.87889" lon="18.18463">
        <ele>602.1</ele>
      </trkpt>
      <trkpt lat="43.87873" lon="18.18401">
        <ele>603.9</ele>
      </trkpt>
      <trkpt lat="43.87853" lon="18.18339">
        <ele>605.7</ele>
      </trkpt>
      <trkpt lat="43.87834" lon="18.18284">
        <ele>605.8</ele>
      </trkpt>
      <trkpt lat="43.87798" lon="18.18199">
        <ele>607.6</ele>
      </trkpt>
      <trkpt lat="43.87762" lon="18.18115">
        <ele>610.0</ele>
      </trkpt>
      <trkpt lat="43.87736" lon="18.18056">
        <ele>615.4</ele>
      </trkpt>
      <trkpt lat="43.8771" lon="18.17996">
        <ele>613.9</ele>
      </trkpt>
      <trkpt lat="43.87665" lon="18.17895">
        <ele>611.3</ele>
      </trkpt>
      <trkpt lat="43.8762" lon="18.17793">
        <ele>608.8</ele>
      </trkpt>
      <trkpt lat="43.87576" lon="18.17692">
        <ele>606.2</ele>
      </trkpt>
      <trkpt lat="43.87531" lon="18.17591">
        <ele>603.7</ele>
      </trkpt>
      <trkpt lat="43.87486" lon="18.17489">
        <ele>601.1</ele>
      </trkpt>
      <trkpt lat="43.87442" lon="18.17388">
        <ele>598.6</ele>
      </trkpt>
      <trkpt lat="43.87397" lon="18.17286">
        <ele>596.1</ele>
      </trkpt>
      <trkpt lat="43.87352" lon="18.17185">
        <ele>593.5</ele>
      </trkpt>
      <trkpt lat="43.87308" lon="18.17084">
        <ele>591.0</ele>
      </trkpt>
      <trkpt lat="43.87273" lon="18.17002">
        <ele>589.0</ele>
      </trkpt>
      <trkpt lat="43.87239" lon="18.16921">
        <ele>580.0</ele>
      </trkpt>
      <trkpt lat="43.87204" lon="18.1684">
        <ele>576.2</ele>
      </trkpt>
      <trkpt lat="43.87174" lon="18.16761">
        <ele>576.5</ele>
      </trkpt>
      <trkpt lat="43.87144" lon="18.16682">
        <ele>573.8</ele>
      </trkpt>
      <trkpt lat="43.87111" lon="18.16589">
        <ele>568.5</ele>
      </trkpt>
      <trkpt lat="43.87077" lon="18.16496">
        <ele>570.0</ele>
      </trkpt>
      <trkpt lat="43.87044" lon="18.16392">
        <ele>566.1</ele>
      </trkpt>
      <trkpt lat="43.8701" lon="18.16287">
        <ele>567.6</ele>
      </trkpt>
      <trkpt lat="43.86976" lon="18.16182">
        <ele>573.3</ele>
      </trkpt>
      <trkpt lat="43.86946" lon="18.16083">
        <ele>579.5</ele>
      </trkpt>
      <trkpt lat="43.86915" lon="18.15985">
        <ele>587.5</ele>
      </trkpt>
      <trkpt lat="43.86885" lon="18.15887">
        <ele>585.1</ele>
      </trkpt>
      <trkpt lat="43.86853" lon="18.15788">
        <ele>582.6</ele>
      </trkpt>
      <trkpt lat="43.86822" lon="18.15689">
        <ele>580.2</ele>
      </trkpt>
      <trkpt lat="43.8679" lon="18.1559">
        <ele>577.8</ele>
      </trkpt>
      <trkpt lat="43.86759" lon="18.15491">
        <ele>575.4</ele>
      </trkpt>
      <trkpt lat="43.8673" lon="18.15399">
        <ele>573.2</ele>
      </trkpt>
      <trkpt lat="43.867" lon="18.15307">
        <ele>580.8</ele>
      </trkpt>
      <trkpt lat="43.86671" lon="18.15226">
        <ele>587.3</ele>
      </trkpt>
      <trkpt lat="43.86642" lon="18.15144">
        <ele>587.9</ele>
      </trkpt>
      <trkpt lat="43.86609" lon="18.15059">
        <ele>584.3</ele>
      </trkpt>
      <trkpt lat="43.86575" lon="18.14979">
        <ele>580.4</ele>
      </trkpt>
      <trkpt lat="43.86541" lon="18.14899">
        <ele>574.4</ele>
      </trkpt>
      <trkpt lat="43.86507" lon="18.14825">
        <ele>564.6</ele>
      </trkpt>
      <trkpt lat="43.86475" lon="18.1476">
        <ele>560.7</ele>
      </trkpt>
      <trkpt lat="43.86442" lon="18.14694">
        <ele>555.3</ele>
      </trkpt>
      <trkpt lat="43.86391" lon="18.14602">
        <ele>554.5</ele>
      </trkpt>
      <trkpt lat="43.8634" lon="18.1451">
        <ele>552.4</ele>
      </trkpt>
      <trkpt lat="43.86304" lon="18.1445">
        <ele>552.2</ele>
      </trkpt>
      <trkpt lat="43.86268" lon="18.1439">
        <ele>551.6</ele>
      </trkpt>
      <trkpt lat="43.86233" lon="18.14338">
        <ele>550.8</ele>
      </trkpt>
      <trkpt lat="43.86198" lon="18.14285">
        <ele>553.1</ele>
      </trkpt>
      <trkpt lat="43.86149" lon="18.14219">
        <ele>561.9</ele>
      </trkpt>
      <trkpt lat="43.861" lon="18.14154">
        <ele>571.1</ele>
      </trkpt>
      <trkpt lat="43.8604" lon="18.14082">
        <ele>573.1</ele>
      </trkpt>
      <trkpt lat="43.8598" lon="18.1401">
        <ele>571.1</ele>
      </trkpt>
      <trkpt lat="43.85928" lon="18.13953">
        <ele>566.6</ele>
      </trkpt>
      <trkpt lat="43.85868" lon="18.1389">
        <ele>560.3</ele>
      </trkpt>
      <trkpt lat="43.85797" lon="18.13824">
        <ele>556.7</ele>
      </trkpt>
      <trkpt lat="43.85725" lon="18.13758">
        <ele>554.4</ele>
      </trkpt>
      <trkpt lat="43.85658" lon="18.13698">
        <ele>552.2</ele>
      </trkpt>
      <trkpt lat="43.85591" lon="18.13638">
        <ele>551.3</ele>
      </trkpt>
      <trkpt lat="43.85523" lon="18.13578">
        <ele>553.2</ele>
      </trkpt>
      <trkpt lat="43.85457" lon="18.13523">
        <ele>557.5</ele>
      </trkpt>
      <trkpt lat="43.85391" lon="18.13467">
        <ele>561.8</ele>
      </trkpt>
      <trkpt lat="43.85316" lon="18.13401">
        <ele>563.1</ele>
      </trkpt>
      <trkpt lat="43.85241" lon="18.13336">
        <ele>564.8</ele>
      </trkpt>
      <trkpt lat="43.85166" lon="18.1327">
        <ele>572.0</ele>
      </trkpt>
      <trkpt lat="43.85092" lon="18.13205">
        <ele>573.1</ele>
      </trkpt>
      <trkpt lat="43.85017" lon="18.13139">
        <ele>576.2</ele>
      </trkpt>
      <trkpt lat="43.84942" lon="18.13074">
        <ele>574.9</ele>
      </trkpt>
      <trkpt lat="43.84867" lon="18.13009">
        <ele>571.6</ele>
      </trkpt>
      <trkpt lat="43.84792" lon="18.12943">
        <ele>574.7</ele>
      </trkpt>
      <trkpt lat="43.84718" lon="18.12878">
        <ele>578.3</ele>
      </trkpt>
      <trkpt lat="43.84643" lon="18.12812">
        <ele>577.3</ele>
      </trkpt>
      <trkpt lat="43.84568" lon="18.12747">
        <ele>574.3</ele>
      </trkpt>
      <trkpt lat="43.84493" lon="18.12681">
        <ele>573.7</ele>
      </trkpt>
      <trkpt lat="43.84418" lon="18.12616">
        <ele>574.0</ele>
      </trkpt>
      <trkpt lat="43.84344" lon="18.1255">
        <ele>575.8</ele>
      </trkpt>
      <trkpt lat="43.84269" lon="18.12485">
        <ele>574.2</ele>
      </trkpt>
      <trkpt lat="43.84194" lon="18.1242">
        <ele>575.3</ele>
      </trkpt>
      <trkpt lat="43.8414" lon="18.12367">
        <ele>573.9</ele>
      </trkpt>
      <trkpt lat="43.84087" lon="18.12314">
        <ele>568.4</ele>
      </trkpt>
      <trkpt lat="43.84042" lon="18.12268">
        <ele>569.4</ele>
      </trkpt>
      <trkpt lat="43.83996" lon="18.12221">
        <ele>575.0</ele>
      </trkpt>
      <trkpt lat="43.83932" lon="18.12147">
        <ele>583.2</ele>
      </trkpt>
      <trkpt lat="43.83868" lon="18.12072">
        <ele>585.0</ele>
      </trkpt>
      <trkpt lat="43.83824" lon="18.12014">
        <ele>581.5</ele>
      </trkpt>
      <trkpt lat="43.8378" lon="18.11956">
        <ele>581.5</ele>
      </trkpt>
      <trkpt lat="43.83736" lon="18.11898">
        <ele>582.0</ele>
      </trkpt>
      <trkpt lat="43.8369" lon="18.11828">
        <ele>581.2</ele>
      </trkpt>
      <trkpt lat="43.83643" lon="18.11758">
        <ele>578.3</ele>
      </trkpt>
      <trkpt lat="43.83591" lon="18.11672">
        <ele>567.6</ele>
      </trkpt>
      <trkpt lat="43.8354" lon="18.11585">
        <ele>568.0</ele>
      </trkpt>
      <trkpt lat="43.83497" lon="18.11505">
        <ele>568.4</ele>
      </trkpt>
      <trkpt lat="43.83455" lon="18.11425">
        <ele>568.7</ele>
      </trkpt>
      <trkpt lat="43.83413" lon="18.11345">
        <ele>569.1</ele>
      </trkpt>
      <trkpt lat="43.83377" lon="18.11271">
        <ele>569.5</ele>
      </trkpt>
      <trkpt lat="43.83342" lon="18.11197">
        <ele>579.8</ele>
      </trkpt>
      <trkpt lat="43.833" lon="18.11095">
        <ele>592.0</ele>
      </trkpt>
      <trkpt lat="43.83259" lon="18.10993">
        <ele>593.3</ele>
      </trkpt>
      <trkpt lat="43.83226" lon="18.10896">
        <ele>592.3</ele>
      </trkpt>
      <trkpt lat="43.83193" lon="18.108">
        <ele>597.0</ele>
      </trkpt>
      <trkpt lat="43.83171" lon="18.10735">
        <ele>600.3</ele>
      </trkpt>
      <trkpt lat="43.8315" lon="18.1067">
        <ele>603.5</ele>
      </trkpt>
      <trkpt lat="43.83132" lon="18.10603">
        <ele>606.7</ele>
      </trkpt>
      <trkpt lat="43.83114" lon="18.10535">
        <ele>609.9</ele>
      </trkpt>
      <trkpt lat="43.8309" lon="18.10437">
        <ele>614.6</ele>
      </trkpt>
      <trkpt lat="43.83066" lon="18.10338">
        <ele>619.3</ele>
      </trkpt>
      <trkpt lat="43.83042" lon="18.1024">
        <ele>623.9</ele>
      </trkpt>
      <trkpt lat="43.83018" lon="18.10141">
        <ele>628.6</ele>
      </trkpt>
      <trkpt lat="43.82994" lon="18.10059">
        <ele>632.6</ele>
      </trkpt>
      <trkpt lat="43.82969" lon="18.09986">
        <ele>636.2</ele>
      </trkpt>
      <trkpt lat="43.8294" lon="18.09912">
        <ele>640.0</ele>
      </trkpt>
      <trkpt lat="43.82907" lon="18.09838">
        <ele>643.9</ele>
      </trkpt>
      <trkpt lat="43.82873" lon="18.09767">
        <ele>647.7</ele>
      </trkpt>
      <trkpt lat="43.82834" lon="18.09693">
        <ele>651.9</ele>
      </trkpt>
      <trkpt lat="43.82795" lon="18.09619">
        <ele>656.0</ele>
      </trkpt>
      <trkpt lat="43.82744" lon="18.09537">
        <ele>656.4</ele>
      </trkpt>
      <trkpt lat="43.82709" lon="18.09486">
        <ele>656.7</ele>
      </trkpt>
      <trkpt lat="43.82673" lon="18.09435">
        <ele>657.1</ele>
      </trkpt>
      <trkpt lat="43.82617" lon="18.09362">
        <ele>657.5</ele>
      </trkpt>
      <trkpt lat="43.82554" lon="18.09293">
        <ele>658.0</ele>
      </trkpt>
      <trkpt lat="43.82489" lon="18.09236">
        <ele>658.4</ele>
      </trkpt>
      <trkpt lat="43.82419" lon="18.09189">
        <ele>658.9</ele>
      </trkpt>
      <trkpt lat="43.82349" lon="18.09152">
        <ele>659.4</ele>
      </trkpt>
      <trkpt lat="43.82268" lon="18.09119">
        <ele>659.9</ele>
      </trkpt>
      <trkpt lat="43.82185" lon="18.09095">
        <ele>660.4</ele>
      </trkpt>
      <trkpt lat="43.82106" lon="18.09076">
        <ele>660.8</ele>
      </trkpt>
      <trkpt lat="43.82058" lon="18.09071">
        <ele>661.1</ele>
      </trkpt>
      <trkpt lat="43.8201" lon="18.09066">
        <ele>661.4</ele>
      </trkpt>
      <trkpt lat="43.81923" lon="18.09062">
        <ele>661.9</ele>
      </trkpt>
      <trkpt lat="43.81842" lon="18.09064">
        <ele>662.4</ele>
      </trkpt>
      <trkpt lat="43.81753" lon="18.09072">
        <ele>662.9</ele>
      </trkpt>
      <trkpt lat="43.81665" lon="18.0908">
        <ele>663.5</ele>
      </trkpt>
      <trkpt lat="43.81577" lon="18.09088">
        <ele>664.0</ele>
      </trkpt>
      <trkpt lat="43.81488" lon="18.09096">
        <ele>664.5</ele>
      </trkpt>
      <trkpt lat="43.81431" lon="18.09103">
        <ele>664.9</ele>
      </trkpt>
      <trkpt lat="43.81373" lon="18.0911">
        <ele>665.2</ele>
      </trkpt>
      <trkpt lat="43.81313" lon="18.09113">
        <ele>665.6</ele>
      </trkpt>
      <trkpt lat="43.81253" lon="18.09116">
        <ele>665.9</ele>
      </trkpt>
      <trkpt lat="43.81199" lon="18.09116">
        <ele>666.2</ele>
      </trkpt>
      <trkpt lat="43.81145" lon="18.09116">
        <ele>666.6</ele>
      </trkpt>
      <trkpt lat="43.81064" lon="18.09114">
        <ele>667.0</ele>
      </trkpt>
      <trkpt lat="43.80983" lon="18.09111">
        <ele>667.5</ele>
      </trkpt>
      <trkpt lat="43.80902" lon="18.09109">
        <ele>668.0</ele>
      </trkpt>
      <trkpt lat="43.80821" lon="18.09106">
        <ele>668.5</ele>
      </trkpt>
      <trkpt lat="43.80774" lon="18.09104">
        <ele>668.8</ele>
      </trkpt>
      <trkpt lat="43.80726" lon="18.09101">
        <ele>669.0</ele>
      </trkpt>
      <trkpt lat="43.80674" lon="18.09096">
        <ele>669.4</ele>
      </trkpt>
      <trkpt lat="43.80621" lon="18.09092">
        <ele>669.7</ele>
      </trkpt>
      <trkpt lat="43.80575" lon="18.09084">
        <ele>669.9</ele>
      </trkpt>
      <trkpt lat="43.80529" lon="18.09076">
        <ele>670.2</ele>
      </trkpt>
      <trkpt lat="43.80482" lon="18.09066">
        <ele>670.5</ele>
      </trkpt>
      <trkpt lat="43.80436" lon="18.09057">
        <ele>670.8</ele>
      </trkpt>
      <trkpt lat="43.8035" lon="18.09032">
        <ele>671.3</ele>
      </trkpt>
      <trkpt lat="43.80295" lon="18.09011">
        <ele>671.6</ele>
      </trkpt>
      <trkpt lat="43.8024" lon="18.0899">
        <ele>672.0</ele>
      </trkpt>
      <trkpt lat="43.80184" lon="18.08968">
        <ele>672.3</ele>
      </trkpt>
      <trkpt lat="43.80129" lon="18.08945">
        <ele>672.7</ele>
      </trkpt>
      <trkpt lat="43.80064" lon="18.08912">
        <ele>673.1</ele>
      </trkpt>
      <trkpt lat="43.79999" lon="18.08878">
        <ele>673.5</ele>
      </trkpt>
      <trkpt lat="43.79934" lon="18.08844">
        <ele>673.9</ele>
      </trkpt>
      <trkpt lat="43.79868" lon="18.0881">
        <ele>674.3</ele>
      </trkpt>
      <trkpt lat="43.79817" lon="18.08777">
        <ele>674.7</ele>
      </trkpt>
      <trkpt lat="43.79766" lon="18.08744">
        <ele>667.7</ele>
      </trkpt>
      <trkpt lat="43.79694" lon="18.08694">
        <ele>662.7</ele>
      </trkpt>
      <trkpt lat="43.79638" lon="18.08651">
        <ele>655.8</ele>
      </trkpt>
      <trkpt lat="43.79583" lon="18.08608">
        <ele>651.5</ele>
      </trkpt>
      <trkpt lat="43.79523" lon="18.08554">
        <ele>651.5</ele>
      </trkpt>
      <trkpt lat="43.79466" lon="18.085">
        <ele>652.4</ele>
      </trkpt>
      <trkpt lat="43.7941" lon="18.08445">
        <ele>653.8</ele>
      </trkpt>
      <trkpt lat="43.79355" lon="18.08388">
        <ele>654.8</ele>
      </trkpt>
      <trkpt lat="43.79301" lon="18.0833">
        <ele>654.3</ele>
      </trkpt>
      <trkpt lat="43.79243" lon="18.08261">
        <ele>655.6</ele>
      </trkpt>
      <trkpt lat="43.79185" lon="18.08193">
        <ele>656.0</ele>
      </trkpt>
      <trkpt lat="43.7915" lon="18.08148">
        <ele>656.4</ele>
      </trkpt>
      <trkpt lat="43.79116" lon="18.08104">
        <ele>657.2</ele>
      </trkpt>
      <trkpt lat="43.7906" lon="18.08036">
        <ele>657.9</ele>
      </trkpt>
      <trkpt lat="43.79005" lon="18.07968">
        <ele>660.0</ele>
      </trkpt>
      <trkpt lat="43.78934" lon="18.07895">
        <ele>661.9</ele>
      </trkpt>
      <trkpt lat="43.78863" lon="18.07822">
        <ele>665.7</ele>
      </trkpt>
      <trkpt lat="43.78792" lon="18.07749">
        <ele>667.6</ele>
      </trkpt>
      <trkpt lat="43.78721" lon="18.07676">
        <ele>671.4</ele>
      </trkpt>
      <trkpt lat="43.78673" lon="18.07638">
        <ele>673.4</ele>
      </trkpt>
      <trkpt lat="43.78625" lon="18.076">
        <ele>676.1</ele>
      </trkpt>
      <trkpt lat="43.78566" lon="18.07569">
        <ele>675.9</ele>
      </trkpt>
      <trkpt lat="43.78504" lon="18.07538">
        <ele>676.3</ele>
      </trkpt>
      <trkpt lat="43.78442" lon="18.07508">
        <ele>679.8</ele>
      </trkpt>
      <trkpt lat="43.78399" lon="18.07481">
        <ele>681.1</ele>
      </trkpt>
      <trkpt lat="43.78355" lon="18.07453">
        <ele>681.6</ele>
      </trkpt>
      <trkpt lat="43.78281" lon="18.07395">
        <ele>685.1</ele>
      </trkpt>
      <trkpt lat="43.78214" lon="18.07353">
        <ele>688.0</ele>
      </trkpt>
      <trkpt lat="43.78147" lon="18.07311">
        <ele>693.1</ele>
      </trkpt>
      <trkpt lat="43.78093" lon="18.07274">
        <ele>698.4</ele>
      </trkpt>
      <trkpt lat="43.7804" lon="18.07236">
        <ele>699.8</ele>
      </trkpt>
      <trkpt lat="43.77994" lon="18.07197">
        <ele>704.6</ele>
      </trkpt>
      <trkpt lat="43.77948" lon="18.07159">
        <ele>705.9</ele>
      </trkpt>
      <trkpt lat="43.77925" lon="18.07141">
        <ele>706.6</ele>
      </trkpt>
      <trkpt lat="43.77864" lon="18.07088">
        <ele>708.4</ele>
      </trkpt>
      <trkpt lat="43.77804" lon="18.07022">
        <ele>710.3</ele>
      </trkpt>
      <trkpt lat="43.77764" lon="18.06965">
        <ele>711.8</ele>
      </trkpt>
      <trkpt lat="43.77724" lon="18.06909">
        <ele>713.2</ele>
      </trkpt>
      <trkpt lat="43.77689" lon="18.06855">
        <ele>714.6</ele>
      </trkpt>
      <trkpt lat="43.77654" lon="18.06801">
        <ele>715.9</ele>
      </trkpt>
      <trkpt lat="43.77631" lon="18.06763">
        <ele>716.8</ele>
      </trkpt>
      <trkpt lat="43.77607" lon="18.06709">
        <ele>718.0</ele>
      </trkpt>
      <trkpt lat="43.77583" lon="18.06656">
        <ele>719.3</ele>
      </trkpt>
      <trkpt lat="43.7755" lon="18.06579">
        <ele>725.9</ele>
      </trkpt>
      <trkpt lat="43.77516" lon="18.06502">
        <ele>731.7</ele>
      </trkpt>
      <trkpt lat="43.77483" lon="18.06425">
        <ele>718.4</ele>
      </trkpt>
      <trkpt lat="43.77453" lon="18.06325">
        <ele>720.3</ele>
      </trkpt>
      <trkpt lat="43.77423" lon="18.06225">
        <ele>719.0</ele>
      </trkpt>
      <trkpt lat="43.77398" lon="18.06131">
        <ele>720.0</ele>
      </trkpt>
      <trkpt lat="43.77372" lon="18.06075">
        <ele>720.5</ele>
      </trkpt>
      <trkpt lat="43.77359" lon="18.06051">
        <ele>719.5</ele>
      </trkpt>
      <trkpt lat="43.77339" lon="18.06024">
        <ele>717.4</ele>
      </trkpt>
      <trkpt lat="43.7731" lon="18.05995">
        <ele>715.5</ele>
      </trkpt>
      <trkpt lat="43.7728" lon="18.05971">
        <ele>716.8</ele>
      </trkpt>
      <trkpt lat="43.77211" lon="18.0593">
        <ele>716.4</ele>
      </trkpt>
      <trkpt lat="43.77147" lon="18.05902">
        <ele>719.2</ele>
      </trkpt>
      <trkpt lat="43.77082" lon="18.05873">
        <ele>724.7</ele>
      </trkpt>
      <trkpt lat="43.77018" lon="18.05844">
        <ele>732.6</ele>
      </trkpt>
      <trkpt lat="43.76954" lon="18.05815">
        <ele>731.9</ele>
      </trkpt>
      <trkpt lat="43.76897" lon="18.058">
        <ele>733.5</ele>
      </trkpt>
      <trkpt lat="43.76816" lon="18.05788">
        <ele>735.9</ele>
      </trkpt>
      <trkpt lat="43.76736" lon="18.05777">
        <ele>738.3</ele>
      </trkpt>
      <trkpt lat="43.76656" lon="18.05765">
        <ele>740.6</ele>
      </trkpt>
      <trkpt lat="43.76585" lon="18.05757">
        <ele>742.7</ele>
      </trkpt>
      <trkpt lat="43.76514" lon="18.05749">
        <ele>744.8</ele>
      </trkpt>
      <trkpt lat="43.76469" lon="18.05739">
        <ele>746.1</ele>
      </trkpt>
      <trkpt lat="43.76401" lon="18.05714">
        <ele>748.2</ele>
      </trkpt>
      <trkpt lat="43.76343" lon="18.05679">
        <ele>750.1</ele>
      </trkpt>
      <trkpt lat="43.76302" lon="18.05641">
        <ele>755.9</ele>
      </trkpt>
      <trkpt lat="43.7626" lon="18.05604">
        <ele>761.0</ele>
      </trkpt>
      <trkpt lat="43.76211" lon="18.0555">
        <ele>759.7</ele>
      </trkpt>
      <trkpt lat="43.76174" lon="18.05503">
        <ele>757.9</ele>
      </trkpt>
      <trkpt lat="43.76121" lon="18.0541">
        <ele>762.0</ele>
      </trkpt>
      <trkpt lat="43.76068" lon="18.05318">
        <ele>765.6</ele>
      </trkpt>
      <trkpt lat="43.76015" lon="18.05225">
        <ele>762.8</ele>
      </trkpt>
      <trkpt lat="43.75962" lon="18.05133">
        <ele>765.8</ele>
      </trkpt>
      <trkpt lat="43.75909" lon="18.0504">
        <ele>770.4</ele>
      </trkpt>
      <trkpt lat="43.75854" lon="18.04965">
        <ele>774.4</ele>
      </trkpt>
      <trkpt lat="43.75812" lon="18.04918">
        <ele>776.1</ele>
      </trkpt>
      <trkpt lat="43.75756" lon="18.04872">
        <ele>786.4</ele>
      </trkpt>
      <trkpt lat="43.75701" lon="18.04825">
        <ele>791.0</ele>
      </trkpt>
      <trkpt lat="43.75656" lon="18.04797">
        <ele>792.4</ele>
      </trkpt>
      <trkpt lat="43.75611" lon="18.04769">
        <ele>792.8</ele>
      </trkpt>
      <trkpt lat="43.75549" lon="18.04731">
        <ele>796.8</ele>
      </trkpt>
      <trkpt lat="43.75486" lon="18.04693">
        <ele>809.8</ele>
      </trkpt>
      <trkpt lat="43.75424" lon="18.04655">
        <ele>807.1</ele>
      </trkpt>
      <trkpt lat="43.75355" lon="18.04602">
        <ele>808.6</ele>
      </trkpt>
      <trkpt lat="43.75284" lon="18.04556">
        <ele>807.8</ele>
      </trkpt>
      <trkpt lat="43.7522" lon="18.04514">
        <ele>807.1</ele>
      </trkpt>
      <trkpt lat="43.75156" lon="18.04471">
        <ele>806.4</ele>
      </trkpt>
      <trkpt lat="43.75092" lon="18.04428">
        <ele>805.7</ele>
      </trkpt>
      <trkpt lat="43.75034" lon="18.04394">
        <ele>805.0</ele>
      </trkpt>
      <trkpt lat="43.74975" lon="18.0436">
        <ele>804.4</ele>
      </trkpt>
      <trkpt lat="43.74899" lon="18.04316">
        <ele>803.6</ele>
      </trkpt>
      <trkpt lat="43.74822" lon="18.04273">
        <ele>802.8</ele>
      </trkpt>
      <trkpt lat="43.74745" lon="18.04229">
        <ele>801.9</ele>
      </trkpt>
      <trkpt lat="43.7467" lon="18.04176">
        <ele>801.1</ele>
      </trkpt>
      <trkpt lat="43.74596" lon="18.04111">
        <ele>800.2</ele>
      </trkpt>
      <trkpt lat="43.74522" lon="18.04047">
        <ele>799.4</ele>
      </trkpt>
      <trkpt lat="43.74448" lon="18.03982">
        <ele>798.5</ele>
      </trkpt>
      <trkpt lat="43.74374" lon="18.03917">
        <ele>797.6</ele>
      </trkpt>
      <trkpt lat="43.7432" lon="18.03851">
        <ele>796.9</ele>
      </trkpt>
      <trkpt lat="43.74267" lon="18.03774">
        <ele>796.2</ele>
      </trkpt>
      <trkpt lat="43.74217" lon="18.03686">
        <ele>795.4</ele>
      </trkpt>
      <trkpt lat="43.74179" lon="18.03609">
        <ele>794.7</ele>
      </trkpt>
      <trkpt lat="43.74141" lon="18.03513">
        <ele>793.9</ele>
      </trkpt>
      <trkpt lat="43.74108" lon="18.034">
        <ele>793.0</ele>
      </trkpt>
      <trkpt lat="43.74074" lon="18.03286">
        <ele>792.1</ele>
      </trkpt>
      <trkpt lat="43.74058" lon="18.03235">
        <ele>791.8</ele>
      </trkpt>
      <trkpt lat="43.74055" lon="18.03201">
        <ele>787.6</ele>
      </trkpt>
      <trkpt lat="43.74058" lon="18.0315">
        <ele>783.4</ele>
      </trkpt>
      <trkpt lat="43.74063" lon="18.03114">
        <ele>781.8</ele>
      </trkpt>
      <trkpt lat="43.74083" lon="18.03073">
        <ele>779.4</ele>
      </trkpt>
      <trkpt lat="43.74117" lon="18.02975">
        <ele>777.3</ele>
      </trkpt>
      <trkpt lat="43.74139" lon="18.02902">
        <ele>779.4</ele>
      </trkpt>
      <trkpt lat="43.74165" lon="18.02797">
        <ele>778.7</ele>
      </trkpt>
      <trkpt lat="43.74192" lon="18.02692">
        <ele>775.6</ele>
      </trkpt>
      <trkpt lat="43.74202" lon="18.02652">
        <ele>773.6</ele>
      </trkpt>
      <trkpt lat="43.74205" lon="18.02632">
        <ele>772.6</ele>
      </trkpt>
      <trkpt lat="43.74205" lon="18.02599">
        <ele>769.9</ele>
      </trkpt>
      <trkpt lat="43.742" lon="18.02573">
        <ele>768.5</ele>
      </trkpt>
      <trkpt lat="43.74189" lon="18.02549">
        <ele>768.1</ele>
      </trkpt>
      <trkpt lat="43.74174" lon="18.0253">
        <ele>768.9</ele>
      </trkpt>
      <trkpt lat="43.74162" lon="18.02517">
        <ele>769.6</ele>
      </trkpt>
      <trkpt lat="43.74143" lon="18.02504">
        <ele>770.5</ele>
      </trkpt>
      <trkpt lat="43.74137" lon="18.02497">
        <ele>770.9</ele>
      </trkpt>
      <trkpt lat="43.74126" lon="18.02481">
        <ele>771.6</ele>
      </trkpt>
      <trkpt lat="43.74119" lon="18.02463">
        <ele>773.7</ele>
      </trkpt>
      <trkpt lat="43.74116" lon="18.02439">
        <ele>776.1</ele>
      </trkpt>
      <trkpt lat="43.7414" lon="18.02348">
        <ele>776.0</ele>
      </trkpt>
      <trkpt lat="43.7415" lon="18.0232">
        <ele>774.9</ele>
      </trkpt>
      <trkpt lat="43.7417" lon="18.02272">
        <ele>773.3</ele>
      </trkpt>
      <trkpt lat="43.74193" lon="18.02234">
        <ele>772.8</ele>
      </trkpt>
      <trkpt lat="43.74198" lon="18.02225">
        <ele>772.7</ele>
      </trkpt>
      <trkpt lat="43.74236" lon="18.02168">
        <ele>772.1</ele>
      </trkpt>
      <trkpt lat="43.74274" lon="18.0211">
        <ele>775.2</ele>
      </trkpt>
      <trkpt lat="43.74338" lon="18.02027">
        <ele>768.2</ele>
      </trkpt>
      <trkpt lat="43.74406" lon="18.01956">
        <ele>770.7</ele>
      </trkpt>
      <trkpt lat="43.74424" lon="18.01927">
        <ele>766.7</ele>
      </trkpt>
      <trkpt lat="43.7443" lon="18.0191">
        <ele>764.8</ele>
      </trkpt>
      <trkpt lat="43.74436" lon="18.01885">
        <ele>764.6</ele>
      </trkpt>
      <trkpt lat="43.74437" lon="18.01869">
        <ele>764.3</ele>
      </trkpt>
      <trkpt lat="43.74436" lon="18.01851">
        <ele>763.8</ele>
      </trkpt>
      <trkpt lat="43.74432" lon="18.0183">
        <ele>762.9</ele>
      </trkpt>
      <trkpt lat="43.74426" lon="18.01811">
        <ele>762.3</ele>
      </trkpt>
      <trkpt lat="43.74419" lon="18.01797">
        <ele>761.7</ele>
      </trkpt>
      <trkpt lat="43.74403" lon="18.01774">
        <ele>761.2</ele>
      </trkpt>
      <trkpt lat="43.74394" lon="18.01764">
        <ele>761.0</ele>
      </trkpt>
      <trkpt lat="43.74367" lon="18.01734">
        <ele>760.3</ele>
      </trkpt>
      <trkpt lat="43.74351" lon="18.01713">
        <ele>762.3</ele>
      </trkpt>
      <trkpt lat="43.74325" lon="18.0166">
        <ele>768.1</ele>
      </trkpt>
      <trkpt lat="43.74287" lon="18.01591">
        <ele>772.0</ele>
      </trkpt>
      <trkpt lat="43.7426" lon="18.01547">
        <ele>768.4</ele>
      </trkpt>
      <trkpt lat="43.7423" lon="18.01504">
        <ele>766.6</ele>
      </trkpt>
      <trkpt lat="43.74195" lon="18.01463">
        <ele>766.2</ele>
      </trkpt>
      <trkpt lat="43.74123" lon="18.01393">
        <ele>763.6</ele>
      </trkpt>
      <trkpt lat="43.74063" lon="18.01319">
        <ele>757.5</ele>
      </trkpt>
      <trkpt lat="43.74045" lon="18.013">
        <ele>759.0</ele>
      </trkpt>
      <trkpt lat="43.7402" lon="18.01279">
        <ele>755.6</ele>
      </trkpt>
      <trkpt lat="43.73955" lon="18.01244">
        <ele>746.5</ele>
      </trkpt>
      <trkpt lat="43.7389" lon="18.01209">
        <ele>743.7</ele>
      </trkpt>
      <trkpt lat="43.73824" lon="18.01175">
        <ele>736.8</ele>
      </trkpt>
      <trkpt lat="43.73795" lon="18.01169">
        <ele>734.0</ele>
      </trkpt>
      <trkpt lat="43.7378" lon="18.01171">
        <ele>732.9</ele>
      </trkpt>
      <trkpt lat="43.73763" lon="18.01175">
        <ele>731.9</ele>
      </trkpt>
      <trkpt lat="43.73691" lon="18.01211">
        <ele>730.6</ele>
      </trkpt>
      <trkpt lat="43.73652" lon="18.01228">
        <ele>726.7</ele>
      </trkpt>
      <trkpt lat="43.73632" lon="18.01234">
        <ele>725.7</ele>
      </trkpt>
      <trkpt lat="43.73609" lon="18.01236">
        <ele>725.2</ele>
      </trkpt>
      <trkpt lat="43.73579" lon="18.01227">
        <ele>726.7</ele>
      </trkpt>
      <trkpt lat="43.73568" lon="18.01219">
        <ele>729.0</ele>
      </trkpt>
      <trkpt lat="43.73546" lon="18.01198">
        <ele>731.2</ele>
      </trkpt>
      <trkpt lat="43.73493" lon="18.01131">
        <ele>730.4</ele>
      </trkpt>
      <trkpt lat="43.73476" lon="18.01108">
        <ele>726.8</ele>
      </trkpt>
      <trkpt lat="43.73463" lon="18.01094">
        <ele>724.3</ele>
      </trkpt>
      <trkpt lat="43.73413" lon="18.01039">
        <ele>714.7</ele>
      </trkpt>
      <trkpt lat="43.73362" lon="18.00984">
        <ele>704.9</ele>
      </trkpt>
      <trkpt lat="43.73312" lon="18.0093">
        <ele>695.4</ele>
      </trkpt>
      <trkpt lat="43.73261" lon="18.00881">
        <ele>686.1</ele>
      </trkpt>
      <trkpt lat="43.7321" lon="18.00832">
        <ele>670.1</ele>
      </trkpt>
      <trkpt lat="43.73197" lon="18.00816">
        <ele>667.8</ele>
      </trkpt>
      <trkpt lat="43.73187" lon="18.00801">
        <ele>665.5</ele>
      </trkpt>
      <trkpt lat="43.73181" lon="18.00785">
        <ele>664.8</ele>
      </trkpt>
      <trkpt lat="43.73177" lon="18.00771">
        <ele>664.5</ele>
      </trkpt>
      <trkpt lat="43.73174" lon="18.00743">
        <ele>663.0</ele>
      </trkpt>
      <trkpt lat="43.73175" lon="18.00727">
        <ele>662.2</ele>
      </trkpt>
      <trkpt lat="43.73178" lon="18.00702">
        <ele>660.9</ele>
      </trkpt>
      <trkpt lat="43.73178" lon="18.00674">
        <ele>659.5</ele>
      </trkpt>
      <trkpt lat="43.73174" lon="18.00649">
        <ele>658.2</ele>
      </trkpt>
      <trkpt lat="43.73168" lon="18.00631">
        <ele>657.2</ele>
      </trkpt>
      <trkpt lat="43.73159" lon="18.00617">
        <ele>656.2</ele>
      </trkpt>
      <trkpt lat="43.73145" lon="18.00603">
        <ele>655.0</ele>
      </trkpt>
      <trkpt lat="43.7312" lon="18.00591">
        <ele>653.2</ele>
      </trkpt>
      <trkpt lat="43.73053" lon="18.00565">
        <ele>649.2</ele>
      </trkpt>
      <trkpt lat="43.72986" lon="18.00538">
        <ele>644.7</ele>
      </trkpt>
      <trkpt lat="43.72919" lon="18.00512">
        <ele>642.6</ele>
      </trkpt>
      <trkpt lat="43.72835" lon="18.00496">
        <ele>634.2</ele>
      </trkpt>
      <trkpt lat="43.72803" lon="18.00487">
        <ele>630.9</ele>
      </trkpt>
      <trkpt lat="43.72752" lon="18.00467">
        <ele>627.2</ele>
      </trkpt>
      <trkpt lat="43.72701" lon="18.00446">
        <ele>619.2</ele>
      </trkpt>
      <trkpt lat="43.72684" lon="18.00436">
        <ele>617.1</ele>
      </trkpt>
      <trkpt lat="43.7267" lon="18.00424">
        <ele>616.2</ele>
      </trkpt>
      <trkpt lat="43.72656" lon="18.00407">
        <ele>614.0</ele>
      </trkpt>
      <trkpt lat="43.72648" lon="18.00388">
        <ele>613.1</ele>
      </trkpt>
      <trkpt lat="43.72639" lon="18.00363">
        <ele>612.2</ele>
      </trkpt>
      <trkpt lat="43.72627" lon="18.00295">
        <ele>613.4</ele>
      </trkpt>
      <trkpt lat="43.72616" lon="18.00227">
        <ele>615.2</ele>
      </trkpt>
      <trkpt lat="43.72608" lon="18.00209">
        <ele>614.2</ele>
      </trkpt>
      <trkpt lat="43.72598" lon="18.00193">
        <ele>612.4</ele>
      </trkpt>
      <trkpt lat="43.72587" lon="18.0018">
        <ele>610.3</ele>
      </trkpt>
      <trkpt lat="43.72571" lon="18.0017">
        <ele>608.1</ele>
      </trkpt>
      <trkpt lat="43.72552" lon="18.00164">
        <ele>605.7</ele>
      </trkpt>
      <trkpt lat="43.72507" lon="18.0016">
        <ele>598.5</ele>
      </trkpt>
      <trkpt lat="43.72491" lon="18.00155">
        <ele>597.4</ele>
      </trkpt>
      <trkpt lat="43.72476" lon="18.00148">
        <ele>597.2</ele>
      </trkpt>
      <trkpt lat="43.72441" lon="18.00124">
        <ele>600.2</ele>
      </trkpt>
      <trkpt lat="43.72413" lon="18.00109">
        <ele>601.4</ele>
      </trkpt>
      <trkpt lat="43.72399" lon="18.00106">
        <ele>599.7</ele>
      </trkpt>
      <trkpt lat="43.72347" lon="18.0011">
        <ele>587.8</ele>
      </trkpt>
      <trkpt lat="43.72335" lon="18.00108">
        <ele>586.0</ele>
      </trkpt>
      <trkpt lat="43.72322" lon="18.00103">
        <ele>584.7</ele>
      </trkpt>
      <trkpt lat="43.72306" lon="18.00092">
        <ele>584.1</ele>
      </trkpt>
      <trkpt lat="43.72287" lon="18.00073">
        <ele>584.2</ele>
      </trkpt>
      <trkpt lat="43.72243" lon="18.00017">
        <ele>584.3</ele>
      </trkpt>
      <trkpt lat="43.72231" lon="18.00004">
        <ele>583.8</ele>
      </trkpt>
      <trkpt lat="43.7222" lon="17.99995">
        <ele>582.8</ele>
      </trkpt>
      <trkpt lat="43.72198" lon="17.99983">
        <ele>579.2</ele>
      </trkpt>
      <trkpt lat="43.72166" lon="17.99974">
        <ele>572.4</ele>
      </trkpt>
      <trkpt lat="43.72133" lon="17.99961">
        <ele>565.0</ele>
      </trkpt>
      <trkpt lat="43.72115" lon="17.99949">
        <ele>561.5</ele>
      </trkpt>
      <trkpt lat="43.72106" lon="17.99938">
        <ele>560.4</ele>
      </trkpt>
      <trkpt lat="43.7209" lon="17.99907">
        <ele>559.6</ele>
      </trkpt>
      <trkpt lat="43.72063" lon="17.99828">
        <ele>558.0</ele>
      </trkpt>
      <trkpt lat="43.7205" lon="17.99804">
        <ele>555.7</ele>
      </trkpt>
      <trkpt lat="43.72037" lon="17.99787">
        <ele>552.8</ele>
      </trkpt>
      <trkpt lat="43.71992" lon="17.99742">
        <ele>542.9</ele>
      </trkpt>
      <trkpt lat="43.71984" lon="17.99732">
        <ele>540.8</ele>
      </trkpt>
      <trkpt lat="43.71977" lon="17.99718">
        <ele>539.3</ele>
      </trkpt>
      <trkpt lat="43.71969" lon="17.99686">
        <ele>538.8</ele>
      </trkpt>
      <trkpt lat="43.71958" lon="17.99615">
        <ele>541.4</ele>
      </trkpt>
      <trkpt lat="43.71954" lon="17.99603">
        <ele>541.1</ele>
      </trkpt>
      <trkpt lat="43.71949" lon="17.99589">
        <ele>540.8</ele>
      </trkpt>
      <trkpt lat="43.71942" lon="17.99576">
        <ele>540.6</ele>
      </trkpt>
      <trkpt lat="43.71922" lon="17.99555">
        <ele>539.2</ele>
      </trkpt>
      <trkpt lat="43.71915" lon="17.99552">
        <ele>538.7</ele>
      </trkpt>
      <trkpt lat="43.71903" lon="17.99548">
        <ele>538.1</ele>
      </trkpt>
      <trkpt lat="43.71892" lon="17.99548">
        <ele>537.5</ele>
      </trkpt>
      <trkpt lat="43.71828" lon="17.99559">
        <ele>525.3</ele>
      </trkpt>
      <trkpt lat="43.7181" lon="17.9956">
        <ele>520.2</ele>
      </trkpt>
      <trkpt lat="43.71784" lon="17.99552">
        <ele>517.2</ele>
      </trkpt>
      <trkpt lat="43.71767" lon="17.99543">
        <ele>516.9</ele>
      </trkpt>
      <trkpt lat="43.71703" lon="17.99508">
        <ele>521.1</ele>
      </trkpt>
      <trkpt lat="43.7169" lon="17.99504">
        <ele>520.8</ele>
      </trkpt>
      <trkpt lat="43.71677" lon="17.99503">
        <ele>519.3</ele>
      </trkpt>
      <trkpt lat="43.7166" lon="17.99506">
        <ele>516.9</ele>
      </trkpt>
      <trkpt lat="43.7164" lon="17.99511">
        <ele>516.5</ele>
      </trkpt>
      <trkpt lat="43.71596" lon="17.99537">
        <ele>507.5</ele>
      </trkpt>
      <trkpt lat="43.71578" lon="17.99545">
        <ele>502.8</ele>
      </trkpt>
      <trkpt lat="43.71561" lon="17.99546">
        <ele>497.4</ele>
      </trkpt>
      <trkpt lat="43.71544" lon="17.99541">
        <ele>495.0</ele>
      </trkpt>
      <trkpt lat="43.71487" lon="17.99511">
        <ele>497.0</ele>
      </trkpt>
      <trkpt lat="43.71457" lon="17.99507">
        <ele>501.4</ele>
      </trkpt>
      <trkpt lat="43.71446" lon="17.9951">
        <ele>500.9</ele>
      </trkpt>
      <trkpt lat="43.71435" lon="17.99516">
        <ele>499.0</ele>
      </trkpt>
      <trkpt lat="43.71387" lon="17.99554">
        <ele>482.2</ele>
      </trkpt>
      <trkpt lat="43.71376" lon="17.9956">
        <ele>479.4</ele>
      </trkpt>
      <trkpt lat="43.71363" lon="17.99562">
        <ele>478.3</ele>
      </trkpt>
      <trkpt lat="43.7135" lon="17.9956">
        <ele>479.0</ele>
      </trkpt>
      <trkpt lat="43.7132" lon="17.99543">
        <ele>482.2</ele>
      </trkpt>
      <trkpt lat="43.71262" lon="17.99499">
        <ele>478.8</ele>
      </trkpt>
      <trkpt lat="43.71204" lon="17.99454">
        <ele>479.7</ele>
      </trkpt>
      <trkpt lat="43.71147" lon="17.99409">
        <ele>476.7</ele>
      </trkpt>
      <trkpt lat="43.71132" lon="17.994">
        <ele>476.5</ele>
      </trkpt>
      <trkpt lat="43.71094" lon="17.9939">
        <ele>470.9</ele>
      </trkpt>
      <trkpt lat="43.71082" lon="17.9939">
        <ele>468.1</ele>
      </trkpt>
      <trkpt lat="43.7106" lon="17.99394">
        <ele>465.8</ele>
      </trkpt>
      <trkpt lat="43.71012" lon="17.99415">
        <ele>457.3</ele>
      </trkpt>
      <trkpt lat="43.70998" lon="17.99419">
        <ele>455.9</ele>
      </trkpt>
      <trkpt lat="43.70982" lon="17.99419">
        <ele>453.3</ele>
      </trkpt>
      <trkpt lat="43.70966" lon="17.99416">
        <ele>451.5</ele>
      </trkpt>
      <trkpt lat="43.70954" lon="17.99411">
        <ele>450.9</ele>
      </trkpt>
      <trkpt lat="43.70942" lon="17.99403">
        <ele>451.0</ele>
      </trkpt>
      <trkpt lat="43.70926" lon="17.99387">
        <ele>452.0</ele>
      </trkpt>
      <trkpt lat="43.70883" lon="17.99335">
        <ele>449.7</ele>
      </trkpt>
      <trkpt lat="43.7087" lon="17.99321">
        <ele>447.7</ele>
      </trkpt>
      <trkpt lat="43.70857" lon="17.9931">
        <ele>445.7</ele>
      </trkpt>
      <trkpt lat="43.70837" lon="17.99298">
        <ele>442.7</ele>
      </trkpt>
      <trkpt lat="43.70784" lon="17.99277">
        <ele>438.4</ele>
      </trkpt>
      <trkpt lat="43.7073" lon="17.99256">
        <ele>432.1</ele>
      </trkpt>
      <trkpt lat="43.70715" lon="17.99245">
        <ele>429.8</ele>
      </trkpt>
      <trkpt lat="43.70704" lon="17.99228">
        <ele>428.4</ele>
      </trkpt>
      <trkpt lat="43.70698" lon="17.99214">
        <ele>428.0</ele>
      </trkpt>
      <trkpt lat="43.70696" lon="17.99193">
        <ele>429.4</ele>
      </trkpt>
      <trkpt lat="43.70698" lon="17.9917">
        <ele>432.1</ele>
      </trkpt>
      <trkpt lat="43.70703" lon="17.9915">
        <ele>433.6</ele>
      </trkpt>
      <trkpt lat="43.70719" lon="17.99107">
        <ele>434.2</ele>
      </trkpt>
      <trkpt lat="43.70721" lon="17.99098">
        <ele>433.6</ele>
      </trkpt>
      <trkpt lat="43.7072" lon="17.9908">
        <ele>433.0</ele>
      </trkpt>
      <trkpt lat="43.70716" lon="17.99071">
        <ele>434.8</ele>
      </trkpt>
      <trkpt lat="43.7071" lon="17.99062">
        <ele>436.9</ele>
      </trkpt>
      <trkpt lat="43.70703" lon="17.99055">
        <ele>438.8</ele>
      </trkpt>
      <trkpt lat="43.70696" lon="17.99054">
        <ele>439.6</ele>
      </trkpt>
      <trkpt lat="43.70688" lon="17.99057">
        <ele>439.4</ele>
      </trkpt>
      <trkpt lat="43.70675" lon="17.99072">
        <ele>436.1</ele>
      </trkpt>
      <trkpt lat="43.70666" lon="17.99091">
        <ele>432.3</ele>
      </trkpt>
      <trkpt lat="43.70632" lon="17.99203">
        <ele>422.9</ele>
      </trkpt>
      <trkpt lat="43.70616" lon="17.99244">
        <ele>416.0</ele>
      </trkpt>
      <trkpt lat="43.70603" lon="17.99269">
        <ele>411.9</ele>
      </trkpt>
      <trkpt lat="43.70591" lon="17.99285">
        <ele>409.3</ele>
      </trkpt>
      <trkpt lat="43.70577" lon="17.99296">
        <ele>406.9</ele>
      </trkpt>
      <trkpt lat="43.70561" lon="17.99304">
        <ele>404.8</ele>
      </trkpt>
      <trkpt lat="43.70541" lon="17.99308">
        <ele>403.0</ele>
      </trkpt>
      <trkpt lat="43.70528" lon="17.99307">
        <ele>402.3</ele>
      </trkpt>
      <trkpt lat="43.70518" lon="17.99305">
        <ele>401.9</ele>
      </trkpt>
      <trkpt lat="43.70503" lon="17.99298">
        <ele>401.3</ele>
      </trkpt>
      <trkpt lat="43.70461" lon="17.99269">
        <ele>400.8</ele>
      </trkpt>
      <trkpt lat="43.7042" lon="17.99241">
        <ele>397.2</ele>
      </trkpt>
      <trkpt lat="43.70394" lon="17.99233">
        <ele>396.3</ele>
      </trkpt>
      <trkpt lat="43.70383" lon="17.99231">
        <ele>395.9</ele>
      </trkpt>
      <trkpt lat="43.7036" lon="17.99232">
        <ele>394.7</ele>
      </trkpt>
      <trkpt lat="43.70332" lon="17.99237">
        <ele>394.0</ele>
      </trkpt>
      <trkpt lat="43.70316" lon="17.99242">
        <ele>393.7</ele>
      </trkpt>
      <trkpt lat="43.70231" lon="17.99269">
        <ele>391.8</ele>
      </trkpt>
      <trkpt lat="43.70147" lon="17.99295">
        <ele>391.2</ele>
      </trkpt>
      <trkpt lat="43.70128" lon="17.99298">
        <ele>391.1</ele>
      </trkpt>
      <trkpt lat="43.70103" lon="17.993">
        <ele>391.0</ele>
      </trkpt>
      <trkpt lat="43.70075" lon="17.99298">
        <ele>391.9</ele>
      </trkpt>
      <trkpt lat="43.70009" lon="17.99285">
        <ele>391.3</ele>
      </trkpt>
      <trkpt lat="43.69985" lon="17.99273">
        <ele>389.1</ele>
      </trkpt>
      <trkpt lat="43.69971" lon="17.99264">
        <ele>387.5</ele>
      </trkpt>
      <trkpt lat="43.69948" lon="17.9924">
        <ele>384.3</ele>
      </trkpt>
      <trkpt lat="43.69936" lon="17.99224">
        <ele>383.5</ele>
      </trkpt>
      <trkpt lat="43.69928" lon="17.99209">
        <ele>382.5</ele>
      </trkpt>
      <trkpt lat="43.69913" lon="17.99173">
        <ele>380.3</ele>
      </trkpt>
      <trkpt lat="43.69887" lon="17.9909">
        <ele>379.8</ele>
      </trkpt>
      <trkpt lat="43.69861" lon="17.99007">
        <ele>376.7</ele>
      </trkpt>
      <trkpt lat="43.69831" lon="17.98917">
        <ele>372.5</ele>
      </trkpt>
      <trkpt lat="43.69817" lon="17.98882">
        <ele>373.9</ele>
      </trkpt>
      <trkpt lat="43.69803" lon="17.9885">
        <ele>374.5</ele>
      </trkpt>
      <trkpt lat="43.69756" lon="17.98753">
        <ele>372.5</ele>
      </trkpt>
      <trkpt lat="43.6974" lon="17.98727">
        <ele>372.7</ele>
      </trkpt>
      <trkpt lat="43.69725" lon="17.98711">
        <ele>373.3</ele>
      </trkpt>
      <trkpt lat="43.69666" lon="17.98674">
        <ele>370.7</ele>
      </trkpt>
      <trkpt lat="43.69599" lon="17.98619">
        <ele>372.2</ele>
      </trkpt>
      <trkpt lat="43.69575" lon="17.98602">
        <ele>370.0</ele>
      </trkpt>
      <trkpt lat="43.69502" lon="17.98561">
        <ele>364.9</ele>
      </trkpt>
      <trkpt lat="43.69462" lon="17.98536">
        <ele>362.9</ele>
      </trkpt>
      <trkpt lat="43.6944" lon="17.98528">
        <ele>361.9</ele>
      </trkpt>
      <trkpt lat="43.69425" lon="17.98524">
        <ele>361.3</ele>
      </trkpt>
      <trkpt lat="43.69373" lon="17.98521">
        <ele>363.5</ele>
      </trkpt>
      <trkpt lat="43.6932" lon="17.98517">
        <ele>364.8</ele>
      </trkpt>
      <trkpt lat="43.69245" lon="17.98508">
        <ele>360.9</ele>
      </trkpt>
      <trkpt lat="43.69226" lon="17.98509">
        <ele>359.7</ele>
      </trkpt>
      <trkpt lat="43.69195" lon="17.98517">
        <ele>359.8</ele>
      </trkpt>
      <trkpt lat="43.69119" lon="17.98551">
        <ele>360.7</ele>
      </trkpt>
      <trkpt lat="43.69091" lon="17.9856">
        <ele>358.1</ele>
      </trkpt>
      <trkpt lat="43.69063" lon="17.98566">
        <ele>359.0</ele>
      </trkpt>
      <trkpt lat="43.69042" lon="17.98566">
        <ele>360.3</ele>
      </trkpt>
      <trkpt lat="43.6901" lon="17.98561">
        <ele>361.4</ele>
      </trkpt>
      <trkpt lat="43.68964" lon="17.98546">
        <ele>361.0</ele>
      </trkpt>
      <trkpt lat="43.68925" lon="17.98539">
        <ele>361.6</ele>
      </trkpt>
      <trkpt lat="43.68896" lon="17.98539">
        <ele>360.6</ele>
      </trkpt>
      <trkpt lat="43.6885" lon="17.98547">
        <ele>358.4</ele>
      </trkpt>
      <trkpt lat="43.68804" lon="17.98556">
        <ele>356.1</ele>
      </trkpt>
      <trkpt lat="43.6874" lon="17.98569">
        <ele>350.9</ele>
      </trkpt>
      <trkpt lat="43.68709" lon="17.98583">
        <ele>348.1</ele>
      </trkpt>
      <trkpt lat="43.68663" lon="17.98613">
        <ele>347.6</ele>
      </trkpt>
      <trkpt lat="43.68617" lon="17.98642">
        <ele>345.9</ele>
      </trkpt>
      <trkpt lat="43.68602" lon="17.98649">
        <ele>345.0</ele>
      </trkpt>
      <trkpt lat="43.68578" lon="17.98655">
        <ele>343.7</ele>
      </trkpt>
      <trkpt lat="43.68535" lon="17.98656">
        <ele>343.7</ele>
      </trkpt>
      <trkpt lat="43.68468" lon="17.98652">
        <ele>345.7</ele>
      </trkpt>
      <trkpt lat="43.68403" lon="17.98648">
        <ele>349.1</ele>
      </trkpt>
      <trkpt lat="43.68339" lon="17.98643">
        <ele>350.8</ele>
      </trkpt>
      <trkpt lat="43.6827" lon="17.98635">
        <ele>350.0</ele>
      </trkpt>
      <trkpt lat="43.68224" lon="17.98634">
        <ele>348.2</ele>
      </trkpt>
      <trkpt lat="43.68189" lon="17.9864">
        <ele>346.7</ele>
      </trkpt>
      <trkpt lat="43.68137" lon="17.98659">
        <ele>345.2</ele>
      </trkpt>
      <trkpt lat="43.68085" lon="17.98677">
        <ele>345.4</ele>
      </trkpt>
      <trkpt lat="43.68064" lon="17.98683">
        <ele>346.1</ele>
      </trkpt>
      <trkpt lat="43.68031" lon="17.98687">
        <ele>345.8</ele>
      </trkpt>
      <trkpt lat="43.68016" lon="17.98687">
        <ele>345.1</ele>
      </trkpt>
      <trkpt lat="43.67965" lon="17.98679">
        <ele>342.9</ele>
      </trkpt>
      <trkpt lat="43.6794" lon="17.98669">
        <ele>340.1</ele>
      </trkpt>
      <trkpt lat="43.67903" lon="17.98651">
        <ele>339.7</ele>
      </trkpt>
      <trkpt lat="43.67885" lon="17.98639">
        <ele>339.4</ele>
      </trkpt>
      <trkpt lat="43.67841" lon="17.98603">
        <ele>334.8</ele>
      </trkpt>
      <trkpt lat="43.67798" lon="17.98567">
        <ele>335.0</ele>
      </trkpt>
      <trkpt lat="43.67772" lon="17.98553">
        <ele>335.7</ele>
      </trkpt>
      <trkpt lat="43.67748" lon="17.98542">
        <ele>334.9</ele>
      </trkpt>
      <trkpt lat="43.67731" lon="17.98536">
        <ele>332.6</ele>
      </trkpt>
      <trkpt lat="43.67707" lon="17.98532">
        <ele>330.3</ele>
      </trkpt>
      <trkpt lat="43.67659" lon="17.98531">
        <ele>327.5</ele>
      </trkpt>
      <trkpt lat="43.67611" lon="17.98533">
        <ele>326.7</ele>
      </trkpt>
      <trkpt lat="43.67564" lon="17.98534">
        <ele>328.4</ele>
      </trkpt>
      <trkpt lat="43.67542" lon="17.98537">
        <ele>329.2</ele>
      </trkpt>
      <trkpt lat="43.67497" lon="17.98545">
        <ele>330.9</ele>
      </trkpt>
      <trkpt lat="43.67452" lon="17.98553">
        <ele>331.7</ele>
      </trkpt>
      <trkpt lat="43.67419" lon="17.98557">
        <ele>332.3</ele>
      </trkpt>
      <trkpt lat="43.67391" lon="17.98554">
        <ele>334.5</ele>
      </trkpt>
      <trkpt lat="43.67357" lon="17.98542">
        <ele>334.6</ele>
      </trkpt>
      <trkpt lat="43.67322" lon="17.98522">
        <ele>331.2</ele>
      </trkpt>
      <trkpt lat="43.67269" lon="17.98478">
        <ele>327.9</ele>
      </trkpt>
      <trkpt lat="43.67242" lon="17.98461">
        <ele>326.8</ele>
      </trkpt>
      <trkpt lat="43.6723" lon="17.98455">
        <ele>327.2</ele>
      </trkpt>
      <trkpt lat="43.67172" lon="17.98436">
        <ele>328.6</ele>
      </trkpt>
      <trkpt lat="43.67157" lon="17.98429">
        <ele>330.4</ele>
      </trkpt>
      <trkpt lat="43.67142" lon="17.98419">
        <ele>332.6</ele>
      </trkpt>
      <trkpt lat="43.67133" lon="17.9841">
        <ele>334.8</ele>
      </trkpt>
      <trkpt lat="43.67118" lon="17.98387">
        <ele>337.3</ele>
      </trkpt>
      <trkpt lat="43.67111" lon="17.98373">
        <ele>337.0</ele>
      </trkpt>
      <trkpt lat="43.67079" lon="17.98257">
        <ele>328.0</ele>
      </trkpt>
      <trkpt lat="43.67047" lon="17.98141">
        <ele>320.9</ele>
      </trkpt>
      <trkpt lat="43.67031" lon="17.98083">
        <ele>317.4</ele>
      </trkpt>
      <trkpt lat="43.67014" lon="17.98026">
        <ele>313.9</ele>
      </trkpt>
      <trkpt lat="43.67002" lon="17.97994">
        <ele>310.3</ele>
      </trkpt>
      <trkpt lat="43.66978" lon="17.97946">
        <ele>309.5</ele>
      </trkpt>
      <trkpt lat="43.66965" lon="17.9793">
        <ele>309.2</ele>
      </trkpt>
      <trkpt lat="43.66948" lon="17.97911">
        <ele>308.8</ele>
      </trkpt>
      <trkpt lat="43.66898" lon="17.97868">
        <ele>307.8</ele>
      </trkpt>
      <trkpt lat="43.66866" lon="17.97844">
        <ele>306.6</ele>
      </trkpt>
      <trkpt lat="43.66852" lon="17.97836">
        <ele>306.1</ele>
      </trkpt>
      <trkpt lat="43.66846" lon="17.97832">
        <ele>305.9</ele>
      </trkpt>
      <trkpt lat="43.66821" lon="17.97821">
        <ele>305.1</ele>
      </trkpt>
      <trkpt lat="43.66772" lon="17.97803">
        <ele>305.0</ele>
      </trkpt>
      <trkpt lat="43.6674" lon="17.97795">
        <ele>306.0</ele>
      </trkpt>
      <trkpt lat="43.66669" lon="17.97786">
        <ele>313.6</ele>
      </trkpt>
      <trkpt lat="43.66648" lon="17.97778">
        <ele>317.8</ele>
      </trkpt>
      <trkpt lat="43.66634" lon="17.97769">
        <ele>319.4</ele>
      </trkpt>
      <trkpt lat="43.66617" lon="17.97754">
        <ele>319.0</ele>
      </trkpt>
      <trkpt lat="43.66585" lon="17.97715">
        <ele>314.8</ele>
      </trkpt>
      <trkpt lat="43.66557" lon="17.97676">
        <ele>314.5</ele>
      </trkpt>
      <trkpt lat="43.66551" lon="17.97665">
        <ele>314.0</ele>
      </trkpt>
      <trkpt lat="43.66541" lon="17.97631">
        <ele>313.7</ele>
      </trkpt>
      <trkpt lat="43.66526" lon="17.97545">
        <ele>306.9</ele>
      </trkpt>
      <trkpt lat="43.66515" lon="17.97515">
        <ele>304.5</ele>
      </trkpt>
      <trkpt lat="43.66505" lon="17.97498">
        <ele>302.7</ele>
      </trkpt>
      <trkpt lat="43.66486" lon="17.97475">
        <ele>302.8</ele>
      </trkpt>
      <trkpt lat="43.66434" lon="17.97436">
        <ele>302.2</ele>
      </trkpt>
      <trkpt lat="43.66383" lon="17.97397">
        <ele>302.3</ele>
      </trkpt>
      <trkpt lat="43.66336" lon="17.97376">
        <ele>304.4</ele>
      </trkpt>
      <trkpt lat="43.66321" lon="17.97367">
        <ele>305.8</ele>
      </trkpt>
      <trkpt lat="43.6631" lon="17.97357">
        <ele>306.3</ele>
      </trkpt>
      <trkpt lat="43.66255" lon="17.97297">
        <ele>304.9</ele>
      </trkpt>
      <trkpt lat="43.66181" lon="17.97236">
        <ele>302.2</ele>
      </trkpt>
      <trkpt lat="43.66165" lon="17.97217">
        <ele>301.4</ele>
      </trkpt>
      <trkpt lat="43.66146" lon="17.97189">
        <ele>300.1</ele>
      </trkpt>
      <trkpt lat="43.66123" lon="17.97162">
        <ele>299.3</ele>
      </trkpt>
      <trkpt lat="43.66049" lon="17.97103">
        <ele>300.4</ele>
      </trkpt>
      <trkpt lat="43.66035" lon="17.97089">
        <ele>298.9</ele>
      </trkpt>
      <trkpt lat="43.66011" lon="17.97055">
        <ele>297.5</ele>
      </trkpt>
      <trkpt lat="43.65982" lon="17.97005">
        <ele>298.8</ele>
      </trkpt>
      <trkpt lat="43.65973" lon="17.96984">
        <ele>299.2</ele>
      </trkpt>
      <trkpt lat="43.65965" lon="17.96958">
        <ele>297.9</ele>
      </trkpt>
      <trkpt lat="43.65957" lon="17.96939">
        <ele>296.7</ele>
      </trkpt>
      <trkpt lat="43.65948" lon="17.96926">
        <ele>296.0</ele>
      </trkpt>
      <trkpt lat="43.65929" lon="17.96899">
        <ele>294.2</ele>
      </trkpt>
      <trkpt lat="43.65894" lon="17.96855">
        <ele>296.6</ele>
      </trkpt>
      <trkpt lat="43.65859" lon="17.9681">
        <ele>299.8</ele>
      </trkpt>
      <trkpt lat="43.65804" lon="17.96732">
        <ele>297.9</ele>
      </trkpt>
      <trkpt lat="43.65749" lon="17.96654">
        <ele>290.3</ele>
      </trkpt>
      <trkpt lat="43.65704" lon="17.966">
        <ele>292.5</ele>
      </trkpt>
      <trkpt lat="43.6568" lon="17.96565">
        <ele>293.5</ele>
      </trkpt>
      <trkpt lat="43.65664" lon="17.96537">
        <ele>294.8</ele>
      </trkpt>
      <trkpt lat="43.65638" lon="17.96464">
        <ele>295.4</ele>
      </trkpt>
      <trkpt lat="43.65623" lon="17.96429">
        <ele>292.1</ele>
      </trkpt>
      <trkpt lat="43.65572" lon="17.96364">
        <ele>289.9</ele>
      </trkpt>
      <trkpt lat="43.6552" lon="17.96298">
        <ele>284.4</ele>
      </trkpt>
      <trkpt lat="43.65504" lon="17.96272">
        <ele>281.5</ele>
      </trkpt>
      <trkpt lat="43.65492" lon="17.96245">
        <ele>278.0</ele>
      </trkpt>
      <trkpt lat="43.6548" lon="17.96214">
        <ele>276.6</ele>
      </trkpt>
      <trkpt lat="43.65473" lon="17.96191">
        <ele>275.2</ele>
      </trkpt>
      <trkpt lat="43.65456" lon="17.96123">
        <ele>276.5</ele>
      </trkpt>
      <trkpt lat="43.65432" lon="17.96016">
        <ele>278.5</ele>
      </trkpt>
      <trkpt lat="43.65426" lon="17.95981">
        <ele>279.2</ele>
      </trkpt>
      <trkpt lat="43.65428" lon="17.9594">
        <ele>280.9</ele>
      </trkpt>
      <trkpt lat="43.65448" lon="17.95838">
        <ele>283.2</ele>
      </trkpt>
      <trkpt lat="43.65462" lon="17.9579">
        <ele>283.6</ele>
      </trkpt>
      <trkpt lat="43.65483" lon="17.9573">
        <ele>281.6</ele>
      </trkpt>
      <trkpt lat="43.65504" lon="17.95672">
        <ele>278.0</ele>
      </trkpt>
      <trkpt lat="43.65544" lon="17.95566">
        <ele>279.8</ele>
      </trkpt>
      <trkpt lat="43.65585" lon="17.95461">
        <ele>277.3</ele>
      </trkpt>
      <trkpt lat="43.65592" lon="17.9545">
        <ele>276.7</ele>
      </trkpt>
      <trkpt lat="43.65624" lon="17.95363">
        <ele>275.4</ele>
      </trkpt>
      <trkpt lat="43.65632" lon="17.95323">
        <ele>275.4</ele>
      </trkpt>
      <trkpt lat="43.65634" lon="17.95306">
        <ele>275.6</ele>
      </trkpt>
      <trkpt lat="43.65634" lon="17.95228">
        <ele>277.7</ele>
      </trkpt>
      <trkpt lat="43.6564" lon="17.95123">
        <ele>277.6</ele>
      </trkpt>
      <trkpt lat="43.65647" lon="17.95058">
        <ele>276.0</ele>
      </trkpt>
      <trkpt lat="43.65663" lon="17.94997">
        <ele>274.9</ele>
      </trkpt>
      <trkpt lat="43.65685" lon="17.94928">
        <ele>281.1</ele>
      </trkpt>
      <trkpt lat="43.65711" lon="17.94858">
        <ele>286.3</ele>
      </trkpt>
      <trkpt lat="43.65745" lon="17.94783">
        <ele>287.5</ele>
      </trkpt>
      <trkpt lat="43.65769" lon="17.94744">
        <ele>289.7</ele>
      </trkpt>
      <trkpt lat="43.65781" lon="17.94729">
        <ele>292.5</ele>
      </trkpt>
      <trkpt lat="43.65793" lon="17.94716">
        <ele>293.6</ele>
      </trkpt>
      <trkpt lat="43.65815" lon="17.947">
        <ele>291.4</ele>
      </trkpt>
      <trkpt lat="43.65895" lon="17.94643">
        <ele>284.1</ele>
      </trkpt>
      <trkpt lat="43.65927" lon="17.94614">
        <ele>280.6</ele>
      </trkpt>
      <trkpt lat="43.65963" lon="17.94574">
        <ele>278.9</ele>
      </trkpt>
      <trkpt lat="43.66013" lon="17.94496">
        <ele>278.2</ele>
      </trkpt>
      <trkpt lat="43.66033" lon="17.9447">
        <ele>279.8</ele>
      </trkpt>
      <trkpt lat="43.66051" lon="17.94454">
        <ele>278.8</ele>
      </trkpt>
      <trkpt lat="43.66075" lon="17.94442">
        <ele>278.1</ele>
      </trkpt>
      <trkpt lat="43.66093" lon="17.94437">
        <ele>277.6</ele>
      </trkpt>
      <trkpt lat="43.66103" lon="17.94436">
        <ele>277.3</ele>
      </trkpt>
      <trkpt lat="43.66181" lon="17.94438">
        <ele>275.3</ele>
      </trkpt>
      <trkpt lat="43.66217" lon="17.9443">
        <ele>275.8</ele>
      </trkpt>
      <trkpt lat="43.6624" lon="17.9442">
        <ele>276.7</ele>
      </trkpt>
      <trkpt lat="43.66261" lon="17.94406">
        <ele>277.4</ele>
      </trkpt>
      <trkpt lat="43.66285" lon="17.94385">
        <ele>277.3</ele>
      </trkpt>
      <trkpt lat="43.66301" lon="17.94366">
        <ele>277.2</ele>
      </trkpt>
      <trkpt lat="43.66335" lon="17.94321">
        <ele>276.6</ele>
      </trkpt>
      <trkpt lat="43.66368" lon="17.94275">
        <ele>278.1</ele>
      </trkpt>
      <trkpt lat="43.66392" lon="17.94236">
        <ele>278.7</ele>
      </trkpt>
      <trkpt lat="43.66401" lon="17.94216">
        <ele>279.0</ele>
      </trkpt>
      <trkpt lat="43.66414" lon="17.94174">
        <ele>280.0</ele>
      </trkpt>
      <trkpt lat="43.66419" lon="17.94143">
        <ele>280.9</ele>
      </trkpt>
      <trkpt lat="43.66421" lon="17.9406">
        <ele>284.4</ele>
      </trkpt>
      <trkpt lat="43.66422" lon="17.93976">
        <ele>288.7</ele>
      </trkpt>
      <trkpt lat="43.66429" lon="17.93929">
        <ele>292.4</ele>
      </trkpt>
      <trkpt lat="43.6644" lon="17.9387">
        <ele>293.6</ele>
      </trkpt>
      <trkpt lat="43.66454" lon="17.93807">
        <ele>292.8</ele>
      </trkpt>
      <trkpt lat="43.66468" lon="17.93746">
        <ele>291.4</ele>
      </trkpt>
      <trkpt lat="43.66488" lon="17.93643">
        <ele>285.9</ele>
      </trkpt>
      <trkpt lat="43.66508" lon="17.9354">
        <ele>282.5</ele>
      </trkpt>
      <trkpt lat="43.66522" lon="17.93478">
        <ele>283.6</ele>
      </trkpt>
      <trkpt lat="43.66536" lon="17.93416">
        <ele>286.7</ele>
      </trkpt>
      <trkpt lat="43.66547" lon="17.93375">
        <ele>288.0</ele>
      </trkpt>
      <trkpt lat="43.66562" lon="17.93334">
        <ele>286.6</ele>
      </trkpt>
      <trkpt lat="43.66586" lon="17.93279">
        <ele>286.8</ele>
      </trkpt>
      <trkpt lat="43.66621" lon="17.93219">
        <ele>286.7</ele>
      </trkpt>
      <trkpt lat="43.66657" lon="17.93158">
        <ele>279.6</ele>
      </trkpt>
      <trkpt lat="43.6668" lon="17.93115">
        <ele>279.7</ele>
      </trkpt>
      <trkpt lat="43.66716" lon="17.93037">
        <ele>281.6</ele>
      </trkpt>
      <trkpt lat="43.66753" lon="17.9296">
        <ele>279.4</ele>
      </trkpt>
      <trkpt lat="43.6679" lon="17.92883">
        <ele>281.3</ele>
      </trkpt>
      <trkpt lat="43.66822" lon="17.9281">
        <ele>281.6</ele>
      </trkpt>
      <trkpt lat="43.66855" lon="17.92738">
        <ele>280.9</ele>
      </trkpt>
      <trkpt lat="43.66872" lon="17.92697">
        <ele>279.5</ele>
      </trkpt>
      <trkpt lat="43.66881" lon="17.92669">
        <ele>278.7</ele>
      </trkpt>
      <trkpt lat="43.66897" lon="17.92604">
        <ele>279.3</ele>
      </trkpt>
      <trkpt lat="43.66909" lon="17.92542">
        <ele>279.8</ele>
      </trkpt>
      <trkpt lat="43.66929" lon="17.92428">
        <ele>279.6</ele>
      </trkpt>
      <trkpt lat="43.66949" lon="17.92314">
        <ele>281.7</ele>
      </trkpt>
      <trkpt lat="43.66968" lon="17.92199">
        <ele>277.4</ele>
      </trkpt>
      <trkpt lat="43.66988" lon="17.92085">
        <ele>276.1</ele>
      </trkpt>
      <trkpt lat="43.67004" lon="17.9201">
        <ele>276.8</ele>
      </trkpt>
      <trkpt lat="43.67016" lon="17.91964">
        <ele>276.8</ele>
      </trkpt>
      <trkpt lat="43.67027" lon="17.91931">
        <ele>276.7</ele>
      </trkpt>
      <trkpt lat="43.67041" lon="17.91897">
        <ele>277.3</ele>
      </trkpt>
      <trkpt lat="43.67079" lon="17.91819">
        <ele>280.3</ele>
      </trkpt>
      <trkpt lat="43.67116" lon="17.91742">
        <ele>276.6</ele>
      </trkpt>
      <trkpt lat="43.67127" lon="17.91714">
        <ele>275.4</ele>
      </trkpt>
      <trkpt lat="43.67143" lon="17.91664">
        <ele>274.8</ele>
      </trkpt>
      <trkpt lat="43.67155" lon="17.9159">
        <ele>277.0</ele>
      </trkpt>
      <trkpt lat="43.67161" lon="17.91518">
        <ele>277.4</ele>
      </trkpt>
      <trkpt lat="43.67162" lon="17.91472">
        <ele>274.7</ele>
      </trkpt>
      <trkpt lat="43.67164" lon="17.91445">
        <ele>274.6</ele>
      </trkpt>
      <trkpt lat="43.67168" lon="17.91424">
        <ele>274.5</ele>
      </trkpt>
      <trkpt lat="43.67175" lon="17.91401">
        <ele>274.4</ele>
      </trkpt>
      <trkpt lat="43.6718" lon="17.9139">
        <ele>274.3</ele>
      </trkpt>
      <trkpt lat="43.67191" lon="17.91372">
        <ele>274.3</ele>
      </trkpt>
      <trkpt lat="43.67209" lon="17.91349">
        <ele>276.6</ele>
      </trkpt>
      <trkpt lat="43.67232" lon="17.91333">
        <ele>277.7</ele>
      </trkpt>
      <trkpt lat="43.6724" lon="17.91327">
        <ele>278.0</ele>
      </trkpt>
      <trkpt lat="43.67261" lon="17.91319">
        <ele>277.6</ele>
      </trkpt>
      <trkpt lat="43.67326" lon="17.91299">
        <ele>275.2</ele>
      </trkpt>
      <trkpt lat="43.67351" lon="17.91286">
        <ele>274.7</ele>
      </trkpt>
      <trkpt lat="43.67369" lon="17.91271">
        <ele>274.4</ele>
      </trkpt>
      <trkpt lat="43.67394" lon="17.91243">
        <ele>274.3</ele>
      </trkpt>
      <trkpt lat="43.6741" lon="17.91214">
        <ele>275.8</ele>
      </trkpt>
      <trkpt lat="43.67418" lon="17.91191">
        <ele>277.1</ele>
      </trkpt>
      <trkpt lat="43.67435" lon="17.91135">
        <ele>279.2</ele>
      </trkpt>
      <trkpt lat="43.67458" lon="17.91038">
        <ele>280.4</ele>
      </trkpt>
      <trkpt lat="43.67481" lon="17.90941">
        <ele>278.8</ele>
      </trkpt>
      <trkpt lat="43.67496" lon="17.90893">
        <ele>277.1</ele>
      </trkpt>
      <trkpt lat="43.67503" lon="17.90871">
        <ele>277.4</ele>
      </trkpt>
      <trkpt lat="43.67528" lon="17.90821">
        <ele>279.2</ele>
      </trkpt>
      <trkpt lat="43.67551" lon="17.90784">
        <ele>280.5</ele>
      </trkpt>
      <trkpt lat="43.67577" lon="17.90753">
        <ele>278.2</ele>
      </trkpt>
      <trkpt lat="43.67624" lon="17.90713">
        <ele>277.9</ele>
      </trkpt>
      <trkpt lat="43.6767" lon="17.90672">
        <ele>276.7</ele>
      </trkpt>
      <trkpt lat="43.67706" lon="17.90631">
        <ele>278.9</ele>
      </trkpt>
      <trkpt lat="43.67742" lon="17.90581">
        <ele>280.1</ele>
      </trkpt>
      <trkpt lat="43.67775" lon="17.90541">
        <ele>287.6</ele>
      </trkpt>
      <trkpt lat="43.67804" lon="17.90518">
        <ele>288.4</ele>
      </trkpt>
      <trkpt lat="43.6782" lon="17.9051">
        <ele>286.8</ele>
      </trkpt>
      <trkpt lat="43.67848" lon="17.90501">
        <ele>284.9</ele>
      </trkpt>
      <trkpt lat="43.67934" lon="17.90489">
        <ele>283.6</ele>
      </trkpt>
      <trkpt lat="43.67969" lon="17.9049">
        <ele>280.2</ele>
      </trkpt>
      <trkpt lat="43.68049" lon="17.90499">
        <ele>271.7</ele>
      </trkpt>
      <trkpt lat="43.68068" lon="17.905">
        <ele>270.1</ele>
      </trkpt>
      <trkpt lat="43.68099" lon="17.90496">
        <ele>270.1</ele>
      </trkpt>
      <trkpt lat="43.68137" lon="17.90474">
        <ele>273.2</ele>
      </trkpt>
      <trkpt lat="43.6816" lon="17.9045">
        <ele>274.6</ele>
      </trkpt>
      <trkpt lat="43.68179" lon="17.90421">
        <ele>274.9</ele>
      </trkpt>
      <trkpt lat="43.68187" lon="17.90403">
        <ele>275.4</ele>
      </trkpt>
      <trkpt lat="43.6821" lon="17.90332">
        <ele>277.9</ele>
      </trkpt>
      <trkpt lat="43.68233" lon="17.90261">
        <ele>278.7</ele>
      </trkpt>
      <trkpt lat="43.68271" lon="17.90162">
        <ele>279.9</ele>
      </trkpt>
      <trkpt lat="43.68308" lon="17.90064">
        <ele>281.9</ele>
      </trkpt>
      <trkpt lat="43.68346" lon="17.89965">
        <ele>282.0</ele>
      </trkpt>
      <trkpt lat="43.68376" lon="17.89877">
        <ele>281.4</ele>
      </trkpt>
      <trkpt lat="43.68387" lon="17.89829">
        <ele>281.4</ele>
      </trkpt>
      <trkpt lat="43.68394" lon="17.89773">
        <ele>280.0</ele>
      </trkpt>
      <trkpt lat="43.68395" lon="17.89713">
        <ele>278.2</ele>
      </trkpt>
      <trkpt lat="43.68387" lon="17.89628">
        <ele>275.9</ele>
      </trkpt>
      <trkpt lat="43.68372" lon="17.89537">
        <ele>274.3</ele>
      </trkpt>
      <trkpt lat="43.68364" lon="17.89471">
        <ele>272.4</ele>
      </trkpt>
      <trkpt lat="43.68363" lon="17.89451">
        <ele>271.9</ele>
      </trkpt>
      <trkpt lat="43.68364" lon="17.8941">
        <ele>270.7</ele>
      </trkpt>
      <trkpt lat="43.6837" lon="17.89365">
        <ele>269.5</ele>
      </trkpt>
      <trkpt lat="43.68376" lon="17.89338">
        <ele>268.7</ele>
      </trkpt>
      <trkpt lat="43.68385" lon="17.89306">
        <ele>267.8</ele>
      </trkpt>
      <trkpt lat="43.68404" lon="17.89264">
        <ele>272.3</ele>
      </trkpt>
      <trkpt lat="43.68411" lon="17.89251">
        <ele>273.7</ele>
      </trkpt>
      <trkpt lat="43.68423" lon="17.89231">
        <ele>276.1</ele>
      </trkpt>
      <trkpt lat="43.68438" lon="17.89212">
        <ele>278.7</ele>
      </trkpt>
      <trkpt lat="43.68457" lon="17.89184">
        <ele>279.5</ele>
      </trkpt>
      <trkpt lat="43.68497" lon="17.89134">
        <ele>281.0</ele>
      </trkpt>
      <trkpt lat="43.68533" lon="17.89084">
        <ele>282.5</ele>
      </trkpt>
      <trkpt lat="43.68563" lon="17.8904">
        <ele>283.8</ele>
      </trkpt>
      <trkpt lat="43.68577" lon="17.89011">
        <ele>278.7</ele>
      </trkpt>
      <trkpt lat="43.68584" lon="17.88988">
        <ele>276.6</ele>
      </trkpt>
      <trkpt lat="43.68591" lon="17.88956">
        <ele>277.2</ele>
      </trkpt>
      <trkpt lat="43.68594" lon="17.88931">
        <ele>277.9</ele>
      </trkpt>
      <trkpt lat="43.68595" lon="17.88915">
        <ele>278.4</ele>
      </trkpt>
      <trkpt lat="43.68592" lon="17.88875">
        <ele>277.8</ele>
      </trkpt>
      <trkpt lat="43.68581" lon="17.88815">
        <ele>277.1</ele>
      </trkpt>
      <trkpt lat="43.68567" lon="17.88769">
        <ele>277.4</ele>
      </trkpt>
      <trkpt lat="43.68545" lon="17.88724">
        <ele>279.4</ele>
      </trkpt>
      <trkpt lat="43.68514" lon="17.88673">
        <ele>279.9</ele>
      </trkpt>
      <trkpt lat="43.68483" lon="17.88622">
        <ele>281.0</ele>
      </trkpt>
      <trkpt lat="43.68462" lon="17.88581">
        <ele>281.9</ele>
      </trkpt>
      <trkpt lat="43.68447" lon="17.88538">
        <ele>283.1</ele>
      </trkpt>
      <trkpt lat="43.68434" lon="17.88488">
        <ele>283.9</ele>
      </trkpt>
      <trkpt lat="43.68432" lon="17.88447">
        <ele>283.3</ele>
      </trkpt>
      <trkpt lat="43.68434" lon="17.88408">
        <ele>282.0</ele>
      </trkpt>
      <trkpt lat="43.68446" lon="17.88353">
        <ele>280.2</ele>
      </trkpt>
      <trkpt lat="43.68474" lon="17.88272">
        <ele>281.8</ele>
      </trkpt>
      <trkpt lat="43.68482" lon="17.88243">
        <ele>282.6</ele>
      </trkpt>
      <trkpt lat="43.68487" lon="17.88221">
        <ele>282.5</ele>
      </trkpt>
      <trkpt lat="43.68491" lon="17.88186">
        <ele>282.7</ele>
      </trkpt>
      <trkpt lat="43.68497" lon="17.88107">
        <ele>284.7</ele>
      </trkpt>
      <trkpt lat="43.68504" lon="17.88057">
        <ele>286.4</ele>
      </trkpt>
      <trkpt lat="43.68517" lon="17.87982">
        <ele>289.1</ele>
      </trkpt>
      <trkpt lat="43.68531" lon="17.87922">
        <ele>289.9</ele>
      </trkpt>
      <trkpt lat="43.68546" lon="17.87872">
        <ele>291.0</ele>
      </trkpt>
      <trkpt lat="43.68566" lon="17.87808">
        <ele>291.1</ele>
      </trkpt>
      <trkpt lat="43.68587" lon="17.87744">
        <ele>288.8</ele>
      </trkpt>
      <trkpt lat="43.68608" lon="17.87688">
        <ele>289.9</ele>
      </trkpt>
      <trkpt lat="43.68633" lon="17.87634">
        <ele>290.9</ele>
      </trkpt>
      <trkpt lat="43.68681" lon="17.87548">
        <ele>292.2</ele>
      </trkpt>
      <trkpt lat="43.68698" lon="17.87505">
        <ele>292.0</ele>
      </trkpt>
      <trkpt lat="43.68706" lon="17.87475">
        <ele>291.7</ele>
      </trkpt>
      <trkpt lat="43.68712" lon="17.87445">
        <ele>291.7</ele>
      </trkpt>
      <trkpt lat="43.68715" lon="17.87415">
        <ele>292.3</ele>
      </trkpt>
      <trkpt lat="43.68715" lon="17.87377">
        <ele>292.6</ele>
      </trkpt>
      <trkpt lat="43.68705" lon="17.87259">
        <ele>293.0</ele>
      </trkpt>
      <trkpt lat="43.68705" lon="17.87233">
        <ele>292.7</ele>
      </trkpt>
      <trkpt lat="43.68707" lon="17.87215">
        <ele>292.3</ele>
      </trkpt>
      <trkpt lat="43.68714" lon="17.87186">
        <ele>290.8</ele>
      </trkpt>
      <trkpt lat="43.6872" lon="17.87174">
        <ele>289.5</ele>
      </trkpt>
      <trkpt lat="43.68729" lon="17.87163">
        <ele>287.9</ele>
      </trkpt>
      <trkpt lat="43.68742" lon="17.87151">
        <ele>286.5</ele>
      </trkpt>
      <trkpt lat="43.68763" lon="17.87139">
        <ele>287.9</ele>
      </trkpt>
      <trkpt lat="43.68777" lon="17.87137">
        <ele>290.0</ele>
      </trkpt>
      <trkpt lat="43.68796" lon="17.87139">
        <ele>292.0</ele>
      </trkpt>
      <trkpt lat="43.6882" lon="17.8715">
        <ele>292.9</ele>
      </trkpt>
      <trkpt lat="43.68837" lon="17.87168">
        <ele>292.0</ele>
      </trkpt>
      <trkpt lat="43.68876" lon="17.87223">
        <ele>288.7</ele>
      </trkpt>
      <trkpt lat="43.6889" lon="17.87235">
        <ele>287.7</ele>
      </trkpt>
      <trkpt lat="43.68915" lon="17.87246">
        <ele>288.3</ele>
      </trkpt>
      <trkpt lat="43.68936" lon="17.87246">
        <ele>286.6</ele>
      </trkpt>
      <trkpt lat="43.6896" lon="17.87238">
        <ele>287.4</ele>
      </trkpt>
      <trkpt lat="43.68993" lon="17.87219">
        <ele>292.1</ele>
      </trkpt>
      <trkpt lat="43.69023" lon="17.87198">
        <ele>292.7</ele>
      </trkpt>
      <trkpt lat="43.69046" lon="17.87178">
        <ele>290.8</ele>
      </trkpt>
      <trkpt lat="43.69062" lon="17.87161">
        <ele>288.5</ele>
      </trkpt>
      <trkpt lat="43.69079" lon="17.87132">
        <ele>286.4</ele>
      </trkpt>
      <trkpt lat="43.69088" lon="17.87104">
        <ele>287.8</ele>
      </trkpt>
      <trkpt lat="43.69093" lon="17.87073">
        <ele>290.2</ele>
      </trkpt>
      <trkpt lat="43.69098" lon="17.87002">
        <ele>293.5</ele>
      </trkpt>
      <trkpt lat="43.69101" lon="17.86973">
        <ele>294.3</ele>
      </trkpt>
      <trkpt lat="43.69107" lon="17.86947">
        <ele>293.7</ele>
      </trkpt>
      <trkpt lat="43.69133" lon="17.86873">
        <ele>292.1</ele>
      </trkpt>
      <trkpt lat="43.69158" lon="17.86799">
        <ele>290.7</ele>
      </trkpt>
      <trkpt lat="43.69168" lon="17.86748">
        <ele>291.6</ele>
      </trkpt>
      <trkpt lat="43.69173" lon="17.8668">
        <ele>291.5</ele>
      </trkpt>
      <trkpt lat="43.69179" lon="17.86611">
        <ele>291.1</ele>
      </trkpt>
      <trkpt lat="43.69186" lon="17.86541">
        <ele>290.7</ele>
      </trkpt>
      <trkpt lat="43.6919" lon="17.8652">
        <ele>289.8</ele>
      </trkpt>
      <trkpt lat="43.69206" lon="17.86459">
        <ele>290.4</ele>
      </trkpt>
      <trkpt lat="43.69221" lon="17.86398">
        <ele>291.2</ele>
      </trkpt>
      <trkpt lat="43.69228" lon="17.86358">
        <ele>291.5</ele>
      </trkpt>
      <trkpt lat="43.6924" lon="17.86246">
        <ele>290.2</ele>
      </trkpt>
      <trkpt lat="43.69246" lon="17.86201">
        <ele>291.1</ele>
      </trkpt>
      <trkpt lat="43.69266" lon="17.86103">
        <ele>296.5</ele>
      </trkpt>
      <trkpt lat="43.69285" lon="17.86005">
        <ele>293.9</ele>
      </trkpt>
      <trkpt lat="43.693" lon="17.85891">
        <ele>284.6</ele>
      </trkpt>
      <trkpt lat="43.69313" lon="17.8578">
        <ele>287.7</ele>
      </trkpt>
      <trkpt lat="43.69313" lon="17.85732">
        <ele>289.9</ele>
      </trkpt>
      <trkpt lat="43.69311" lon="17.85704">
        <ele>289.6</ele>
      </trkpt>
      <trkpt lat="43.69303" lon="17.85636">
        <ele>289.2</ele>
      </trkpt>
      <trkpt lat="43.69293" lon="17.85573">
        <ele>289.1</ele>
      </trkpt>
      <trkpt lat="43.69282" lon="17.8551">
        <ele>288.7</ele>
      </trkpt>
      <trkpt lat="43.69274" lon="17.85446">
        <ele>289.8</ele>
      </trkpt>
      <trkpt lat="43.69271" lon="17.85402">
        <ele>290.3</ele>
      </trkpt>
      <trkpt lat="43.69274" lon="17.85364">
        <ele>289.9</ele>
      </trkpt>
      <trkpt lat="43.69293" lon="17.85273">
        <ele>286.8</ele>
      </trkpt>
      <trkpt lat="43.69313" lon="17.85182">
        <ele>279.8</ele>
      </trkpt>
      <trkpt lat="43.69318" lon="17.85137">
        <ele>280.2</ele>
      </trkpt>
      <trkpt lat="43.69327" lon="17.85044">
        <ele>281.3</ele>
      </trkpt>
      <trkpt lat="43.69336" lon="17.84951">
        <ele>282.3</ele>
      </trkpt>
      <trkpt lat="43.69346" lon="17.84858">
        <ele>283.3</ele>
      </trkpt>
      <trkpt lat="43.69358" lon="17.84766">
        <ele>284.4</ele>
      </trkpt>
      <trkpt lat="43.69373" lon="17.84689">
        <ele>288.9</ele>
      </trkpt>
      <trkpt lat="43.69398" lon="17.84574">
        <ele>288.2</ele>
      </trkpt>
      <trkpt lat="43.69424" lon="17.84458">
        <ele>284.1</ele>
      </trkpt>
      <trkpt lat="43.69426" lon="17.84434">
        <ele>285.3</ele>
      </trkpt>
      <trkpt lat="43.69427" lon="17.84406">
        <ele>286.2</ele>
      </trkpt>
      <trkpt lat="43.69425" lon="17.84382">
        <ele>286.6</ele>
      </trkpt>
      <trkpt lat="43.6942" lon="17.84358">
        <ele>287.6</ele>
      </trkpt>
      <trkpt lat="43.69412" lon="17.84333">
        <ele>289.0</ele>
      </trkpt>
      <trkpt lat="43.69383" lon="17.84296">
        <ele>289.3</ele>
      </trkpt>
      <trkpt lat="43.69345" lon="17.84269">
        <ele>288.7</ele>
      </trkpt>
      <trkpt lat="43.69275" lon="17.8423">
        <ele>289.9</ele>
      </trkpt>
      <trkpt lat="43.69205" lon="17.84192">
        <ele>290.6</ele>
      </trkpt>
      <trkpt lat="43.69192" lon="17.84183">
        <ele>290.0</ele>
      </trkpt>
      <trkpt lat="43.69162" lon="17.84153">
        <ele>288.6</ele>
      </trkpt>
      <trkpt lat="43.69153" lon="17.8414">
        <ele>289.2</ele>
      </trkpt>
      <trkpt lat="43.69136" lon="17.84108">
        <ele>290.0</ele>
      </trkpt>
      <trkpt lat="43.69129" lon="17.8409">
        <ele>290.1</ele>
      </trkpt>
      <trkpt lat="43.6912" lon="17.84057">
        <ele>290.8</ele>
      </trkpt>
      <trkpt lat="43.69113" lon="17.84023">
        <ele>291.5</ele>
      </trkpt>
      <trkpt lat="43.69113" lon="17.8399">
        <ele>291.1</ele>
      </trkpt>
      <trkpt lat="43.69115" lon="17.83966">
        <ele>291.1</ele>
      </trkpt>
      <trkpt lat="43.69124" lon="17.83874">
        <ele>291.5</ele>
      </trkpt>
      <trkpt lat="43.69133" lon="17.83782">
        <ele>294.7</ele>
      </trkpt>
      <trkpt lat="43.69142" lon="17.83702">
        <ele>294.7</ele>
      </trkpt>
      <trkpt lat="43.69152" lon="17.83622">
        <ele>294.0</ele>
      </trkpt>
      <trkpt lat="43.69156" lon="17.83605">
        <ele>293.6</ele>
      </trkpt>
      <trkpt lat="43.69169" lon="17.83567">
        <ele>292.1</ele>
      </trkpt>
      <trkpt lat="43.69196" lon="17.8351">
        <ele>287.8</ele>
      </trkpt>
      <trkpt lat="43.69214" lon="17.83463">
        <ele>281.5</ele>
      </trkpt>
      <trkpt lat="43.69217" lon="17.83446">
        <ele>280.4</ele>
      </trkpt>
      <trkpt lat="43.69219" lon="17.83412">
        <ele>279.3</ele>
      </trkpt>
      <trkpt lat="43.69217" lon="17.83394">
        <ele>278.5</ele>
      </trkpt>
      <trkpt lat="43.69211" lon="17.83374">
        <ele>278.7</ele>
      </trkpt>
      <trkpt lat="43.69204" lon="17.83357">
        <ele>279.1</ele>
      </trkpt>
      <trkpt lat="43.69195" lon="17.83342">
        <ele>279.8</ele>
      </trkpt>
      <trkpt lat="43.69185" lon="17.83328">
        <ele>280.5</ele>
      </trkpt>
      <trkpt lat="43.69169" lon="17.83315">
        <ele>282.6</ele>
      </trkpt>
      <trkpt lat="43.69151" lon="17.83307">
        <ele>282.9</ele>
      </trkpt>
      <trkpt lat="43.69129" lon="17.83303">
        <ele>283.6</ele>
      </trkpt>
      <trkpt lat="43.69074" lon="17.83298">
        <ele>285.3</ele>
      </trkpt>
      <trkpt lat="43.69056" lon="17.83291">
        <ele>284.2</ele>
      </trkpt>
      <trkpt lat="43.69039" lon="17.83281">
        <ele>283.5</ele>
      </trkpt>
      <trkpt lat="43.69023" lon="17.83268">
        <ele>283.3</ele>
      </trkpt>
      <trkpt lat="43.69006" lon="17.83241">
        <ele>283.7</ele>
      </trkpt>
      <trkpt lat="43.68983" lon="17.83187">
        <ele>284.0</ele>
      </trkpt>
      <trkpt lat="43.6896" lon="17.83132">
        <ele>281.1</ele>
      </trkpt>
      <trkpt lat="43.68932" lon="17.83092">
        <ele>278.6</ele>
      </trkpt>
      <trkpt lat="43.68884" lon="17.83046">
        <ele>278.7</ele>
      </trkpt>
      <trkpt lat="43.68836" lon="17.83">
        <ele>279.6</ele>
      </trkpt>
      <trkpt lat="43.68815" lon="17.82988">
        <ele>277.8</ele>
      </trkpt>
      <trkpt lat="43.68797" lon="17.82984">
        <ele>276.9</ele>
      </trkpt>
      <trkpt lat="43.68776" lon="17.82986">
        <ele>276.8</ele>
      </trkpt>
      <trkpt lat="43.68753" lon="17.82992">
        <ele>277.1</ele>
      </trkpt>
      <trkpt lat="43.68736" lon="17.83001">
        <ele>277.6</ele>
      </trkpt>
      <trkpt lat="43.68721" lon="17.83012">
        <ele>279.5</ele>
      </trkpt>
      <trkpt lat="43.68682" lon="17.8306">
        <ele>285.6</ele>
      </trkpt>
      <trkpt lat="43.68644" lon="17.83107">
        <ele>287.7</ele>
      </trkpt>
      <trkpt lat="43.68631" lon="17.83121">
        <ele>288.2</ele>
      </trkpt>
      <trkpt lat="43.68612" lon="17.83137">
        <ele>288.1</ele>
      </trkpt>
      <trkpt lat="43.68594" lon="17.83145">
        <ele>286.9</ele>
      </trkpt>
      <trkpt lat="43.68575" lon="17.8315">
        <ele>286.2</ele>
      </trkpt>
      <trkpt lat="43.68524" lon="17.83153">
        <ele>286.8</ele>
      </trkpt>
      <trkpt lat="43.68508" lon="17.83158">
        <ele>288.0</ele>
      </trkpt>
      <trkpt lat="43.68484" lon="17.83169">
        <ele>289.6</ele>
      </trkpt>
      <trkpt lat="43.68448" lon="17.83195">
        <ele>293.7</ele>
      </trkpt>
      <trkpt lat="43.6843" lon="17.83205">
        <ele>294.3</ele>
      </trkpt>
      <trkpt lat="43.68412" lon="17.83209">
        <ele>294.4</ele>
      </trkpt>
      <trkpt lat="43.68398" lon="17.83211">
        <ele>297.0</ele>
      </trkpt>
      <trkpt lat="43.68366" lon="17.83207">
        <ele>301.1</ele>
      </trkpt>
      <trkpt lat="43.68338" lon="17.83192">
        <ele>302.4</ele>
      </trkpt>
      <trkpt lat="43.68314" lon="17.83171">
        <ele>300.3</ele>
      </trkpt>
      <trkpt lat="43.68302" lon="17.83156">
        <ele>298.4</ele>
      </trkpt>
      <trkpt lat="43.68291" lon="17.83137">
        <ele>296.1</ele>
      </trkpt>
      <trkpt lat="43.6828" lon="17.83114">
        <ele>293.2</ele>
      </trkpt>
      <trkpt lat="43.68273" lon="17.83096">
        <ele>290.9</ele>
      </trkpt>
      <trkpt lat="43.68266" lon="17.83057">
        <ele>290.6</ele>
      </trkpt>
      <trkpt lat="43.68267" lon="17.83007">
        <ele>292.4</ele>
      </trkpt>
      <trkpt lat="43.68271" lon="17.82975">
        <ele>296.4</ele>
      </trkpt>
      <trkpt lat="43.68283" lon="17.82934">
        <ele>301.0</ele>
      </trkpt>
      <trkpt lat="43.68298" lon="17.82901">
        <ele>303.4</ele>
      </trkpt>
      <trkpt lat="43.6831" lon="17.8288">
        <ele>304.6</ele>
      </trkpt>
      <trkpt lat="43.68369" lon="17.82802">
        <ele>309.7</ele>
      </trkpt>
      <trkpt lat="43.68395" lon="17.82764">
        <ele>310.2</ele>
      </trkpt>
      <trkpt lat="43.68442" lon="17.82689">
        <ele>312.0</ele>
      </trkpt>
      <trkpt lat="43.68474" lon="17.82641">
        <ele>312.7</ele>
      </trkpt>
      <trkpt lat="43.68502" lon="17.82615">
        <ele>311.0</ele>
      </trkpt>
      <trkpt lat="43.68549" lon="17.82578">
        <ele>305.3</ele>
      </trkpt>
      <trkpt lat="43.68564" lon="17.82562">
        <ele>304.1</ele>
      </trkpt>
      <trkpt lat="43.68576" lon="17.82545">
        <ele>304.1</ele>
      </trkpt>
      <trkpt lat="43.68614" lon="17.82478">
        <ele>305.0</ele>
      </trkpt>
      <trkpt lat="43.68644" lon="17.8241">
        <ele>308.4</ele>
      </trkpt>
      <trkpt lat="43.68668" lon="17.82346">
        <ele>309.8</ele>
      </trkpt>
      <trkpt lat="43.68674" lon="17.82325">
        <ele>309.8</ele>
      </trkpt>
      <trkpt lat="43.68679" lon="17.82291">
        <ele>310.4</ele>
      </trkpt>
      <trkpt lat="43.68678" lon="17.82191">
        <ele>313.7</ele>
      </trkpt>
      <trkpt lat="43.68673" lon="17.82082">
        <ele>315.6</ele>
      </trkpt>
      <trkpt lat="43.68663" lon="17.82031">
        <ele>311.1</ele>
      </trkpt>
      <trkpt lat="43.6864" lon="17.81983">
        <ele>316.5</ele>
      </trkpt>
      <trkpt lat="43.68609" lon="17.81928">
        <ele>322.2</ele>
      </trkpt>
      <trkpt lat="43.68579" lon="17.81874">
        <ele>320.5</ele>
      </trkpt>
      <trkpt lat="43.68561" lon="17.81837">
        <ele>318.0</ele>
      </trkpt>
      <trkpt lat="43.68524" lon="17.81748">
        <ele>315.9</ele>
      </trkpt>
      <trkpt lat="43.68487" lon="17.81658">
        <ele>314.1</ele>
      </trkpt>
      <trkpt lat="43.68446" lon="17.81561">
        <ele>312.1</ele>
      </trkpt>
      <trkpt lat="43.68435" lon="17.81519">
        <ele>311.4</ele>
      </trkpt>
      <trkpt lat="43.68428" lon="17.81473">
        <ele>310.5</ele>
      </trkpt>
      <trkpt lat="43.68418" lon="17.81405">
        <ele>309.4</ele>
      </trkpt>
      <trkpt lat="43.68409" lon="17.81328">
        <ele>314.4</ele>
      </trkpt>
      <trkpt lat="43.68402" lon="17.81296">
        <ele>314.0</ele>
      </trkpt>
      <trkpt lat="43.68391" lon="17.81265">
        <ele>316.3</ele>
      </trkpt>
      <trkpt lat="43.68375" lon="17.81234">
        <ele>321.4</ele>
      </trkpt>
      <trkpt lat="43.68351" lon="17.81197">
        <ele>319.7</ele>
      </trkpt>
      <trkpt lat="43.68324" lon="17.81147">
        <ele>317.7</ele>
      </trkpt>
      <trkpt lat="43.68304" lon="17.811">
        <ele>315.9</ele>
      </trkpt>
      <trkpt lat="43.68293" lon="17.81066">
        <ele>314.7</ele>
      </trkpt>
      <trkpt lat="43.6828" lon="17.81014">
        <ele>312.9</ele>
      </trkpt>
      <trkpt lat="43.68266" lon="17.80951">
        <ele>310.8</ele>
      </trkpt>
      <trkpt lat="43.68253" lon="17.80888">
        <ele>308.6</ele>
      </trkpt>
      <trkpt lat="43.68245" lon="17.80796">
        <ele>305.6</ele>
      </trkpt>
      <trkpt lat="43.68241" lon="17.80698">
        <ele>302.4</ele>
      </trkpt>
      <trkpt lat="43.6824" lon="17.80626">
        <ele>300.1</ele>
      </trkpt>
      <trkpt lat="43.68239" lon="17.80555">
        <ele>297.8</ele>
      </trkpt>
      <trkpt lat="43.6824" lon="17.80434">
        <ele>299.3</ele>
      </trkpt>
      <trkpt lat="43.68238" lon="17.80332">
        <ele>300.6</ele>
      </trkpt>
      <trkpt lat="43.6824" lon="17.80296">
        <ele>301.0</ele>
      </trkpt>
      <trkpt lat="43.68246" lon="17.8026">
        <ele>301.5</ele>
      </trkpt>
      <trkpt lat="43.68261" lon="17.80192">
        <ele>302.3</ele>
      </trkpt>
      <trkpt lat="43.68273" lon="17.80129">
        <ele>303.2</ele>
      </trkpt>
      <trkpt lat="43.68286" lon="17.80067">
        <ele>306.4</ele>
      </trkpt>
      <trkpt lat="43.68298" lon="17.79949">
        <ele>311.2</ele>
      </trkpt>
      <trkpt lat="43.68314" lon="17.79832">
        <ele>311.4</ele>
      </trkpt>
      <trkpt lat="43.68325" lon="17.79786">
        <ele>305.4</ele>
      </trkpt>
      <trkpt lat="43.68336" lon="17.79749">
        <ele>301.0</ele>
      </trkpt>
      <trkpt lat="43.68374" lon="17.79639">
        <ele>288.0</ele>
      </trkpt>
      <trkpt lat="43.68389" lon="17.79581">
        <ele>289.8</ele>
      </trkpt>
      <trkpt lat="43.68401" lon="17.79491">
        <ele>305.4</ele>
      </trkpt>
      <trkpt lat="43.68409" lon="17.79452">
        <ele>308.0</ele>
      </trkpt>
      <trkpt lat="43.68434" lon="17.7938">
        <ele>308.8</ele>
      </trkpt>
      <trkpt lat="43.68469" lon="17.79307">
        <ele>309.8</ele>
      </trkpt>
      <trkpt lat="43.68505" lon="17.79234">
        <ele>310.7</ele>
      </trkpt>
      <trkpt lat="43.68525" lon="17.79195">
        <ele>311.3</ele>
      </trkpt>
      <trkpt lat="43.68542" lon="17.7914">
        <ele>310.7</ele>
      </trkpt>
      <trkpt lat="43.68549" lon="17.79094">
        <ele>308.2</ele>
      </trkpt>
      <trkpt lat="43.68548" lon="17.79028">
        <ele>304.7</ele>
      </trkpt>
      <trkpt lat="43.68539" lon="17.7897">
        <ele>301.5</ele>
      </trkpt>
      <trkpt lat="43.68526" lon="17.78926">
        <ele>299.0</ele>
      </trkpt>
      <trkpt lat="43.68519" lon="17.78907">
        <ele>297.9</ele>
      </trkpt>
      <trkpt lat="43.685" lon="17.78872">
        <ele>295.6</ele>
      </trkpt>
      <trkpt lat="43.68478" lon="17.78843">
        <ele>294.2</ele>
      </trkpt>
      <trkpt lat="43.68432" lon="17.78795">
        <ele>296.5</ele>
      </trkpt>
      <trkpt lat="43.68386" lon="17.78753">
        <ele>295.5</ele>
      </trkpt>
      <trkpt lat="43.6834" lon="17.7871">
        <ele>296.1</ele>
      </trkpt>
      <trkpt lat="43.68302" lon="17.78671">
        <ele>295.1</ele>
      </trkpt>
      <trkpt lat="43.68263" lon="17.78619">
        <ele>290.2</ele>
      </trkpt>
      <trkpt lat="43.68224" lon="17.78568">
        <ele>286.8</ele>
      </trkpt>
      <trkpt lat="43.68195" lon="17.78525">
        <ele>284.1</ele>
      </trkpt>
      <trkpt lat="43.68179" lon="17.78487">
        <ele>282.1</ele>
      </trkpt>
      <trkpt lat="43.68173" lon="17.78462">
        <ele>280.9</ele>
      </trkpt>
      <trkpt lat="43.68168" lon="17.78426">
        <ele>283.3</ele>
      </trkpt>
      <trkpt lat="43.68163" lon="17.78345">
        <ele>285.2</ele>
      </trkpt>
      <trkpt lat="43.68153" lon="17.78296">
        <ele>283.8</ele>
      </trkpt>
      <trkpt lat="43.68146" lon="17.78274">
        <ele>283.2</ele>
      </trkpt>
      <trkpt lat="43.68135" lon="17.7825">
        <ele>283.5</ele>
      </trkpt>
      <trkpt lat="43.68102" lon="17.78189">
        <ele>286.6</ele>
      </trkpt>
      <trkpt lat="43.6807" lon="17.78127">
        <ele>287.6</ele>
      </trkpt>
      <trkpt lat="43.68049" lon="17.78076">
        <ele>287.1</ele>
      </trkpt>
      <trkpt lat="43.68042" lon="17.78049">
        <ele>289.0</ele>
      </trkpt>
      <trkpt lat="43.68033" lon="17.77978">
        <ele>289.6</ele>
      </trkpt>
      <trkpt lat="43.68032" lon="17.77956">
        <ele>289.9</ele>
      </trkpt>
      <trkpt lat="43.68023" lon="17.77885">
        <ele>290.6</ele>
      </trkpt>
      <trkpt lat="43.68017" lon="17.77854">
        <ele>290.9</ele>
      </trkpt>
      <trkpt lat="43.68005" lon="17.77804">
        <ele>291.4</ele>
      </trkpt>
      <trkpt lat="43.67988" lon="17.77746">
        <ele>292.0</ele>
      </trkpt>
      <trkpt lat="43.6797" lon="17.77699">
        <ele>292.5</ele>
      </trkpt>
      <trkpt lat="43.67946" lon="17.77659">
        <ele>293.0</ele>
      </trkpt>
      <trkpt lat="43.67922" lon="17.77625">
        <ele>293.5</ele>
      </trkpt>
      <trkpt lat="43.67897" lon="17.77599">
        <ele>293.9</ele>
      </trkpt>
      <trkpt lat="43.6787" lon="17.7758">
        <ele>294.3</ele>
      </trkpt>
      <trkpt lat="43.6784" lon="17.77564">
        <ele>294.7</ele>
      </trkpt>
      <trkpt lat="43.67816" lon="17.77557">
        <ele>295.1</ele>
      </trkpt>
      <trkpt lat="43.67789" lon="17.77552">
        <ele>295.4</ele>
      </trkpt>
      <trkpt lat="43.67735" lon="17.77552">
        <ele>296.2</ele>
      </trkpt>
      <trkpt lat="43.67698" lon="17.77557">
        <ele>295.9</ele>
      </trkpt>
      <trkpt lat="43.67681" lon="17.77562">
        <ele>296.3</ele>
      </trkpt>
      <trkpt lat="43.67646" lon="17.77578">
        <ele>298.9</ele>
      </trkpt>
      <trkpt lat="43.67623" lon="17.77594">
        <ele>301.4</ele>
      </trkpt>
      <trkpt lat="43.676" lon="17.77614">
        <ele>302.7</ele>
      </trkpt>
      <trkpt lat="43.67582" lon="17.77635">
        <ele>302.3</ele>
      </trkpt>
      <trkpt lat="43.67555" lon="17.77675">
        <ele>306.7</ele>
      </trkpt>
      <trkpt lat="43.67527" lon="17.77725">
        <ele>310.1</ele>
      </trkpt>
      <trkpt lat="43.67511" lon="17.77747">
        <ele>307.4</ele>
      </trkpt>
      <trkpt lat="43.67482" lon="17.7777">
        <ele>313.0</ele>
      </trkpt>
      <trkpt lat="43.6747" lon="17.77774">
        <ele>316.8</ele>
      </trkpt>
      <trkpt lat="43.67449" lon="17.77776">
        <ele>315.6</ele>
      </trkpt>
      <trkpt lat="43.67368" lon="17.77776">
        <ele>311.4</ele>
      </trkpt>
      <trkpt lat="43.67287" lon="17.77777">
        <ele>307.2</ele>
      </trkpt>
      <trkpt lat="43.67206" lon="17.77777">
        <ele>302.9</ele>
      </trkpt>
      <trkpt lat="43.67126" lon="17.77778">
        <ele>298.7</ele>
      </trkpt>
      <trkpt lat="43.67045" lon="17.77778">
        <ele>294.5</ele>
      </trkpt>
      <trkpt lat="43.66964" lon="17.77778">
        <ele>290.2</ele>
      </trkpt>
      <trkpt lat="43.66884" lon="17.77779">
        <ele>286.0</ele>
      </trkpt>
      <trkpt lat="43.66868" lon="17.77779">
        <ele>285.2</ele>
      </trkpt>
      <trkpt lat="43.66843" lon="17.77771">
        <ele>283.9</ele>
      </trkpt>
      <trkpt lat="43.66831" lon="17.77763">
        <ele>279.7</ele>
      </trkpt>
      <trkpt lat="43.66815" lon="17.77748">
        <ele>276.9</ele>
      </trkpt>
      <trkpt lat="43.668" lon="17.77727">
        <ele>277.2</ele>
      </trkpt>
      <trkpt lat="43.66755" lon="17.77647">
        <ele>267.4</ele>
      </trkpt>
      <trkpt lat="43.66737" lon="17.77624">
        <ele>268.9</ele>
      </trkpt>
      <trkpt lat="43.66713" lon="17.776">
        <ele>268.9</ele>
      </trkpt>
      <trkpt lat="43.66678" lon="17.77579">
        <ele>264.9</ele>
      </trkpt>
      <trkpt lat="43.66606" lon="17.77549">
        <ele>259.3</ele>
      </trkpt>
      <trkpt lat="43.66583" lon="17.77538">
        <ele>256.9</ele>
      </trkpt>
      <trkpt lat="43.66561" lon="17.77523">
        <ele>255.6</ele>
      </trkpt>
      <trkpt lat="43.66539" lon="17.77512">
        <ele>252.4</ele>
      </trkpt>
      <trkpt lat="43.66506" lon="17.77498">
        <ele>246.3</ele>
      </trkpt>
      <trkpt lat="43.66483" lon="17.77486">
        <ele>242.4</ele>
      </trkpt>
      <trkpt lat="43.66471" lon="17.77476">
        <ele>240.7</ele>
      </trkpt>
      <trkpt lat="43.6646" lon="17.77463">
        <ele>239.5</ele>
      </trkpt>
      <trkpt lat="43.66451" lon="17.77448">
        <ele>238.8</ele>
      </trkpt>
      <trkpt lat="43.66432" lon="17.77407">
        <ele>234.9</ele>
      </trkpt>
      <trkpt lat="43.66424" lon="17.77376">
        <ele>228.5</ele>
      </trkpt>
      <trkpt lat="43.66422" lon="17.77361">
        <ele>226.1</ele>
      </trkpt>
      <trkpt lat="43.66422" lon="17.77334">
        <ele>223.9</ele>
      </trkpt>
      <trkpt lat="43.66435" lon="17.77226">
        <ele>222.9</ele>
      </trkpt>
      <trkpt lat="43.66437" lon="17.7719">
        <ele>223.2</ele>
      </trkpt>
      <trkpt lat="43.66437" lon="17.77122">
        <ele>222.3</ele>
      </trkpt>
      <trkpt lat="43.66435" lon="17.77092">
        <ele>220.9</ele>
      </trkpt>
      <trkpt lat="43.66424" lon="17.76998">
        <ele>214.2</ele>
      </trkpt>
      <trkpt lat="43.66412" lon="17.76904">
        <ele>208.8</ele>
      </trkpt>
      <trkpt lat="43.66404" lon="17.76873">
        <ele>207.2</ele>
      </trkpt>
      <trkpt lat="43.66392" lon="17.76841">
        <ele>204.9</ele>
      </trkpt>
      <trkpt lat="43.66374" lon="17.76802">
        <ele>205.4</ele>
      </trkpt>
      <trkpt lat="43.66352" lon="17.76758">
        <ele>201.8</ele>
      </trkpt>
      <trkpt lat="43.66342" lon="17.76736">
        <ele>198.6</ele>
      </trkpt>
      <trkpt lat="43.66334" lon="17.76701">
        <ele>196.4</ele>
      </trkpt>
      <trkpt lat="43.66324" lon="17.766">
        <ele>200.5</ele>
      </trkpt>
      <trkpt lat="43.66316" lon="17.76568">
        <ele>196.5</ele>
      </trkpt>
      <trkpt lat="43.66299" lon="17.76533">
        <ele>196.0</ele>
      </trkpt>
      <trkpt lat="43.66282" lon="17.76502">
        <ele>195.6</ele>
      </trkpt>
      <trkpt lat="43.66269" lon="17.76469">
        <ele>195.2</ele>
      </trkpt>
      <trkpt lat="43.66252" lon="17.76405">
        <ele>194.5</ele>
      </trkpt>
      <trkpt lat="43.66246" lon="17.76382">
        <ele>194.3</ele>
      </trkpt>
      <trkpt lat="43.66236" lon="17.76363">
        <ele>194.1</ele>
      </trkpt>
      <trkpt lat="43.66225" lon="17.76352">
        <ele>195.7</ele>
      </trkpt>
      <trkpt lat="43.66149" lon="17.76315">
        <ele>198.2</ele>
      </trkpt>
      <trkpt lat="43.66082" lon="17.7629">
        <ele>198.0</ele>
      </trkpt>
      <trkpt lat="43.66071" lon="17.76273">
        <ele>198.1</ele>
      </trkpt>
      <trkpt lat="43.66061" lon="17.76247">
        <ele>198.8</ele>
      </trkpt>
      <trkpt lat="43.66059" lon="17.7614">
        <ele>204.1</ele>
      </trkpt>
      <trkpt lat="43.66139" lon="17.76132">
        <ele>207.1</ele>
      </trkpt>
      <trkpt lat="43.66205" lon="17.76122">
        <ele>209.1</ele>
      </trkpt>
      <trkpt lat="43.66271" lon="17.76112">
        <ele>209.1</ele>
      </trkpt>
      <trkpt lat="43.66279" lon="17.76109">
        <ele>208.9</ele>
      </trkpt>
      <trkpt lat="43.66306" lon="17.76086">
        <ele>208.5</ele>
      </trkpt>
      <trkpt lat="43.66337" lon="17.76055">
        <ele>209.1</ele>
      </trkpt>
      <trkpt lat="43.66369" lon="17.76019">
        <ele>209.5</ele>
      </trkpt>
      <trkpt lat="43.66385" lon="17.75995">
        <ele>208.8</ele>
      </trkpt>
      <trkpt lat="43.66408" lon="17.75957">
        <ele>207.0</ele>
      </trkpt>
      <trkpt lat="43.66382" lon="17.75897">
        <ele>212.4</ele>
      </trkpt>
      <trkpt lat="43.66364" lon="17.75856">
        <ele>211.8</ele>
      </trkpt>
      <trkpt lat="43.66345" lon="17.75831">
        <ele>211.0</ele>
      </trkpt>
      <trkpt lat="43.66292" lon="17.7579">
        <ele>214.1</ele>
      </trkpt>
      <trkpt lat="43.66265" lon="17.75765">
        <ele>214.9</ele>
      </trkpt>
      <trkpt lat="43.66212" lon="17.75709">
        <ele>216.7</ele>
      </trkpt>
      <trkpt lat="43.66166" lon="17.75669">
        <ele>216.4</ele>
      </trkpt>
      <trkpt lat="43.66108" lon="17.75628">
        <ele>217.5</ele>
      </trkpt>
      <trkpt lat="43.6605" lon="17.75587">
        <ele>216.9</ele>
      </trkpt>
      <trkpt lat="43.65992" lon="17.75547">
        <ele>219.9</ele>
      </trkpt>
      <trkpt lat="43.65969" lon="17.75527">
        <ele>221.4</ele>
      </trkpt>
      <trkpt lat="43.65942" lon="17.75495">
        <ele>222.9</ele>
      </trkpt>
      <trkpt lat="43.65922" lon="17.75469">
        <ele>225.5</ele>
      </trkpt>
      <trkpt lat="43.65917" lon="17.75459">
        <ele>226.4</ele>
      </trkpt>
      <trkpt lat="43.65913" lon="17.7544">
        <ele>228.2</ele>
      </trkpt>
      <trkpt lat="43.65909" lon="17.75334">
        <ele>234.0</ele>
      </trkpt>
      <trkpt lat="43.65915" lon="17.75269">
        <ele>229.3</ele>
      </trkpt>
      <trkpt lat="43.65915" lon="17.7525">
        <ele>228.9</ele>
      </trkpt>
      <trkpt lat="43.65912" lon="17.75202">
        <ele>227.5</ele>
      </trkpt>
      <trkpt lat="43.65912" lon="17.75177">
        <ele>225.9</ele>
      </trkpt>
      <trkpt lat="43.65904" lon="17.75096">
        <ele>227.4</ele>
      </trkpt>
      <trkpt lat="43.65902" lon="17.75059">
        <ele>227.2</ele>
      </trkpt>
      <trkpt lat="43.65899" lon="17.7504">
        <ele>227.5</ele>
      </trkpt>
      <trkpt lat="43.65889" lon="17.75005">
        <ele>228.5</ele>
      </trkpt>
      <trkpt lat="43.65884" lon="17.74978">
        <ele>228.5</ele>
      </trkpt>
      <trkpt lat="43.6588" lon="17.74951">
        <ele>228.2</ele>
      </trkpt>
      <trkpt lat="43.65875" lon="17.74868">
        <ele>227.2</ele>
      </trkpt>
      <trkpt lat="43.65867" lon="17.74781">
        <ele>225.1</ele>
      </trkpt>
      <trkpt lat="43.65864" lon="17.74763">
        <ele>224.7</ele>
      </trkpt>
      <trkpt lat="43.65856" lon="17.74742">
        <ele>225.1</ele>
      </trkpt>
      <trkpt lat="43.6584" lon="17.74707">
        <ele>225.0</ele>
      </trkpt>
      <trkpt lat="43.65833" lon="17.74677">
        <ele>223.3</ele>
      </trkpt>
      <trkpt lat="43.65831" lon="17.74588">
        <ele>219.6</ele>
      </trkpt>
      <trkpt lat="43.65827" lon="17.74557">
        <ele>220.1</ele>
      </trkpt>
      <trkpt lat="43.65816" lon="17.74519">
        <ele>222.7</ele>
      </trkpt>
      <trkpt lat="43.658" lon="17.74481">
        <ele>226.5</ele>
      </trkpt>
      <trkpt lat="43.65755" lon="17.74398">
        <ele>225.0</ele>
      </trkpt>
      <trkpt lat="43.65751" lon="17.74385">
        <ele>223.9</ele>
      </trkpt>
      <trkpt lat="43.65738" lon="17.74329">
        <ele>227.6</ele>
      </trkpt>
      <trkpt lat="43.65728" lon="17.74291">
        <ele>234.3</ele>
      </trkpt>
      <trkpt lat="43.65726" lon="17.74274">
        <ele>235.3</ele>
      </trkpt>
      <trkpt lat="43.6573" lon="17.74245">
        <ele>232.7</ele>
      </trkpt>
      <trkpt lat="43.65747" lon="17.74182">
        <ele>225.1</ele>
      </trkpt>
      <trkpt lat="43.65751" lon="17.74154">
        <ele>224.2</ele>
      </trkpt>
      <trkpt lat="43.65751" lon="17.74138">
        <ele>224.4</ele>
      </trkpt>
      <trkpt lat="43.65738" lon="17.74033">
        <ele>228.6</ele>
      </trkpt>
      <trkpt lat="43.65732" lon="17.74017">
        <ele>229.7</ele>
      </trkpt>
      <trkpt lat="43.65725" lon="17.74005">
        <ele>230.7</ele>
      </trkpt>
      <trkpt lat="43.65714" lon="17.73993">
        <ele>232.4</ele>
      </trkpt>
      <trkpt lat="43.65672" lon="17.7396">
        <ele>236.9</ele>
      </trkpt>
      <trkpt lat="43.65628" lon="17.73909">
        <ele>249.6</ele>
      </trkpt>
      <trkpt lat="43.65612" lon="17.73884">
        <ele>255.2</ele>
      </trkpt>
      <trkpt lat="43.65604" lon="17.73862">
        <ele>257.2</ele>
      </trkpt>
      <trkpt lat="43.65603" lon="17.73839">
        <ele>255.9</ele>
      </trkpt>
      <trkpt lat="43.65604" lon="17.73826">
        <ele>255.0</ele>
      </trkpt>
      <trkpt lat="43.65609" lon="17.73806">
        <ele>252.7</ele>
      </trkpt>
      <trkpt lat="43.65608" lon="17.73785">
        <ele>253.0</ele>
      </trkpt>
      <trkpt lat="43.65605" lon="17.73763">
        <ele>253.9</ele>
      </trkpt>
      <trkpt lat="43.65581" lon="17.73674">
        <ele>255.7</ele>
      </trkpt>
      <trkpt lat="43.65569" lon="17.73611">
        <ele>258.0</ele>
      </trkpt>
      <trkpt lat="43.65569" lon="17.7352">
        <ele>258.8</ele>
      </trkpt>
      <trkpt lat="43.65557" lon="17.73418">
        <ele>268.3</ele>
      </trkpt>
      <trkpt lat="43.65558" lon="17.73395">
        <ele>270.1</ele>
      </trkpt>
      <trkpt lat="43.65564" lon="17.73363">
        <ele>270.4</ele>
      </trkpt>
      <trkpt lat="43.65573" lon="17.73331">
        <ele>269.2</ele>
      </trkpt>
      <trkpt lat="43.65596" lon="17.73222">
        <ele>274.5</ele>
      </trkpt>
      <trkpt lat="43.65601" lon="17.73171">
        <ele>276.7</ele>
      </trkpt>
      <trkpt lat="43.65606" lon="17.73061">
        <ele>273.2</ele>
      </trkpt>
      <trkpt lat="43.65606" lon="17.73031">
        <ele>270.0</ele>
      </trkpt>
      <trkpt lat="43.65599" lon="17.73001">
        <ele>268.5</ele>
      </trkpt>
      <trkpt lat="43.65592" lon="17.72978">
        <ele>267.7</ele>
      </trkpt>
      <trkpt lat="43.65589" lon="17.72944">
        <ele>264.6</ele>
      </trkpt>
      <trkpt lat="43.6559" lon="17.72914">
        <ele>261.6</ele>
      </trkpt>
      <trkpt lat="43.65594" lon="17.72897">
        <ele>261.7</ele>
      </trkpt>
      <trkpt lat="43.65606" lon="17.72865">
        <ele>261.8</ele>
      </trkpt>
      <trkpt lat="43.6562" lon="17.72838">
        <ele>261.7</ele>
      </trkpt>
      <trkpt lat="43.65645" lon="17.72806">
        <ele>261.8</ele>
      </trkpt>
      <trkpt lat="43.6566" lon="17.72781">
        <ele>262.0</ele>
      </trkpt>
      <trkpt lat="43.65691" lon="17.72724">
        <ele>266.0</ele>
      </trkpt>
      <trkpt lat="43.65722" lon="17.72666">
        <ele>269.1</ele>
      </trkpt>
      <trkpt lat="43.65734" lon="17.72637">
        <ele>272.0</ele>
      </trkpt>
      <trkpt lat="43.65741" lon="17.72611">
        <ele>273.9</ele>
      </trkpt>
      <trkpt lat="43.65756" lon="17.72544">
        <ele>281.4</ele>
      </trkpt>
      <trkpt lat="43.65759" lon="17.7252">
        <ele>284.7</ele>
      </trkpt>
      <trkpt lat="43.65759" lon="17.72482">
        <ele>287.3</ele>
      </trkpt>
      <trkpt lat="43.65752" lon="17.72431">
        <ele>288.5</ele>
      </trkpt>
      <trkpt lat="43.65752" lon="17.72411">
        <ele>289.6</ele>
      </trkpt>
      <trkpt lat="43.65756" lon="17.72394">
        <ele>290.8</ele>
      </trkpt>
      <trkpt lat="43.65761" lon="17.72376">
        <ele>291.7</ele>
      </trkpt>
      <trkpt lat="43.65778" lon="17.72337">
        <ele>291.4</ele>
      </trkpt>
      <trkpt lat="43.65785" lon="17.72315">
        <ele>290.5</ele>
      </trkpt>
      <trkpt lat="43.65796" lon="17.72271">
        <ele>288.6</ele>
      </trkpt>
      <trkpt lat="43.65803" lon="17.72248">
        <ele>287.4</ele>
      </trkpt>
      <trkpt lat="43.6585" lon="17.72147">
        <ele>297.0</ele>
      </trkpt>
      <trkpt lat="43.65866" lon="17.72096">
        <ele>300.4</ele>
      </trkpt>
      <trkpt lat="43.65876" lon="17.72049">
        <ele>301.7</ele>
      </trkpt>
      <trkpt lat="43.65885" lon="17.71984">
        <ele>303.0</ele>
      </trkpt>
      <trkpt lat="43.65895" lon="17.7192">
        <ele>303.3</ele>
      </trkpt>
      <trkpt lat="43.65897" lon="17.719">
        <ele>302.4</ele>
      </trkpt>
      <trkpt lat="43.65896" lon="17.71877">
        <ele>302.0</ele>
      </trkpt>
      <trkpt lat="43.65886" lon="17.71819">
        <ele>301.9</ele>
      </trkpt>
      <trkpt lat="43.65884" lon="17.718">
        <ele>301.8</ele>
      </trkpt>
      <trkpt lat="43.65887" lon="17.71777">
        <ele>301.8</ele>
      </trkpt>
      <trkpt lat="43.65894" lon="17.71757">
        <ele>301.8</ele>
      </trkpt>
      <trkpt lat="43.65902" lon="17.7174">
        <ele>301.8</ele>
      </trkpt>
      <trkpt lat="43.65927" lon="17.71705">
        <ele>306.7</ele>
      </trkpt>
      <trkpt lat="43.65941" lon="17.71692">
        <ele>307.2</ele>
      </trkpt>
      <trkpt lat="43.65986" lon="17.71667">
        <ele>299.5</ele>
      </trkpt>
      <trkpt lat="43.66005" lon="17.71649">
        <ele>300.7</ele>
      </trkpt>
      <trkpt lat="43.66016" lon="17.71635">
        <ele>304.5</ele>
      </trkpt>
      <trkpt lat="43.66038" lon="17.71601">
        <ele>309.0</ele>
      </trkpt>
      <trkpt lat="43.66066" lon="17.71549">
        <ele>309.4</ele>
      </trkpt>
      <trkpt lat="43.66079" lon="17.71513">
        <ele>309.9</ele>
      </trkpt>
      <trkpt lat="43.66098" lon="17.71423">
        <ele>317.2</ele>
      </trkpt>
      <trkpt lat="43.66106" lon="17.71345">
        <ele>317.7</ele>
      </trkpt>
      <trkpt lat="43.66114" lon="17.71316">
        <ele>319.6</ele>
      </trkpt>
      <trkpt lat="43.66133" lon="17.71261">
        <ele>322.7</ele>
      </trkpt>
      <trkpt lat="43.66142" lon="17.71231">
        <ele>324.0</ele>
      </trkpt>
      <trkpt lat="43.66151" lon="17.71181">
        <ele>325.9</ele>
      </trkpt>
      <trkpt lat="43.66173" lon="17.71154">
        <ele>322.9</ele>
      </trkpt>
      <trkpt lat="43.6619" lon="17.71146">
        <ele>323.4</ele>
      </trkpt>
      <trkpt lat="43.66234" lon="17.71144">
        <ele>318.1</ele>
      </trkpt>
      <trkpt lat="43.66245" lon="17.71141">
        <ele>316.9</ele>
      </trkpt>
      <trkpt lat="43.66275" lon="17.71116">
        <ele>318.0</ele>
      </trkpt>
      <trkpt lat="43.66301" lon="17.71086">
        <ele>316.8</ele>
      </trkpt>
      <trkpt lat="43.66331" lon="17.71032">
        <ele>318.8</ele>
      </trkpt>
      <trkpt lat="43.66344" lon="17.70996">
        <ele>321.8</ele>
      </trkpt>
      <trkpt lat="43.66351" lon="17.70959">
        <ele>326.8</ele>
      </trkpt>
      <trkpt lat="43.6636" lon="17.70938">
        <ele>328.7</ele>
      </trkpt>
      <trkpt lat="43.66373" lon="17.70922">
        <ele>328.8</ele>
      </trkpt>
      <trkpt lat="43.66418" lon="17.70871">
        <ele>329.7</ele>
      </trkpt>
      <trkpt lat="43.66435" lon="17.70861">
        <ele>332.6</ele>
      </trkpt>
      <trkpt lat="43.6645" lon="17.70857">
        <ele>334.3</ele>
      </trkpt>
      <trkpt lat="43.66481" lon="17.70856">
        <ele>336.9</ele>
      </trkpt>
      <trkpt lat="43.66533" lon="17.70865">
        <ele>341.3</ele>
      </trkpt>
      <trkpt lat="43.66546" lon="17.70862">
        <ele>342.9</ele>
      </trkpt>
      <trkpt lat="43.66578" lon="17.70841">
        <ele>347.9</ele>
      </trkpt>
      <trkpt lat="43.66593" lon="17.70838">
        <ele>349.0</ele>
      </trkpt>
      <trkpt lat="43.66641" lon="17.70849">
        <ele>349.2</ele>
      </trkpt>
      <trkpt lat="43.66657" lon="17.7085">
        <ele>349.4</ele>
      </trkpt>
      <trkpt lat="43.66669" lon="17.70847">
        <ele>349.9</ele>
      </trkpt>
      <trkpt lat="43.66719" lon="17.70816">
        <ele>354.1</ele>
      </trkpt>
      <trkpt lat="43.66739" lon="17.70809">
        <ele>354.3</ele>
      </trkpt>
      <trkpt lat="43.66786" lon="17.70801">
        <ele>351.1</ele>
      </trkpt>
      <trkpt lat="43.66804" lon="17.70793">
        <ele>350.9</ele>
      </trkpt>
      <trkpt lat="43.66861" lon="17.70752">
        <ele>353.7</ele>
      </trkpt>
      <trkpt lat="43.66882" lon="17.70745">
        <ele>354.7</ele>
      </trkpt>
      <trkpt lat="43.66915" lon="17.70739">
        <ele>354.7</ele>
      </trkpt>
      <trkpt lat="43.66931" lon="17.70732">
        <ele>356.8</ele>
      </trkpt>
      <trkpt lat="43.66974" lon="17.70696">
        <ele>364.4</ele>
      </trkpt>
      <trkpt lat="43.66988" lon="17.7069">
        <ele>365.1</ele>
      </trkpt>
      <trkpt lat="43.67004" lon="17.70691">
        <ele>364.8</ele>
      </trkpt>
      <trkpt lat="43.6703" lon="17.70698">
        <ele>364.3</ele>
      </trkpt>
      <trkpt lat="43.67047" lon="17.70695">
        <ele>364.8</ele>
      </trkpt>
      <trkpt lat="43.6706" lon="17.70688">
        <ele>365.6</ele>
      </trkpt>
      <trkpt lat="43.67109" lon="17.70615">
        <ele>369.1</ele>
      </trkpt>
      <trkpt lat="43.67134" lon="17.70586">
        <ele>370.6</ele>
      </trkpt>
      <trkpt lat="43.67157" lon="17.70566">
        <ele>372.0</ele>
      </trkpt>
      <trkpt lat="43.67206" lon="17.70525">
        <ele>374.8</ele>
      </trkpt>
      <trkpt lat="43.67214" lon="17.70514">
        <ele>374.7</ele>
      </trkpt>
      <trkpt lat="43.67221" lon="17.70498">
        <ele>375.2</ele>
      </trkpt>
      <trkpt lat="43.67233" lon="17.70451">
        <ele>381.4</ele>
      </trkpt>
      <trkpt lat="43.67238" lon="17.70436">
        <ele>382.8</ele>
      </trkpt>
      <trkpt lat="43.67259" lon="17.70404">
        <ele>384.9</ele>
      </trkpt>
      <trkpt lat="43.67301" lon="17.70365">
        <ele>385.9</ele>
      </trkpt>
      <trkpt lat="43.67343" lon="17.70326">
        <ele>385.0</ele>
      </trkpt>
      <trkpt lat="43.67384" lon="17.70292">
        <ele>387.8</ele>
      </trkpt>
      <trkpt lat="43.67403" lon="17.70268">
        <ele>390.0</ele>
      </trkpt>
      <trkpt lat="43.67416" lon="17.70248">
        <ele>392.2</ele>
      </trkpt>
      <trkpt lat="43.67428" lon="17.70234">
        <ele>396.5</ele>
      </trkpt>
      <trkpt lat="43.67444" lon="17.70221">
        <ele>398.7</ele>
      </trkpt>
      <trkpt lat="43.67526" lon="17.70178">
        <ele>395.3</ele>
      </trkpt>
      <trkpt lat="43.67578" lon="17.70165">
        <ele>393.0</ele>
      </trkpt>
      <trkpt lat="43.67627" lon="17.70148">
        <ele>391.1</ele>
      </trkpt>
      <trkpt lat="43.67647" lon="17.70143">
        <ele>389.8</ele>
      </trkpt>
      <trkpt lat="43.67694" lon="17.70143">
        <ele>385.9</ele>
      </trkpt>
      <trkpt lat="43.6771" lon="17.70137">
        <ele>386.0</ele>
      </trkpt>
      <trkpt lat="43.67721" lon="17.70124">
        <ele>387.1</ele>
      </trkpt>
      <trkpt lat="43.67732" lon="17.70103">
        <ele>388.5</ele>
      </trkpt>
      <trkpt lat="43.6774" lon="17.70078">
        <ele>390.5</ele>
      </trkpt>
      <trkpt lat="43.67752" lon="17.70047">
        <ele>393.4</ele>
      </trkpt>
      <trkpt lat="43.67766" lon="17.70001">
        <ele>397.2</ele>
      </trkpt>
      <trkpt lat="43.6778" lon="17.69964">
        <ele>400.1</ele>
      </trkpt>
      <trkpt lat="43.6782" lon="17.69896">
        <ele>398.9</ele>
      </trkpt>
      <trkpt lat="43.67859" lon="17.69829">
        <ele>402.2</ele>
      </trkpt>
      <trkpt lat="43.67873" lon="17.69811">
        <ele>402.8</ele>
      </trkpt>
      <trkpt lat="43.67895" lon="17.69799">
        <ele>399.6</ele>
      </trkpt>
      <trkpt lat="43.67973" lon="17.69777">
        <ele>395.4</ele>
      </trkpt>
      <trkpt lat="43.67999" lon="17.6976">
        <ele>396.1</ele>
      </trkpt>
      <trkpt lat="43.68066" lon="17.69698">
        <ele>396.4</ele>
      </trkpt>
      <trkpt lat="43.68089" lon="17.69667">
        <ele>395.4</ele>
      </trkpt>
      <trkpt lat="43.681" lon="17.69628">
        <ele>399.0</ele>
      </trkpt>
      <trkpt lat="43.68116" lon="17.69553">
        <ele>406.0</ele>
      </trkpt>
      <trkpt lat="43.68126" lon="17.69526">
        <ele>408.3</ele>
      </trkpt>
      <trkpt lat="43.68138" lon="17.69512">
        <ele>408.4</ele>
      </trkpt>
      <trkpt lat="43.6817" lon="17.69499">
        <ele>405.9</ele>
      </trkpt>
      <trkpt lat="43.68215" lon="17.69499">
        <ele>401.0</ele>
      </trkpt>
      <trkpt lat="43.68235" lon="17.69494">
        <ele>400.0</ele>
      </trkpt>
      <trkpt lat="43.68283" lon="17.69469">
        <ele>399.9</ele>
      </trkpt>
      <trkpt lat="43.68298" lon="17.69456">
        <ele>399.9</ele>
      </trkpt>
      <trkpt lat="43.6831" lon="17.6943">
        <ele>401.4</ele>
      </trkpt>
      <trkpt lat="43.68321" lon="17.69397">
        <ele>405.9</ele>
      </trkpt>
      <trkpt lat="43.68333" lon="17.69345">
        <ele>417.0</ele>
      </trkpt>
      <trkpt lat="43.68346" lon="17.69326">
        <ele>419.9</ele>
      </trkpt>
      <trkpt lat="43.68361" lon="17.69315">
        <ele>420.3</ele>
      </trkpt>
      <trkpt lat="43.68395" lon="17.69302">
        <ele>416.1</ele>
      </trkpt>
      <trkpt lat="43.68414" lon="17.69287">
        <ele>415.5</ele>
      </trkpt>
      <trkpt lat="43.68436" lon="17.6926">
        <ele>419.8</ele>
      </trkpt>
      <trkpt lat="43.68452" lon="17.69251">
        <ele>419.7</ele>
      </trkpt>
      <trkpt lat="43.68474" lon="17.69251">
        <ele>416.6</ele>
      </trkpt>
      <trkpt lat="43.68521" lon="17.69257">
        <ele>412.8</ele>
      </trkpt>
      <trkpt lat="43.68568" lon="17.69264">
        <ele>413.7</ele>
      </trkpt>
      <trkpt lat="43.68592" lon="17.6926">
        <ele>414.7</ele>
      </trkpt>
      <trkpt lat="43.68652" lon="17.69223">
        <ele>421.9</ele>
      </trkpt>
      <trkpt lat="43.68698" lon="17.69175">
        <ele>430.6</ele>
      </trkpt>
      <trkpt lat="43.68744" lon="17.69127">
        <ele>434.9</ele>
      </trkpt>
      <trkpt lat="43.6879" lon="17.6911">
        <ele>432.3</ele>
      </trkpt>
      <trkpt lat="43.68819" lon="17.6909">
        <ele>430.4</ele>
      </trkpt>
      <trkpt lat="43.68853" lon="17.69059">
        <ele>434.1</ele>
      </trkpt>
      <trkpt lat="43.68879" lon="17.69039">
        <ele>432.6</ele>
      </trkpt>
      <trkpt lat="43.68904" lon="17.69002">
        <ele>427.1</ele>
      </trkpt>
      <trkpt lat="43.68918" lon="17.68963">
        <ele>423.9</ele>
      </trkpt>
      <trkpt lat="43.68926" lon="17.68927">
        <ele>426.8</ele>
      </trkpt>
      <trkpt lat="43.68935" lon="17.68872">
        <ele>427.5</ele>
      </trkpt>
      <trkpt lat="43.68936" lon="17.68828">
        <ele>428.0</ele>
      </trkpt>
      <trkpt lat="43.6894" lon="17.68778">
        <ele>432.7</ele>
      </trkpt>
      <trkpt lat="43.68961" lon="17.68729">
        <ele>435.7</ele>
      </trkpt>
      <trkpt lat="43.69" lon="17.68663">
        <ele>437.2</ele>
      </trkpt>
      <trkpt lat="43.6904" lon="17.68598">
        <ele>445.2</ele>
      </trkpt>
      <trkpt lat="43.69079" lon="17.68533">
        <ele>443.7</ele>
      </trkpt>
      <trkpt lat="43.69092" lon="17.68507">
        <ele>446.5</ele>
      </trkpt>
      <trkpt lat="43.69099" lon="17.68481">
        <ele>450.4</ele>
      </trkpt>
      <trkpt lat="43.69102" lon="17.68455">
        <ele>453.7</ele>
      </trkpt>
      <trkpt lat="43.69103" lon="17.68428">
        <ele>457.2</ele>
      </trkpt>
      <trkpt lat="43.69101" lon="17.68396">
        <ele>462.0</ele>
      </trkpt>
      <trkpt lat="43.69104" lon="17.68373">
        <ele>464.2</ele>
      </trkpt>
      <trkpt lat="43.69109" lon="17.68344">
        <ele>466.2</ele>
      </trkpt>
      <trkpt lat="43.69121" lon="17.68295">
        <ele>468.6</ele>
      </trkpt>
      <trkpt lat="43.69137" lon="17.68204">
        <ele>473.0</ele>
      </trkpt>
      <trkpt lat="43.69153" lon="17.68114">
        <ele>474.4</ele>
      </trkpt>
      <trkpt lat="43.6916" lon="17.68059">
        <ele>477.0</ele>
      </trkpt>
      <trkpt lat="43.69156" lon="17.68026">
        <ele>482.8</ele>
      </trkpt>
      <trkpt lat="43.69145" lon="17.67972">
        <ele>489.7</ele>
      </trkpt>
      <trkpt lat="43.69136" lon="17.6788">
        <ele>495.1</ele>
      </trkpt>
      <trkpt lat="43.69129" lon="17.67843">
        <ele>500.7</ele>
      </trkpt>
      <trkpt lat="43.69122" lon="17.67814">
        <ele>506.9</ele>
      </trkpt>
      <trkpt lat="43.69109" lon="17.67788">
        <ele>515.4</ele>
      </trkpt>
      <trkpt lat="43.69102" lon="17.6775">
        <ele>520.4</ele>
      </trkpt>
      <trkpt lat="43.69102" lon="17.67706">
        <ele>524.8</ele>
      </trkpt>
      <trkpt lat="43.69109" lon="17.67644">
        <ele>527.9</ele>
      </trkpt>
      <trkpt lat="43.69121" lon="17.67578">
        <ele>528.9</ele>
      </trkpt>
      <trkpt lat="43.6912" lon="17.67553">
        <ele>531.2</ele>
      </trkpt>
      <trkpt lat="43.69122" lon="17.67532">
        <ele>532.2</ele>
      </trkpt>
      <trkpt lat="43.69126" lon="17.67506">
        <ele>533.2</ele>
      </trkpt>
      <trkpt lat="43.69156" lon="17.6741">
        <ele>540.8</ele>
      </trkpt>
      <trkpt lat="43.69174" lon="17.67379">
        <ele>546.1</ele>
      </trkpt>
      <trkpt lat="43.69226" lon="17.67303">
        <ele>552.3</ele>
      </trkpt>
      <trkpt lat="43.69237" lon="17.67271">
        <ele>553.9</ele>
      </trkpt>
      <trkpt lat="43.69244" lon="17.67254">
        <ele>554.1</ele>
      </trkpt>
      <trkpt lat="43.69271" lon="17.67204">
        <ele>558.5</ele>
      </trkpt>
      <trkpt lat="43.69292" lon="17.67184">
        <ele>559.0</ele>
      </trkpt>
      <trkpt lat="43.69313" lon="17.67168">
        <ele>558.7</ele>
      </trkpt>
      <trkpt lat="43.69345" lon="17.67154">
        <ele>557.3</ele>
      </trkpt>
      <trkpt lat="43.69357" lon="17.67145">
        <ele>558.0</ele>
      </trkpt>
      <trkpt lat="43.69363" lon="17.67127">
        <ele>559.6</ele>
      </trkpt>
      <trkpt lat="43.69372" lon="17.6711">
        <ele>560.9</ele>
      </trkpt>
      <trkpt lat="43.69383" lon="17.67098">
        <ele>561.5</ele>
      </trkpt>
      <trkpt lat="43.69415" lon="17.67096">
        <ele>560.3</ele>
      </trkpt>
      <trkpt lat="43.69421" lon="17.67092">
        <ele>560.2</ele>
      </trkpt>
      <trkpt lat="43.69431" lon="17.67051">
        <ele>561.1</ele>
      </trkpt>
      <trkpt lat="43.69436" lon="17.67003">
        <ele>561.7</ele>
      </trkpt>
      <trkpt lat="43.69433" lon="17.66955">
        <ele>562.4</ele>
      </trkpt>
      <trkpt lat="43.6942" lon="17.66894">
        <ele>563.2</ele>
      </trkpt>
      <trkpt lat="43.69407" lon="17.66833">
        <ele>562.2</ele>
      </trkpt>
      <trkpt lat="43.69402" lon="17.66802">
        <ele>563.5</ele>
      </trkpt>
      <trkpt lat="43.6939" lon="17.66766">
        <ele>566.6</ele>
      </trkpt>
      <trkpt lat="43.69385" lon="17.66735">
        <ele>567.6</ele>
      </trkpt>
      <trkpt lat="43.69386" lon="17.66709">
        <ele>566.8</ele>
      </trkpt>
      <trkpt lat="43.69396" lon="17.66677">
        <ele>564.1</ele>
      </trkpt>
      <trkpt lat="43.69403" lon="17.66607">
        <ele>563.5</ele>
      </trkpt>
      <trkpt lat="43.6941" lon="17.66536">
        <ele>564.0</ele>
      </trkpt>
      <trkpt lat="43.69412" lon="17.66526">
        <ele>563.9</ele>
      </trkpt>
      <trkpt lat="43.6941" lon="17.66516">
        <ele>564.7</ele>
      </trkpt>
      <trkpt lat="43.69406" lon="17.66503">
        <ele>565.8</ele>
      </trkpt>
      <trkpt lat="43.69372" lon="17.66456">
        <ele>572.7</ele>
      </trkpt>
      <trkpt lat="43.69367" lon="17.66441">
        <ele>573.7</ele>
      </trkpt>
      <trkpt lat="43.69361" lon="17.66422">
        <ele>574.6</ele>
      </trkpt>
      <trkpt lat="43.69354" lon="17.66362">
        <ele>575.8</ele>
      </trkpt>
      <trkpt lat="43.6935" lon="17.6634">
        <ele>576.4</ele>
      </trkpt>
      <trkpt lat="43.69349" lon="17.66315">
        <ele>576.9</ele>
      </trkpt>
      <trkpt lat="43.69349" lon="17.66275">
        <ele>577.6</ele>
      </trkpt>
      <trkpt lat="43.69345" lon="17.66236">
        <ele>580.2</ele>
      </trkpt>
      <trkpt lat="43.69347" lon="17.66208">
        <ele>583.1</ele>
      </trkpt>
      <trkpt lat="43.69358" lon="17.66143">
        <ele>588.4</ele>
      </trkpt>
      <trkpt lat="43.69363" lon="17.66092">
        <ele>592.5</ele>
      </trkpt>
      <trkpt lat="43.6937" lon="17.66047">
        <ele>593.6</ele>
      </trkpt>
      <trkpt lat="43.69372" lon="17.65991">
        <ele>594.8</ele>
      </trkpt>
      <trkpt lat="43.69371" lon="17.65908">
        <ele>593.4</ele>
      </trkpt>
      <trkpt lat="43.69367" lon="17.6588">
        <ele>593.1</ele>
      </trkpt>
      <trkpt lat="43.69353" lon="17.65823">
        <ele>592.9</ele>
      </trkpt>
      <trkpt lat="43.69345" lon="17.65747">
        <ele>590.1</ele>
      </trkpt>
      <trkpt lat="43.69337" lon="17.65671">
        <ele>590.7</ele>
      </trkpt>
      <trkpt lat="43.69338" lon="17.65641">
        <ele>591.5</ele>
      </trkpt>
      <trkpt lat="43.69344" lon="17.65586">
        <ele>592.8</ele>
      </trkpt>
      <trkpt lat="43.69355" lon="17.65516">
        <ele>594.3</ele>
      </trkpt>
      <trkpt lat="43.69369" lon="17.65452">
        <ele>597.1</ele>
      </trkpt>
      <trkpt lat="43.69409" lon="17.65376">
        <ele>592.6</ele>
      </trkpt>
      <trkpt lat="43.69418" lon="17.65353">
        <ele>591.5</ele>
      </trkpt>
      <trkpt lat="43.69435" lon="17.65279">
        <ele>594.4</ele>
      </trkpt>
      <trkpt lat="43.69439" lon="17.65243">
        <ele>595.8</ele>
      </trkpt>
      <trkpt lat="43.69444" lon="17.65153">
        <ele>598.8</ele>
      </trkpt>
      <trkpt lat="43.6945" lon="17.65063">
        <ele>604.1</ele>
      </trkpt>
      <trkpt lat="43.69454" lon="17.65041">
        <ele>604.3</ele>
      </trkpt>
      <trkpt lat="43.69488" lon="17.64971">
        <ele>601.3</ele>
      </trkpt>
      <trkpt lat="43.69516" lon="17.64898">
        <ele>602.3</ele>
      </trkpt>
      <trkpt lat="43.6952" lon="17.6485">
        <ele>604.6</ele>
      </trkpt>
      <trkpt lat="43.6952" lon="17.64797">
        <ele>605.4</ele>
      </trkpt>
      <trkpt lat="43.69517" lon="17.6476">
        <ele>605.4</ele>
      </trkpt>
      <trkpt lat="43.69512" lon="17.64745">
        <ele>606.0</ele>
      </trkpt>
      <trkpt lat="43.69491" lon="17.64696">
        <ele>612.0</ele>
      </trkpt>
      <trkpt lat="43.69482" lon="17.64635">
        <ele>615.4</ele>
      </trkpt>
      <trkpt lat="43.69476" lon="17.64564">
        <ele>616.4</ele>
      </trkpt>
      <trkpt lat="43.6947" lon="17.64493">
        <ele>617.5</ele>
      </trkpt>
      <trkpt lat="43.69464" lon="17.64441">
        <ele>619.6</ele>
      </trkpt>
      <trkpt lat="43.69465" lon="17.64432">
        <ele>619.3</ele>
      </trkpt>
      <trkpt lat="43.69488" lon="17.64344">
        <ele>614.4</ele>
      </trkpt>
      <trkpt lat="43.6949" lon="17.64333">
        <ele>614.2</ele>
      </trkpt>
      <trkpt lat="43.69487" lon="17.64316">
        <ele>614.5</ele>
      </trkpt>
      <trkpt lat="43.6948" lon="17.64304">
        <ele>615.6</ele>
      </trkpt>
      <trkpt lat="43.6942" lon="17.64248">
        <ele>624.3</ele>
      </trkpt>
      <trkpt lat="43.69396" lon="17.6421">
        <ele>629.9</ele>
      </trkpt>
      <trkpt lat="43.6937" lon="17.64142">
        <ele>630.1</ele>
      </trkpt>
      <trkpt lat="43.6932" lon="17.6408">
        <ele>632.9</ele>
      </trkpt>
      <trkpt lat="43.69277" lon="17.64031">
        <ele>641.7</ele>
      </trkpt>
      <trkpt lat="43.69234" lon="17.63982">
        <ele>645.4</ele>
      </trkpt>
      <trkpt lat="43.69223" lon="17.63953">
        <ele>646.2</ele>
      </trkpt>
      <trkpt lat="43.6922" lon="17.63927">
        <ele>644.5</ele>
      </trkpt>
      <trkpt lat="43.69219" lon="17.63829">
        <ele>643.9</ele>
      </trkpt>
      <trkpt lat="43.69222" lon="17.63805">
        <ele>643.7</ele>
      </trkpt>
      <trkpt lat="43.69239" lon="17.63765">
        <ele>642.2</ele>
      </trkpt>
      <trkpt lat="43.6928" lon="17.63712">
        <ele>646.9</ele>
      </trkpt>
      <trkpt lat="43.69305" lon="17.63695">
        <ele>650.7</ele>
      </trkpt>
      <trkpt lat="43.69352" lon="17.63683">
        <ele>656.0</ele>
      </trkpt>
      <trkpt lat="43.69374" lon="17.63681">
        <ele>658.5</ele>
      </trkpt>
      <trkpt lat="43.69409" lon="17.6369">
        <ele>659.4</ele>
      </trkpt>
      <trkpt lat="43.69494" lon="17.63722">
        <ele>664.6</ele>
      </trkpt>
      <trkpt lat="43.69564" lon="17.63753">
        <ele>669.8</ele>
      </trkpt>
      <trkpt lat="43.69621" lon="17.63794">
        <ele>671.6</ele>
      </trkpt>
      <trkpt lat="43.69679" lon="17.63834">
        <ele>672.8</ele>
      </trkpt>
      <trkpt lat="43.69737" lon="17.63875">
        <ele>675.1</ele>
      </trkpt>
      <trkpt lat="43.69773" lon="17.6389">
        <ele>675.5</ele>
      </trkpt>
      <trkpt lat="43.69809" lon="17.63891">
        <ele>678.2</ele>
      </trkpt>
      <trkpt lat="43.69834" lon="17.63887">
        <ele>680.6</ele>
      </trkpt>
      <trkpt lat="43.69856" lon="17.63873">
        <ele>684.3</ele>
      </trkpt>
      <trkpt lat="43.69869" lon="17.63867">
        <ele>686.4</ele>
      </trkpt>
      <trkpt lat="43.69885" lon="17.63844">
        <ele>690.0</ele>
      </trkpt>
      <trkpt lat="43.69894" lon="17.63826">
        <ele>691.4</ele>
      </trkpt>
      <trkpt lat="43.69902" lon="17.63807">
        <ele>691.4</ele>
      </trkpt>
      <trkpt lat="43.69932" lon="17.63758">
        <ele>694.9</ele>
      </trkpt>
      <trkpt lat="43.69962" lon="17.63709">
        <ele>704.7</ele>
      </trkpt>
      <trkpt lat="43.69981" lon="17.63648">
        <ele>708.4</ele>
      </trkpt>
      <trkpt lat="43.69977" lon="17.63583">
        <ele>706.8</ele>
      </trkpt>
      <trkpt lat="43.69951" lon="17.63514">
        <ele>702.1</ele>
      </trkpt>
      <trkpt lat="43.69925" lon="17.63445">
        <ele>698.7</ele>
      </trkpt>
      <trkpt lat="43.69917" lon="17.6339">
        <ele>700.4</ele>
      </trkpt>
      <trkpt lat="43.69919" lon="17.63344">
        <ele>704.8</ele>
      </trkpt>
      <trkpt lat="43.69936" lon="17.63263">
        <ele>707.9</ele>
      </trkpt>
      <trkpt lat="43.69948" lon="17.63178">
        <ele>711.5</ele>
      </trkpt>
      <trkpt lat="43.69949" lon="17.63122">
        <ele>712.5</ele>
      </trkpt>
      <trkpt lat="43.69946" lon="17.63077">
        <ele>712.5</ele>
      </trkpt>
      <trkpt lat="43.69928" lon="17.62987">
        <ele>711.5</ele>
      </trkpt>
      <trkpt lat="43.69911" lon="17.62898">
        <ele>711.0</ele>
      </trkpt>
      <trkpt lat="43.69902" lon="17.62841">
        <ele>711.3</ele>
      </trkpt>
      <trkpt lat="43.699" lon="17.62833">
        <ele>711.4</ele>
      </trkpt>
      <trkpt lat="43.69896" lon="17.62807">
        <ele>711.6</ele>
      </trkpt>
      <trkpt lat="43.69889" lon="17.62733">
        <ele>713.2</ele>
      </trkpt>
      <trkpt lat="43.69889" lon="17.62677">
        <ele>717.3</ele>
      </trkpt>
      <trkpt lat="43.69893" lon="17.62618">
        <ele>718.9</ele>
      </trkpt>
      <trkpt lat="43.69904" lon="17.62563">
        <ele>719.5</ele>
      </trkpt>
      <trkpt lat="43.6992" lon="17.62514">
        <ele>718.9</ele>
      </trkpt>
      <trkpt lat="43.69943" lon="17.62434">
        <ele>727.7</ele>
      </trkpt>
      <trkpt lat="43.69967" lon="17.62355">
        <ele>733.6</ele>
      </trkpt>
      <trkpt lat="43.6999" lon="17.62275">
        <ele>734.5</ele>
      </trkpt>
      <trkpt lat="43.70016" lon="17.62229">
        <ele>738.0</ele>
      </trkpt>
      <trkpt lat="43.70036" lon="17.62206">
        <ele>740.5</ele>
      </trkpt>
      <trkpt lat="43.70075" lon="17.62165">
        <ele>738.5</ele>
      </trkpt>
      <trkpt lat="43.70095" lon="17.62141">
        <ele>738.7</ele>
      </trkpt>
      <trkpt lat="43.70129" lon="17.6211">
        <ele>740.3</ele>
      </trkpt>
      <trkpt lat="43.70152" lon="17.62082">
        <ele>737.1</ele>
      </trkpt>
      <trkpt lat="43.70179" lon="17.62043">
        <ele>741.4</ele>
      </trkpt>
      <trkpt lat="43.70193" lon="17.62017">
        <ele>743.2</ele>
      </trkpt>
      <trkpt lat="43.70234" lon="17.6192">
        <ele>740.8</ele>
      </trkpt>
      <trkpt lat="43.70254" lon="17.61896">
        <ele>741.5</ele>
      </trkpt>
      <trkpt lat="43.70273" lon="17.61884">
        <ele>744.1</ele>
      </trkpt>
      <trkpt lat="43.70351" lon="17.61823">
        <ele>755.2</ele>
      </trkpt>
      <trkpt lat="43.70366" lon="17.61803">
        <ele>758.6</ele>
      </trkpt>
      <trkpt lat="43.7039" lon="17.61729">
        <ele>759.8</ele>
      </trkpt>
      <trkpt lat="43.70412" lon="17.61622">
        <ele>760.1</ele>
      </trkpt>
      <trkpt lat="43.70426" lon="17.61522">
        <ele>764.1</ele>
      </trkpt>
      <trkpt lat="43.7044" lon="17.61414">
        <ele>768.4</ele>
      </trkpt>
      <trkpt lat="43.70454" lon="17.61306">
        <ele>776.2</ele>
      </trkpt>
      <trkpt lat="43.70469" lon="17.61198">
        <ele>776.7</ele>
      </trkpt>
      <trkpt lat="43.70483" lon="17.61107">
        <ele>773.9</ele>
      </trkpt>
      <trkpt lat="43.7049" lon="17.61063">
        <ele>772.8</ele>
      </trkpt>
      <trkpt lat="43.70501" lon="17.61015">
        <ele>772.5</ele>
      </trkpt>
      <trkpt lat="43.70514" lon="17.6098">
        <ele>774.3</ele>
      </trkpt>
      <trkpt lat="43.70531" lon="17.60943">
        <ele>776.6</ele>
      </trkpt>
      <trkpt lat="43.7055" lon="17.60912">
        <ele>778.0</ele>
      </trkpt>
      <trkpt lat="43.70573" lon="17.60883">
        <ele>778.3</ele>
      </trkpt>
      <trkpt lat="43.70615" lon="17.60836">
        <ele>781.0</ele>
      </trkpt>
      <trkpt lat="43.70657" lon="17.60786">
        <ele>787.0</ele>
      </trkpt>
      <trkpt lat="43.70696" lon="17.60744">
        <ele>790.3</ele>
      </trkpt>
      <trkpt lat="43.70721" lon="17.60728">
        <ele>792.4</ele>
      </trkpt>
      <trkpt lat="43.70749" lon="17.6072">
        <ele>794.7</ele>
      </trkpt>
      <trkpt lat="43.7083" lon="17.6071">
        <ele>799.9</ele>
      </trkpt>
      <trkpt lat="43.70857" lon="17.60713">
        <ele>808.7</ele>
      </trkpt>
      <trkpt lat="43.70899" lon="17.60707">
        <ele>821.7</ele>
      </trkpt>
      <trkpt lat="43.7093" lon="17.60694">
        <ele>829.3</ele>
      </trkpt>
      <trkpt lat="43.70969" lon="17.60637">
        <ele>835.3</ele>
      </trkpt>
      <trkpt lat="43.70978" lon="17.60613">
        <ele>835.8</ele>
      </trkpt>
      <trkpt lat="43.7098" lon="17.60598">
        <ele>834.5</ele>
      </trkpt>
      <trkpt lat="43.70977" lon="17.60513">
        <ele>832.3</ele>
      </trkpt>
      <trkpt lat="43.70963" lon="17.60412">
        <ele>833.1</ele>
      </trkpt>
      <trkpt lat="43.70964" lon="17.60391">
        <ele>834.7</ele>
      </trkpt>
      <trkpt lat="43.7097" lon="17.60367">
        <ele>837.3</ele>
      </trkpt>
      <trkpt lat="43.70979" lon="17.60349">
        <ele>839.7</ele>
      </trkpt>
      <trkpt lat="43.70993" lon="17.60335">
        <ele>842.1</ele>
      </trkpt>
      <trkpt lat="43.71006" lon="17.60327">
        <ele>844.0</ele>
      </trkpt>
      <trkpt lat="43.71021" lon="17.60324">
        <ele>846.8</ele>
      </trkpt>
      <trkpt lat="43.71034" lon="17.60317">
        <ele>847.3</ele>
      </trkpt>
      <trkpt lat="43.71048" lon="17.60304">
        <ele>848.1</ele>
      </trkpt>
      <trkpt lat="43.71048" lon="17.60294">
        <ele>848.4</ele>
      </trkpt>
      <trkpt lat="43.71048" lon="17.60286">
        <ele>848.6</ele>
      </trkpt>
      <trkpt lat="43.7104" lon="17.60273">
        <ele>849.2</ele>
      </trkpt>
      <trkpt lat="43.71015" lon="17.60258">
        <ele>844.1</ele>
      </trkpt>
      <trkpt lat="43.71008" lon="17.60249">
        <ele>842.6</ele>
      </trkpt>
      <trkpt lat="43.71004" lon="17.60235">
        <ele>842.7</ele>
      </trkpt>
      <trkpt lat="43.71004" lon="17.60225">
        <ele>843.3</ele>
      </trkpt>
      <trkpt lat="43.71013" lon="17.60209">
        <ele>846.1</ele>
      </trkpt>
      <trkpt lat="43.71052" lon="17.60154">
        <ele>856.7</ele>
      </trkpt>
      <trkpt lat="43.71061" lon="17.60135">
        <ele>857.9</ele>
      </trkpt>
      <trkpt lat="43.71077" lon="17.60081">
        <ele>859.4</ele>
      </trkpt>
      <trkpt lat="43.71086" lon="17.60059">
        <ele>860.3</ele>
      </trkpt>
      <trkpt lat="43.71117" lon="17.59999">
        <ele>866.9</ele>
      </trkpt>
      <trkpt lat="43.71129" lon="17.5997">
        <ele>871.0</ele>
      </trkpt>
      <trkpt lat="43.71135" lon="17.59947">
        <ele>873.1</ele>
      </trkpt>
      <trkpt lat="43.71144" lon="17.599">
        <ele>875.3</ele>
      </trkpt>
      <trkpt lat="43.7115" lon="17.5988">
        <ele>875.9</ele>
      </trkpt>
      <trkpt lat="43.71163" lon="17.59848">
        <ele>877.2</ele>
      </trkpt>
      <trkpt lat="43.71202" lon="17.59762">
        <ele>879.0</ele>
      </trkpt>
      <trkpt lat="43.71225" lon="17.59703">
        <ele>877.4</ele>
      </trkpt>
      <trkpt lat="43.71232" lon="17.59687">
        <ele>876.5</ele>
      </trkpt>
      <trkpt lat="43.71241" lon="17.59674">
        <ele>875.9</ele>
      </trkpt>
      <trkpt lat="43.71278" lon="17.59639">
        <ele>878.3</ele>
      </trkpt>
      <trkpt lat="43.71305" lon="17.59607">
        <ele>879.2</ele>
      </trkpt>
      <trkpt lat="43.71314" lon="17.59591">
        <ele>878.8</ele>
      </trkpt>
      <trkpt lat="43.71338" lon="17.59522">
        <ele>880.6</ele>
      </trkpt>
      <trkpt lat="43.71343" lon="17.59515">
        <ele>881.1</ele>
      </trkpt>
      <trkpt lat="43.71398" lon="17.59463">
        <ele>884.9</ele>
      </trkpt>
      <trkpt lat="43.71413" lon="17.59438">
        <ele>884.7</ele>
      </trkpt>
      <trkpt lat="43.71416" lon="17.59424">
        <ele>884.3</ele>
      </trkpt>
      <trkpt lat="43.7142" lon="17.59396">
        <ele>886.7</ele>
      </trkpt>
      <trkpt lat="43.7142" lon="17.59352">
        <ele>890.0</ele>
      </trkpt>
      <trkpt lat="43.71422" lon="17.5934">
        <ele>891.2</ele>
      </trkpt>
      <trkpt lat="43.71426" lon="17.59325">
        <ele>893.2</ele>
      </trkpt>
      <trkpt lat="43.71434" lon="17.5931">
        <ele>895.6</ele>
      </trkpt>
      <trkpt lat="43.71447" lon="17.59295">
        <ele>897.7</ele>
      </trkpt>
      <trkpt lat="43.71492" lon="17.59257">
        <ele>899.4</ele>
      </trkpt>
      <trkpt lat="43.71514" lon="17.59229">
        <ele>903.4</ele>
      </trkpt>
      <trkpt lat="43.71537" lon="17.59206">
        <ele>907.3</ele>
      </trkpt>
      <trkpt lat="43.71554" lon="17.59196">
        <ele>908.7</ele>
      </trkpt>
      <trkpt lat="43.71567" lon="17.59191">
        <ele>909.3</ele>
      </trkpt>
      <trkpt lat="43.71584" lon="17.59192">
        <ele>910.0</ele>
      </trkpt>
      <trkpt lat="43.71595" lon="17.59198">
        <ele>911.4</ele>
      </trkpt>
      <trkpt lat="43.71621" lon="17.59227">
        <ele>914.2</ele>
      </trkpt>
      <trkpt lat="43.71647" lon="17.59244">
        <ele>915.9</ele>
      </trkpt>
      <trkpt lat="43.71658" lon="17.59247">
        <ele>916.6</ele>
      </trkpt>
      <trkpt lat="43.71698" lon="17.59247">
        <ele>921.3</ele>
      </trkpt>
      <trkpt lat="43.71717" lon="17.59251">
        <ele>923.8</ele>
      </trkpt>
      <trkpt lat="43.71731" lon="17.59258">
        <ele>926.6</ele>
      </trkpt>
      <trkpt lat="43.71742" lon="17.5926">
        <ele>927.2</ele>
      </trkpt>
      <trkpt lat="43.71749" lon="17.59258">
        <ele>927.6</ele>
      </trkpt>
      <trkpt lat="43.71752" lon="17.59251">
        <ele>927.9</ele>
      </trkpt>
      <trkpt lat="43.71752" lon="17.5924">
        <ele>928.3</ele>
      </trkpt>
      <trkpt lat="43.71742" lon="17.59162">
        <ele>931.5</ele>
      </trkpt>
      <trkpt lat="43.71726" lon="17.59098">
        <ele>937.5</ele>
      </trkpt>
      <trkpt lat="43.71704" lon="17.5904">
        <ele>942.8</ele>
      </trkpt>
      <trkpt lat="43.71683" lon="17.58981">
        <ele>947.0</ele>
      </trkpt>
      <trkpt lat="43.71677" lon="17.5897">
        <ele>947.8</ele>
      </trkpt>
      <trkpt lat="43.71672" lon="17.58965">
        <ele>948.4</ele>
      </trkpt>
      <trkpt lat="43.71669" lon="17.58961">
        <ele>948.8</ele>
      </trkpt>
      <trkpt lat="43.716" lon="17.58905">
        <ele>955.9</ele>
      </trkpt>
      <trkpt lat="43.71549" lon="17.58878">
        <ele>961.7</ele>
      </trkpt>
      <trkpt lat="43.71512" lon="17.58865">
        <ele>965.0</ele>
      </trkpt>
      <trkpt lat="43.7144" lon="17.58832">
        <ele>975.3</ele>
      </trkpt>
      <trkpt lat="43.71411" lon="17.58821">
        <ele>979.6</ele>
      </trkpt>
      <trkpt lat="43.71363" lon="17.58814">
        <ele>984.2</ele>
      </trkpt>
      <trkpt lat="43.71315" lon="17.58807">
        <ele>987.7</ele>
      </trkpt>
      <trkpt lat="43.71257" lon="17.58811">
        <ele>988.1</ele>
      </trkpt>
      <trkpt lat="43.7123" lon="17.58805">
        <ele>988.1</ele>
      </trkpt>
      <trkpt lat="43.71205" lon="17.58784">
        <ele>990.6</ele>
      </trkpt>
      <trkpt lat="43.71156" lon="17.58729">
        <ele>1000.8</ele>
      </trkpt>
      <trkpt lat="43.71136" lon="17.5871">
        <ele>1006.4</ele>
      </trkpt>
      <trkpt lat="43.71127" lon="17.58704">
        <ele>1008.2</ele>
      </trkpt>
      <trkpt lat="43.71111" lon="17.58701">
        <ele>1009.5</ele>
      </trkpt>
      <trkpt lat="43.71103" lon="17.58702">
        <ele>1009.6</ele>
      </trkpt>
      <trkpt lat="43.71079" lon="17.58723">
        <ele>1007.1</ele>
      </trkpt>
      <trkpt lat="43.71028" lon="17.58796">
        <ele>1010.3</ele>
      </trkpt>
      <trkpt lat="43.71018" lon="17.58806">
        <ele>1011.8</ele>
      </trkpt>
      <trkpt lat="43.71" lon="17.58818">
        <ele>1015.2</ele>
      </trkpt>
      <trkpt lat="43.70943" lon="17.58842">
        <ele>1018.8</ele>
      </trkpt>
      <trkpt lat="43.70915" lon="17.58844">
        <ele>1022.2</ele>
      </trkpt>
      <trkpt lat="43.70903" lon="17.58841">
        <ele>1024.5</ele>
      </trkpt>
      <trkpt lat="43.70891" lon="17.58834">
        <ele>1027.9</ele>
      </trkpt>
      <trkpt lat="43.70868" lon="17.58807">
        <ele>1035.1</ele>
      </trkpt>
      <trkpt lat="43.70862" lon="17.58803">
        <ele>1036.2</ele>
      </trkpt>
      <trkpt lat="43.70853" lon="17.58801">
        <ele>1037.0</ele>
      </trkpt>
      <trkpt lat="43.70842" lon="17.58807">
        <ele>1036.6</ele>
      </trkpt>
      <trkpt lat="43.70826" lon="17.58832">
        <ele>1037.1</ele>
      </trkpt>
      <trkpt lat="43.70808" lon="17.58875">
        <ele>1039.3</ele>
      </trkpt>
      <trkpt lat="43.70776" lon="17.58948">
        <ele>1046.0</ele>
      </trkpt>
      <trkpt lat="43.7077" lon="17.58972">
        <ele>1045.4</ele>
      </trkpt>
      <trkpt lat="43.70765" lon="17.59032">
        <ele>1041.5</ele>
      </trkpt>
      <trkpt lat="43.70763" lon="17.59065">
        <ele>1040.4</ele>
      </trkpt>
      <trkpt lat="43.70759" lon="17.59085">
        <ele>1040.3</ele>
      </trkpt>
      <trkpt lat="43.70753" lon="17.59102">
        <ele>1040.0</ele>
      </trkpt>
      <trkpt lat="43.70744" lon="17.59117">
        <ele>1039.5</ele>
      </trkpt>
      <trkpt lat="43.70736" lon="17.59125">
        <ele>1039.2</ele>
      </trkpt>
      <trkpt lat="43.70729" lon="17.59127">
        <ele>1039.5</ele>
      </trkpt>
      <trkpt lat="43.70688" lon="17.5911">
        <ele>1046.3</ele>
      </trkpt>
      <trkpt lat="43.70666" lon="17.59107">
        <ele>1049.5</ele>
      </trkpt>
      <trkpt lat="43.70601" lon="17.59112">
        <ele>1061.8</ele>
      </trkpt>
      <trkpt lat="43.70587" lon="17.59119">
        <ele>1063.1</ele>
      </trkpt>
      <trkpt lat="43.70577" lon="17.59131">
        <ele>1063.3</ele>
      </trkpt>
      <trkpt lat="43.70572" lon="17.59148">
        <ele>1060.9</ele>
      </trkpt>
      <trkpt lat="43.70564" lon="17.59192">
        <ele>1055.4</ele>
      </trkpt>
      <trkpt lat="43.70555" lon="17.59214">
        <ele>1054.2</ele>
      </trkpt>
      <trkpt lat="43.70542" lon="17.59233">
        <ele>1053.6</ele>
      </trkpt>
      <trkpt lat="43.7053" lon="17.59246">
        <ele>1053.1</ele>
      </trkpt>
      <trkpt lat="43.70515" lon="17.59254">
        <ele>1053.5</ele>
      </trkpt>
      <trkpt lat="43.70491" lon="17.59258">
        <ele>1052.8</ele>
      </trkpt>
      <trkpt lat="43.70472" lon="17.59255">
        <ele>1050.5</ele>
      </trkpt>
      <trkpt lat="43.70454" lon="17.59243">
        <ele>1051.7</ele>
      </trkpt>
      <trkpt lat="43.70423" lon="17.59206">
        <ele>1062.0</ele>
      </trkpt>
      <trkpt lat="43.70407" lon="17.59182">
        <ele>1069.8</ele>
      </trkpt>
      <trkpt lat="43.70394" lon="17.59157">
        <ele>1077.5</ele>
      </trkpt>
      <trkpt lat="43.70381" lon="17.59137">
        <ele>1083.0</ele>
      </trkpt>
      <trkpt lat="43.70368" lon="17.59123">
        <ele>1086.3</ele>
      </trkpt>
      <trkpt lat="43.70358" lon="17.59117">
        <ele>1087.1</ele>
      </trkpt>
      <trkpt lat="43.70342" lon="17.59115">
        <ele>1085.2</ele>
      </trkpt>
      <trkpt lat="43.70327" lon="17.59119">
        <ele>1083.8</ele>
      </trkpt>
      <trkpt lat="43.70309" lon="17.5913">
        <ele>1084.1</ele>
      </trkpt>
      <trkpt lat="43.70262" lon="17.59166">
        <ele>1081.1</ele>
      </trkpt>
      <trkpt lat="43.7023" lon="17.59188">
        <ele>1084.3</ele>
      </trkpt>
      <trkpt lat="43.70197" lon="17.592">
        <ele>1091.8</ele>
      </trkpt>
      <trkpt lat="43.70173" lon="17.59202">
        <ele>1099.4</ele>
      </trkpt>
      <trkpt lat="43.70158" lon="17.59208">
        <ele>1103.6</ele>
      </trkpt>
      <trkpt lat="43.70146" lon="17.5922">
        <ele>1105.1</ele>
      </trkpt>
      <trkpt lat="43.70136" lon="17.59237">
        <ele>1103.7</ele>
      </trkpt>
      <trkpt lat="43.70107" lon="17.59307">
        <ele>1103.2</ele>
      </trkpt>
      <trkpt lat="43.70087" lon="17.59368">
        <ele>1103.8</ele>
      </trkpt>
      <trkpt lat="43.70079" lon="17.59383">
        <ele>1105.2</ele>
      </trkpt>
      <trkpt lat="43.70066" lon="17.59401">
        <ele>1107.3</ele>
      </trkpt>
      <trkpt lat="43.70038" lon="17.59427">
        <ele>1110.0</ele>
      </trkpt>
      <trkpt lat="43.70023" lon="17.59437">
        <ele>1110.8</ele>
      </trkpt>
      <trkpt lat="43.69993" lon="17.5945">
        <ele>1111.6</ele>
      </trkpt>
      <trkpt lat="43.69966" lon="17.5945">
        <ele>1112.5</ele>
      </trkpt>
      <trkpt lat="43.6994" lon="17.5944">
        <ele>1117.3</ele>
      </trkpt>
      <trkpt lat="43.69895" lon="17.59414">
        <ele>1125.1</ele>
      </trkpt>
      <trkpt lat="43.69845" lon="17.59381">
        <ele>1130.1</ele>
      </trkpt>
      <trkpt lat="43.69835" lon="17.59372">
        <ele>1131.4</ele>
      </trkpt>
      <trkpt lat="43.69782" lon="17.59309">
        <ele>1137.4</ele>
      </trkpt>
      <trkpt lat="43.69728" lon="17.59246">
        <ele>1138.8</ele>
      </trkpt>
      <trkpt lat="43.69717" lon="17.59229">
        <ele>1139.6</ele>
      </trkpt>
      <trkpt lat="43.69693" lon="17.59164">
        <ele>1147.2</ele>
      </trkpt>
      <trkpt lat="43.6967" lon="17.591">
        <ele>1157.8</ele>
      </trkpt>
      <trkpt lat="43.69663" lon="17.59091">
        <ele>1158.4</ele>
      </trkpt>
      <trkpt lat="43.69617" lon="17.5906">
        <ele>1158.1</ele>
      </trkpt>
      <trkpt lat="43.69571" lon="17.59029">
        <ele>1154.2</ele>
      </trkpt>
      <trkpt lat="43.69557" lon="17.59009">
        <ele>1155.0</ele>
      </trkpt>
      <trkpt lat="43.69551" lon="17.5899">
        <ele>1157.4</ele>
      </trkpt>
      <trkpt lat="43.69537" lon="17.58928">
        <ele>1162.6</ele>
      </trkpt>
      <trkpt lat="43.69529" lon="17.58865">
        <ele>1167.4</ele>
      </trkpt>
      <trkpt lat="43.69522" lon="17.58802">
        <ele>1171.1</ele>
      </trkpt>
      <trkpt lat="43.69524" lon="17.58768">
        <ele>1176.2</ele>
      </trkpt>
      <trkpt lat="43.69555" lon="17.58655">
        <ele>1192.2</ele>
      </trkpt>
      <trkpt lat="43.69557" lon="17.58639">
        <ele>1195.0</ele>
      </trkpt>
      <trkpt lat="43.69556" lon="17.58632">
        <ele>1195.7</ele>
      </trkpt>
      <trkpt lat="43.69553" lon="17.58621">
        <ele>1196.8</ele>
      </trkpt>
      <trkpt lat="43.69545" lon="17.58611">
        <ele>1197.4</ele>
      </trkpt>
      <trkpt lat="43.69532" lon="17.58607">
        <ele>1196.8</ele>
      </trkpt>
      <trkpt lat="43.69519" lon="17.58609">
        <ele>1194.9</ele>
      </trkpt>
      <trkpt lat="43.69484" lon="17.58633">
        <ele>1187.4</ele>
      </trkpt>
      <trkpt lat="43.69447" lon="17.58651">
        <ele>1187.5</ele>
      </trkpt>
      <trkpt lat="43.69416" lon="17.58657">
        <ele>1190.4</ele>
      </trkpt>
      <trkpt lat="43.69397" lon="17.58656">
        <ele>1190.5</ele>
      </trkpt>
      <trkpt lat="43.69368" lon="17.58642">
        <ele>1195.2</ele>
      </trkpt>
      <trkpt lat="43.69336" lon="17.58617">
        <ele>1201.7</ele>
      </trkpt>
      <trkpt lat="43.69318" lon="17.58611">
        <ele>1207.4</ele>
      </trkpt>
      <trkpt lat="43.69304" lon="17.58617">
        <ele>1209.3</ele>
      </trkpt>
      <trkpt lat="43.69268" lon="17.58641">
        <ele>1212.1</ele>
      </trkpt>
      <trkpt lat="43.69242" lon="17.58669">
        <ele>1213.0</ele>
      </trkpt>
      <trkpt lat="43.6923" lon="17.5869">
        <ele>1214.9</ele>
      </trkpt>
      <trkpt lat="43.69223" lon="17.58719">
        <ele>1213.4</ele>
      </trkpt>
      <trkpt lat="43.69196" lon="17.58795">
        <ele>1214.8</ele>
      </trkpt>
      <trkpt lat="43.69152" lon="17.58882">
        <ele>1220.7</ele>
      </trkpt>
      <trkpt lat="43.69112" lon="17.58942">
        <ele>1226.7</ele>
      </trkpt>
      <trkpt lat="43.69071" lon="17.59001">
        <ele>1232.3</ele>
      </trkpt>
      <trkpt lat="43.69002" lon="17.59073">
        <ele>1247.0</ele>
      </trkpt>
      <trkpt lat="43.68984" lon="17.59097">
        <ele>1247.7</ele>
      </trkpt>
      <trkpt lat="43.68966" lon="17.5914">
        <ele>1246.5</ele>
      </trkpt>
      <trkpt lat="43.68953" lon="17.59164">
        <ele>1246.5</ele>
      </trkpt>
      <trkpt lat="43.6894" lon="17.59174">
        <ele>1248.5</ele>
      </trkpt>
      <trkpt lat="43.68895" lon="17.592">
        <ele>1249.2</ele>
      </trkpt>
      <trkpt lat="43.68882" lon="17.59215">
        <ele>1247.2</ele>
      </trkpt>
      <trkpt lat="43.68858" lon="17.59262">
        <ele>1244.3</ele>
      </trkpt>
      <trkpt lat="43.68845" lon="17.59298">
        <ele>1242.9</ele>
      </trkpt>
      <trkpt lat="43.68813" lon="17.59365">
        <ele>1239.5</ele>
      </trkpt>
      <trkpt lat="43.68803" lon="17.59377">
        <ele>1238.5</ele>
      </trkpt>
      <trkpt lat="43.6879" lon="17.59385">
        <ele>1236.9</ele>
      </trkpt>
      <trkpt lat="43.68775" lon="17.59386">
        <ele>1234.7</ele>
      </trkpt>
      <trkpt lat="43.68759" lon="17.59381">
        <ele>1232.1</ele>
      </trkpt>
      <trkpt lat="43.6874" lon="17.59359">
        <ele>1229.4</ele>
      </trkpt>
      <trkpt lat="43.68698" lon="17.59282">
        <ele>1223.7</ele>
      </trkpt>
      <trkpt lat="43.68657" lon="17.59205">
        <ele>1220.6</ele>
      </trkpt>
      <trkpt lat="43.68621" lon="17.59148">
        <ele>1219.6</ele>
      </trkpt>
      <trkpt lat="43.68584" lon="17.59107">
        <ele>1219.6</ele>
      </trkpt>
      <trkpt lat="43.68546" lon="17.59069">
        <ele>1219.5</ele>
      </trkpt>
      <trkpt lat="43.68468" lon="17.59018">
        <ele>1218.7</ele>
      </trkpt>
      <trkpt lat="43.68391" lon="17.58966">
        <ele>1219.3</ele>
      </trkpt>
      <trkpt lat="43.68313" lon="17.58914">
        <ele>1220.1</ele>
      </trkpt>
      <trkpt lat="43.68235" lon="17.58863">
        <ele>1219.1</ele>
      </trkpt>
      <trkpt lat="43.68157" lon="17.58811">
        <ele>1220.8</ele>
      </trkpt>
      <trkpt lat="43.68093" lon="17.5877">
        <ele>1221.5</ele>
      </trkpt>
      <trkpt lat="43.68028" lon="17.58729">
        <ele>1221.3</ele>
      </trkpt>
      <trkpt lat="43.67953" lon="17.5869">
        <ele>1220.4</ele>
      </trkpt>
      <trkpt lat="43.67889" lon="17.58665">
        <ele>1219.6</ele>
      </trkpt>
      <trkpt lat="43.67826" lon="17.58639">
        <ele>1220.2</ele>
      </trkpt>
      <trkpt lat="43.67749" lon="17.58614">
        <ele>1220.4</ele>
      </trkpt>
      <trkpt lat="43.67683" lon="17.58602">
        <ele>1218.6</ele>
      </trkpt>
      <trkpt lat="43.67618" lon="17.58591">
        <ele>1217.1</ele>
      </trkpt>
      <trkpt lat="43.6755" lon="17.58575">
        <ele>1215.7</ele>
      </trkpt>
      <trkpt lat="43.67483" lon="17.5856">
        <ele>1215.0</ele>
      </trkpt>
      <trkpt lat="43.67406" lon="17.58525">
        <ele>1213.2</ele>
      </trkpt>
      <trkpt lat="43.67336" lon="17.58499">
        <ele>1210.1</ele>
      </trkpt>
      <trkpt lat="43.67266" lon="17.58474">
        <ele>1208.9</ele>
      </trkpt>
      <trkpt lat="43.67197" lon="17.58449">
        <ele>1208.3</ele>
      </trkpt>
      <trkpt lat="43.67127" lon="17.58423">
        <ele>1208.7</ele>
      </trkpt>
      <trkpt lat="43.67057" lon="17.58398">
        <ele>1210.1</ele>
      </trkpt>
      <trkpt lat="43.66987" lon="17.58349">
        <ele>1211.8</ele>
      </trkpt>
      <trkpt lat="43.66913" lon="17.58306">
        <ele>1214.1</ele>
      </trkpt>
      <trkpt lat="43.66839" lon="17.58262">
        <ele>1215.7</ele>
      </trkpt>
      <trkpt lat="43.66765" lon="17.58219">
        <ele>1214.3</ele>
      </trkpt>
      <trkpt lat="43.66725" lon="17.58186">
        <ele>1212.2</ele>
      </trkpt>
      <trkpt lat="43.66684" lon="17.58153">
        <ele>1211.1</ele>
      </trkpt>
      <trkpt lat="43.6663" lon="17.58093">
        <ele>1210.6</ele>
      </trkpt>
      <trkpt lat="43.66576" lon="17.58033">
        <ele>1211.1</ele>
      </trkpt>
      <trkpt lat="43.66522" lon="17.57972">
        <ele>1211.9</ele>
      </trkpt>
      <trkpt lat="43.66468" lon="17.57912">
        <ele>1211.7</ele>
      </trkpt>
      <trkpt lat="43.66416" lon="17.57859">
        <ele>1213.0</ele>
      </trkpt>
      <trkpt lat="43.66372" lon="17.57827">
        <ele>1214.5</ele>
      </trkpt>
      <trkpt lat="43.66322" lon="17.57796">
        <ele>1215.4</ele>
      </trkpt>
      <trkpt lat="43.66253" lon="17.57761">
        <ele>1220.5</ele>
      </trkpt>
      <trkpt lat="43.66184" lon="17.57723">
        <ele>1224.3</ele>
      </trkpt>
      <trkpt lat="43.66125" lon="17.57681">
        <ele>1227.1</ele>
      </trkpt>
      <trkpt lat="43.66072" lon="17.57608">
        <ele>1231.6</ele>
      </trkpt>
      <trkpt lat="43.66054" lon="17.57555">
        <ele>1234.4</ele>
      </trkpt>
      <trkpt lat="43.66033" lon="17.5748">
        <ele>1238.1</ele>
      </trkpt>
      <trkpt lat="43.66007" lon="17.57371">
        <ele>1240.0</ele>
      </trkpt>
      <trkpt lat="43.65982" lon="17.57262">
        <ele>1242.4</ele>
      </trkpt>
      <trkpt lat="43.65955" lon="17.57175">
        <ele>1245.9</ele>
      </trkpt>
      <trkpt lat="43.65929" lon="17.57088">
        <ele>1248.4</ele>
      </trkpt>
      <trkpt lat="43.65902" lon="17.57002">
        <ele>1248.1</ele>
      </trkpt>
      <trkpt lat="43.65876" lon="17.56915">
        <ele>1248.5</ele>
      </trkpt>
      <trkpt lat="43.6585" lon="17.56834">
        <ele>1249.6</ele>
      </trkpt>
      <trkpt lat="43.65824" lon="17.56754">
        <ele>1250.3</ele>
      </trkpt>
      <trkpt lat="43.65809" lon="17.56693">
        <ele>1251.1</ele>
      </trkpt>
      <trkpt lat="43.65784" lon="17.56614">
        <ele>1251.5</ele>
      </trkpt>
      <trkpt lat="43.65755" lon="17.56531">
        <ele>1251.5</ele>
      </trkpt>
      <trkpt lat="43.65728" lon="17.56477">
        <ele>1250.9</ele>
      </trkpt>
      <trkpt lat="43.65702" lon="17.56423">
        <ele>1250.1</ele>
      </trkpt>
      <trkpt lat="43.6567" lon="17.56366">
        <ele>1248.8</ele>
      </trkpt>
      <trkpt lat="43.65632" lon="17.56302">
        <ele>1250.3</ele>
      </trkpt>
      <trkpt lat="43.65594" lon="17.56238">
        <ele>1251.3</ele>
      </trkpt>
      <trkpt lat="43.65551" lon="17.56139">
        <ele>1250.4</ele>
      </trkpt>
      <trkpt lat="43.65533" lon="17.56078">
        <ele>1250.4</ele>
      </trkpt>
      <trkpt lat="43.65524" lon="17.56037">
        <ele>1250.4</ele>
      </trkpt>
      <trkpt lat="43.65507" lon="17.55946">
        <ele>1250.3</ele>
      </trkpt>
      <trkpt lat="43.65489" lon="17.55856">
        <ele>1250.8</ele>
      </trkpt>
      <trkpt lat="43.65472" lon="17.55765">
        <ele>1251.6</ele>
      </trkpt>
      <trkpt lat="43.65455" lon="17.55674">
        <ele>1251.5</ele>
      </trkpt>
      <trkpt lat="43.6545" lon="17.55608">
        <ele>1252.0</ele>
      </trkpt>
      <trkpt lat="43.65453" lon="17.55539">
        <ele>1252.2</ele>
      </trkpt>
      <trkpt lat="43.65457" lon="17.55471">
        <ele>1252.0</ele>
      </trkpt>
      <trkpt lat="43.65465" lon="17.55376">
        <ele>1252.3</ele>
      </trkpt>
      <trkpt lat="43.65473" lon="17.55282">
        <ele>1254.3</ele>
      </trkpt>
      <trkpt lat="43.65486" lon="17.55195">
        <ele>1254.7</ele>
      </trkpt>
      <trkpt lat="43.65498" lon="17.55107">
        <ele>1251.9</ele>
      </trkpt>
      <trkpt lat="43.65522" lon="17.55014">
        <ele>1248.8</ele>
      </trkpt>
      <trkpt lat="43.65541" lon="17.54948">
        <ele>1246.3</ele>
      </trkpt>
      <trkpt lat="43.65559" lon="17.54883">
        <ele>1244.0</ele>
      </trkpt>
      <trkpt lat="43.65569" lon="17.54813">
        <ele>1242.4</ele>
      </trkpt>
      <trkpt lat="43.6558" lon="17.54742">
        <ele>1242.0</ele>
      </trkpt>
      <trkpt lat="43.65579" lon="17.54657">
        <ele>1239.7</ele>
      </trkpt>
      <trkpt lat="43.65579" lon="17.54571">
        <ele>1241.5</ele>
      </trkpt>
      <trkpt lat="43.65561" lon="17.54468">
        <ele>1243.2</ele>
      </trkpt>
      <trkpt lat="43.65543" lon="17.54365">
        <ele>1240.8</ele>
      </trkpt>
      <trkpt lat="43.65526" lon="17.54262">
        <ele>1239.8</ele>
      </trkpt>
      <trkpt lat="43.65508" lon="17.54159">
        <ele>1237.4</ele>
      </trkpt>
      <trkpt lat="43.65501" lon="17.54097">
        <ele>1237.9</ele>
      </trkpt>
      <trkpt lat="43.65494" lon="17.54035">
        <ele>1237.3</ele>
      </trkpt>
      <trkpt lat="43.65492" lon="17.53933">
        <ele>1234.8</ele>
      </trkpt>
      <trkpt lat="43.6549" lon="17.53832">
        <ele>1232.6</ele>
      </trkpt>
      <trkpt lat="43.65489" lon="17.5373">
        <ele>1231.5</ele>
      </trkpt>
      <trkpt lat="43.6548" lon="17.53662">
        <ele>1229.2</ele>
      </trkpt>
      <trkpt lat="43.65473" lon="17.53632">
        <ele>1228.8</ele>
      </trkpt>
      <trkpt lat="43.65454" lon="17.53572">
        <ele>1227.8</ele>
      </trkpt>
      <trkpt lat="43.65444" lon="17.53547">
        <ele>1227.3</ele>
      </trkpt>
      <trkpt lat="43.6543" lon="17.53518">
        <ele>1226.6</ele>
      </trkpt>
      <trkpt lat="43.65416" lon="17.53492">
        <ele>1226.0</ele>
      </trkpt>
      <trkpt lat="43.65387" lon="17.5345">
        <ele>1225.1</ele>
      </trkpt>
      <trkpt lat="43.65328" lon="17.5339">
        <ele>1223.6</ele>
      </trkpt>
      <trkpt lat="43.65269" lon="17.5333">
        <ele>1223.5</ele>
      </trkpt>
      <trkpt lat="43.65213" lon="17.53268">
        <ele>1222.9</ele>
      </trkpt>
      <trkpt lat="43.65145" lon="17.53189">
        <ele>1223.1</ele>
      </trkpt>
      <trkpt lat="43.65078" lon="17.5311">
        <ele>1221.9</ele>
      </trkpt>
      <trkpt lat="43.6501" lon="17.53031">
        <ele>1219.7</ele>
      </trkpt>
      <trkpt lat="43.64943" lon="17.52952">
        <ele>1218.3</ele>
      </trkpt>
      <trkpt lat="43.64876" lon="17.52873">
        <ele>1218.5</ele>
      </trkpt>
      <trkpt lat="43.64808" lon="17.52794">
        <ele>1220.1</ele>
      </trkpt>
      <trkpt lat="43.64741" lon="17.52715">
        <ele>1220.2</ele>
      </trkpt>
      <trkpt lat="43.64673" lon="17.52636">
        <ele>1219.2</ele>
      </trkpt>
      <trkpt lat="43.64606" lon="17.52557">
        <ele>1218.1</ele>
      </trkpt>
      <trkpt lat="43.64568" lon="17.52515">
        <ele>1218.3</ele>
      </trkpt>
      <trkpt lat="43.64531" lon="17.52472">
        <ele>1216.7</ele>
      </trkpt>
      <trkpt lat="43.64499" lon="17.52442">
        <ele>1216.0</ele>
      </trkpt>
      <trkpt lat="43.64428" lon="17.52382">
        <ele>1214.0</ele>
      </trkpt>
      <trkpt lat="43.64357" lon="17.52323">
        <ele>1214.9</ele>
      </trkpt>
      <trkpt lat="43.64286" lon="17.52264">
        <ele>1214.1</ele>
      </trkpt>
      <trkpt lat="43.64215" lon="17.52205">
        <ele>1213.4</ele>
      </trkpt>
      <trkpt lat="43.64147" lon="17.52149">
        <ele>1213.4</ele>
      </trkpt>
      <trkpt lat="43.64079" lon="17.52093">
        <ele>1211.3</ele>
      </trkpt>
      <trkpt lat="43.64011" lon="17.52037">
        <ele>1210.9</ele>
      </trkpt>
      <trkpt lat="43.63943" lon="17.51981">
        <ele>1208.3</ele>
      </trkpt>
      <trkpt lat="43.63875" lon="17.51925">
        <ele>1207.1</ele>
      </trkpt>
      <trkpt lat="43.63808" lon="17.51869">
        <ele>1207.7</ele>
      </trkpt>
      <trkpt lat="43.63753" lon="17.51823">
        <ele>1207.6</ele>
      </trkpt>
      <trkpt lat="43.63699" lon="17.51777">
        <ele>1206.2</ele>
      </trkpt>
      <trkpt lat="43.63645" lon="17.51731">
        <ele>1205.2</ele>
      </trkpt>
      <trkpt lat="43.63588" lon="17.51684">
        <ele>1202.7</ele>
      </trkpt>
      <trkpt lat="43.63532" lon="17.51638">
        <ele>1201.2</ele>
      </trkpt>
      <trkpt lat="43.63459" lon="17.51579">
        <ele>1199.4</ele>
      </trkpt>
      <trkpt lat="43.63386" lon="17.51521">
        <ele>1197.9</ele>
      </trkpt>
      <trkpt lat="43.63313" lon="17.51462">
        <ele>1197.1</ele>
      </trkpt>
      <trkpt lat="43.63244" lon="17.51405">
        <ele>1195.9</ele>
      </trkpt>
      <trkpt lat="43.63174" lon="17.51349">
        <ele>1192.9</ele>
      </trkpt>
      <trkpt lat="43.63105" lon="17.51292">
        <ele>1193.1</ele>
      </trkpt>
      <trkpt lat="43.63036" lon="17.51235">
        <ele>1193.9</ele>
      </trkpt>
      <trkpt lat="43.62966" lon="17.51178">
        <ele>1192.9</ele>
      </trkpt>
      <trkpt lat="43.62897" lon="17.51121">
        <ele>1191.1</ele>
      </trkpt>
      <trkpt lat="43.62828" lon="17.51065">
        <ele>1191.0</ele>
      </trkpt>
      <trkpt lat="43.6276" lon="17.51008">
        <ele>1191.1</ele>
      </trkpt>
      <trkpt lat="43.62693" lon="17.50952">
        <ele>1190.6</ele>
      </trkpt>
      <trkpt lat="43.62626" lon="17.50896">
        <ele>1190.8</ele>
      </trkpt>
      <trkpt lat="43.62558" lon="17.5084">
        <ele>1190.1</ele>
      </trkpt>
      <trkpt lat="43.62491" lon="17.50784">
        <ele>1188.4</ele>
      </trkpt>
      <trkpt lat="43.62423" lon="17.50728">
        <ele>1187.9</ele>
      </trkpt>
      <trkpt lat="43.62364" lon="17.50684">
        <ele>1189.8</ele>
      </trkpt>
      <trkpt lat="43.62304" lon="17.5064">
        <ele>1190.1</ele>
      </trkpt>
      <trkpt lat="43.62245" lon="17.50596">
        <ele>1190.7</ele>
      </trkpt>
      <trkpt lat="43.62185" lon="17.50552">
        <ele>1190.1</ele>
      </trkpt>
      <trkpt lat="43.62125" lon="17.50508">
        <ele>1190.4</ele>
      </trkpt>
      <trkpt lat="43.62064" lon="17.50465">
        <ele>1190.4</ele>
      </trkpt>
      <trkpt lat="43.62004" lon="17.50422">
        <ele>1189.1</ele>
      </trkpt>
      <trkpt lat="43.61944" lon="17.50378">
        <ele>1189.8</ele>
      </trkpt>
      <trkpt lat="43.61893" lon="17.50337">
        <ele>1190.3</ele>
      </trkpt>
      <trkpt lat="43.61842" lon="17.50296">
        <ele>1190.6</ele>
      </trkpt>
      <trkpt lat="43.618" lon="17.50254">
        <ele>1189.9</ele>
      </trkpt>
      <trkpt lat="43.61739" lon="17.50204">
        <ele>1188.8</ele>
      </trkpt>
      <trkpt lat="43.61698" lon="17.5016">
        <ele>1189.1</ele>
      </trkpt>
      <trkpt lat="43.61658" lon="17.50117">
        <ele>1189.0</ele>
      </trkpt>
      <trkpt lat="43.61608" lon="17.5007">
        <ele>1188.7</ele>
      </trkpt>
      <trkpt lat="43.61558" lon="17.50024">
        <ele>1188.0</ele>
      </trkpt>
      <trkpt lat="43.61508" lon="17.49977">
        <ele>1187.4</ele>
      </trkpt>
      <trkpt lat="43.61465" lon="17.49914">
        <ele>1186.3</ele>
      </trkpt>
      <trkpt lat="43.61442" lon="17.49859">
        <ele>1189.0</ele>
      </trkpt>
      <trkpt lat="43.61421" lon="17.49793">
        <ele>1190.7</ele>
      </trkpt>
      <trkpt lat="43.61399" lon="17.49728">
        <ele>1191.3</ele>
      </trkpt>
      <trkpt lat="43.61367" lon="17.49618">
        <ele>1190.4</ele>
      </trkpt>
      <trkpt lat="43.61354" lon="17.49562">
        <ele>1190.3</ele>
      </trkpt>
      <trkpt lat="43.61343" lon="17.49504">
        <ele>1190.7</ele>
      </trkpt>
      <trkpt lat="43.61333" lon="17.49444">
        <ele>1188.6</ele>
      </trkpt>
      <trkpt lat="43.61327" lon="17.49385">
        <ele>1188.9</ele>
      </trkpt>
      <trkpt lat="43.61326" lon="17.49351">
        <ele>1189.6</ele>
      </trkpt>
      <trkpt lat="43.61327" lon="17.49297">
        <ele>1189.3</ele>
      </trkpt>
      <trkpt lat="43.61336" lon="17.49208">
        <ele>1188.8</ele>
      </trkpt>
      <trkpt lat="43.61347" lon="17.4914">
        <ele>1188.9</ele>
      </trkpt>
      <trkpt lat="43.61358" lon="17.49071">
        <ele>1186.6</ele>
      </trkpt>
      <trkpt lat="43.61373" lon="17.49007">
        <ele>1185.2</ele>
      </trkpt>
      <trkpt lat="43.61398" lon="17.48931">
        <ele>1183.8</ele>
      </trkpt>
      <trkpt lat="43.61427" lon="17.48875">
        <ele>1182.2</ele>
      </trkpt>
      <trkpt lat="43.61455" lon="17.48836">
        <ele>1180.6</ele>
      </trkpt>
      <trkpt lat="43.61482" lon="17.48805">
        <ele>1181.7</ele>
      </trkpt>
      <trkpt lat="43.61527" lon="17.48757">
        <ele>1185.3</ele>
      </trkpt>
      <trkpt lat="43.61572" lon="17.48709">
        <ele>1186.0</ele>
      </trkpt>
      <trkpt lat="43.61623" lon="17.48649">
        <ele>1185.6</ele>
      </trkpt>
      <trkpt lat="43.61673" lon="17.48589">
        <ele>1184.3</ele>
      </trkpt>
      <trkpt lat="43.61705" lon="17.48544">
        <ele>1185.3</ele>
      </trkpt>
      <trkpt lat="43.61739" lon="17.48489">
        <ele>1185.2</ele>
      </trkpt>
      <trkpt lat="43.6176" lon="17.48442">
        <ele>1186.2</ele>
      </trkpt>
      <trkpt lat="43.61774" lon="17.48404">
        <ele>1187.4</ele>
      </trkpt>
      <trkpt lat="43.6179" lon="17.48351">
        <ele>1189.3</ele>
      </trkpt>
      <trkpt lat="43.61799" lon="17.48309">
        <ele>1190.6</ele>
      </trkpt>
      <trkpt lat="43.61806" lon="17.48244">
        <ele>1192.5</ele>
      </trkpt>
      <trkpt lat="43.61805" lon="17.48202">
        <ele>1193.0</ele>
      </trkpt>
      <trkpt lat="43.61814" lon="17.48198">
        <ele>1194.1</ele>
      </trkpt>
      <trkpt lat="43.61827" lon="17.48185">
        <ele>1195.8</ele>
      </trkpt>
      <trkpt lat="43.61832" lon="17.48175">
        <ele>1196.6</ele>
      </trkpt>
      <trkpt lat="43.61835" lon="17.4816">
        <ele>1197.5</ele>
      </trkpt>
      <trkpt lat="43.61835" lon="17.48148">
        <ele>1197.6</ele>
      </trkpt>
      <trkpt lat="43.6182" lon="17.4808">
        <ele>1196.5</ele>
      </trkpt>
      <trkpt lat="43.61806" lon="17.48013">
        <ele>1194.5</ele>
      </trkpt>
      <trkpt lat="43.61791" lon="17.47909">
        <ele>1192.7</ele>
      </trkpt>
      <trkpt lat="43.61777" lon="17.47806">
        <ele>1194.2</ele>
      </trkpt>
      <trkpt lat="43.61762" lon="17.47703">
        <ele>1193.2</ele>
      </trkpt>
      <trkpt lat="43.61747" lon="17.476">
        <ele>1192.7</ele>
      </trkpt>
      <trkpt lat="43.61735" lon="17.47511">
        <ele>1195.2</ele>
      </trkpt>
      <trkpt lat="43.61723" lon="17.47423">
        <ele>1195.7</ele>
      </trkpt>
      <trkpt lat="43.61711" lon="17.47334">
        <ele>1196.0</ele>
      </trkpt>
      <trkpt lat="43.61702" lon="17.47251">
        <ele>1197.3</ele>
      </trkpt>
      <trkpt lat="43.61692" lon="17.47168">
        <ele>1195.9</ele>
      </trkpt>
      <trkpt lat="43.61682" lon="17.47084">
        <ele>1197.5</ele>
      </trkpt>
      <trkpt lat="43.6167" lon="17.46994">
        <ele>1200.2</ele>
      </trkpt>
      <trkpt lat="43.61658" lon="17.46905">
        <ele>1200.8</ele>
      </trkpt>
      <trkpt lat="43.61647" lon="17.46843">
        <ele>1200.5</ele>
      </trkpt>
      <trkpt lat="43.61636" lon="17.46782">
        <ele>1201.2</ele>
      </trkpt>
      <trkpt lat="43.61611" lon="17.46684">
        <ele>1200.8</ele>
      </trkpt>
      <trkpt lat="43.61586" lon="17.46587">
        <ele>1205.8</ele>
      </trkpt>
      <trkpt lat="43.61561" lon="17.46489">
        <ele>1210.0</ele>
      </trkpt>
      <trkpt lat="43.61537" lon="17.46392">
        <ele>1210.8</ele>
      </trkpt>
      <trkpt lat="43.61512" lon="17.46294">
        <ele>1213.1</ele>
      </trkpt>
      <trkpt lat="43.61497" lon="17.46231">
        <ele>1215.9</ele>
      </trkpt>
      <trkpt lat="43.61489" lon="17.46183">
        <ele>1217.8</ele>
      </trkpt>
      <trkpt lat="43.61487" lon="17.46168">
        <ele>1218.3</ele>
      </trkpt>
      <trkpt lat="43.61489" lon="17.46049">
        <ele>1219.3</ele>
      </trkpt>
      <trkpt lat="43.61491" lon="17.45931">
        <ele>1223.9</ele>
      </trkpt>
      <trkpt lat="43.6149" lon="17.45835">
        <ele>1227.5</ele>
      </trkpt>
      <trkpt lat="43.61486" lon="17.45764">
        <ele>1228.3</ele>
      </trkpt>
      <trkpt lat="43.61483" lon="17.45692">
        <ele>1228.6</ele>
      </trkpt>
      <trkpt lat="43.61476" lon="17.45575">
        <ele>1232.1</ele>
      </trkpt>
      <trkpt lat="43.61472" lon="17.45538">
        <ele>1233.8</ele>
      </trkpt>
      <trkpt lat="43.61459" lon="17.45453">
        <ele>1238.2</ele>
      </trkpt>
      <trkpt lat="43.61437" lon="17.45353">
        <ele>1241.5</ele>
      </trkpt>
      <trkpt lat="43.61417" lon="17.45291">
        <ele>1247.1</ele>
      </trkpt>
      <trkpt lat="43.61397" lon="17.45228">
        <ele>1254.4</ele>
      </trkpt>
      <trkpt lat="43.61379" lon="17.45186">
        <ele>1259.8</ele>
      </trkpt>
      <trkpt lat="43.6134" lon="17.45105">
        <ele>1268.2</ele>
      </trkpt>
      <trkpt lat="43.61335" lon="17.45092">
        <ele>1269.3</ele>
      </trkpt>
      <trkpt lat="43.61325" lon="17.45046">
        <ele>1274.3</ele>
      </trkpt>
      <trkpt lat="43.61322" lon="17.45002">
        <ele>1278.9</ele>
      </trkpt>
      <trkpt lat="43.61325" lon="17.44974">
        <ele>1280.5</ele>
      </trkpt>
      <trkpt lat="43.6135" lon="17.44899">
        <ele>1285.2</ele>
      </trkpt>
      <trkpt lat="43.61355" lon="17.44866">
        <ele>1288.2</ele>
      </trkpt>
      <trkpt lat="43.61356" lon="17.44841">
        <ele>1290.3</ele>
      </trkpt>
      <trkpt lat="43.61355" lon="17.44816">
        <ele>1291.6</ele>
      </trkpt>
      <trkpt lat="43.61346" lon="17.44747">
        <ele>1293.3</ele>
      </trkpt>
      <trkpt lat="43.61345" lon="17.44735">
        <ele>1292.7</ele>
      </trkpt>
      <trkpt lat="43.61347" lon="17.44702">
        <ele>1291.6</ele>
      </trkpt>
      <trkpt lat="43.61351" lon="17.44681">
        <ele>1291.5</ele>
      </trkpt>
      <trkpt lat="43.61363" lon="17.44643">
        <ele>1289.6</ele>
      </trkpt>
      <trkpt lat="43.61404" lon="17.44534">
        <ele>1279.8</ele>
      </trkpt>
      <trkpt lat="43.61422" lon="17.44476">
        <ele>1276.1</ele>
      </trkpt>
      <trkpt lat="43.61427" lon="17.44451">
        <ele>1276.7</ele>
      </trkpt>
      <trkpt lat="43.61447" lon="17.44384">
        <ele>1278.9</ele>
      </trkpt>
      <trkpt lat="43.61458" lon="17.44332">
        <ele>1276.1</ele>
      </trkpt>
      <trkpt lat="43.61479" lon="17.44254">
        <ele>1269.4</ele>
      </trkpt>
      <trkpt lat="43.61486" lon="17.44219">
        <ele>1267.3</ele>
      </trkpt>
      <trkpt lat="43.61487" lon="17.44154">
        <ele>1259.7</ele>
      </trkpt>
      <trkpt lat="43.61497" lon="17.44065">
        <ele>1251.8</ele>
      </trkpt>
      <trkpt lat="43.6151" lon="17.44027">
        <ele>1249.0</ele>
      </trkpt>
      <trkpt lat="43.61538" lon="17.43971">
        <ele>1246.4</ele>
      </trkpt>
      <trkpt lat="43.6156" lon="17.43933">
        <ele>1245.1</ele>
      </trkpt>
      <trkpt lat="43.61568" lon="17.43912">
        <ele>1243.4</ele>
      </trkpt>
      <trkpt lat="43.61571" lon="17.43886">
        <ele>1240.4</ele>
      </trkpt>
      <trkpt lat="43.61574" lon="17.43825">
        <ele>1233.8</ele>
      </trkpt>
      <trkpt lat="43.6157" lon="17.43765">
        <ele>1233.7</ele>
      </trkpt>
      <trkpt lat="43.61561" lon="17.43666">
        <ele>1229.6</ele>
      </trkpt>
      <trkpt lat="43.61553" lon="17.43611">
        <ele>1226.2</ele>
      </trkpt>
      <trkpt lat="43.6154" lon="17.43562">
        <ele>1224.2</ele>
      </trkpt>
      <trkpt lat="43.61505" lon="17.43452">
        <ele>1221.5</ele>
      </trkpt>
      <trkpt lat="43.61469" lon="17.43343">
        <ele>1217.8</ele>
      </trkpt>
      <trkpt lat="43.61439" lon="17.43236">
        <ele>1214.8</ele>
      </trkpt>
      <trkpt lat="43.61408" lon="17.43129">
        <ele>1209.2</ele>
      </trkpt>
      <trkpt lat="43.61378" lon="17.43022">
        <ele>1204.5</ele>
      </trkpt>
      <trkpt lat="43.61348" lon="17.42915">
        <ele>1201.8</ele>
      </trkpt>
      <trkpt lat="43.61318" lon="17.42809">
        <ele>1198.9</ele>
      </trkpt>
      <trkpt lat="43.61288" lon="17.42702">
        <ele>1194.6</ele>
      </trkpt>
      <trkpt lat="43.6126" lon="17.42597">
        <ele>1192.9</ele>
      </trkpt>
      <trkpt lat="43.61252" lon="17.4255">
        <ele>1191.8</ele>
      </trkpt>
      <trkpt lat="43.61251" lon="17.42498">
        <ele>1189.9</ele>
      </trkpt>
      <trkpt lat="43.61253" lon="17.42424">
        <ele>1186.4</ele>
      </trkpt>
      <trkpt lat="43.61257" lon="17.42312">
        <ele>1184.9</ele>
      </trkpt>
      <trkpt lat="43.61262" lon="17.42201">
        <ele>1182.8</ele>
      </trkpt>
      <trkpt lat="43.6126" lon="17.42133">
        <ele>1181.3</ele>
      </trkpt>
      <trkpt lat="43.61258" lon="17.42065">
        <ele>1180.2</ele>
      </trkpt>
      <trkpt lat="43.61244" lon="17.41949">
        <ele>1177.9</ele>
      </trkpt>
      <trkpt lat="43.61229" lon="17.41832">
        <ele>1173.7</ele>
      </trkpt>
      <trkpt lat="43.61214" lon="17.41716">
        <ele>1168.5</ele>
      </trkpt>
      <trkpt lat="43.612" lon="17.416">
        <ele>1165.3</ele>
      </trkpt>
      <trkpt lat="43.61198" lon="17.41566">
        <ele>1164.8</ele>
      </trkpt>
      <trkpt lat="43.61204" lon="17.41517">
        <ele>1164.3</ele>
      </trkpt>
      <trkpt lat="43.61212" lon="17.41483">
        <ele>1164.2</ele>
      </trkpt>
      <trkpt lat="43.61241" lon="17.41398">
        <ele>1163.3</ele>
      </trkpt>
      <trkpt lat="43.6127" lon="17.41313">
        <ele>1166.8</ele>
      </trkpt>
      <trkpt lat="43.61291" lon="17.41244">
        <ele>1167.5</ele>
      </trkpt>
      <trkpt lat="43.61315" lon="17.41178">
        <ele>1172.9</ele>
      </trkpt>
      <trkpt lat="43.61334" lon="17.4112">
        <ele>1173.1</ele>
      </trkpt>
      <trkpt lat="43.61355" lon="17.41067">
        <ele>1170.6</ele>
      </trkpt>
      <trkpt lat="43.61377" lon="17.41023">
        <ele>1169.7</ele>
      </trkpt>
      <trkpt lat="43.61393" lon="17.40984">
        <ele>1170.8</ele>
      </trkpt>
      <trkpt lat="43.61414" lon="17.40923">
        <ele>1173.9</ele>
      </trkpt>
      <trkpt lat="43.61433" lon="17.40889">
        <ele>1172.3</ele>
      </trkpt>
      <trkpt lat="43.61479" lon="17.4084">
        <ele>1164.2</ele>
      </trkpt>
      <trkpt lat="43.615" lon="17.40801">
        <ele>1163.3</ele>
      </trkpt>
      <trkpt lat="43.61546" lon="17.40733">
        <ele>1159.7</ele>
      </trkpt>
      <trkpt lat="43.61588" lon="17.40687">
        <ele>1155.9</ele>
      </trkpt>
      <trkpt lat="43.61637" lon="17.40653">
        <ele>1149.5</ele>
      </trkpt>
      <trkpt lat="43.61674" lon="17.40617">
        <ele>1145.0</ele>
      </trkpt>
      <trkpt lat="43.61687" lon="17.40598">
        <ele>1143.0</ele>
      </trkpt>
      <trkpt lat="43.61722" lon="17.4052">
        <ele>1135.2</ele>
      </trkpt>
      <trkpt lat="43.61756" lon="17.40443">
        <ele>1127.2</ele>
      </trkpt>
      <trkpt lat="43.6179" lon="17.40366">
        <ele>1121.7</ele>
      </trkpt>
      <trkpt lat="43.61838" lon="17.40263">
        <ele>1114.4</ele>
      </trkpt>
      <trkpt lat="43.61887" lon="17.4016">
        <ele>1107.5</ele>
      </trkpt>
      <trkpt lat="43.61926" lon="17.40095">
        <ele>1101.6</ele>
      </trkpt>
      <trkpt lat="43.61945" lon="17.40072">
        <ele>1101.1</ele>
      </trkpt>
      <trkpt lat="43.61953" lon="17.40059">
        <ele>1100.9</ele>
      </trkpt>
      <trkpt lat="43.61976" lon="17.4001">
        <ele>1098.2</ele>
      </trkpt>
      <trkpt lat="43.61997" lon="17.39976">
        <ele>1094.6</ele>
      </trkpt>
      <trkpt lat="43.62031" lon="17.39929">
        <ele>1095.3</ele>
      </trkpt>
      <trkpt lat="43.62065" lon="17.39875">
        <ele>1092.3</ele>
      </trkpt>
      <trkpt lat="43.62099" lon="17.39821">
        <ele>1089.7</ele>
      </trkpt>
      <trkpt lat="43.62116" lon="17.39784">
        <ele>1091.9</ele>
      </trkpt>
      <trkpt lat="43.62141" lon="17.39708">
        <ele>1091.7</ele>
      </trkpt>
      <trkpt lat="43.62166" lon="17.39632">
        <ele>1086.3</ele>
      </trkpt>
      <trkpt lat="43.62196" lon="17.39529">
        <ele>1086.8</ele>
      </trkpt>
      <trkpt lat="43.62214" lon="17.3948">
        <ele>1085.2</ele>
      </trkpt>
      <trkpt lat="43.62218" lon="17.39456">
        <ele>1084.0</ele>
      </trkpt>
      <trkpt lat="43.62214" lon="17.39411">
        <ele>1083.1</ele>
      </trkpt>
      <trkpt lat="43.62215" lon="17.39394">
        <ele>1083.0</ele>
      </trkpt>
      <trkpt lat="43.62223" lon="17.39369">
        <ele>1081.3</ele>
      </trkpt>
      <trkpt lat="43.62241" lon="17.39325">
        <ele>1075.6</ele>
      </trkpt>
      <trkpt lat="43.62247" lon="17.39299">
        <ele>1071.3</ele>
      </trkpt>
      <trkpt lat="43.62256" lon="17.39229">
        <ele>1066.1</ele>
      </trkpt>
      <trkpt lat="43.62263" lon="17.39137">
        <ele>1067.4</ele>
      </trkpt>
      <trkpt lat="43.62267" lon="17.39109">
        <ele>1066.9</ele>
      </trkpt>
      <trkpt lat="43.62276" lon="17.39082">
        <ele>1066.4</ele>
      </trkpt>
      <trkpt lat="43.62311" lon="17.39006">
        <ele>1065.0</ele>
      </trkpt>
      <trkpt lat="43.62339" lon="17.38951">
        <ele>1058.7</ele>
      </trkpt>
      <trkpt lat="43.62352" lon="17.38913">
        <ele>1058.4</ele>
      </trkpt>
      <trkpt lat="43.62367" lon="17.38842">
        <ele>1058.7</ele>
      </trkpt>
      <trkpt lat="43.62384" lon="17.38727">
        <ele>1056.5</ele>
      </trkpt>
      <trkpt lat="43.62403" lon="17.38648">
        <ele>1053.9</ele>
      </trkpt>
      <trkpt lat="43.62421" lon="17.3857">
        <ele>1048.8</ele>
      </trkpt>
      <trkpt lat="43.62445" lon="17.38475">
        <ele>1046.0</ele>
      </trkpt>
      <trkpt lat="43.62469" lon="17.38379">
        <ele>1043.9</ele>
      </trkpt>
      <trkpt lat="43.62495" lon="17.38294">
        <ele>1038.7</ele>
      </trkpt>
      <trkpt lat="43.6253" lon="17.3823">
        <ele>1036.5</ele>
      </trkpt>
      <trkpt lat="43.62565" lon="17.38165">
        <ele>1034.3</ele>
      </trkpt>
      <trkpt lat="43.62586" lon="17.38117">
        <ele>1030.8</ele>
      </trkpt>
      <trkpt lat="43.62607" lon="17.38046">
        <ele>1030.3</ele>
      </trkpt>
      <trkpt lat="43.62629" lon="17.37936">
        <ele>1029.0</ele>
      </trkpt>
      <trkpt lat="43.62651" lon="17.37826">
        <ele>1023.7</ele>
      </trkpt>
      <trkpt lat="43.62661" lon="17.3779">
        <ele>1021.0</ele>
      </trkpt>
      <trkpt lat="43.62679" lon="17.37758">
        <ele>1019.0</ele>
      </trkpt>
      <trkpt lat="43.62708" lon="17.37713">
        <ele>1019.1</ele>
      </trkpt>
      <trkpt lat="43.62741" lon="17.37667">
        <ele>1015.7</ele>
      </trkpt>
      <trkpt lat="43.62774" lon="17.37622">
        <ele>1015.9</ele>
      </trkpt>
      <trkpt lat="43.62788" lon="17.37597">
        <ele>1014.9</ele>
      </trkpt>
      <trkpt lat="43.62815" lon="17.37524">
        <ele>1012.5</ele>
      </trkpt>
      <trkpt lat="43.62843" lon="17.37451">
        <ele>1010.9</ele>
      </trkpt>
      <trkpt lat="43.62868" lon="17.37394">
        <ele>1012.0</ele>
      </trkpt>
      <trkpt lat="43.62893" lon="17.37336">
        <ele>1008.3</ele>
      </trkpt>
      <trkpt lat="43.62919" lon="17.37296">
        <ele>1005.2</ele>
      </trkpt>
      <trkpt lat="43.62971" lon="17.37229">
        <ele>1006.6</ele>
      </trkpt>
      <trkpt lat="43.63023" lon="17.37161">
        <ele>1002.7</ele>
      </trkpt>
      <trkpt lat="43.63066" lon="17.37102">
        <ele>999.3</ele>
      </trkpt>
      <trkpt lat="43.6311" lon="17.37043">
        <ele>998.0</ele>
      </trkpt>
      <trkpt lat="43.63155" lon="17.36948">
        <ele>996.8</ele>
      </trkpt>
      <trkpt lat="43.63201" lon="17.36853">
        <ele>997.0</ele>
      </trkpt>
      <trkpt lat="43.63247" lon="17.36758">
        <ele>989.0</ele>
      </trkpt>
      <trkpt lat="43.63295" lon="17.36679">
        <ele>989.9</ele>
      </trkpt>
      <trkpt lat="43.63344" lon="17.36599">
        <ele>986.1</ele>
      </trkpt>
      <trkpt lat="43.63393" lon="17.36519">
        <ele>982.0</ele>
      </trkpt>
      <trkpt lat="43.63446" lon="17.36436">
        <ele>978.1</ele>
      </trkpt>
      <trkpt lat="43.63511" lon="17.36353">
        <ele>974.6</ele>
      </trkpt>
      <trkpt lat="43.63577" lon="17.36269">
        <ele>972.2</ele>
      </trkpt>
      <trkpt lat="43.63642" lon="17.36186">
        <ele>965.5</ele>
      </trkpt>
      <trkpt lat="43.637" lon="17.36118">
        <ele>962.2</ele>
      </trkpt>
      <trkpt lat="43.63771" lon="17.36054">
        <ele>961.1</ele>
      </trkpt>
      <trkpt lat="43.63842" lon="17.35991">
        <ele>960.0</ele>
      </trkpt>
      <trkpt lat="43.63913" lon="17.35928">
        <ele>957.8</ele>
      </trkpt>
      <trkpt lat="43.63984" lon="17.35865">
        <ele>951.7</ele>
      </trkpt>
      <trkpt lat="43.64055" lon="17.35801">
        <ele>948.2</ele>
      </trkpt>
      <trkpt lat="43.64127" lon="17.35738">
        <ele>944.1</ele>
      </trkpt>
      <trkpt lat="43.64198" lon="17.35675">
        <ele>939.8</ele>
      </trkpt>
      <trkpt lat="43.64269" lon="17.35612">
        <ele>937.7</ele>
      </trkpt>
      <trkpt lat="43.6434" lon="17.35548">
        <ele>935.4</ele>
      </trkpt>
      <trkpt lat="43.64411" lon="17.35485">
        <ele>933.0</ele>
      </trkpt>
      <trkpt lat="43.64482" lon="17.35422">
        <ele>930.6</ele>
      </trkpt>
      <trkpt lat="43.64545" lon="17.35352">
        <ele>928.0</ele>
      </trkpt>
      <trkpt lat="43.6459" lon="17.35287">
        <ele>926.0</ele>
      </trkpt>
      <trkpt lat="43.6464" lon="17.35238">
        <ele>925.2</ele>
      </trkpt>
      <trkpt lat="43.64697" lon="17.35189">
        <ele>923.3</ele>
      </trkpt>
      <trkpt lat="43.64753" lon="17.35141">
        <ele>921.5</ele>
      </trkpt>
      <trkpt lat="43.6481" lon="17.35092">
        <ele>918.2</ele>
      </trkpt>
      <trkpt lat="43.64868" lon="17.35027">
        <ele>915.2</ele>
      </trkpt>
      <trkpt lat="43.64926" lon="17.34963">
        <ele>913.7</ele>
      </trkpt>
      <trkpt lat="43.64976" lon="17.34911">
        <ele>911.8</ele>
      </trkpt>
      <trkpt lat="43.64998" lon="17.34869">
        <ele>910.0</ele>
      </trkpt>
      <trkpt lat="43.65019" lon="17.34808">
        <ele>907.8</ele>
      </trkpt>
      <trkpt lat="43.65052" lon="17.34748">
        <ele>906.8</ele>
      </trkpt>
      <trkpt lat="43.65079" lon="17.34709">
        <ele>907.0</ele>
      </trkpt>
      <trkpt lat="43.65117" lon="17.34664">
        <ele>906.8</ele>
      </trkpt>
      <trkpt lat="43.6515" lon="17.34619">
        <ele>905.6</ele>
      </trkpt>
      <trkpt lat="43.65183" lon="17.34574">
        <ele>904.4</ele>
      </trkpt>
      <trkpt lat="43.65223" lon="17.3453">
        <ele>903.2</ele>
      </trkpt>
      <trkpt lat="43.65262" lon="17.3449">
        <ele>902.6</ele>
      </trkpt>
      <trkpt lat="43.65329" lon="17.34426">
        <ele>900.2</ele>
      </trkpt>
      <trkpt lat="43.65397" lon="17.34361">
        <ele>899.0</ele>
      </trkpt>
      <trkpt lat="43.65419" lon="17.34328">
        <ele>898.9</ele>
      </trkpt>
      <trkpt lat="43.65466" lon="17.34268">
        <ele>896.9</ele>
      </trkpt>
      <trkpt lat="43.65532" lon="17.34204">
        <ele>894.7</ele>
      </trkpt>
      <trkpt lat="43.65549" lon="17.34183">
        <ele>894.0</ele>
      </trkpt>
      <trkpt lat="43.65566" lon="17.3415">
        <ele>893.3</ele>
      </trkpt>
      <trkpt lat="43.65587" lon="17.34096">
        <ele>892.9</ele>
      </trkpt>
      <trkpt lat="43.65634" lon="17.34029">
        <ele>891.7</ele>
      </trkpt>
      <trkpt lat="43.65703" lon="17.33983">
        <ele>890.5</ele>
      </trkpt>
      <trkpt lat="43.65767" lon="17.33943">
        <ele>889.2</ele>
      </trkpt>
      <trkpt lat="43.65831" lon="17.33896">
        <ele>888.8</ele>
      </trkpt>
      <trkpt lat="43.65876" lon="17.33855">
        <ele>887.7</ele>
      </trkpt>
      <trkpt lat="43.65929" lon="17.33804">
        <ele>886.7</ele>
      </trkpt>
      <trkpt lat="43.65982" lon="17.33752">
        <ele>885.4</ele>
      </trkpt>
      <trkpt lat="43.6604" lon="17.33698">
        <ele>886.7</ele>
      </trkpt>
      <trkpt lat="43.66108" lon="17.33642">
        <ele>886.2</ele>
      </trkpt>
      <trkpt lat="43.66177" lon="17.33585">
        <ele>884.8</ele>
      </trkpt>
      <trkpt lat="43.66237" lon="17.33514">
        <ele>883.1</ele>
      </trkpt>
      <trkpt lat="43.66297" lon="17.33442">
        <ele>882.2</ele>
      </trkpt>
      <trkpt lat="43.66321" lon="17.33417">
        <ele>882.7</ele>
      </trkpt>
      <trkpt lat="43.66354" lon="17.33391">
        <ele>883.5</ele>
      </trkpt>
      <trkpt lat="43.66375" lon="17.3338">
        <ele>883.7</ele>
      </trkpt>
      <trkpt lat="43.66392" lon="17.33362">
        <ele>883.9</ele>
      </trkpt>
      <trkpt lat="43.66409" lon="17.33337">
        <ele>884.0</ele>
      </trkpt>
      <trkpt lat="43.6644" lon="17.33281">
        <ele>881.4</ele>
      </trkpt>
      <trkpt lat="43.66467" lon="17.33243">
        <ele>880.3</ele>
      </trkpt>
      <trkpt lat="43.66499" lon="17.33199">
        <ele>880.0</ele>
      </trkpt>
      <trkpt lat="43.66556" lon="17.33129">
        <ele>878.9</ele>
      </trkpt>
      <trkpt lat="43.66608" lon="17.33058">
        <ele>877.4</ele>
      </trkpt>
      <trkpt lat="43.6666" lon="17.32987">
        <ele>877.9</ele>
      </trkpt>
      <trkpt lat="43.66712" lon="17.32916">
        <ele>877.4</ele>
      </trkpt>
      <trkpt lat="43.66764" lon="17.32845">
        <ele>876.1</ele>
      </trkpt>
      <trkpt lat="43.66817" lon="17.32768">
        <ele>876.0</ele>
      </trkpt>
      <trkpt lat="43.6687" lon="17.32691">
        <ele>875.4</ele>
      </trkpt>
      <trkpt lat="43.6691" lon="17.32624">
        <ele>875.0</ele>
      </trkpt>
      <trkpt lat="43.6695" lon="17.32557">
        <ele>874.5</ele>
      </trkpt>
      <trkpt lat="43.66995" lon="17.32467">
        <ele>872.6</ele>
      </trkpt>
      <trkpt lat="43.67039" lon="17.32376">
        <ele>873.0</ele>
      </trkpt>
      <trkpt lat="43.67084" lon="17.32286">
        <ele>872.0</ele>
      </trkpt>
      <trkpt lat="43.6712" lon="17.32214">
        <ele>872.3</ele>
      </trkpt>
      <trkpt lat="43.67156" lon="17.32143">
        <ele>871.5</ele>
      </trkpt>
      <trkpt lat="43.67203" lon="17.3205">
        <ele>871.1</ele>
      </trkpt>
      <trkpt lat="43.6725" lon="17.31958">
        <ele>869.5</ele>
      </trkpt>
      <trkpt lat="43.67282" lon="17.319">
        <ele>868.8</ele>
      </trkpt>
      <trkpt lat="43.67313" lon="17.31842">
        <ele>869.1</ele>
      </trkpt>
      <trkpt lat="43.67338" lon="17.31791">
        <ele>869.0</ele>
      </trkpt>
      <trkpt lat="43.67364" lon="17.31747">
        <ele>869.0</ele>
      </trkpt>
      <trkpt lat="43.674" lon="17.31691">
        <ele>869.0</ele>
      </trkpt>
      <trkpt lat="43.67436" lon="17.31635">
        <ele>869.2</ele>
      </trkpt>
      <trkpt lat="43.67471" lon="17.31584">
        <ele>868.7</ele>
      </trkpt>
      <trkpt lat="43.675" lon="17.3153">
        <ele>868.0</ele>
      </trkpt>
      <trkpt lat="43.67529" lon="17.31476">
        <ele>868.0</ele>
      </trkpt>
      <trkpt lat="43.67553" lon="17.31442">
        <ele>868.0</ele>
      </trkpt>
      <trkpt lat="43.67598" lon="17.31391">
        <ele>867.7</ele>
      </trkpt>
      <trkpt lat="43.67646" lon="17.31328">
        <ele>867.1</ele>
      </trkpt>
      <trkpt lat="43.677" lon="17.31249">
        <ele>868.6</ele>
      </trkpt>
      <trkpt lat="43.67736" lon="17.31204">
        <ele>867.5</ele>
      </trkpt>
      <trkpt lat="43.67785" lon="17.31147">
        <ele>866.9</ele>
      </trkpt>
      <trkpt lat="43.67834" lon="17.3109">
        <ele>867.0</ele>
      </trkpt>
      <trkpt lat="43.67884" lon="17.31033">
        <ele>865.8</ele>
      </trkpt>
      <trkpt lat="43.67914" lon="17.31002">
        <ele>865.1</ele>
      </trkpt>
      <trkpt lat="43.67958" lon="17.30946">
        <ele>865.0</ele>
      </trkpt>
      <trkpt lat="43.68016" lon="17.30867">
        <ele>866.1</ele>
      </trkpt>
      <trkpt lat="43.68041" lon="17.30842">
        <ele>866.9</ele>
      </trkpt>
      <trkpt lat="43.68084" lon="17.30805">
        <ele>868.7</ele>
      </trkpt>
      <trkpt lat="43.6814" lon="17.30711">
        <ele>870.4</ele>
      </trkpt>
      <trkpt lat="43.68195" lon="17.30617">
        <ele>870.3</ele>
      </trkpt>
      <trkpt lat="43.6823" lon="17.30549">
        <ele>871.4</ele>
      </trkpt>
      <trkpt lat="43.68265" lon="17.30481">
        <ele>872.0</ele>
      </trkpt>
      <trkpt lat="43.683" lon="17.30413">
        <ele>875.1</ele>
      </trkpt>
      <trkpt lat="43.68321" lon="17.30377">
        <ele>876.9</ele>
      </trkpt>
      <trkpt lat="43.68343" lon="17.30352">
        <ele>878.0</ele>
      </trkpt>
      <trkpt lat="43.684" lon="17.30301">
        <ele>879.9</ele>
      </trkpt>
      <trkpt lat="43.68449" lon="17.30266">
        <ele>876.9</ele>
      </trkpt>
      <trkpt lat="43.68498" lon="17.3023">
        <ele>870.5</ele>
      </trkpt>
      <trkpt lat="43.68527" lon="17.30204">
        <ele>870.3</ele>
      </trkpt>
      <trkpt lat="43.68591" lon="17.30137">
        <ele>869.3</ele>
      </trkpt>
      <trkpt lat="43.68601" lon="17.30125">
        <ele>868.8</ele>
      </trkpt>
      <trkpt lat="43.68622" lon="17.30092">
        <ele>867.4</ele>
      </trkpt>
      <trkpt lat="43.68633" lon="17.3007">
        <ele>867.1</ele>
      </trkpt>
      <trkpt lat="43.68691" lon="17.29981">
        <ele>867.6</ele>
      </trkpt>
      <trkpt lat="43.68727" lon="17.29932">
        <ele>867.1</ele>
      </trkpt>
      <trkpt lat="43.68764" lon="17.29884">
        <ele>866.9</ele>
      </trkpt>
      <trkpt lat="43.68795" lon="17.29846">
        <ele>866.6</ele>
      </trkpt>
      <trkpt lat="43.68814" lon="17.2983">
        <ele>866.5</ele>
      </trkpt>
      <trkpt lat="43.68831" lon="17.2982">
        <ele>866.9</ele>
      </trkpt>
      <trkpt lat="43.68855" lon="17.29802">
        <ele>867.7</ele>
      </trkpt>
      <trkpt lat="43.68895" lon="17.29765">
        <ele>868.1</ele>
      </trkpt>
      <trkpt lat="43.68934" lon="17.29728">
        <ele>868.2</ele>
      </trkpt>
      <trkpt lat="43.68958" lon="17.29699">
        <ele>867.6</ele>
      </trkpt>
      <trkpt lat="43.68998" lon="17.29643">
        <ele>864.8</ele>
      </trkpt>
      <trkpt lat="43.69028" lon="17.29595">
        <ele>864.4</ele>
      </trkpt>
      <trkpt lat="43.69057" lon="17.29547">
        <ele>864.9</ele>
      </trkpt>
      <trkpt lat="43.69084" lon="17.29511">
        <ele>865.7</ele>
      </trkpt>
      <trkpt lat="43.69103" lon="17.29493">
        <ele>865.4</ele>
      </trkpt>
      <trkpt lat="43.69166" lon="17.29446">
        <ele>863.4</ele>
      </trkpt>
      <trkpt lat="43.69209" lon="17.29411">
        <ele>863.5</ele>
      </trkpt>
      <trkpt lat="43.6924" lon="17.29383">
        <ele>863.6</ele>
      </trkpt>
      <trkpt lat="43.69304" lon="17.29315">
        <ele>864.8</ele>
      </trkpt>
      <trkpt lat="43.69368" lon="17.29246">
        <ele>865.2</ele>
      </trkpt>
      <trkpt lat="43.69423" lon="17.29189">
        <ele>864.0</ele>
      </trkpt>
      <trkpt lat="43.69478" lon="17.29132">
        <ele>863.9</ele>
      </trkpt>
      <trkpt lat="43.69533" lon="17.29075">
        <ele>864.5</ele>
      </trkpt>
      <trkpt lat="43.69597" lon="17.29005">
        <ele>866.4</ele>
      </trkpt>
      <trkpt lat="43.69662" lon="17.28934">
        <ele>865.6</ele>
      </trkpt>
      <trkpt lat="43.69717" lon="17.28848">
        <ele>863.4</ele>
      </trkpt>
      <trkpt lat="43.69772" lon="17.28763">
        <ele>863.9</ele>
      </trkpt>
      <trkpt lat="43.69827" lon="17.28677">
        <ele>865.8</ele>
      </trkpt>
      <trkpt lat="43.69842" lon="17.28665">
        <ele>866.0</ele>
      </trkpt>
      <trkpt lat="43.69888" lon="17.28632">
        <ele>865.4</ele>
      </trkpt>
      <trkpt lat="43.69913" lon="17.28609">
        <ele>865.3</ele>
      </trkpt>
      <trkpt lat="43.6997" lon="17.28521">
        <ele>868.0</ele>
      </trkpt>
      <trkpt lat="43.70028" lon="17.28433">
        <ele>869.8</ele>
      </trkpt>
      <trkpt lat="43.70086" lon="17.28345">
        <ele>868.5</ele>
      </trkpt>
      <trkpt lat="43.70136" lon="17.28289">
        <ele>870.0</ele>
      </trkpt>
      <trkpt lat="43.70183" lon="17.28247">
        <ele>870.7</ele>
      </trkpt>
      <trkpt lat="43.70244" lon="17.28195">
        <ele>871.2</ele>
      </trkpt>
      <trkpt lat="43.70304" lon="17.28144">
        <ele>872.4</ele>
      </trkpt>
      <trkpt lat="43.70365" lon="17.28093">
        <ele>873.0</ele>
      </trkpt>
      <trkpt lat="43.70416" lon="17.28065">
        <ele>874.1</ele>
      </trkpt>
      <trkpt lat="43.70467" lon="17.2803">
        <ele>874.1</ele>
      </trkpt>
      <trkpt lat="43.70504" lon="17.27986">
        <ele>872.7</ele>
      </trkpt>
      <trkpt lat="43.70539" lon="17.27935">
        <ele>871.8</ele>
      </trkpt>
      <trkpt lat="43.70599" lon="17.27876">
        <ele>870.9</ele>
      </trkpt>
      <trkpt lat="43.70609" lon="17.27865">
        <ele>870.8</ele>
      </trkpt>
      <trkpt lat="43.70659" lon="17.27789">
        <ele>869.7</ele>
      </trkpt>
      <trkpt lat="43.70709" lon="17.27713">
        <ele>869.6</ele>
      </trkpt>
      <trkpt lat="43.70759" lon="17.27637">
        <ele>868.5</ele>
      </trkpt>
      <trkpt lat="43.70809" lon="17.27561">
        <ele>868.1</ele>
      </trkpt>
      <trkpt lat="43.70851" lon="17.27483">
        <ele>867.5</ele>
      </trkpt>
      <trkpt lat="43.70893" lon="17.27405">
        <ele>866.7</ele>
      </trkpt>
      <trkpt lat="43.70936" lon="17.27326">
        <ele>866.5</ele>
      </trkpt>
      <trkpt lat="43.70974" lon="17.27263">
        <ele>865.4</ele>
      </trkpt>
      <trkpt lat="43.71012" lon="17.27199">
        <ele>865.6</ele>
      </trkpt>
      <trkpt lat="43.71065" lon="17.27123">
        <ele>865.8</ele>
      </trkpt>
      <trkpt lat="43.71101" lon="17.27081">
        <ele>866.8</ele>
      </trkpt>
      <trkpt lat="43.7114" lon="17.27042">
        <ele>866.5</ele>
      </trkpt>
      <trkpt lat="43.7118" lon="17.27003">
        <ele>865.5</ele>
      </trkpt>
      <trkpt lat="43.71197" lon="17.26978">
        <ele>864.8</ele>
      </trkpt>
      <trkpt lat="43.71208" lon="17.26934">
        <ele>864.7</ele>
      </trkpt>
      <trkpt lat="43.71215" lon="17.269">
        <ele>864.7</ele>
      </trkpt>
      <trkpt lat="43.71238" lon="17.2682">
        <ele>864.7</ele>
      </trkpt>
      <trkpt lat="43.7126" lon="17.26741">
        <ele>865.0</ele>
      </trkpt>
      <trkpt lat="43.71282" lon="17.26645">
        <ele>864.2</ele>
      </trkpt>
      <trkpt lat="43.71304" lon="17.26548">
        <ele>864.2</ele>
      </trkpt>
      <trkpt lat="43.71327" lon="17.26452">
        <ele>864.5</ele>
      </trkpt>
      <trkpt lat="43.71324" lon="17.26411">
        <ele>864.9</ele>
      </trkpt>
      <trkpt lat="43.71305" lon="17.26293">
        <ele>865.8</ele>
      </trkpt>
      <trkpt lat="43.71286" lon="17.26175">
        <ele>866.7</ele>
      </trkpt>
      <trkpt lat="43.71267" lon="17.26057">
        <ele>868.0</ele>
      </trkpt>
      <trkpt lat="43.71248" lon="17.25954">
        <ele>869.0</ele>
      </trkpt>
      <trkpt lat="43.71229" lon="17.25851">
        <ele>867.6</ele>
      </trkpt>
      <trkpt lat="43.7121" lon="17.25749">
        <ele>869.5</ele>
      </trkpt>
      <trkpt lat="43.71197" lon="17.25665">
        <ele>870.0</ele>
      </trkpt>
      <trkpt lat="43.71185" lon="17.25581">
        <ele>868.9</ele>
      </trkpt>
      <trkpt lat="43.71172" lon="17.25497">
        <ele>866.2</ele>
      </trkpt>
      <trkpt lat="43.71165" lon="17.25385">
        <ele>867.7</ele>
      </trkpt>
      <trkpt lat="43.71159" lon="17.25274">
        <ele>867.3</ele>
      </trkpt>
      <trkpt lat="43.71158" lon="17.25241">
        <ele>867.2</ele>
      </trkpt>
      <trkpt lat="43.71158" lon="17.25139">
        <ele>867.0</ele>
      </trkpt>
      <trkpt lat="43.71164" lon="17.2509">
        <ele>867.0</ele>
      </trkpt>
      <trkpt lat="43.71174" lon="17.25054">
        <ele>867.4</ele>
      </trkpt>
      <trkpt lat="43.71205" lon="17.24964">
        <ele>867.1</ele>
      </trkpt>
      <trkpt lat="43.71236" lon="17.24874">
        <ele>866.7</ele>
      </trkpt>
      <trkpt lat="43.71248" lon="17.24829">
        <ele>867.1</ele>
      </trkpt>
      <trkpt lat="43.71271" lon="17.2471">
        <ele>870.2</ele>
      </trkpt>
      <trkpt lat="43.71283" lon="17.24629">
        <ele>871.0</ele>
      </trkpt>
      <trkpt lat="43.71295" lon="17.24548">
        <ele>871.0</ele>
      </trkpt>
      <trkpt lat="43.71307" lon="17.24504">
        <ele>871.4</ele>
      </trkpt>
      <trkpt lat="43.71318" lon="17.24474">
        <ele>871.6</ele>
      </trkpt>
      <trkpt lat="43.71342" lon="17.24421">
        <ele>872.1</ele>
      </trkpt>
      <trkpt lat="43.71366" lon="17.24369">
        <ele>871.8</ele>
      </trkpt>
      <trkpt lat="43.71376" lon="17.24342">
        <ele>871.6</ele>
      </trkpt>
      <trkpt lat="43.71396" lon="17.24271">
        <ele>873.2</ele>
      </trkpt>
      <trkpt lat="43.71401" lon="17.24236">
        <ele>874.1</ele>
      </trkpt>
      <trkpt lat="43.71402" lon="17.24208">
        <ele>874.7</ele>
      </trkpt>
      <trkpt lat="43.71401" lon="17.24169">
        <ele>875.4</ele>
      </trkpt>
      <trkpt lat="43.71396" lon="17.24127">
        <ele>875.7</ele>
      </trkpt>
      <trkpt lat="43.71386" lon="17.24069">
        <ele>875.9</ele>
      </trkpt>
      <trkpt lat="43.71379" lon="17.23993">
        <ele>875.8</ele>
      </trkpt>
      <trkpt lat="43.71384" lon="17.23975">
        <ele>876.2</ele>
      </trkpt>
      <trkpt lat="43.71391" lon="17.23963">
        <ele>876.5</ele>
      </trkpt>
      <trkpt lat="43.71396" lon="17.23959">
        <ele>876.6</ele>
      </trkpt>
      <trkpt lat="43.71402" lon="17.2395">
        <ele>876.8</ele>
      </trkpt>
      <trkpt lat="43.71406" lon="17.23937">
        <ele>876.9</ele>
      </trkpt>
      <trkpt lat="43.71406" lon="17.23922">
        <ele>877.0</ele>
      </trkpt>
      <trkpt lat="43.71404" lon="17.23917">
        <ele>877.0</ele>
      </trkpt>
      <trkpt lat="43.71397" lon="17.23903">
        <ele>877.1</ele>
      </trkpt>
      <trkpt lat="43.71391" lon="17.23898">
        <ele>877.1</ele>
      </trkpt>
      <trkpt lat="43.71384" lon="17.23896">
        <ele>877.2</ele>
      </trkpt>
      <trkpt lat="43.71376" lon="17.23897">
        <ele>877.2</ele>
      </trkpt>
      <trkpt lat="43.71367" lon="17.23902">
        <ele>877.2</ele>
      </trkpt>
      <trkpt lat="43.7136" lon="17.23911">
        <ele>877.1</ele>
      </trkpt>
      <trkpt lat="43.71357" lon="17.23921">
        <ele>876.9</ele>
      </trkpt>
      <trkpt lat="43.71348" lon="17.23932">
        <ele>876.5</ele>
      </trkpt>
      <trkpt lat="43.71333" lon="17.23943">
        <ele>876.1</ele>
      </trkpt>
      <trkpt lat="43.71318" lon="17.23943">
        <ele>876.2</ele>
      </trkpt>
      <trkpt lat="43.71275" lon="17.23936">
        <ele>876.8</ele>
      </trkpt>
      <trkpt lat="43.7124" lon="17.23927">
        <ele>877.0</ele>
      </trkpt>
      <trkpt lat="43.71183" lon="17.23906">
        <ele>874.2</ele>
      </trkpt>
      <trkpt lat="43.71206" lon="17.23984">
        <ele>874.3</ele>
      </trkpt>
    </trkseg>
  </trk>
</gpx>
