<?xml version="1.0" encoding="UTF-8"?>
<gpx xmlns:gpxdata="http://www.cluetrust.com/XML/GPXDATA/1/0" xmlns:xsi="http://www.w3.org/2001/XMLSchema-instance" xmlns="http://www.topografix.com/GPX/1/1" version="1.1" creator="http://ridewithgps.com/" xsi:schemaLocation="http://www.topografix.com/GPX/1/1 http://www.topografix.com/GPX/1/1/gpx.xsd http://www.cluetrust.com/XML/GPXDATA/1/0 http://www.cluetrust.com/Schemas/gpxdata10.xsd">
  <metadata>
    <name>TransDinarica - Dan 3</name>
    <link href="https://ridewithgps.com/routes/48491580">
      <text>TransDinarica - Dan 3</text>
    </link>
    <time>2024-09-18T13:42:30Z</time>
  </metadata>
  <trk>
    <name>TransDinarica - Dan 3</name>
    <trkseg>
      <trkpt lat="42.59704" lon="19.94338">
        <ele>953.7</ele>
      </trkpt>
      <trkpt lat="42.5969" lon="19.94409">
        <ele>956.7</ele>
      </trkpt>
      <trkpt lat="42.59686" lon="19.94411">
        <ele>956.8</ele>
      </trkpt>
      <trkpt lat="42.59684" lon="19.94415">
        <ele>956.9</ele>
      </trkpt>
      <trkpt lat="42.59675" lon="19.94412">
        <ele>956.8</ele>
      </trkpt>
      <trkpt lat="42.59653" lon="19.94407">
        <ele>956.8</ele>
      </trkpt>
      <trkpt lat="42.59647" lon="19.94406">
        <ele>956.8</ele>
      </trkpt>
      <trkpt lat="42.59641" lon="19.94407">
        <ele>956.9</ele>
      </trkpt>
      <trkpt lat="42.59615" lon="19.94422">
        <ele>957.6</ele>
      </trkpt>
      <trkpt lat="42.5959" lon="19.94424">
        <ele>958.1</ele>
      </trkpt>
      <trkpt lat="42.59582" lon="19.94423">
        <ele>958.2</ele>
      </trkpt>
      <trkpt lat="42.59571" lon="19.94421">
        <ele>958.5</ele>
      </trkpt>
      <trkpt lat="42.59561" lon="19.94417">
        <ele>958.8</ele>
      </trkpt>
      <trkpt lat="42.59553" lon="19.94413">
        <ele>958.9</ele>
      </trkpt>
      <trkpt lat="42.59527" lon="19.94395">
        <ele>959.2</ele>
      </trkpt>
      <trkpt lat="42.5951" lon="19.94385">
        <ele>959.5</ele>
      </trkpt>
      <trkpt lat="42.59501" lon="19.94382">
        <ele>959.7</ele>
      </trkpt>
      <trkpt lat="42.59486" lon="19.94378">
        <ele>960.0</ele>
      </trkpt>
      <trkpt lat="42.59468" lon="19.94353">
        <ele>960.0</ele>
      </trkpt>
      <trkpt lat="42.59456" lon="19.94333">
        <ele>960.1</ele>
      </trkpt>
      <trkpt lat="42.59445" lon="19.943">
        <ele>959.2</ele>
      </trkpt>
      <trkpt lat="42.59438" lon="19.94273">
        <ele>958.4</ele>
      </trkpt>
      <trkpt lat="42.59419" lon="19.94239">
        <ele>957.6</ele>
      </trkpt>
      <trkpt lat="42.59389" lon="19.94173">
        <ele>953.6</ele>
      </trkpt>
      <trkpt lat="42.59377" lon="19.9415">
        <ele>952.1</ele>
      </trkpt>
      <trkpt lat="42.59334" lon="19.94084">
        <ele>950.9</ele>
      </trkpt>
      <trkpt lat="42.59291" lon="19.94032">
        <ele>952.4</ele>
      </trkpt>
      <trkpt lat="42.59263" lon="19.93984">
        <ele>951.8</ele>
      </trkpt>
      <trkpt lat="42.59233" lon="19.93929">
        <ele>952.5</ele>
      </trkpt>
      <trkpt lat="42.59199" lon="19.93851">
        <ele>950.6</ele>
      </trkpt>
      <trkpt lat="42.59166" lon="19.93774">
        <ele>948.4</ele>
      </trkpt>
      <trkpt lat="42.59135" lon="19.93712">
        <ele>947.3</ele>
      </trkpt>
      <trkpt lat="42.59099" lon="19.9363">
        <ele>942.5</ele>
      </trkpt>
      <trkpt lat="42.59064" lon="19.93587">
        <ele>943.4</ele>
      </trkpt>
      <trkpt lat="42.59029" lon="19.93544">
        <ele>941.5</ele>
      </trkpt>
      <trkpt lat="42.59011" lon="19.93522">
        <ele>939.5</ele>
      </trkpt>
      <trkpt lat="42.59001" lon="19.93513">
        <ele>938.8</ele>
      </trkpt>
      <trkpt lat="42.58991" lon="19.93506">
        <ele>938.6</ele>
      </trkpt>
      <trkpt lat="42.58982" lon="19.935">
        <ele>938.4</ele>
      </trkpt>
      <trkpt lat="42.58971" lon="19.93496">
        <ele>939.2</ele>
      </trkpt>
      <trkpt lat="42.5896" lon="19.93489">
        <ele>939.5</ele>
      </trkpt>
      <trkpt lat="42.58933" lon="19.93471">
        <ele>940.5</ele>
      </trkpt>
      <trkpt lat="42.58923" lon="19.93457">
        <ele>939.9</ele>
      </trkpt>
      <trkpt lat="42.58905" lon="19.93426">
        <ele>937.8</ele>
      </trkpt>
      <trkpt lat="42.58871" lon="19.93383">
        <ele>935.3</ele>
      </trkpt>
      <trkpt lat="42.58839" lon="19.93329">
        <ele>931.6</ele>
      </trkpt>
      <trkpt lat="42.58811" lon="19.93299">
        <ele>930.8</ele>
      </trkpt>
      <trkpt lat="42.58754" lon="19.93249">
        <ele>928.5</ele>
      </trkpt>
      <trkpt lat="42.58729" lon="19.93223">
        <ele>930.4</ele>
      </trkpt>
      <trkpt lat="42.58697" lon="19.93192">
        <ele>931.0</ele>
      </trkpt>
      <trkpt lat="42.58639" lon="19.93142">
        <ele>932.0</ele>
      </trkpt>
      <trkpt lat="42.5858" lon="19.93091">
        <ele>931.6</ele>
      </trkpt>
      <trkpt lat="42.58573" lon="19.93087">
        <ele>932.0</ele>
      </trkpt>
      <trkpt lat="42.58534" lon="19.93052">
        <ele>934.9</ele>
      </trkpt>
      <trkpt lat="42.58495" lon="19.93018">
        <ele>936.8</ele>
      </trkpt>
      <trkpt lat="42.58448" lon="19.92978">
        <ele>935.6</ele>
      </trkpt>
      <trkpt lat="42.58402" lon="19.92939">
        <ele>934.8</ele>
      </trkpt>
      <trkpt lat="42.58387" lon="19.92924">
        <ele>934.2</ele>
      </trkpt>
      <trkpt lat="42.58347" lon="19.92867">
        <ele>932.5</ele>
      </trkpt>
      <trkpt lat="42.58324" lon="19.92844">
        <ele>931.9</ele>
      </trkpt>
      <trkpt lat="42.58254" lon="19.9279">
        <ele>930.9</ele>
      </trkpt>
      <trkpt lat="42.58239" lon="19.92775">
        <ele>931.0</ele>
      </trkpt>
      <trkpt lat="42.5823" lon="19.92764">
        <ele>930.8</ele>
      </trkpt>
      <trkpt lat="42.58209" lon="19.92737">
        <ele>929.5</ele>
      </trkpt>
      <trkpt lat="42.58168" lon="19.92674">
        <ele>924.7</ele>
      </trkpt>
      <trkpt lat="42.58168" lon="19.92674">
        <ele>924.7</ele>
      </trkpt>
      <trkpt lat="42.58168" lon="19.92674">
        <ele>924.7</ele>
      </trkpt>
      <trkpt lat="42.58168" lon="19.92674">
        <ele>924.7</ele>
      </trkpt>
      <trkpt lat="42.58134" lon="19.92623">
        <ele>925.7</ele>
      </trkpt>
      <trkpt lat="42.5812" lon="19.92598">
        <ele>925.3</ele>
      </trkpt>
      <trkpt lat="42.58108" lon="19.92567">
        <ele>925.0</ele>
      </trkpt>
      <trkpt lat="42.58095" lon="19.92529">
        <ele>925.5</ele>
      </trkpt>
      <trkpt lat="42.58087" lon="19.9249">
        <ele>925.7</ele>
      </trkpt>
      <trkpt lat="42.58083" lon="19.92454">
        <ele>926.6</ele>
      </trkpt>
      <trkpt lat="42.5808" lon="19.92374">
        <ele>927.0</ele>
      </trkpt>
      <trkpt lat="42.58076" lon="19.92317">
        <ele>926.8</ele>
      </trkpt>
      <trkpt lat="42.58074" lon="19.92247">
        <ele>925.6</ele>
      </trkpt>
      <trkpt lat="42.58068" lon="19.92184">
        <ele>922.2</ele>
      </trkpt>
      <trkpt lat="42.58059" lon="19.9212">
        <ele>920.3</ele>
      </trkpt>
      <trkpt lat="42.58049" lon="19.92071">
        <ele>919.4</ele>
      </trkpt>
      <trkpt lat="42.58043" lon="19.92047">
        <ele>919.3</ele>
      </trkpt>
      <trkpt lat="42.58012" lon="19.9196">
        <ele>918.0</ele>
      </trkpt>
      <trkpt lat="42.5798" lon="19.91873">
        <ele>915.2</ele>
      </trkpt>
      <trkpt lat="42.57948" lon="19.9181">
        <ele>915.8</ele>
      </trkpt>
      <trkpt lat="42.57916" lon="19.91746">
        <ele>918.1</ele>
      </trkpt>
      <trkpt lat="42.57909" lon="19.9173">
        <ele>918.4</ele>
      </trkpt>
      <trkpt lat="42.57884" lon="19.91658">
        <ele>920.1</ele>
      </trkpt>
      <trkpt lat="42.57844" lon="19.91555">
        <ele>926.0</ele>
      </trkpt>
      <trkpt lat="42.57832" lon="19.91493">
        <ele>926.9</ele>
      </trkpt>
      <trkpt lat="42.57823" lon="19.91457">
        <ele>926.7</ele>
      </trkpt>
      <trkpt lat="42.57813" lon="19.91422">
        <ele>926.8</ele>
      </trkpt>
      <trkpt lat="42.57778" lon="19.91353">
        <ele>925.8</ele>
      </trkpt>
      <trkpt lat="42.5776" lon="19.91323">
        <ele>924.9</ele>
      </trkpt>
      <trkpt lat="42.57719" lon="19.91285">
        <ele>924.2</ele>
      </trkpt>
      <trkpt lat="42.57673" lon="19.91249">
        <ele>923.7</ele>
      </trkpt>
      <trkpt lat="42.57654" lon="19.91237">
        <ele>923.0</ele>
      </trkpt>
      <trkpt lat="42.57639" lon="19.91228">
        <ele>922.5</ele>
      </trkpt>
      <trkpt lat="42.57616" lon="19.91217">
        <ele>922.2</ele>
      </trkpt>
      <trkpt lat="42.5758" lon="19.91203">
        <ele>922.5</ele>
      </trkpt>
      <trkpt lat="42.57567" lon="19.91192">
        <ele>923.0</ele>
      </trkpt>
      <trkpt lat="42.57544" lon="19.91168">
        <ele>923.0</ele>
      </trkpt>
      <trkpt lat="42.57529" lon="19.91155">
        <ele>923.2</ele>
      </trkpt>
      <trkpt lat="42.57462" lon="19.91094">
        <ele>923.4</ele>
      </trkpt>
      <trkpt lat="42.57395" lon="19.91032">
        <ele>925.8</ele>
      </trkpt>
      <trkpt lat="42.57391" lon="19.91025">
        <ele>925.9</ele>
      </trkpt>
      <trkpt lat="42.57365" lon="19.90961">
        <ele>925.4</ele>
      </trkpt>
      <trkpt lat="42.57345" lon="19.90917">
        <ele>925.0</ele>
      </trkpt>
      <trkpt lat="42.5731" lon="19.90858">
        <ele>924.8</ele>
      </trkpt>
      <trkpt lat="42.57281" lon="19.90824">
        <ele>924.0</ele>
      </trkpt>
      <trkpt lat="42.57275" lon="19.90814">
        <ele>923.9</ele>
      </trkpt>
      <trkpt lat="42.57232" lon="19.90732">
        <ele>925.4</ele>
      </trkpt>
      <trkpt lat="42.57222" lon="19.9071">
        <ele>926.0</ele>
      </trkpt>
      <trkpt lat="42.572" lon="19.90644">
        <ele>927.8</ele>
      </trkpt>
      <trkpt lat="42.572" lon="19.90629">
        <ele>928.5</ele>
      </trkpt>
      <trkpt lat="42.57207" lon="19.90587">
        <ele>929.9</ele>
      </trkpt>
      <trkpt lat="42.57212" lon="19.90536">
        <ele>930.6</ele>
      </trkpt>
      <trkpt lat="42.57212" lon="19.9049">
        <ele>931.2</ele>
      </trkpt>
      <trkpt lat="42.57208" lon="19.9046">
        <ele>931.8</ele>
      </trkpt>
      <trkpt lat="42.57195" lon="19.90411">
        <ele>933.1</ele>
      </trkpt>
      <trkpt lat="42.57188" lon="19.90369">
        <ele>932.2</ele>
      </trkpt>
      <trkpt lat="42.57184" lon="19.90328">
        <ele>931.2</ele>
      </trkpt>
      <trkpt lat="42.57177" lon="19.90291">
        <ele>931.1</ele>
      </trkpt>
      <trkpt lat="42.57174" lon="19.90273">
        <ele>930.9</ele>
      </trkpt>
      <trkpt lat="42.57168" lon="19.9025">
        <ele>930.9</ele>
      </trkpt>
      <trkpt lat="42.57156" lon="19.90213">
        <ele>931.2</ele>
      </trkpt>
      <trkpt lat="42.57151" lon="19.90196">
        <ele>931.2</ele>
      </trkpt>
      <trkpt lat="42.57148" lon="19.90185">
        <ele>931.1</ele>
      </trkpt>
      <trkpt lat="42.57146" lon="19.90169">
        <ele>930.8</ele>
      </trkpt>
      <trkpt lat="42.57134" lon="19.90135">
        <ele>929.7</ele>
      </trkpt>
      <trkpt lat="42.57128" lon="19.90123">
        <ele>929.3</ele>
      </trkpt>
      <trkpt lat="42.57111" lon="19.90095">
        <ele>928.3</ele>
      </trkpt>
      <trkpt lat="42.57089" lon="19.90068">
        <ele>927.2</ele>
      </trkpt>
      <trkpt lat="42.57079" lon="19.90046">
        <ele>926.4</ele>
      </trkpt>
      <trkpt lat="42.57073" lon="19.90029">
        <ele>925.9</ele>
      </trkpt>
      <trkpt lat="42.57062" lon="19.90005">
        <ele>925.3</ele>
      </trkpt>
      <trkpt lat="42.57029" lon="19.89946">
        <ele>923.4</ele>
      </trkpt>
      <trkpt lat="42.5702" lon="19.89931">
        <ele>922.7</ele>
      </trkpt>
      <trkpt lat="42.56992" lon="19.89896">
        <ele>921.9</ele>
      </trkpt>
      <trkpt lat="42.56976" lon="19.89879">
        <ele>922.4</ele>
      </trkpt>
      <trkpt lat="42.56939" lon="19.89838">
        <ele>922.3</ele>
      </trkpt>
      <trkpt lat="42.56939" lon="19.89838">
        <ele>922.3</ele>
      </trkpt>
      <trkpt lat="42.56939" lon="19.89838">
        <ele>922.3</ele>
      </trkpt>
      <trkpt lat="42.56905" lon="19.898">
        <ele>926.6</ele>
      </trkpt>
      <trkpt lat="42.56892" lon="19.89779">
        <ele>930.1</ele>
      </trkpt>
      <trkpt lat="42.56873" lon="19.89739">
        <ele>931.3</ele>
      </trkpt>
      <trkpt lat="42.56863" lon="19.8971">
        <ele>930.4</ele>
      </trkpt>
      <trkpt lat="42.56855" lon="19.8968">
        <ele>927.9</ele>
      </trkpt>
      <trkpt lat="42.5685" lon="19.89632">
        <ele>924.1</ele>
      </trkpt>
      <trkpt lat="42.56846" lon="19.89576">
        <ele>920.5</ele>
      </trkpt>
      <trkpt lat="42.56846" lon="19.89551">
        <ele>920.1</ele>
      </trkpt>
      <trkpt lat="42.56844" lon="19.89526">
        <ele>919.8</ele>
      </trkpt>
      <trkpt lat="42.56842" lon="19.89511">
        <ele>919.7</ele>
      </trkpt>
      <trkpt lat="42.56832" lon="19.89481">
        <ele>919.1</ele>
      </trkpt>
      <trkpt lat="42.56821" lon="19.89459">
        <ele>919.8</ele>
      </trkpt>
      <trkpt lat="42.56806" lon="19.89439">
        <ele>920.5</ele>
      </trkpt>
      <trkpt lat="42.56791" lon="19.89422">
        <ele>920.7</ele>
      </trkpt>
      <trkpt lat="42.56775" lon="19.8941">
        <ele>921.5</ele>
      </trkpt>
      <trkpt lat="42.56762" lon="19.89397">
        <ele>921.8</ele>
      </trkpt>
      <trkpt lat="42.56746" lon="19.89385">
        <ele>922.9</ele>
      </trkpt>
      <trkpt lat="42.56716" lon="19.89359">
        <ele>926.0</ele>
      </trkpt>
      <trkpt lat="42.56689" lon="19.89339">
        <ele>927.0</ele>
      </trkpt>
      <trkpt lat="42.56678" lon="19.89333">
        <ele>927.3</ele>
      </trkpt>
      <trkpt lat="42.56672" lon="19.89328">
        <ele>927.7</ele>
      </trkpt>
      <trkpt lat="42.56664" lon="19.8932">
        <ele>929.3</ele>
      </trkpt>
      <trkpt lat="42.56658" lon="19.8931">
        <ele>931.6</ele>
      </trkpt>
      <trkpt lat="42.56645" lon="19.89283">
        <ele>935.3</ele>
      </trkpt>
      <trkpt lat="42.56637" lon="19.8926">
        <ele>936.0</ele>
      </trkpt>
      <trkpt lat="42.56633" lon="19.89244">
        <ele>935.6</ele>
      </trkpt>
      <trkpt lat="42.56632" lon="19.8923">
        <ele>934.3</ele>
      </trkpt>
      <trkpt lat="42.56633" lon="19.89212">
        <ele>931.8</ele>
      </trkpt>
      <trkpt lat="42.56639" lon="19.8919">
        <ele>927.1</ele>
      </trkpt>
      <trkpt lat="42.56684" lon="19.89086">
        <ele>919.3</ele>
      </trkpt>
      <trkpt lat="42.567" lon="19.89045">
        <ele>919.5</ele>
      </trkpt>
      <trkpt lat="42.56706" lon="19.89027">
        <ele>919.6</ele>
      </trkpt>
      <trkpt lat="42.56711" lon="19.89009">
        <ele>919.7</ele>
      </trkpt>
      <trkpt lat="42.56725" lon="19.88937">
        <ele>921.4</ele>
      </trkpt>
      <trkpt lat="42.56726" lon="19.88921">
        <ele>921.9</ele>
      </trkpt>
      <trkpt lat="42.56726" lon="19.88906">
        <ele>922.1</ele>
      </trkpt>
      <trkpt lat="42.56721" lon="19.88864">
        <ele>922.9</ele>
      </trkpt>
      <trkpt lat="42.56725" lon="19.88818">
        <ele>922.5</ele>
      </trkpt>
      <trkpt lat="42.56725" lon="19.88794">
        <ele>922.2</ele>
      </trkpt>
      <trkpt lat="42.56723" lon="19.88727">
        <ele>921.9</ele>
      </trkpt>
      <trkpt lat="42.56722" lon="19.88701">
        <ele>922.0</ele>
      </trkpt>
      <trkpt lat="42.56718" lon="19.88683">
        <ele>922.3</ele>
      </trkpt>
      <trkpt lat="42.56713" lon="19.88663">
        <ele>922.6</ele>
      </trkpt>
      <trkpt lat="42.56703" lon="19.88639">
        <ele>922.9</ele>
      </trkpt>
      <trkpt lat="42.5669" lon="19.88602">
        <ele>923.0</ele>
      </trkpt>
      <trkpt lat="42.56677" lon="19.88571">
        <ele>923.2</ele>
      </trkpt>
      <trkpt lat="42.56659" lon="19.88524">
        <ele>923.8</ele>
      </trkpt>
      <trkpt lat="42.56625" lon="19.88447">
        <ele>923.0</ele>
      </trkpt>
      <trkpt lat="42.56598" lon="19.8839">
        <ele>921.8</ele>
      </trkpt>
      <trkpt lat="42.56589" lon="19.88374">
        <ele>921.1</ele>
      </trkpt>
      <trkpt lat="42.56569" lon="19.88351">
        <ele>920.6</ele>
      </trkpt>
      <trkpt lat="42.56521" lon="19.88305">
        <ele>921.4</ele>
      </trkpt>
      <trkpt lat="42.5646" lon="19.88252">
        <ele>920.1</ele>
      </trkpt>
      <trkpt lat="42.56441" lon="19.88241">
        <ele>920.0</ele>
      </trkpt>
      <trkpt lat="42.5642" lon="19.88232">
        <ele>920.1</ele>
      </trkpt>
      <trkpt lat="42.56413" lon="19.8823">
        <ele>920.5</ele>
      </trkpt>
      <trkpt lat="42.56394" lon="19.8823">
        <ele>923.1</ele>
      </trkpt>
      <trkpt lat="42.56358" lon="19.88235">
        <ele>928.4</ele>
      </trkpt>
      <trkpt lat="42.56353" lon="19.88234">
        <ele>929.0</ele>
      </trkpt>
      <trkpt lat="42.56341" lon="19.88228">
        <ele>929.8</ele>
      </trkpt>
      <trkpt lat="42.56334" lon="19.88221">
        <ele>929.7</ele>
      </trkpt>
      <trkpt lat="42.56309" lon="19.88176">
        <ele>928.1</ele>
      </trkpt>
      <trkpt lat="42.56302" lon="19.88168">
        <ele>927.9</ele>
      </trkpt>
      <trkpt lat="42.56282" lon="19.88153">
        <ele>929.3</ele>
      </trkpt>
      <trkpt lat="42.56264" lon="19.88138">
        <ele>929.4</ele>
      </trkpt>
      <trkpt lat="42.56243" lon="19.88123">
        <ele>931.4</ele>
      </trkpt>
      <trkpt lat="42.5623" lon="19.8811">
        <ele>934.9</ele>
      </trkpt>
      <trkpt lat="42.56221" lon="19.88096">
        <ele>936.0</ele>
      </trkpt>
      <trkpt lat="42.56216" lon="19.88084">
        <ele>935.7</ele>
      </trkpt>
      <trkpt lat="42.56207" lon="19.88044">
        <ele>935.0</ele>
      </trkpt>
      <trkpt lat="42.562" lon="19.88025">
        <ele>935.0</ele>
      </trkpt>
      <trkpt lat="42.56173" lon="19.87963">
        <ele>936.0</ele>
      </trkpt>
      <trkpt lat="42.5617" lon="19.87951">
        <ele>935.8</ele>
      </trkpt>
      <trkpt lat="42.56169" lon="19.87935">
        <ele>934.9</ele>
      </trkpt>
      <trkpt lat="42.56171" lon="19.87919">
        <ele>933.4</ele>
      </trkpt>
      <trkpt lat="42.56174" lon="19.87897">
        <ele>934.3</ele>
      </trkpt>
      <trkpt lat="42.56186" lon="19.87836">
        <ele>936.4</ele>
      </trkpt>
      <trkpt lat="42.56199" lon="19.87775">
        <ele>932.6</ele>
      </trkpt>
      <trkpt lat="42.56203" lon="19.87755">
        <ele>931.5</ele>
      </trkpt>
      <trkpt lat="42.56211" lon="19.87731">
        <ele>930.3</ele>
      </trkpt>
      <trkpt lat="42.56227" lon="19.87699">
        <ele>928.6</ele>
      </trkpt>
      <trkpt lat="42.56237" lon="19.87683">
        <ele>927.8</ele>
      </trkpt>
      <trkpt lat="42.56244" lon="19.87675">
        <ele>927.3</ele>
      </trkpt>
      <trkpt lat="42.56252" lon="19.87667">
        <ele>926.9</ele>
      </trkpt>
      <trkpt lat="42.56277" lon="19.87647">
        <ele>926.7</ele>
      </trkpt>
      <trkpt lat="42.56286" lon="19.87637">
        <ele>926.8</ele>
      </trkpt>
      <trkpt lat="42.56295" lon="19.87623">
        <ele>927.0</ele>
      </trkpt>
      <trkpt lat="42.56303" lon="19.876">
        <ele>927.5</ele>
      </trkpt>
      <trkpt lat="42.56317" lon="19.87563">
        <ele>928.8</ele>
      </trkpt>
      <trkpt lat="42.56339" lon="19.87489">
        <ele>931.0</ele>
      </trkpt>
      <trkpt lat="42.56351" lon="19.87461">
        <ele>931.0</ele>
      </trkpt>
      <trkpt lat="42.56385" lon="19.87379">
        <ele>929.4</ele>
      </trkpt>
      <trkpt lat="42.56403" lon="19.8734">
        <ele>927.9</ele>
      </trkpt>
      <trkpt lat="42.56412" lon="19.87311">
        <ele>927.5</ele>
      </trkpt>
      <trkpt lat="42.56423" lon="19.8726">
        <ele>927.7</ele>
      </trkpt>
      <trkpt lat="42.56428" lon="19.87225">
        <ele>927.7</ele>
      </trkpt>
      <trkpt lat="42.56434" lon="19.87163">
        <ele>927.4</ele>
      </trkpt>
      <trkpt lat="42.5644" lon="19.87102">
        <ele>927.3</ele>
      </trkpt>
      <trkpt lat="42.56441" lon="19.87092">
        <ele>927.2</ele>
      </trkpt>
      <trkpt lat="42.56441" lon="19.87065">
        <ele>927.4</ele>
      </trkpt>
      <trkpt lat="42.56442" lon="19.87052">
        <ele>927.5</ele>
      </trkpt>
      <trkpt lat="42.56455" lon="19.86989">
        <ele>927.5</ele>
      </trkpt>
      <trkpt lat="42.56457" lon="19.86968">
        <ele>927.2</ele>
      </trkpt>
      <trkpt lat="42.56456" lon="19.86949">
        <ele>927.0</ele>
      </trkpt>
      <trkpt lat="42.56454" lon="19.86936">
        <ele>926.9</ele>
      </trkpt>
      <trkpt lat="42.56441" lon="19.86885">
        <ele>926.6</ele>
      </trkpt>
      <trkpt lat="42.56423" lon="19.86824">
        <ele>926.6</ele>
      </trkpt>
      <trkpt lat="42.56405" lon="19.86763">
        <ele>927.0</ele>
      </trkpt>
      <trkpt lat="42.5639" lon="19.86723">
        <ele>927.8</ele>
      </trkpt>
      <trkpt lat="42.56365" lon="19.86673">
        <ele>928.4</ele>
      </trkpt>
      <trkpt lat="42.5633" lon="19.86617">
        <ele>927.8</ele>
      </trkpt>
      <trkpt lat="42.563" lon="19.86577">
        <ele>927.0</ele>
      </trkpt>
      <trkpt lat="42.56289" lon="19.86565">
        <ele>927.1</ele>
      </trkpt>
      <trkpt lat="42.56236" lon="19.86515">
        <ele>928.1</ele>
      </trkpt>
      <trkpt lat="42.5622" lon="19.86499">
        <ele>928.3</ele>
      </trkpt>
      <trkpt lat="42.56203" lon="19.86478">
        <ele>928.0</ele>
      </trkpt>
      <trkpt lat="42.56162" lon="19.86423">
        <ele>927.3</ele>
      </trkpt>
      <trkpt lat="42.56151" lon="19.86406">
        <ele>927.3</ele>
      </trkpt>
      <trkpt lat="42.56139" lon="19.86385">
        <ele>927.0</ele>
      </trkpt>
      <trkpt lat="42.56114" lon="19.86333">
        <ele>925.6</ele>
      </trkpt>
      <trkpt lat="42.56105" lon="19.86313">
        <ele>925.3</ele>
      </trkpt>
      <trkpt lat="42.56101" lon="19.86298">
        <ele>925.1</ele>
      </trkpt>
      <trkpt lat="42.56098" lon="19.86283">
        <ele>924.9</ele>
      </trkpt>
      <trkpt lat="42.5609" lon="19.86197">
        <ele>924.8</ele>
      </trkpt>
      <trkpt lat="42.56082" lon="19.86119">
        <ele>925.6</ele>
      </trkpt>
      <trkpt lat="42.56074" lon="19.86041">
        <ele>926.1</ele>
      </trkpt>
      <trkpt lat="42.56067" lon="19.86012">
        <ele>926.3</ele>
      </trkpt>
      <trkpt lat="42.56049" lon="19.85956">
        <ele>928.1</ele>
      </trkpt>
      <trkpt lat="42.56041" lon="19.85926">
        <ele>928.9</ele>
      </trkpt>
      <trkpt lat="42.56029" lon="19.85851">
        <ele>929.4</ele>
      </trkpt>
      <trkpt lat="42.56015" lon="19.8578">
        <ele>929.9</ele>
      </trkpt>
      <trkpt lat="42.56" lon="19.85708">
        <ele>931.5</ele>
      </trkpt>
      <trkpt lat="42.55993" lon="19.85662">
        <ele>932.5</ele>
      </trkpt>
      <trkpt lat="42.55987" lon="19.85637">
        <ele>932.6</ele>
      </trkpt>
      <trkpt lat="42.5598" lon="19.8561">
        <ele>932.9</ele>
      </trkpt>
      <trkpt lat="42.55972" lon="19.8559">
        <ele>933.4</ele>
      </trkpt>
      <trkpt lat="42.55964" lon="19.85575">
        <ele>933.9</ele>
      </trkpt>
      <trkpt lat="42.55935" lon="19.85524">
        <ele>935.6</ele>
      </trkpt>
      <trkpt lat="42.55929" lon="19.85512">
        <ele>936.0</ele>
      </trkpt>
      <trkpt lat="42.5591" lon="19.85458">
        <ele>934.8</ele>
      </trkpt>
      <trkpt lat="42.55898" lon="19.85417">
        <ele>932.9</ele>
      </trkpt>
      <trkpt lat="42.55894" lon="19.85388">
        <ele>931.4</ele>
      </trkpt>
      <trkpt lat="42.55891" lon="19.85277">
        <ele>926.7</ele>
      </trkpt>
      <trkpt lat="42.55888" lon="19.85237">
        <ele>925.8</ele>
      </trkpt>
      <trkpt lat="42.55884" lon="19.85198">
        <ele>925.1</ele>
      </trkpt>
      <trkpt lat="42.55882" lon="19.85163">
        <ele>924.3</ele>
      </trkpt>
      <trkpt lat="42.5588" lon="19.8509">
        <ele>921.8</ele>
      </trkpt>
      <trkpt lat="42.55877" lon="19.85054">
        <ele>921.0</ele>
      </trkpt>
      <trkpt lat="42.55873" lon="19.85022">
        <ele>920.4</ele>
      </trkpt>
      <trkpt lat="42.55859" lon="19.8498">
        <ele>920.4</ele>
      </trkpt>
      <trkpt lat="42.55853" lon="19.84957">
        <ele>921.1</ele>
      </trkpt>
      <trkpt lat="42.55848" lon="19.84928">
        <ele>922.0</ele>
      </trkpt>
      <trkpt lat="42.5584" lon="19.8488">
        <ele>921.1</ele>
      </trkpt>
      <trkpt lat="42.55836" lon="19.84861">
        <ele>920.3</ele>
      </trkpt>
      <trkpt lat="42.55829" lon="19.84836">
        <ele>919.3</ele>
      </trkpt>
      <trkpt lat="42.55815" lon="19.84795">
        <ele>920.2</ele>
      </trkpt>
      <trkpt lat="42.55796" lon="19.84754">
        <ele>922.5</ele>
      </trkpt>
      <trkpt lat="42.55779" lon="19.84723">
        <ele>924.2</ele>
      </trkpt>
      <trkpt lat="42.55773" lon="19.84705">
        <ele>924.8</ele>
      </trkpt>
      <trkpt lat="42.55764" lon="19.84674">
        <ele>925.7</ele>
      </trkpt>
      <trkpt lat="42.55754" lon="19.84625">
        <ele>925.6</ele>
      </trkpt>
      <trkpt lat="42.55752" lon="19.8461">
        <ele>925.4</ele>
      </trkpt>
      <trkpt lat="42.55751" lon="19.84592">
        <ele>925.1</ele>
      </trkpt>
      <trkpt lat="42.5575" lon="19.84571">
        <ele>924.9</ele>
      </trkpt>
      <trkpt lat="42.55751" lon="19.84518">
        <ele>924.1</ele>
      </trkpt>
      <trkpt lat="42.55752" lon="19.84496">
        <ele>923.8</ele>
      </trkpt>
      <trkpt lat="42.55759" lon="19.84437">
        <ele>922.8</ele>
      </trkpt>
      <trkpt lat="42.55771" lon="19.8436">
        <ele>924.1</ele>
      </trkpt>
      <trkpt lat="42.55774" lon="19.84342">
        <ele>924.6</ele>
      </trkpt>
      <trkpt lat="42.55779" lon="19.84324">
        <ele>924.6</ele>
      </trkpt>
      <trkpt lat="42.55795" lon="19.84274">
        <ele>923.5</ele>
      </trkpt>
      <trkpt lat="42.55806" lon="19.84237">
        <ele>922.4</ele>
      </trkpt>
      <trkpt lat="42.55809" lon="19.84222">
        <ele>922.0</ele>
      </trkpt>
      <trkpt lat="42.5581" lon="19.84209">
        <ele>921.7</ele>
      </trkpt>
      <trkpt lat="42.55809" lon="19.84198">
        <ele>921.6</ele>
      </trkpt>
      <trkpt lat="42.55801" lon="19.84139">
        <ele>921.6</ele>
      </trkpt>
      <trkpt lat="42.55798" lon="19.84112">
        <ele>921.7</ele>
      </trkpt>
      <trkpt lat="42.55797" lon="19.84089">
        <ele>921.6</ele>
      </trkpt>
      <trkpt lat="42.55796" lon="19.84042">
        <ele>921.0</ele>
      </trkpt>
      <trkpt lat="42.55797" lon="19.83976">
        <ele>920.5</ele>
      </trkpt>
      <trkpt lat="42.55796" lon="19.83963">
        <ele>920.7</ele>
      </trkpt>
      <trkpt lat="42.55794" lon="19.8395">
        <ele>921.0</ele>
      </trkpt>
      <trkpt lat="42.55789" lon="19.83938">
        <ele>921.4</ele>
      </trkpt>
      <trkpt lat="42.55776" lon="19.83911">
        <ele>922.0</ele>
      </trkpt>
      <trkpt lat="42.55765" lon="19.83885">
        <ele>921.9</ele>
      </trkpt>
      <trkpt lat="42.55757" lon="19.83862">
        <ele>921.6</ele>
      </trkpt>
      <trkpt lat="42.55749" lon="19.83844">
        <ele>921.3</ele>
      </trkpt>
      <trkpt lat="42.55741" lon="19.83832">
        <ele>921.6</ele>
      </trkpt>
      <trkpt lat="42.55734" lon="19.83824">
        <ele>921.9</ele>
      </trkpt>
      <trkpt lat="42.55726" lon="19.83816">
        <ele>922.2</ele>
      </trkpt>
      <trkpt lat="42.55719" lon="19.83811">
        <ele>922.5</ele>
      </trkpt>
      <trkpt lat="42.55703" lon="19.83802">
        <ele>923.2</ele>
      </trkpt>
      <trkpt lat="42.55678" lon="19.83786">
        <ele>924.1</ele>
      </trkpt>
      <trkpt lat="42.55632" lon="19.83759">
        <ele>923.1</ele>
      </trkpt>
      <trkpt lat="42.55626" lon="19.83758">
        <ele>923.0</ele>
      </trkpt>
      <trkpt lat="42.55619" lon="19.8376">
        <ele>923.0</ele>
      </trkpt>
      <trkpt lat="42.55578" lon="19.83786">
        <ele>924.7</ele>
      </trkpt>
      <trkpt lat="42.55569" lon="19.83799">
        <ele>925.7</ele>
      </trkpt>
      <trkpt lat="42.55565" lon="19.83811">
        <ele>926.5</ele>
      </trkpt>
      <trkpt lat="42.55559" lon="19.83833">
        <ele>928.0</ele>
      </trkpt>
      <trkpt lat="42.55555" lon="19.83841">
        <ele>928.2</ele>
      </trkpt>
      <trkpt lat="42.5555" lon="19.83846">
        <ele>928.4</ele>
      </trkpt>
      <trkpt lat="42.55539" lon="19.83824">
        <ele>927.4</ele>
      </trkpt>
      <trkpt lat="42.55532" lon="19.83815">
        <ele>927.0</ele>
      </trkpt>
      <trkpt lat="42.55525" lon="19.8381">
        <ele>926.7</ele>
      </trkpt>
      <trkpt lat="42.55515" lon="19.83808">
        <ele>926.7</ele>
      </trkpt>
      <trkpt lat="42.55503" lon="19.83805">
        <ele>926.6</ele>
      </trkpt>
      <trkpt lat="42.55491" lon="19.83799">
        <ele>926.7</ele>
      </trkpt>
      <trkpt lat="42.5548" lon="19.83792">
        <ele>926.9</ele>
      </trkpt>
      <trkpt lat="42.55462" lon="19.83769">
        <ele>926.4</ele>
      </trkpt>
      <trkpt lat="42.55455" lon="19.83764">
        <ele>926.4</ele>
      </trkpt>
      <trkpt lat="42.55441" lon="19.83758">
        <ele>926.6</ele>
      </trkpt>
      <trkpt lat="42.5543" lon="19.83753">
        <ele>926.7</ele>
      </trkpt>
      <trkpt lat="42.55423" lon="19.83746">
        <ele>926.8</ele>
      </trkpt>
      <trkpt lat="42.55416" lon="19.83741">
        <ele>927.2</ele>
      </trkpt>
      <trkpt lat="42.5538" lon="19.83729">
        <ele>938.3</ele>
      </trkpt>
      <trkpt lat="42.55375" lon="19.83724">
        <ele>939.7</ele>
      </trkpt>
      <trkpt lat="42.55372" lon="19.83719">
        <ele>940.5</ele>
      </trkpt>
      <trkpt lat="42.55371" lon="19.83714">
        <ele>940.6</ele>
      </trkpt>
      <trkpt lat="42.55364" lon="19.83684">
        <ele>941.6</ele>
      </trkpt>
      <trkpt lat="42.55361" lon="19.8366">
        <ele>941.4</ele>
      </trkpt>
      <trkpt lat="42.55358" lon="19.83643">
        <ele>941.4</ele>
      </trkpt>
      <trkpt lat="42.55353" lon="19.83629">
        <ele>942.1</ele>
      </trkpt>
      <trkpt lat="42.55347" lon="19.83615">
        <ele>943.0</ele>
      </trkpt>
      <trkpt lat="42.55327" lon="19.83572">
        <ele>945.4</ele>
      </trkpt>
      <trkpt lat="42.55319" lon="19.83552">
        <ele>944.9</ele>
      </trkpt>
      <trkpt lat="42.55307" lon="19.83516">
        <ele>942.7</ele>
      </trkpt>
      <trkpt lat="42.55297" lon="19.83493">
        <ele>941.0</ele>
      </trkpt>
      <trkpt lat="42.55287" lon="19.83477">
        <ele>939.3</ele>
      </trkpt>
      <trkpt lat="42.55275" lon="19.83449">
        <ele>934.4</ele>
      </trkpt>
      <trkpt lat="42.55271" lon="19.83444">
        <ele>933.6</ele>
      </trkpt>
      <trkpt lat="42.55266" lon="19.83441">
        <ele>933.4</ele>
      </trkpt>
      <trkpt lat="42.5523" lon="19.83441">
        <ele>935.3</ele>
      </trkpt>
      <trkpt lat="42.55208" lon="19.83436">
        <ele>934.1</ele>
      </trkpt>
      <trkpt lat="42.5519" lon="19.83436">
        <ele>934.3</ele>
      </trkpt>
      <trkpt lat="42.55176" lon="19.8344">
        <ele>935.6</ele>
      </trkpt>
      <trkpt lat="42.55159" lon="19.83447">
        <ele>937.0</ele>
      </trkpt>
      <trkpt lat="42.55108" lon="19.83471">
        <ele>936.8</ele>
      </trkpt>
      <trkpt lat="42.55092" lon="19.83481">
        <ele>936.3</ele>
      </trkpt>
      <trkpt lat="42.55076" lon="19.83492">
        <ele>935.9</ele>
      </trkpt>
      <trkpt lat="42.55052" lon="19.83507">
        <ele>936.1</ele>
      </trkpt>
      <trkpt lat="42.55034" lon="19.8352">
        <ele>937.8</ele>
      </trkpt>
      <trkpt lat="42.5502" lon="19.83526">
        <ele>937.7</ele>
      </trkpt>
      <trkpt lat="42.55006" lon="19.83539">
        <ele>939.6</ele>
      </trkpt>
      <trkpt lat="42.55006" lon="19.83539">
        <ele>939.6</ele>
      </trkpt>
      <trkpt lat="42.54998" lon="19.83547">
        <ele>941.0</ele>
      </trkpt>
      <trkpt lat="42.54988" lon="19.83553">
        <ele>941.8</ele>
      </trkpt>
      <trkpt lat="42.54962" lon="19.83566">
        <ele>942.3</ele>
      </trkpt>
      <trkpt lat="42.54949" lon="19.83569">
        <ele>941.3</ele>
      </trkpt>
      <trkpt lat="42.54922" lon="19.8358">
        <ele>939.4</ele>
      </trkpt>
      <trkpt lat="42.54911" lon="19.83584">
        <ele>939.1</ele>
      </trkpt>
      <trkpt lat="42.54857" lon="19.83592">
        <ele>940.8</ele>
      </trkpt>
      <trkpt lat="42.54845" lon="19.83591">
        <ele>939.9</ele>
      </trkpt>
      <trkpt lat="42.54832" lon="19.83585">
        <ele>936.9</ele>
      </trkpt>
      <trkpt lat="42.54793" lon="19.83554">
        <ele>935.6</ele>
      </trkpt>
      <trkpt lat="42.54768" lon="19.83541">
        <ele>935.2</ele>
      </trkpt>
      <trkpt lat="42.54711" lon="19.83518">
        <ele>934.5</ele>
      </trkpt>
      <trkpt lat="42.54673" lon="19.83496">
        <ele>933.1</ele>
      </trkpt>
      <trkpt lat="42.54623" lon="19.8347">
        <ele>932.9</ele>
      </trkpt>
      <trkpt lat="42.5456" lon="19.83452">
        <ele>933.7</ele>
      </trkpt>
      <trkpt lat="42.54526" lon="19.83455">
        <ele>934.4</ele>
      </trkpt>
      <trkpt lat="42.54489" lon="19.83445">
        <ele>933.9</ele>
      </trkpt>
      <trkpt lat="42.54453" lon="19.8344">
        <ele>934.3</ele>
      </trkpt>
      <trkpt lat="42.54428" lon="19.83442">
        <ele>935.0</ele>
      </trkpt>
      <trkpt lat="42.5441" lon="19.83448">
        <ele>935.3</ele>
      </trkpt>
      <trkpt lat="42.54391" lon="19.83459">
        <ele>935.4</ele>
      </trkpt>
      <trkpt lat="42.54384" lon="19.83462">
        <ele>935.4</ele>
      </trkpt>
      <trkpt lat="42.5438" lon="19.83423">
        <ele>933.4</ele>
      </trkpt>
      <trkpt lat="42.54378" lon="19.83387">
        <ele>931.5</ele>
      </trkpt>
      <trkpt lat="42.54382" lon="19.83318">
        <ele>928.1</ele>
      </trkpt>
      <trkpt lat="42.5438" lon="19.83242">
        <ele>925.1</ele>
      </trkpt>
      <trkpt lat="42.54383" lon="19.83232">
        <ele>925.3</ele>
      </trkpt>
      <trkpt lat="42.54389" lon="19.83225">
        <ele>925.4</ele>
      </trkpt>
      <trkpt lat="42.5441" lon="19.83213">
        <ele>925.5</ele>
      </trkpt>
      <trkpt lat="42.54435" lon="19.83205">
        <ele>925.7</ele>
      </trkpt>
      <trkpt lat="42.54448" lon="19.83199">
        <ele>925.8</ele>
      </trkpt>
      <trkpt lat="42.54454" lon="19.83193">
        <ele>925.8</ele>
      </trkpt>
      <trkpt lat="42.54465" lon="19.83178">
        <ele>925.6</ele>
      </trkpt>
      <trkpt lat="42.54476" lon="19.83167">
        <ele>925.3</ele>
      </trkpt>
      <trkpt lat="42.54476" lon="19.83167">
        <ele>925.3</ele>
      </trkpt>
      <trkpt lat="42.54476" lon="19.83167">
        <ele>925.3</ele>
      </trkpt>
      <trkpt lat="42.54495" lon="19.83149">
        <ele>925.3</ele>
      </trkpt>
      <trkpt lat="42.54506" lon="19.83143">
        <ele>925.2</ele>
      </trkpt>
      <trkpt lat="42.54523" lon="19.83141">
        <ele>924.9</ele>
      </trkpt>
      <trkpt lat="42.5454" lon="19.83142">
        <ele>924.7</ele>
      </trkpt>
      <trkpt lat="42.54551" lon="19.83139">
        <ele>924.5</ele>
      </trkpt>
      <trkpt lat="42.54574" lon="19.83128">
        <ele>924.2</ele>
      </trkpt>
      <trkpt lat="42.54602" lon="19.83106">
        <ele>924.0</ele>
      </trkpt>
      <trkpt lat="42.54618" lon="19.83098">
        <ele>924.0</ele>
      </trkpt>
      <trkpt lat="42.54689" lon="19.83076">
        <ele>924.3</ele>
      </trkpt>
      <trkpt lat="42.5476" lon="19.83053">
        <ele>924.9</ele>
      </trkpt>
      <trkpt lat="42.54832" lon="19.83031">
        <ele>923.8</ele>
      </trkpt>
      <trkpt lat="42.54903" lon="19.83009">
        <ele>922.9</ele>
      </trkpt>
      <trkpt lat="42.54929" lon="19.82998">
        <ele>922.6</ele>
      </trkpt>
      <trkpt lat="42.54954" lon="19.82988">
        <ele>922.4</ele>
      </trkpt>
      <trkpt lat="42.54961" lon="19.82988">
        <ele>922.5</ele>
      </trkpt>
      <trkpt lat="42.54966" lon="19.82989">
        <ele>922.6</ele>
      </trkpt>
      <trkpt lat="42.55012" lon="19.83009">
        <ele>923.0</ele>
      </trkpt>
      <trkpt lat="42.55066" lon="19.83034">
        <ele>923.6</ele>
      </trkpt>
      <trkpt lat="42.55107" lon="19.83046">
        <ele>924.5</ele>
      </trkpt>
      <trkpt lat="42.5515" lon="19.83062">
        <ele>925.9</ele>
      </trkpt>
      <trkpt lat="42.55165" lon="19.8307">
        <ele>926.5</ele>
      </trkpt>
      <trkpt lat="42.55184" lon="19.83084">
        <ele>927.0</ele>
      </trkpt>
      <trkpt lat="42.55205" lon="19.83097">
        <ele>926.6</ele>
      </trkpt>
      <trkpt lat="42.55225" lon="19.83107">
        <ele>926.3</ele>
      </trkpt>
      <trkpt lat="42.55241" lon="19.83109">
        <ele>926.4</ele>
      </trkpt>
      <trkpt lat="42.55285" lon="19.83105">
        <ele>925.5</ele>
      </trkpt>
      <trkpt lat="42.55349" lon="19.83165">
        <ele>925.1</ele>
      </trkpt>
      <trkpt lat="42.55379" lon="19.83187">
        <ele>925.0</ele>
      </trkpt>
      <trkpt lat="42.55433" lon="19.83223">
        <ele>924.8</ele>
      </trkpt>
      <trkpt lat="42.55487" lon="19.8326">
        <ele>924.1</ele>
      </trkpt>
      <trkpt lat="42.555" lon="19.83274">
        <ele>923.7</ele>
      </trkpt>
      <trkpt lat="42.55505" lon="19.83285">
        <ele>923.4</ele>
      </trkpt>
      <trkpt lat="42.55517" lon="19.83334">
        <ele>922.8</ele>
      </trkpt>
      <trkpt lat="42.55522" lon="19.83348">
        <ele>922.7</ele>
      </trkpt>
      <trkpt lat="42.55528" lon="19.83357">
        <ele>922.7</ele>
      </trkpt>
      <trkpt lat="42.55536" lon="19.83365">
        <ele>922.7</ele>
      </trkpt>
      <trkpt lat="42.55562" lon="19.83376">
        <ele>922.9</ele>
      </trkpt>
      <trkpt lat="42.5558" lon="19.83379">
        <ele>923.1</ele>
      </trkpt>
      <trkpt lat="42.55597" lon="19.83378">
        <ele>922.9</ele>
      </trkpt>
      <trkpt lat="42.55616" lon="19.83373">
        <ele>922.6</ele>
      </trkpt>
      <trkpt lat="42.55655" lon="19.83352">
        <ele>921.6</ele>
      </trkpt>
      <trkpt lat="42.55667" lon="19.83349">
        <ele>921.4</ele>
      </trkpt>
      <trkpt lat="42.55678" lon="19.8335">
        <ele>921.8</ele>
      </trkpt>
      <trkpt lat="42.55701" lon="19.8336">
        <ele>922.6</ele>
      </trkpt>
      <trkpt lat="42.55715" lon="19.83375">
        <ele>922.9</ele>
      </trkpt>
      <trkpt lat="42.55729" lon="19.83398">
        <ele>922.6</ele>
      </trkpt>
      <trkpt lat="42.55749" lon="19.83445">
        <ele>922.0</ele>
      </trkpt>
      <trkpt lat="42.55759" lon="19.83461">
        <ele>922.2</ele>
      </trkpt>
      <trkpt lat="42.55773" lon="19.83474">
        <ele>922.5</ele>
      </trkpt>
      <trkpt lat="42.55787" lon="19.83482">
        <ele>922.8</ele>
      </trkpt>
      <trkpt lat="42.5581" lon="19.83493">
        <ele>923.4</ele>
      </trkpt>
      <trkpt lat="42.55862" lon="19.83519">
        <ele>923.4</ele>
      </trkpt>
      <trkpt lat="42.55884" lon="19.83527">
        <ele>923.0</ele>
      </trkpt>
      <trkpt lat="42.55912" lon="19.83533">
        <ele>922.5</ele>
      </trkpt>
      <trkpt lat="42.55933" lon="19.83528">
        <ele>922.3</ele>
      </trkpt>
      <trkpt lat="42.55949" lon="19.83524">
        <ele>922.1</ele>
      </trkpt>
      <trkpt lat="42.5596" lon="19.83517">
        <ele>922.0</ele>
      </trkpt>
      <trkpt lat="42.55974" lon="19.83502">
        <ele>921.9</ele>
      </trkpt>
      <trkpt lat="42.55996" lon="19.8347">
        <ele>922.2</ele>
      </trkpt>
      <trkpt lat="42.56035" lon="19.83403">
        <ele>924.3</ele>
      </trkpt>
      <trkpt lat="42.56041" lon="19.83397">
        <ele>924.4</ele>
      </trkpt>
      <trkpt lat="42.56064" lon="19.8338">
        <ele>924.5</ele>
      </trkpt>
      <trkpt lat="42.56133" lon="19.83344">
        <ele>924.9</ele>
      </trkpt>
      <trkpt lat="42.56157" lon="19.83337">
        <ele>925.0</ele>
      </trkpt>
      <trkpt lat="42.56214" lon="19.8332">
        <ele>925.6</ele>
      </trkpt>
      <trkpt lat="42.56271" lon="19.83303">
        <ele>925.8</ele>
      </trkpt>
      <trkpt lat="42.56342" lon="19.83278">
        <ele>925.7</ele>
      </trkpt>
      <trkpt lat="42.5635" lon="19.83275">
        <ele>925.8</ele>
      </trkpt>
      <trkpt lat="42.56362" lon="19.83302">
        <ele>925.3</ele>
      </trkpt>
      <trkpt lat="42.56411" lon="19.83259">
        <ele>926.6</ele>
      </trkpt>
      <trkpt lat="42.56449" lon="19.83341">
        <ele>923.6</ele>
      </trkpt>
      <trkpt lat="42.56482" lon="19.83319">
        <ele>923.3</ele>
      </trkpt>
      <trkpt lat="42.56487" lon="19.83316">
        <ele>923.3</ele>
      </trkpt>
      <trkpt lat="42.56497" lon="19.83312">
        <ele>923.1</ele>
      </trkpt>
      <trkpt lat="42.56497" lon="19.83312">
        <ele>923.1</ele>
      </trkpt>
      <trkpt lat="42.5652" lon="19.83309">
        <ele>922.9</ele>
      </trkpt>
      <trkpt lat="42.56534" lon="19.83308">
        <ele>922.8</ele>
      </trkpt>
      <trkpt lat="42.56576" lon="19.83311">
        <ele>922.5</ele>
      </trkpt>
      <trkpt lat="42.56591" lon="19.83313">
        <ele>922.5</ele>
      </trkpt>
      <trkpt lat="42.56638" lon="19.83326">
        <ele>922.2</ele>
      </trkpt>
      <trkpt lat="42.56694" lon="19.83344">
        <ele>922.2</ele>
      </trkpt>
      <trkpt lat="42.56774" lon="19.83374">
        <ele>920.9</ele>
      </trkpt>
      <trkpt lat="42.56806" lon="19.83388">
        <ele>920.3</ele>
      </trkpt>
      <trkpt lat="42.56841" lon="19.83409">
        <ele>920.0</ele>
      </trkpt>
      <trkpt lat="42.56891" lon="19.83443">
        <ele>921.0</ele>
      </trkpt>
      <trkpt lat="42.56941" lon="19.83476">
        <ele>921.9</ele>
      </trkpt>
      <trkpt lat="42.57008" lon="19.83524">
        <ele>921.7</ele>
      </trkpt>
      <trkpt lat="42.57074" lon="19.83577">
        <ele>921.9</ele>
      </trkpt>
      <trkpt lat="42.57092" lon="19.83593">
        <ele>922.1</ele>
      </trkpt>
      <trkpt lat="42.57102" lon="19.83606">
        <ele>922.2</ele>
      </trkpt>
      <trkpt lat="42.57108" lon="19.83617">
        <ele>922.3</ele>
      </trkpt>
      <trkpt lat="42.57126" lon="19.83607">
        <ele>922.1</ele>
      </trkpt>
      <trkpt lat="42.57136" lon="19.83603">
        <ele>922.1</ele>
      </trkpt>
      <trkpt lat="42.57157" lon="19.836">
        <ele>922.0</ele>
      </trkpt>
      <trkpt lat="42.57183" lon="19.836">
        <ele>922.3</ele>
      </trkpt>
      <trkpt lat="42.57243" lon="19.83605">
        <ele>923.4</ele>
      </trkpt>
      <trkpt lat="42.57258" lon="19.83605">
        <ele>924.6</ele>
      </trkpt>
      <trkpt lat="42.57266" lon="19.83603">
        <ele>925.7</ele>
      </trkpt>
      <trkpt lat="42.5727" lon="19.83601">
        <ele>926.4</ele>
      </trkpt>
      <trkpt lat="42.57277" lon="19.83595">
        <ele>927.5</ele>
      </trkpt>
      <trkpt lat="42.57284" lon="19.83583">
        <ele>928.9</ele>
      </trkpt>
      <trkpt lat="42.57313" lon="19.83495">
        <ele>929.8</ele>
      </trkpt>
      <trkpt lat="42.57342" lon="19.83407">
        <ele>928.1</ele>
      </trkpt>
      <trkpt lat="42.57372" lon="19.83324">
        <ele>931.4</ele>
      </trkpt>
      <trkpt lat="42.57397" lon="19.83267">
        <ele>933.6</ele>
      </trkpt>
      <trkpt lat="42.57422" lon="19.8321">
        <ele>936.2</ele>
      </trkpt>
      <trkpt lat="42.57432" lon="19.83179">
        <ele>939.7</ele>
      </trkpt>
      <trkpt lat="42.57432" lon="19.83179">
        <ele>939.7</ele>
      </trkpt>
      <trkpt lat="42.57441" lon="19.83148">
        <ele>942.3</ele>
      </trkpt>
      <trkpt lat="42.5745" lon="19.83106">
        <ele>943.8</ele>
      </trkpt>
      <trkpt lat="42.57456" lon="19.83082">
        <ele>944.9</ele>
      </trkpt>
      <trkpt lat="42.57463" lon="19.83058">
        <ele>945.4</ele>
      </trkpt>
      <trkpt lat="42.5748" lon="19.83013">
        <ele>946.8</ele>
      </trkpt>
      <trkpt lat="42.57488" lon="19.82988">
        <ele>947.8</ele>
      </trkpt>
      <trkpt lat="42.57492" lon="19.82964">
        <ele>948.6</ele>
      </trkpt>
      <trkpt lat="42.57507" lon="19.82878">
        <ele>952.6</ele>
      </trkpt>
      <trkpt lat="42.57521" lon="19.82792">
        <ele>956.2</ele>
      </trkpt>
      <trkpt lat="42.57525" lon="19.82744">
        <ele>955.9</ele>
      </trkpt>
      <trkpt lat="42.57531" lon="19.8265">
        <ele>957.7</ele>
      </trkpt>
      <trkpt lat="42.57534" lon="19.82629">
        <ele>958.1</ele>
      </trkpt>
      <trkpt lat="42.57547" lon="19.82561">
        <ele>960.0</ele>
      </trkpt>
      <trkpt lat="42.5756" lon="19.82494">
        <ele>962.7</ele>
      </trkpt>
      <trkpt lat="42.57565" lon="19.82456">
        <ele>962.4</ele>
      </trkpt>
      <trkpt lat="42.57571" lon="19.82392">
        <ele>960.1</ele>
      </trkpt>
      <trkpt lat="42.57577" lon="19.82355">
        <ele>958.4</ele>
      </trkpt>
      <trkpt lat="42.57584" lon="19.82317">
        <ele>956.9</ele>
      </trkpt>
      <trkpt lat="42.57599" lon="19.82249">
        <ele>957.3</ele>
      </trkpt>
      <trkpt lat="42.57614" lon="19.8218">
        <ele>955.2</ele>
      </trkpt>
      <trkpt lat="42.5763" lon="19.82122">
        <ele>953.2</ele>
      </trkpt>
      <trkpt lat="42.57646" lon="19.82064">
        <ele>953.6</ele>
      </trkpt>
      <trkpt lat="42.57662" lon="19.82">
        <ele>957.7</ele>
      </trkpt>
      <trkpt lat="42.57673" lon="19.81937">
        <ele>961.2</ele>
      </trkpt>
      <trkpt lat="42.57686" lon="19.81843">
        <ele>958.0</ele>
      </trkpt>
      <trkpt lat="42.57694" lon="19.81807">
        <ele>959.3</ele>
      </trkpt>
      <trkpt lat="42.57705" lon="19.81767">
        <ele>961.3</ele>
      </trkpt>
      <trkpt lat="42.57724" lon="19.81706">
        <ele>963.4</ele>
      </trkpt>
      <trkpt lat="42.57742" lon="19.81662">
        <ele>964.6</ele>
      </trkpt>
      <trkpt lat="42.57757" lon="19.81631">
        <ele>965.7</ele>
      </trkpt>
      <trkpt lat="42.57784" lon="19.81582">
        <ele>968.9</ele>
      </trkpt>
      <trkpt lat="42.578" lon="19.81548">
        <ele>970.2</ele>
      </trkpt>
      <trkpt lat="42.57821" lon="19.81503">
        <ele>967.9</ele>
      </trkpt>
      <trkpt lat="42.57841" lon="19.81456">
        <ele>968.5</ele>
      </trkpt>
      <trkpt lat="42.57872" lon="19.81367">
        <ele>971.3</ele>
      </trkpt>
      <trkpt lat="42.57891" lon="19.81306">
        <ele>969.4</ele>
      </trkpt>
      <trkpt lat="42.57909" lon="19.81245">
        <ele>969.2</ele>
      </trkpt>
      <trkpt lat="42.57925" lon="19.81182">
        <ele>971.7</ele>
      </trkpt>
      <trkpt lat="42.57945" lon="19.81087">
        <ele>968.9</ele>
      </trkpt>
      <trkpt lat="42.57951" lon="19.81049">
        <ele>970.0</ele>
      </trkpt>
      <trkpt lat="42.57961" lon="19.80956">
        <ele>969.1</ele>
      </trkpt>
      <trkpt lat="42.57972" lon="19.80863">
        <ele>965.2</ele>
      </trkpt>
      <trkpt lat="42.57978" lon="19.80823">
        <ele>963.9</ele>
      </trkpt>
      <trkpt lat="42.57986" lon="19.80788">
        <ele>965.8</ele>
      </trkpt>
      <trkpt lat="42.57995" lon="19.80749">
        <ele>967.2</ele>
      </trkpt>
      <trkpt lat="42.58012" lon="19.80689">
        <ele>968.9</ele>
      </trkpt>
      <trkpt lat="42.58017" lon="19.80663">
        <ele>968.5</ele>
      </trkpt>
      <trkpt lat="42.5802" lon="19.80641">
        <ele>968.2</ele>
      </trkpt>
      <trkpt lat="42.58021" lon="19.8062">
        <ele>966.9</ele>
      </trkpt>
      <trkpt lat="42.58021" lon="19.80533">
        <ele>962.3</ele>
      </trkpt>
      <trkpt lat="42.58018" lon="19.80509">
        <ele>960.4</ele>
      </trkpt>
      <trkpt lat="42.58014" lon="19.80486">
        <ele>958.6</ele>
      </trkpt>
      <trkpt lat="42.57993" lon="19.80416">
        <ele>953.2</ele>
      </trkpt>
      <trkpt lat="42.57988" lon="19.80394">
        <ele>953.9</ele>
      </trkpt>
      <trkpt lat="42.57985" lon="19.80367">
        <ele>955.0</ele>
      </trkpt>
      <trkpt lat="42.57985" lon="19.80343">
        <ele>956.4</ele>
      </trkpt>
      <trkpt lat="42.57988" lon="19.80323">
        <ele>957.4</ele>
      </trkpt>
      <trkpt lat="42.57991" lon="19.80311">
        <ele>957.8</ele>
      </trkpt>
      <trkpt lat="42.57996" lon="19.80296">
        <ele>958.7</ele>
      </trkpt>
      <trkpt lat="42.58012" lon="19.80263">
        <ele>960.8</ele>
      </trkpt>
      <trkpt lat="42.58021" lon="19.80243">
        <ele>961.2</ele>
      </trkpt>
      <trkpt lat="42.58032" lon="19.8022">
        <ele>961.2</ele>
      </trkpt>
      <trkpt lat="42.58042" lon="19.80193">
        <ele>961.1</ele>
      </trkpt>
      <trkpt lat="42.5805" lon="19.80164">
        <ele>961.1</ele>
      </trkpt>
      <trkpt lat="42.58071" lon="19.80086">
        <ele>964.5</ele>
      </trkpt>
      <trkpt lat="42.58091" lon="19.80008">
        <ele>966.8</ele>
      </trkpt>
      <trkpt lat="42.58108" lon="19.79929">
        <ele>968.1</ele>
      </trkpt>
      <trkpt lat="42.58125" lon="19.7985">
        <ele>966.6</ele>
      </trkpt>
      <trkpt lat="42.58133" lon="19.79817">
        <ele>966.9</ele>
      </trkpt>
      <trkpt lat="42.58154" lon="19.7974">
        <ele>967.5</ele>
      </trkpt>
      <trkpt lat="42.58173" lon="19.79679">
        <ele>962.9</ele>
      </trkpt>
      <trkpt lat="42.58181" lon="19.79648">
        <ele>964.1</ele>
      </trkpt>
      <trkpt lat="42.58186" lon="19.79622">
        <ele>965.4</ele>
      </trkpt>
      <trkpt lat="42.58188" lon="19.79598">
        <ele>964.9</ele>
      </trkpt>
      <trkpt lat="42.58191" lon="19.79536">
        <ele>964.5</ele>
      </trkpt>
      <trkpt lat="42.58194" lon="19.79474">
        <ele>965.6</ele>
      </trkpt>
      <trkpt lat="42.58201" lon="19.79405">
        <ele>969.0</ele>
      </trkpt>
      <trkpt lat="42.5821" lon="19.7934">
        <ele>970.2</ele>
      </trkpt>
      <trkpt lat="42.58219" lon="19.79275">
        <ele>968.9</ele>
      </trkpt>
      <trkpt lat="42.58225" lon="19.79246">
        <ele>968.9</ele>
      </trkpt>
      <trkpt lat="42.58247" lon="19.79163">
        <ele>968.9</ele>
      </trkpt>
      <trkpt lat="42.58249" lon="19.79149">
        <ele>968.1</ele>
      </trkpt>
      <trkpt lat="42.5825" lon="19.79129">
        <ele>966.4</ele>
      </trkpt>
      <trkpt lat="42.58248" lon="19.79114">
        <ele>964.6</ele>
      </trkpt>
      <trkpt lat="42.58245" lon="19.79097">
        <ele>962.6</ele>
      </trkpt>
      <trkpt lat="42.5824" lon="19.79077">
        <ele>961.0</ele>
      </trkpt>
      <trkpt lat="42.58222" lon="19.79032">
        <ele>959.9</ele>
      </trkpt>
      <trkpt lat="42.58215" lon="19.7901">
        <ele>959.6</ele>
      </trkpt>
      <trkpt lat="42.58212" lon="19.78992">
        <ele>959.5</ele>
      </trkpt>
      <trkpt lat="42.58212" lon="19.78972">
        <ele>959.6</ele>
      </trkpt>
      <trkpt lat="42.58215" lon="19.78948">
        <ele>960.2</ele>
      </trkpt>
      <trkpt lat="42.5823" lon="19.78881">
        <ele>960.7</ele>
      </trkpt>
      <trkpt lat="42.58246" lon="19.78814">
        <ele>959.6</ele>
      </trkpt>
      <trkpt lat="42.58253" lon="19.78791">
        <ele>959.3</ele>
      </trkpt>
      <trkpt lat="42.58261" lon="19.7877">
        <ele>959.0</ele>
      </trkpt>
      <trkpt lat="42.5827" lon="19.78754">
        <ele>959.1</ele>
      </trkpt>
      <trkpt lat="42.5828" lon="19.7874">
        <ele>959.4</ele>
      </trkpt>
      <trkpt lat="42.58313" lon="19.78698">
        <ele>959.8</ele>
      </trkpt>
      <trkpt lat="42.58346" lon="19.78656">
        <ele>963.0</ele>
      </trkpt>
      <trkpt lat="42.58354" lon="19.7864">
        <ele>965.2</ele>
      </trkpt>
      <trkpt lat="42.58361" lon="19.78624">
        <ele>967.1</ele>
      </trkpt>
      <trkpt lat="42.58367" lon="19.78602">
        <ele>968.5</ele>
      </trkpt>
      <trkpt lat="42.58372" lon="19.78577">
        <ele>969.6</ele>
      </trkpt>
      <trkpt lat="42.5838" lon="19.78517">
        <ele>970.7</ele>
      </trkpt>
      <trkpt lat="42.58388" lon="19.78456">
        <ele>970.2</ele>
      </trkpt>
      <trkpt lat="42.58394" lon="19.78419">
        <ele>969.4</ele>
      </trkpt>
      <trkpt lat="42.58406" lon="19.7836">
        <ele>969.8</ele>
      </trkpt>
      <trkpt lat="42.58417" lon="19.78301">
        <ele>968.5</ele>
      </trkpt>
      <trkpt lat="42.58421" lon="19.7827">
        <ele>967.8</ele>
      </trkpt>
      <trkpt lat="42.58428" lon="19.78202">
        <ele>963.3</ele>
      </trkpt>
      <trkpt lat="42.58434" lon="19.78166">
        <ele>961.2</ele>
      </trkpt>
      <trkpt lat="42.5844" lon="19.7814">
        <ele>962.0</ele>
      </trkpt>
      <trkpt lat="42.58448" lon="19.78113">
        <ele>963.1</ele>
      </trkpt>
      <trkpt lat="42.58474" lon="19.78052">
        <ele>966.9</ele>
      </trkpt>
      <trkpt lat="42.5848" lon="19.78033">
        <ele>967.1</ele>
      </trkpt>
      <trkpt lat="42.58484" lon="19.78016">
        <ele>966.6</ele>
      </trkpt>
      <trkpt lat="42.58487" lon="19.77979">
        <ele>965.6</ele>
      </trkpt>
      <trkpt lat="42.58486" lon="19.77959">
        <ele>965.2</ele>
      </trkpt>
      <trkpt lat="42.58484" lon="19.7794">
        <ele>964.6</ele>
      </trkpt>
      <trkpt lat="42.58473" lon="19.7789">
        <ele>962.9</ele>
      </trkpt>
      <trkpt lat="42.58461" lon="19.77851">
        <ele>961.6</ele>
      </trkpt>
      <trkpt lat="42.58452" lon="19.7783">
        <ele>960.6</ele>
      </trkpt>
      <trkpt lat="42.58438" lon="19.77804">
        <ele>959.4</ele>
      </trkpt>
      <trkpt lat="42.58421" lon="19.7776">
        <ele>958.3</ele>
      </trkpt>
      <trkpt lat="42.58417" lon="19.77745">
        <ele>958.0</ele>
      </trkpt>
      <trkpt lat="42.58413" lon="19.77722">
        <ele>957.4</ele>
      </trkpt>
      <trkpt lat="42.58408" lon="19.77629">
        <ele>955.7</ele>
      </trkpt>
      <trkpt lat="42.58406" lon="19.77605">
        <ele>955.2</ele>
      </trkpt>
      <trkpt lat="42.58388" lon="19.77521">
        <ele>954.5</ele>
      </trkpt>
      <trkpt lat="42.58384" lon="19.77509">
        <ele>954.3</ele>
      </trkpt>
      <trkpt lat="42.58375" lon="19.77496">
        <ele>953.6</ele>
      </trkpt>
      <trkpt lat="42.58372" lon="19.77493">
        <ele>953.3</ele>
      </trkpt>
      <trkpt lat="42.58343" lon="19.77473">
        <ele>950.9</ele>
      </trkpt>
      <trkpt lat="42.58329" lon="19.77457">
        <ele>950.5</ele>
      </trkpt>
      <trkpt lat="42.58319" lon="19.77442">
        <ele>950.7</ele>
      </trkpt>
      <trkpt lat="42.58312" lon="19.77425">
        <ele>951.0</ele>
      </trkpt>
      <trkpt lat="42.58304" lon="19.77399">
        <ele>950.9</ele>
      </trkpt>
      <trkpt lat="42.58297" lon="19.77367">
        <ele>950.7</ele>
      </trkpt>
      <trkpt lat="42.58283" lon="19.77319">
        <ele>950.3</ele>
      </trkpt>
      <trkpt lat="42.5828" lon="19.77305">
        <ele>950.3</ele>
      </trkpt>
      <trkpt lat="42.58279" lon="19.77291">
        <ele>950.4</ele>
      </trkpt>
      <trkpt lat="42.58279" lon="19.77279">
        <ele>950.5</ele>
      </trkpt>
      <trkpt lat="42.5828" lon="19.77269">
        <ele>950.6</ele>
      </trkpt>
      <trkpt lat="42.58284" lon="19.77247">
        <ele>950.8</ele>
      </trkpt>
      <trkpt lat="42.58289" lon="19.77231">
        <ele>950.9</ele>
      </trkpt>
      <trkpt lat="42.58295" lon="19.77214">
        <ele>951.1</ele>
      </trkpt>
      <trkpt lat="42.58312" lon="19.77183">
        <ele>951.5</ele>
      </trkpt>
      <trkpt lat="42.5832" lon="19.77156">
        <ele>951.6</ele>
      </trkpt>
      <trkpt lat="42.58324" lon="19.77138">
        <ele>951.5</ele>
      </trkpt>
      <trkpt lat="42.58325" lon="19.7712">
        <ele>951.4</ele>
      </trkpt>
      <trkpt lat="42.58324" lon="19.77107">
        <ele>951.2</ele>
      </trkpt>
      <trkpt lat="42.5832" lon="19.77059">
        <ele>951.2</ele>
      </trkpt>
      <trkpt lat="42.58316" lon="19.76995">
        <ele>951.9</ele>
      </trkpt>
      <trkpt lat="42.58312" lon="19.76931">
        <ele>953.4</ele>
      </trkpt>
      <trkpt lat="42.5831" lon="19.76856">
        <ele>954.6</ele>
      </trkpt>
      <trkpt lat="42.5831" lon="19.76847">
        <ele>954.7</ele>
      </trkpt>
      <trkpt lat="42.58313" lon="19.76832">
        <ele>955.0</ele>
      </trkpt>
      <trkpt lat="42.58323" lon="19.7679">
        <ele>955.6</ele>
      </trkpt>
      <trkpt lat="42.58338" lon="19.76744">
        <ele>957.3</ele>
      </trkpt>
      <trkpt lat="42.58365" lon="19.76676">
        <ele>966.9</ele>
      </trkpt>
      <trkpt lat="42.58368" lon="19.7666">
        <ele>968.4</ele>
      </trkpt>
      <trkpt lat="42.58375" lon="19.76606">
        <ele>972.7</ele>
      </trkpt>
      <trkpt lat="42.58382" lon="19.7658">
        <ele>976.3</ele>
      </trkpt>
      <trkpt lat="42.58385" lon="19.76564">
        <ele>977.3</ele>
      </trkpt>
      <trkpt lat="42.58389" lon="19.76538">
        <ele>978.7</ele>
      </trkpt>
      <trkpt lat="42.58395" lon="19.76511">
        <ele>980.8</ele>
      </trkpt>
      <trkpt lat="42.58406" lon="19.76437">
        <ele>984.2</ele>
      </trkpt>
      <trkpt lat="42.58407" lon="19.7643">
        <ele>984.5</ele>
      </trkpt>
      <trkpt lat="42.58404" lon="19.76409">
        <ele>983.2</ele>
      </trkpt>
      <trkpt lat="42.5839" lon="19.76345">
        <ele>978.9</ele>
      </trkpt>
      <trkpt lat="42.5838" lon="19.76282">
        <ele>975.6</ele>
      </trkpt>
      <trkpt lat="42.58371" lon="19.76218">
        <ele>974.1</ele>
      </trkpt>
      <trkpt lat="42.5837" lon="19.762">
        <ele>974.6</ele>
      </trkpt>
      <trkpt lat="42.5837" lon="19.76182">
        <ele>975.4</ele>
      </trkpt>
      <trkpt lat="42.58373" lon="19.76154">
        <ele>977.7</ele>
      </trkpt>
      <trkpt lat="42.58378" lon="19.76132">
        <ele>980.1</ele>
      </trkpt>
      <trkpt lat="42.58381" lon="19.76112">
        <ele>981.5</ele>
      </trkpt>
      <trkpt lat="42.58382" lon="19.76067">
        <ele>983.2</ele>
      </trkpt>
      <trkpt lat="42.58379" lon="19.75983">
        <ele>988.3</ele>
      </trkpt>
      <trkpt lat="42.58376" lon="19.75963">
        <ele>988.9</ele>
      </trkpt>
      <trkpt lat="42.58371" lon="19.75941">
        <ele>989.1</ele>
      </trkpt>
      <trkpt lat="42.58366" lon="19.75917">
        <ele>989.6</ele>
      </trkpt>
      <trkpt lat="42.58362" lon="19.7589">
        <ele>992.9</ele>
      </trkpt>
      <trkpt lat="42.58359" lon="19.7585">
        <ele>998.9</ele>
      </trkpt>
      <trkpt lat="42.58357" lon="19.75825">
        <ele>1002.8</ele>
      </trkpt>
      <trkpt lat="42.58357" lon="19.7582">
        <ele>1003.7</ele>
      </trkpt>
      <trkpt lat="42.58357" lon="19.75814">
        <ele>1004.8</ele>
      </trkpt>
      <trkpt lat="42.5836" lon="19.75806">
        <ele>1006.9</ele>
      </trkpt>
      <trkpt lat="42.58364" lon="19.75805">
        <ele>1007.9</ele>
      </trkpt>
      <trkpt lat="42.58369" lon="19.75809">
        <ele>1008.3</ele>
      </trkpt>
      <trkpt lat="42.5838" lon="19.75844">
        <ele>1005.6</ele>
      </trkpt>
      <trkpt lat="42.58394" lon="19.7588">
        <ele>1004.1</ele>
      </trkpt>
      <trkpt lat="42.58397" lon="19.75885">
        <ele>1004.3</ele>
      </trkpt>
      <trkpt lat="42.58399" lon="19.75886">
        <ele>1004.7</ele>
      </trkpt>
      <trkpt lat="42.58402" lon="19.75886">
        <ele>1005.6</ele>
      </trkpt>
      <trkpt lat="42.58404" lon="19.75884">
        <ele>1006.5</ele>
      </trkpt>
      <trkpt lat="42.58405" lon="19.75881">
        <ele>1007.2</ele>
      </trkpt>
      <trkpt lat="42.58401" lon="19.75807">
        <ele>1015.1</ele>
      </trkpt>
      <trkpt lat="42.58401" lon="19.75778">
        <ele>1017.5</ele>
      </trkpt>
      <trkpt lat="42.58399" lon="19.75751">
        <ele>1019.6</ele>
      </trkpt>
      <trkpt lat="42.58391" lon="19.75706">
        <ele>1024.7</ele>
      </trkpt>
      <trkpt lat="42.58385" lon="19.75639">
        <ele>1031.2</ele>
      </trkpt>
      <trkpt lat="42.58383" lon="19.75633">
        <ele>1031.5</ele>
      </trkpt>
      <trkpt lat="42.58378" lon="19.75624">
        <ele>1031.7</ele>
      </trkpt>
      <trkpt lat="42.58367" lon="19.75608">
        <ele>1031.5</ele>
      </trkpt>
      <trkpt lat="42.58359" lon="19.75591">
        <ele>1031.0</ele>
      </trkpt>
      <trkpt lat="42.58353" lon="19.75575">
        <ele>1030.0</ele>
      </trkpt>
      <trkpt lat="42.58351" lon="19.75566">
        <ele>1029.2</ele>
      </trkpt>
      <trkpt lat="42.5835" lon="19.75556">
        <ele>1028.6</ele>
      </trkpt>
      <trkpt lat="42.58351" lon="19.75544">
        <ele>1028.1</ele>
      </trkpt>
      <trkpt lat="42.58357" lon="19.75501">
        <ele>1027.2</ele>
      </trkpt>
      <trkpt lat="42.58358" lon="19.75482">
        <ele>1026.6</ele>
      </trkpt>
      <trkpt lat="42.58357" lon="19.7543">
        <ele>1024.3</ele>
      </trkpt>
      <trkpt lat="42.58355" lon="19.75414">
        <ele>1023.5</ele>
      </trkpt>
      <trkpt lat="42.5835" lon="19.75381">
        <ele>1025.7</ele>
      </trkpt>
      <trkpt lat="42.58347" lon="19.75367">
        <ele>1026.3</ele>
      </trkpt>
      <trkpt lat="42.5834" lon="19.75342">
        <ele>1026.5</ele>
      </trkpt>
      <trkpt lat="42.58327" lon="19.75299">
        <ele>1028.4</ele>
      </trkpt>
      <trkpt lat="42.58287" lon="19.75189">
        <ele>1028.5</ele>
      </trkpt>
      <trkpt lat="42.58281" lon="19.75167">
        <ele>1027.5</ele>
      </trkpt>
      <trkpt lat="42.58278" lon="19.75149">
        <ele>1028.4</ele>
      </trkpt>
      <trkpt lat="42.58278" lon="19.75143">
        <ele>1028.8</ele>
      </trkpt>
      <trkpt lat="42.58281" lon="19.75128">
        <ele>1030.5</ele>
      </trkpt>
      <trkpt lat="42.5829" lon="19.75099">
        <ele>1034.4</ele>
      </trkpt>
      <trkpt lat="42.58293" lon="19.75085">
        <ele>1036.1</ele>
      </trkpt>
      <trkpt lat="42.58293" lon="19.75054">
        <ele>1035.7</ele>
      </trkpt>
      <trkpt lat="42.58287" lon="19.74992">
        <ele>1032.5</ele>
      </trkpt>
      <trkpt lat="42.58288" lon="19.74968">
        <ele>1029.5</ele>
      </trkpt>
      <trkpt lat="42.58289" lon="19.74961">
        <ele>1028.8</ele>
      </trkpt>
      <trkpt lat="42.58291" lon="19.74955">
        <ele>1028.4</ele>
      </trkpt>
      <trkpt lat="42.58306" lon="19.74926">
        <ele>1028.0</ele>
      </trkpt>
      <trkpt lat="42.58309" lon="19.74915">
        <ele>1027.2</ele>
      </trkpt>
      <trkpt lat="42.58311" lon="19.74902">
        <ele>1025.9</ele>
      </trkpt>
      <trkpt lat="42.58311" lon="19.74855">
        <ele>1019.4</ele>
      </trkpt>
      <trkpt lat="42.58313" lon="19.74843">
        <ele>1018.2</ele>
      </trkpt>
      <trkpt lat="42.58315" lon="19.74832">
        <ele>1017.1</ele>
      </trkpt>
      <trkpt lat="42.58327" lon="19.74805">
        <ele>1015.9</ele>
      </trkpt>
      <trkpt lat="42.58327" lon="19.74801">
        <ele>1015.4</ele>
      </trkpt>
      <trkpt lat="42.58324" lon="19.74791">
        <ele>1013.6</ele>
      </trkpt>
      <trkpt lat="42.58301" lon="19.74762">
        <ele>1009.3</ele>
      </trkpt>
      <trkpt lat="42.58279" lon="19.74731">
        <ele>1005.0</ele>
      </trkpt>
      <trkpt lat="42.58271" lon="19.74721">
        <ele>1003.6</ele>
      </trkpt>
      <trkpt lat="42.58267" lon="19.74718">
        <ele>1003.0</ele>
      </trkpt>
      <trkpt lat="42.58261" lon="19.74717">
        <ele>1002.2</ele>
      </trkpt>
      <trkpt lat="42.58258" lon="19.74719">
        <ele>1002.1</ele>
      </trkpt>
      <trkpt lat="42.58256" lon="19.74722">
        <ele>1002.0</ele>
      </trkpt>
      <trkpt lat="42.58255" lon="19.74725">
        <ele>1002.0</ele>
      </trkpt>
      <trkpt lat="42.58253" lon="19.74743">
        <ele>1002.2</ele>
      </trkpt>
      <trkpt lat="42.58251" lon="19.7475">
        <ele>1002.1</ele>
      </trkpt>
      <trkpt lat="42.5825" lon="19.74753">
        <ele>1002.1</ele>
      </trkpt>
      <trkpt lat="42.58248" lon="19.74755">
        <ele>1002.5</ele>
      </trkpt>
      <trkpt lat="42.58244" lon="19.74756">
        <ele>1003.4</ele>
      </trkpt>
      <trkpt lat="42.58238" lon="19.74754">
        <ele>1004.7</ele>
      </trkpt>
      <trkpt lat="42.58235" lon="19.74751">
        <ele>1005.3</ele>
      </trkpt>
      <trkpt lat="42.58213" lon="19.74728">
        <ele>1008.9</ele>
      </trkpt>
      <trkpt lat="42.58209" lon="19.74725">
        <ele>1009.5</ele>
      </trkpt>
      <trkpt lat="42.582" lon="19.7472">
        <ele>1010.9</ele>
      </trkpt>
      <trkpt lat="42.58192" lon="19.74718">
        <ele>1012.3</ele>
      </trkpt>
      <trkpt lat="42.58184" lon="19.74718">
        <ele>1013.7</ele>
      </trkpt>
      <trkpt lat="42.58161" lon="19.74722">
        <ele>1017.8</ele>
      </trkpt>
      <trkpt lat="42.58141" lon="19.74722">
        <ele>1019.6</ele>
      </trkpt>
      <trkpt lat="42.5811" lon="19.74716">
        <ele>1021.8</ele>
      </trkpt>
      <trkpt lat="42.58091" lon="19.74709">
        <ele>1022.9</ele>
      </trkpt>
      <trkpt lat="42.58082" lon="19.74703">
        <ele>1023.2</ele>
      </trkpt>
      <trkpt lat="42.58074" lon="19.74692">
        <ele>1023.4</ele>
      </trkpt>
      <trkpt lat="42.5807" lon="19.74682">
        <ele>1023.0</ele>
      </trkpt>
      <trkpt lat="42.58067" lon="19.74672">
        <ele>1022.5</ele>
      </trkpt>
      <trkpt lat="42.58067" lon="19.74663">
        <ele>1021.6</ele>
      </trkpt>
      <trkpt lat="42.5807" lon="19.74633">
        <ele>1018.4</ele>
      </trkpt>
      <trkpt lat="42.5807" lon="19.74626">
        <ele>1017.7</ele>
      </trkpt>
      <trkpt lat="42.58068" lon="19.7462">
        <ele>1017.4</ele>
      </trkpt>
      <trkpt lat="42.58066" lon="19.74614">
        <ele>1017.0</ele>
      </trkpt>
      <trkpt lat="42.58062" lon="19.74608">
        <ele>1016.9</ele>
      </trkpt>
      <trkpt lat="42.58054" lon="19.74597">
        <ele>1016.8</ele>
      </trkpt>
      <trkpt lat="42.58045" lon="19.74594">
        <ele>1017.6</ele>
      </trkpt>
      <trkpt lat="42.58036" lon="19.74596">
        <ele>1018.3</ele>
      </trkpt>
      <trkpt lat="42.58024" lon="19.74602">
        <ele>1019.4</ele>
      </trkpt>
      <trkpt lat="42.5802" lon="19.74602">
        <ele>1019.7</ele>
      </trkpt>
      <trkpt lat="42.58008" lon="19.74597">
        <ele>1020.8</ele>
      </trkpt>
      <trkpt lat="42.57999" lon="19.74584">
        <ele>1021.9</ele>
      </trkpt>
      <trkpt lat="42.57986" lon="19.74551">
        <ele>1024.3</ele>
      </trkpt>
      <trkpt lat="42.57981" lon="19.74533">
        <ele>1025.5</ele>
      </trkpt>
      <trkpt lat="42.57978" lon="19.74517">
        <ele>1026.5</ele>
      </trkpt>
      <trkpt lat="42.5797" lon="19.74454">
        <ele>1031.2</ele>
      </trkpt>
      <trkpt lat="42.57967" lon="19.74441">
        <ele>1032.9</ele>
      </trkpt>
      <trkpt lat="42.5796" lon="19.74413">
        <ele>1037.0</ele>
      </trkpt>
      <trkpt lat="42.5795" lon="19.74358">
        <ele>1043.0</ele>
      </trkpt>
      <trkpt lat="42.57944" lon="19.74312">
        <ele>1049.2</ele>
      </trkpt>
      <trkpt lat="42.57943" lon="19.74294">
        <ele>1051.7</ele>
      </trkpt>
      <trkpt lat="42.57943" lon="19.74282">
        <ele>1053.1</ele>
      </trkpt>
      <trkpt lat="42.57945" lon="19.74263">
        <ele>1053.9</ele>
      </trkpt>
      <trkpt lat="42.57949" lon="19.74251">
        <ele>1052.6</ele>
      </trkpt>
      <trkpt lat="42.57949" lon="19.74247">
        <ele>1053.3</ele>
      </trkpt>
      <trkpt lat="42.57948" lon="19.74244">
        <ele>1054.5</ele>
      </trkpt>
      <trkpt lat="42.57945" lon="19.74243">
        <ele>1056.8</ele>
      </trkpt>
      <trkpt lat="42.57941" lon="19.74244">
        <ele>1059.3</ele>
      </trkpt>
      <trkpt lat="42.57939" lon="19.74248">
        <ele>1059.7</ele>
      </trkpt>
      <trkpt lat="42.57936" lon="19.74254">
        <ele>1060.7</ele>
      </trkpt>
      <trkpt lat="42.57933" lon="19.74264">
        <ele>1061.4</ele>
      </trkpt>
      <trkpt lat="42.57929" lon="19.74297">
        <ele>1059.2</ele>
      </trkpt>
      <trkpt lat="42.57929" lon="19.74308">
        <ele>1057.7</ele>
      </trkpt>
      <trkpt lat="42.57929" lon="19.74426">
        <ele>1047.3</ele>
      </trkpt>
      <trkpt lat="42.57927" lon="19.74446">
        <ele>1045.5</ele>
      </trkpt>
      <trkpt lat="42.57923" lon="19.74463">
        <ele>1044.5</ele>
      </trkpt>
      <trkpt lat="42.57916" lon="19.74476">
        <ele>1044.6</ele>
      </trkpt>
      <trkpt lat="42.57911" lon="19.74481">
        <ele>1045.0</ele>
      </trkpt>
      <trkpt lat="42.57906" lon="19.74486">
        <ele>1045.3</ele>
      </trkpt>
      <trkpt lat="42.5789" lon="19.74497">
        <ele>1046.4</ele>
      </trkpt>
      <trkpt lat="42.57856" lon="19.74511">
        <ele>1049.9</ele>
      </trkpt>
      <trkpt lat="42.57845" lon="19.74514">
        <ele>1051.1</ele>
      </trkpt>
      <trkpt lat="42.57838" lon="19.74515">
        <ele>1052.0</ele>
      </trkpt>
      <trkpt lat="42.57832" lon="19.74514">
        <ele>1053.0</ele>
      </trkpt>
      <trkpt lat="42.57826" lon="19.74511">
        <ele>1053.4</ele>
      </trkpt>
      <trkpt lat="42.57818" lon="19.74504">
        <ele>1054.3</ele>
      </trkpt>
      <trkpt lat="42.57798" lon="19.74474">
        <ele>1062.1</ele>
      </trkpt>
      <trkpt lat="42.57788" lon="19.74466">
        <ele>1064.2</ele>
      </trkpt>
      <trkpt lat="42.5776" lon="19.7445">
        <ele>1068.0</ele>
      </trkpt>
      <trkpt lat="42.57734" lon="19.74438">
        <ele>1071.6</ele>
      </trkpt>
      <trkpt lat="42.57676" lon="19.7443">
        <ele>1074.0</ele>
      </trkpt>
      <trkpt lat="42.57634" lon="19.74421">
        <ele>1071.2</ele>
      </trkpt>
      <trkpt lat="42.5762" lon="19.74417">
        <ele>1069.5</ele>
      </trkpt>
      <trkpt lat="42.57612" lon="19.74413">
        <ele>1069.4</ele>
      </trkpt>
      <trkpt lat="42.57602" lon="19.74407">
        <ele>1069.5</ele>
      </trkpt>
      <trkpt lat="42.57594" lon="19.744">
        <ele>1070.0</ele>
      </trkpt>
      <trkpt lat="42.57584" lon="19.74389">
        <ele>1071.1</ele>
      </trkpt>
      <trkpt lat="42.57573" lon="19.74369">
        <ele>1074.8</ele>
      </trkpt>
      <trkpt lat="42.57557" lon="19.74342">
        <ele>1078.3</ele>
      </trkpt>
      <trkpt lat="42.57547" lon="19.74331">
        <ele>1078.4</ele>
      </trkpt>
      <trkpt lat="42.5754" lon="19.74327">
        <ele>1077.6</ele>
      </trkpt>
      <trkpt lat="42.57515" lon="19.74319">
        <ele>1072.5</ele>
      </trkpt>
      <trkpt lat="42.57509" lon="19.74315">
        <ele>1071.5</ele>
      </trkpt>
      <trkpt lat="42.57502" lon="19.74309">
        <ele>1070.4</ele>
      </trkpt>
      <trkpt lat="42.57484" lon="19.74286">
        <ele>1069.9</ele>
      </trkpt>
      <trkpt lat="42.57477" lon="19.74275">
        <ele>1069.6</ele>
      </trkpt>
      <trkpt lat="42.57475" lon="19.74269">
        <ele>1069.8</ele>
      </trkpt>
      <trkpt lat="42.57473" lon="19.74254">
        <ele>1070.8</ele>
      </trkpt>
      <trkpt lat="42.57474" lon="19.74213">
        <ele>1076.1</ele>
      </trkpt>
      <trkpt lat="42.57472" lon="19.74165">
        <ele>1081.3</ele>
      </trkpt>
      <trkpt lat="42.5747" lon="19.74155">
        <ele>1083.0</ele>
      </trkpt>
      <trkpt lat="42.57468" lon="19.74146">
        <ele>1084.3</ele>
      </trkpt>
      <trkpt lat="42.57464" lon="19.74136">
        <ele>1085.0</ele>
      </trkpt>
      <trkpt lat="42.57453" lon="19.7412">
        <ele>1083.7</ele>
      </trkpt>
      <trkpt lat="42.57446" lon="19.74113">
        <ele>1082.0</ele>
      </trkpt>
      <trkpt lat="42.57439" lon="19.74107">
        <ele>1080.0</ele>
      </trkpt>
      <trkpt lat="42.57411" lon="19.74094">
        <ele>1071.5</ele>
      </trkpt>
      <trkpt lat="42.57409" lon="19.7409">
        <ele>1072.1</ele>
      </trkpt>
      <trkpt lat="42.57407" lon="19.74085">
        <ele>1072.8</ele>
      </trkpt>
      <trkpt lat="42.57407" lon="19.7408">
        <ele>1073.7</ele>
      </trkpt>
      <trkpt lat="42.57409" lon="19.74068">
        <ele>1076.1</ele>
      </trkpt>
      <trkpt lat="42.5741" lon="19.74055">
        <ele>1078.7</ele>
      </trkpt>
      <trkpt lat="42.57409" lon="19.74051">
        <ele>1079.3</ele>
      </trkpt>
      <trkpt lat="42.57405" lon="19.74045">
        <ele>1080.0</ele>
      </trkpt>
      <trkpt lat="42.574" lon="19.74039">
        <ele>1080.5</ele>
      </trkpt>
      <trkpt lat="42.57378" lon="19.74028">
        <ele>1079.7</ele>
      </trkpt>
      <trkpt lat="42.57366" lon="19.74024">
        <ele>1078.8</ele>
      </trkpt>
      <trkpt lat="42.57355" lon="19.74022">
        <ele>1077.7</ele>
      </trkpt>
      <trkpt lat="42.57336" lon="19.74023">
        <ele>1075.0</ele>
      </trkpt>
      <trkpt lat="42.5733" lon="19.74021">
        <ele>1074.8</ele>
      </trkpt>
      <trkpt lat="42.57325" lon="19.74016">
        <ele>1075.2</ele>
      </trkpt>
      <trkpt lat="42.57321" lon="19.74009">
        <ele>1075.7</ele>
      </trkpt>
      <trkpt lat="42.57317" lon="19.73991">
        <ele>1080.6</ele>
      </trkpt>
      <trkpt lat="42.57313" lon="19.73987">
        <ele>1082.1</ele>
      </trkpt>
      <trkpt lat="42.57307" lon="19.73983">
        <ele>1083.4</ele>
      </trkpt>
      <trkpt lat="42.57283" lon="19.73978">
        <ele>1083.3</ele>
      </trkpt>
      <trkpt lat="42.57263" lon="19.73972">
        <ele>1084.1</ele>
      </trkpt>
      <trkpt lat="42.57255" lon="19.7397">
        <ele>1084.2</ele>
      </trkpt>
      <trkpt lat="42.57246" lon="19.73971">
        <ele>1084.0</ele>
      </trkpt>
      <trkpt lat="42.57225" lon="19.73973">
        <ele>1086.9</ele>
      </trkpt>
      <trkpt lat="42.57196" lon="19.73979">
        <ele>1089.0</ele>
      </trkpt>
      <trkpt lat="42.57174" lon="19.73986">
        <ele>1088.8</ele>
      </trkpt>
      <trkpt lat="42.57166" lon="19.7399">
        <ele>1088.0</ele>
      </trkpt>
      <trkpt lat="42.57115" lon="19.74045">
        <ele>1092.9</ele>
      </trkpt>
      <trkpt lat="42.57107" lon="19.74051">
        <ele>1092.9</ele>
      </trkpt>
      <trkpt lat="42.57098" lon="19.74053">
        <ele>1093.8</ele>
      </trkpt>
      <trkpt lat="42.57074" lon="19.74051">
        <ele>1097.4</ele>
      </trkpt>
      <trkpt lat="42.57047" lon="19.74045">
        <ele>1100.8</ele>
      </trkpt>
      <trkpt lat="42.57028" lon="19.74042">
        <ele>1102.8</ele>
      </trkpt>
      <trkpt lat="42.56991" lon="19.74042">
        <ele>1103.8</ele>
      </trkpt>
      <trkpt lat="42.56984" lon="19.74039">
        <ele>1105.0</ele>
      </trkpt>
      <trkpt lat="42.56984" lon="19.74039">
        <ele>1105.0</ele>
      </trkpt>
      <trkpt lat="42.56958" lon="19.74023">
        <ele>1108.7</ele>
      </trkpt>
      <trkpt lat="42.56951" lon="19.7402">
        <ele>1108.7</ele>
      </trkpt>
      <trkpt lat="42.56917" lon="19.74017">
        <ele>1104.4</ele>
      </trkpt>
      <trkpt lat="42.56901" lon="19.74011">
        <ele>1107.2</ele>
      </trkpt>
      <trkpt lat="42.56894" lon="19.74006">
        <ele>1107.9</ele>
      </trkpt>
      <trkpt lat="42.56886" lon="19.73998">
        <ele>1108.9</ele>
      </trkpt>
      <trkpt lat="42.56876" lon="19.73986">
        <ele>1112.8</ele>
      </trkpt>
      <trkpt lat="42.56871" lon="19.73979">
        <ele>1114.5</ele>
      </trkpt>
      <trkpt lat="42.56866" lon="19.73969">
        <ele>1116.2</ele>
      </trkpt>
      <trkpt lat="42.56858" lon="19.7395">
        <ele>1117.0</ele>
      </trkpt>
      <trkpt lat="42.56855" lon="19.73945">
        <ele>1117.3</ele>
      </trkpt>
      <trkpt lat="42.5685" lon="19.73942">
        <ele>1117.6</ele>
      </trkpt>
      <trkpt lat="42.56834" lon="19.73939">
        <ele>1118.4</ele>
      </trkpt>
      <trkpt lat="42.56826" lon="19.73937">
        <ele>1118.9</ele>
      </trkpt>
      <trkpt lat="42.56802" lon="19.73923">
        <ele>1120.3</ele>
      </trkpt>
      <trkpt lat="42.56772" lon="19.73908">
        <ele>1124.8</ele>
      </trkpt>
      <trkpt lat="42.5676" lon="19.73899">
        <ele>1126.0</ele>
      </trkpt>
      <trkpt lat="42.56751" lon="19.73891">
        <ele>1126.2</ele>
      </trkpt>
      <trkpt lat="42.56742" lon="19.7388">
        <ele>1127.3</ele>
      </trkpt>
      <trkpt lat="42.56727" lon="19.7386">
        <ele>1127.9</ele>
      </trkpt>
      <trkpt lat="42.5672" lon="19.73853">
        <ele>1128.0</ele>
      </trkpt>
      <trkpt lat="42.56702" lon="19.73838">
        <ele>1127.6</ele>
      </trkpt>
      <trkpt lat="42.56682" lon="19.7382">
        <ele>1128.8</ele>
      </trkpt>
      <trkpt lat="42.56673" lon="19.73808">
        <ele>1129.0</ele>
      </trkpt>
      <trkpt lat="42.56663" lon="19.73794">
        <ele>1130.0</ele>
      </trkpt>
      <trkpt lat="42.56623" lon="19.73709">
        <ele>1137.7</ele>
      </trkpt>
      <trkpt lat="42.56612" lon="19.7369">
        <ele>1138.1</ele>
      </trkpt>
      <trkpt lat="42.56576" lon="19.73642">
        <ele>1138.4</ele>
      </trkpt>
      <trkpt lat="42.56539" lon="19.73594">
        <ele>1147.6</ele>
      </trkpt>
      <trkpt lat="42.56502" lon="19.73548">
        <ele>1149.0</ele>
      </trkpt>
      <trkpt lat="42.56465" lon="19.73507">
        <ele>1156.7</ele>
      </trkpt>
      <trkpt lat="42.5643" lon="19.73473">
        <ele>1164.3</ele>
      </trkpt>
      <trkpt lat="42.56422" lon="19.73464">
        <ele>1164.6</ele>
      </trkpt>
      <trkpt lat="42.56411" lon="19.73446">
        <ele>1163.5</ele>
      </trkpt>
      <trkpt lat="42.56382" lon="19.73389">
        <ele>1162.4</ele>
      </trkpt>
      <trkpt lat="42.56372" lon="19.73375">
        <ele>1162.5</ele>
      </trkpt>
      <trkpt lat="42.56367" lon="19.73372">
        <ele>1162.5</ele>
      </trkpt>
      <trkpt lat="42.56359" lon="19.73365">
        <ele>1162.6</ele>
      </trkpt>
      <trkpt lat="42.56327" lon="19.7335">
        <ele>1163.0</ele>
      </trkpt>
      <trkpt lat="42.56322" lon="19.73347">
        <ele>1164.2</ele>
      </trkpt>
      <trkpt lat="42.56317" lon="19.73342">
        <ele>1164.8</ele>
      </trkpt>
      <trkpt lat="42.56295" lon="19.73311">
        <ele>1169.3</ele>
      </trkpt>
      <trkpt lat="42.56289" lon="19.73305">
        <ele>1170.2</ele>
      </trkpt>
      <trkpt lat="42.56279" lon="19.73299">
        <ele>1171.0</ele>
      </trkpt>
      <trkpt lat="42.56252" lon="19.73287">
        <ele>1170.8</ele>
      </trkpt>
      <trkpt lat="42.5624" lon="19.73279">
        <ele>1171.3</ele>
      </trkpt>
      <trkpt lat="42.56236" lon="19.73274">
        <ele>1170.4</ele>
      </trkpt>
      <trkpt lat="42.56234" lon="19.73268">
        <ele>1168.6</ele>
      </trkpt>
      <trkpt lat="42.56228" lon="19.73243">
        <ele>1163.7</ele>
      </trkpt>
      <trkpt lat="42.56226" lon="19.73235">
        <ele>1165.6</ele>
      </trkpt>
      <trkpt lat="42.56221" lon="19.73227">
        <ele>1167.1</ele>
      </trkpt>
      <trkpt lat="42.56216" lon="19.73221">
        <ele>1167.9</ele>
      </trkpt>
      <trkpt lat="42.56183" lon="19.73192">
        <ele>1166.4</ele>
      </trkpt>
      <trkpt lat="42.56158" lon="19.73169">
        <ele>1164.0</ele>
      </trkpt>
      <trkpt lat="42.56144" lon="19.73158">
        <ele>1168.8</ele>
      </trkpt>
      <trkpt lat="42.56136" lon="19.73153">
        <ele>1171.4</ele>
      </trkpt>
      <trkpt lat="42.56129" lon="19.7315">
        <ele>1173.0</ele>
      </trkpt>
      <trkpt lat="42.56121" lon="19.73149">
        <ele>1173.8</ele>
      </trkpt>
      <trkpt lat="42.56116" lon="19.73149">
        <ele>1174.0</ele>
      </trkpt>
      <trkpt lat="42.56109" lon="19.7315">
        <ele>1174.0</ele>
      </trkpt>
      <trkpt lat="42.56085" lon="19.7316">
        <ele>1172.6</ele>
      </trkpt>
      <trkpt lat="42.56075" lon="19.73159">
        <ele>1172.8</ele>
      </trkpt>
      <trkpt lat="42.56064" lon="19.73152">
        <ele>1174.3</ele>
      </trkpt>
      <trkpt lat="42.56058" lon="19.73146">
        <ele>1175.5</ele>
      </trkpt>
      <trkpt lat="42.56036" lon="19.73129">
        <ele>1178.1</ele>
      </trkpt>
      <trkpt lat="42.5602" lon="19.73117">
        <ele>1179.3</ele>
      </trkpt>
      <trkpt lat="42.56016" lon="19.73115">
        <ele>1179.3</ele>
      </trkpt>
      <trkpt lat="42.56006" lon="19.73113">
        <ele>1178.9</ele>
      </trkpt>
      <trkpt lat="42.55996" lon="19.73113">
        <ele>1178.1</ele>
      </trkpt>
      <trkpt lat="42.55959" lon="19.73121">
        <ele>1174.9</ele>
      </trkpt>
      <trkpt lat="42.55951" lon="19.73122">
        <ele>1174.4</ele>
      </trkpt>
      <trkpt lat="42.55913" lon="19.73114">
        <ele>1172.4</ele>
      </trkpt>
      <trkpt lat="42.55905" lon="19.7311">
        <ele>1172.1</ele>
      </trkpt>
      <trkpt lat="42.55861" lon="19.73085">
        <ele>1169.7</ele>
      </trkpt>
      <trkpt lat="42.55812" lon="19.73068">
        <ele>1169.0</ele>
      </trkpt>
      <trkpt lat="42.55807" lon="19.73065">
        <ele>1169.0</ele>
      </trkpt>
      <trkpt lat="42.558" lon="19.73059">
        <ele>1169.3</ele>
      </trkpt>
      <trkpt lat="42.55795" lon="19.73053">
        <ele>1169.6</ele>
      </trkpt>
      <trkpt lat="42.55775" lon="19.73025">
        <ele>1170.4</ele>
      </trkpt>
      <trkpt lat="42.55749" lon="19.72999">
        <ele>1169.0</ele>
      </trkpt>
      <trkpt lat="42.55744" lon="19.7299">
        <ele>1169.6</ele>
      </trkpt>
      <trkpt lat="42.55736" lon="19.72974">
        <ele>1170.6</ele>
      </trkpt>
      <trkpt lat="42.55731" lon="19.72965">
        <ele>1171.0</ele>
      </trkpt>
      <trkpt lat="42.55716" lon="19.72948">
        <ele>1171.1</ele>
      </trkpt>
      <trkpt lat="42.55696" lon="19.72934">
        <ele>1170.2</ele>
      </trkpt>
      <trkpt lat="42.55689" lon="19.7293">
        <ele>1169.7</ele>
      </trkpt>
      <trkpt lat="42.55645" lon="19.72916">
        <ele>1168.3</ele>
      </trkpt>
      <trkpt lat="42.5562" lon="19.72903">
        <ele>1168.9</ele>
      </trkpt>
      <trkpt lat="42.55613" lon="19.72897">
        <ele>1169.1</ele>
      </trkpt>
      <trkpt lat="42.55605" lon="19.72889">
        <ele>1169.2</ele>
      </trkpt>
      <trkpt lat="42.55592" lon="19.72871">
        <ele>1169.2</ele>
      </trkpt>
      <trkpt lat="42.55543" lon="19.72799">
        <ele>1172.2</ele>
      </trkpt>
      <trkpt lat="42.55495" lon="19.72726">
        <ele>1173.0</ele>
      </trkpt>
      <trkpt lat="42.55441" lon="19.72649">
        <ele>1175.9</ele>
      </trkpt>
      <trkpt lat="42.55386" lon="19.72571">
        <ele>1180.7</ele>
      </trkpt>
      <trkpt lat="42.55377" lon="19.72555">
        <ele>1183.5</ele>
      </trkpt>
      <trkpt lat="42.55359" lon="19.72522">
        <ele>1187.5</ele>
      </trkpt>
      <trkpt lat="42.55353" lon="19.72513">
        <ele>1187.9</ele>
      </trkpt>
      <trkpt lat="42.5533" lon="19.72484">
        <ele>1190.3</ele>
      </trkpt>
      <trkpt lat="42.55316" lon="19.7247">
        <ele>1193.4</ele>
      </trkpt>
      <trkpt lat="42.55304" lon="19.72459">
        <ele>1195.2</ele>
      </trkpt>
      <trkpt lat="42.55294" lon="19.72452">
        <ele>1196.0</ele>
      </trkpt>
      <trkpt lat="42.55282" lon="19.72446">
        <ele>1196.1</ele>
      </trkpt>
      <trkpt lat="42.55238" lon="19.72429">
        <ele>1195.0</ele>
      </trkpt>
      <trkpt lat="42.55186" lon="19.72411">
        <ele>1196.7</ele>
      </trkpt>
      <trkpt lat="42.55175" lon="19.72406">
        <ele>1197.9</ele>
      </trkpt>
      <trkpt lat="42.55164" lon="19.72399">
        <ele>1199.5</ele>
      </trkpt>
      <trkpt lat="42.55149" lon="19.72386">
        <ele>1201.9</ele>
      </trkpt>
      <trkpt lat="42.55132" lon="19.72368">
        <ele>1204.8</ele>
      </trkpt>
      <trkpt lat="42.55077" lon="19.7232">
        <ele>1208.2</ele>
      </trkpt>
      <trkpt lat="42.55072" lon="19.72319">
        <ele>1207.9</ele>
      </trkpt>
      <trkpt lat="42.55038" lon="19.72318">
        <ele>1204.7</ele>
      </trkpt>
      <trkpt lat="42.55028" lon="19.72316">
        <ele>1204.1</ele>
      </trkpt>
      <trkpt lat="42.54977" lon="19.72278">
        <ele>1208.2</ele>
      </trkpt>
      <trkpt lat="42.54967" lon="19.72268">
        <ele>1209.3</ele>
      </trkpt>
      <trkpt lat="42.54954" lon="19.72253">
        <ele>1210.9</ele>
      </trkpt>
      <trkpt lat="42.54948" lon="19.72244">
        <ele>1212.0</ele>
      </trkpt>
      <trkpt lat="42.54921" lon="19.72195">
        <ele>1217.6</ele>
      </trkpt>
      <trkpt lat="42.54912" lon="19.72161">
        <ele>1223.2</ele>
      </trkpt>
      <trkpt lat="42.54908" lon="19.72152">
        <ele>1225.2</ele>
      </trkpt>
      <trkpt lat="42.54901" lon="19.72146">
        <ele>1226.4</ele>
      </trkpt>
      <trkpt lat="42.54892" lon="19.72142">
        <ele>1227.1</ele>
      </trkpt>
      <trkpt lat="42.54885" lon="19.72141">
        <ele>1227.2</ele>
      </trkpt>
      <trkpt lat="42.54826" lon="19.72141">
        <ele>1225.7</ele>
      </trkpt>
      <trkpt lat="42.54818" lon="19.72139">
        <ele>1225.8</ele>
      </trkpt>
      <trkpt lat="42.5481" lon="19.72135">
        <ele>1226.3</ele>
      </trkpt>
      <trkpt lat="42.54797" lon="19.72127">
        <ele>1227.7</ele>
      </trkpt>
      <trkpt lat="42.54789" lon="19.72124">
        <ele>1228.1</ele>
      </trkpt>
      <trkpt lat="42.54763" lon="19.72121">
        <ele>1227.7</ele>
      </trkpt>
      <trkpt lat="42.54756" lon="19.72118">
        <ele>1228.3</ele>
      </trkpt>
      <trkpt lat="42.54742" lon="19.7211">
        <ele>1230.2</ele>
      </trkpt>
      <trkpt lat="42.5473" lon="19.721">
        <ele>1233.0</ele>
      </trkpt>
      <trkpt lat="42.54715" lon="19.72083">
        <ele>1237.7</ele>
      </trkpt>
      <trkpt lat="42.54708" lon="19.7208">
        <ele>1238.6</ele>
      </trkpt>
      <trkpt lat="42.54676" lon="19.72084">
        <ele>1236.9</ele>
      </trkpt>
      <trkpt lat="42.54671" lon="19.72084">
        <ele>1236.9</ele>
      </trkpt>
      <trkpt lat="42.54663" lon="19.72082">
        <ele>1237.5</ele>
      </trkpt>
      <trkpt lat="42.54613" lon="19.72059">
        <ele>1245.5</ele>
      </trkpt>
      <trkpt lat="42.54606" lon="19.72056">
        <ele>1246.4</ele>
      </trkpt>
      <trkpt lat="42.54598" lon="19.72055">
        <ele>1246.6</ele>
      </trkpt>
      <trkpt lat="42.54591" lon="19.72056">
        <ele>1246.3</ele>
      </trkpt>
      <trkpt lat="42.54571" lon="19.72062">
        <ele>1244.5</ele>
      </trkpt>
      <trkpt lat="42.54563" lon="19.72064">
        <ele>1244.0</ele>
      </trkpt>
      <trkpt lat="42.54557" lon="19.72064">
        <ele>1244.1</ele>
      </trkpt>
      <trkpt lat="42.54551" lon="19.72062">
        <ele>1244.8</ele>
      </trkpt>
      <trkpt lat="42.54546" lon="19.72057">
        <ele>1246.3</ele>
      </trkpt>
      <trkpt lat="42.54529" lon="19.72034">
        <ele>1253.4</ele>
      </trkpt>
      <trkpt lat="42.54523" lon="19.72032">
        <ele>1254.1</ele>
      </trkpt>
      <trkpt lat="42.54513" lon="19.72032">
        <ele>1254.2</ele>
      </trkpt>
      <trkpt lat="42.54489" lon="19.7204">
        <ele>1252.1</ele>
      </trkpt>
      <trkpt lat="42.54481" lon="19.7204">
        <ele>1252.1</ele>
      </trkpt>
      <trkpt lat="42.54472" lon="19.72037">
        <ele>1253.0</ele>
      </trkpt>
      <trkpt lat="42.54446" lon="19.72022">
        <ele>1257.3</ele>
      </trkpt>
      <trkpt lat="42.54437" lon="19.72019">
        <ele>1258.1</ele>
      </trkpt>
      <trkpt lat="42.54426" lon="19.72017">
        <ele>1258.6</ele>
      </trkpt>
      <trkpt lat="42.54389" lon="19.72017">
        <ele>1260.6</ele>
      </trkpt>
      <trkpt lat="42.54356" lon="19.72011">
        <ele>1264.6</ele>
      </trkpt>
      <trkpt lat="42.54335" lon="19.7201">
        <ele>1266.4</ele>
      </trkpt>
      <trkpt lat="42.54328" lon="19.72013">
        <ele>1265.9</ele>
      </trkpt>
      <trkpt lat="42.5431" lon="19.72023">
        <ele>1264.1</ele>
      </trkpt>
      <trkpt lat="42.543" lon="19.72025">
        <ele>1263.9</ele>
      </trkpt>
      <trkpt lat="42.54293" lon="19.72024">
        <ele>1264.5</ele>
      </trkpt>
      <trkpt lat="42.54269" lon="19.72008">
        <ele>1269.8</ele>
      </trkpt>
      <trkpt lat="42.54263" lon="19.72007">
        <ele>1270.4</ele>
      </trkpt>
      <trkpt lat="42.54257" lon="19.72008">
        <ele>1270.4</ele>
      </trkpt>
      <trkpt lat="42.54237" lon="19.72018">
        <ele>1268.8</ele>
      </trkpt>
      <trkpt lat="42.54231" lon="19.7202">
        <ele>1268.7</ele>
      </trkpt>
      <trkpt lat="42.54223" lon="19.72021">
        <ele>1269.0</ele>
      </trkpt>
      <trkpt lat="42.54155" lon="19.7202">
        <ele>1274.6</ele>
      </trkpt>
      <trkpt lat="42.54127" lon="19.72021">
        <ele>1276.8</ele>
      </trkpt>
      <trkpt lat="42.54106" lon="19.72024">
        <ele>1277.7</ele>
      </trkpt>
      <trkpt lat="42.54101" lon="19.72024">
        <ele>1278.2</ele>
      </trkpt>
      <trkpt lat="42.54095" lon="19.72023">
        <ele>1279.0</ele>
      </trkpt>
      <trkpt lat="42.54085" lon="19.72017">
        <ele>1281.7</ele>
      </trkpt>
      <trkpt lat="42.54077" lon="19.72016">
        <ele>1283.1</ele>
      </trkpt>
      <trkpt lat="42.5407" lon="19.72017">
        <ele>1283.7</ele>
      </trkpt>
      <trkpt lat="42.54063" lon="19.72019">
        <ele>1284.1</ele>
      </trkpt>
      <trkpt lat="42.54042" lon="19.72033">
        <ele>1282.7</ele>
      </trkpt>
      <trkpt lat="42.54033" lon="19.72037">
        <ele>1282.6</ele>
      </trkpt>
      <trkpt lat="42.54023" lon="19.72039">
        <ele>1283.3</ele>
      </trkpt>
      <trkpt lat="42.54011" lon="19.72038">
        <ele>1285.2</ele>
      </trkpt>
      <trkpt lat="42.53995" lon="19.72034">
        <ele>1288.5</ele>
      </trkpt>
      <trkpt lat="42.53961" lon="19.72023">
        <ele>1295.3</ele>
      </trkpt>
      <trkpt lat="42.53956" lon="19.7202">
        <ele>1296.7</ele>
      </trkpt>
      <trkpt lat="42.53929" lon="19.71998">
        <ele>1305.7</ele>
      </trkpt>
      <trkpt lat="42.53924" lon="19.71995">
        <ele>1307.2</ele>
      </trkpt>
      <trkpt lat="42.53919" lon="19.71995">
        <ele>1307.6</ele>
      </trkpt>
      <trkpt lat="42.53913" lon="19.71996">
        <ele>1308.1</ele>
      </trkpt>
      <trkpt lat="42.53909" lon="19.71999">
        <ele>1307.8</ele>
      </trkpt>
      <trkpt lat="42.53905" lon="19.72002">
        <ele>1307.7</ele>
      </trkpt>
      <trkpt lat="42.53896" lon="19.72021">
        <ele>1304.2</ele>
      </trkpt>
      <trkpt lat="42.5389" lon="19.72028">
        <ele>1303.5</ele>
      </trkpt>
      <trkpt lat="42.53878" lon="19.72038">
        <ele>1303.1</ele>
      </trkpt>
      <trkpt lat="42.53869" lon="19.72042">
        <ele>1303.8</ele>
      </trkpt>
      <trkpt lat="42.5386" lon="19.72045">
        <ele>1304.8</ele>
      </trkpt>
      <trkpt lat="42.53852" lon="19.72045">
        <ele>1306.4</ele>
      </trkpt>
      <trkpt lat="42.53843" lon="19.72044">
        <ele>1308.5</ele>
      </trkpt>
      <trkpt lat="42.53829" lon="19.72038">
        <ele>1312.7</ele>
      </trkpt>
      <trkpt lat="42.53821" lon="19.72037">
        <ele>1314.3</ele>
      </trkpt>
      <trkpt lat="42.53813" lon="19.72039">
        <ele>1315.1</ele>
      </trkpt>
      <trkpt lat="42.53806" lon="19.72043">
        <ele>1315.2</ele>
      </trkpt>
      <trkpt lat="42.53794" lon="19.72053">
        <ele>1314.6</ele>
      </trkpt>
      <trkpt lat="42.5378" lon="19.72063">
        <ele>1314.3</ele>
      </trkpt>
      <trkpt lat="42.5377" lon="19.72068">
        <ele>1314.7</ele>
      </trkpt>
      <trkpt lat="42.53749" lon="19.72075">
        <ele>1316.3</ele>
      </trkpt>
      <trkpt lat="42.53716" lon="19.7208">
        <ele>1319.4</ele>
      </trkpt>
      <trkpt lat="42.53667" lon="19.72097">
        <ele>1321.0</ele>
      </trkpt>
      <trkpt lat="42.53658" lon="19.72098">
        <ele>1321.7</ele>
      </trkpt>
      <trkpt lat="42.53623" lon="19.72096">
        <ele>1325.8</ele>
      </trkpt>
      <trkpt lat="42.53616" lon="19.72098">
        <ele>1326.0</ele>
      </trkpt>
      <trkpt lat="42.53591" lon="19.72107">
        <ele>1326.2</ele>
      </trkpt>
      <trkpt lat="42.53584" lon="19.72109">
        <ele>1326.5</ele>
      </trkpt>
      <trkpt lat="42.53566" lon="19.72109">
        <ele>1327.0</ele>
      </trkpt>
      <trkpt lat="42.53557" lon="19.72108">
        <ele>1327.4</ele>
      </trkpt>
      <trkpt lat="42.53538" lon="19.72102">
        <ele>1329.1</ele>
      </trkpt>
      <trkpt lat="42.53495" lon="19.72078">
        <ele>1334.1</ele>
      </trkpt>
      <trkpt lat="42.53459" lon="19.7206">
        <ele>1336.5</ele>
      </trkpt>
      <trkpt lat="42.53451" lon="19.72054">
        <ele>1337.4</ele>
      </trkpt>
      <trkpt lat="42.53421" lon="19.72025">
        <ele>1341.9</ele>
      </trkpt>
      <trkpt lat="42.53414" lon="19.72021">
        <ele>1342.5</ele>
      </trkpt>
      <trkpt lat="42.53405" lon="19.72019">
        <ele>1342.9</ele>
      </trkpt>
      <trkpt lat="42.53371" lon="19.72014">
        <ele>1343.9</ele>
      </trkpt>
      <trkpt lat="42.5336" lon="19.7201">
        <ele>1344.8</ele>
      </trkpt>
      <trkpt lat="42.53348" lon="19.72004">
        <ele>1346.1</ele>
      </trkpt>
      <trkpt lat="42.53337" lon="19.71995">
        <ele>1347.4</ele>
      </trkpt>
      <trkpt lat="42.53329" lon="19.71986">
        <ele>1347.9</ele>
      </trkpt>
      <trkpt lat="42.5332" lon="19.71973">
        <ele>1348.6</ele>
      </trkpt>
      <trkpt lat="42.53311" lon="19.71957">
        <ele>1349.7</ele>
      </trkpt>
      <trkpt lat="42.53302" lon="19.71946">
        <ele>1350.5</ele>
      </trkpt>
      <trkpt lat="42.5328" lon="19.7193">
        <ele>1351.7</ele>
      </trkpt>
      <trkpt lat="42.5327" lon="19.71922">
        <ele>1352.5</ele>
      </trkpt>
      <trkpt lat="42.53253" lon="19.71905">
        <ele>1353.6</ele>
      </trkpt>
      <trkpt lat="42.53243" lon="19.71893">
        <ele>1353.9</ele>
      </trkpt>
      <trkpt lat="42.53236" lon="19.71882">
        <ele>1354.4</ele>
      </trkpt>
      <trkpt lat="42.53229" lon="19.71869">
        <ele>1355.1</ele>
      </trkpt>
      <trkpt lat="42.53227" lon="19.71863">
        <ele>1355.5</ele>
      </trkpt>
      <trkpt lat="42.53226" lon="19.7185">
        <ele>1356.4</ele>
      </trkpt>
      <trkpt lat="42.53226" lon="19.71829">
        <ele>1357.6</ele>
      </trkpt>
      <trkpt lat="42.5323" lon="19.71771">
        <ele>1358.4</ele>
      </trkpt>
      <trkpt lat="42.53232" lon="19.71757">
        <ele>1358.7</ele>
      </trkpt>
      <trkpt lat="42.53236" lon="19.71742">
        <ele>1358.7</ele>
      </trkpt>
      <trkpt lat="42.53246" lon="19.71678">
        <ele>1358.0</ele>
      </trkpt>
      <trkpt lat="42.53252" lon="19.71605">
        <ele>1353.4</ele>
      </trkpt>
      <trkpt lat="42.53256" lon="19.71589">
        <ele>1353.2</ele>
      </trkpt>
      <trkpt lat="42.53258" lon="19.71583">
        <ele>1353.2</ele>
      </trkpt>
      <trkpt lat="42.53261" lon="19.71578">
        <ele>1353.3</ele>
      </trkpt>
      <trkpt lat="42.5327" lon="19.71566">
        <ele>1353.7</ele>
      </trkpt>
      <trkpt lat="42.53288" lon="19.71551">
        <ele>1355.5</ele>
      </trkpt>
      <trkpt lat="42.53292" lon="19.71546">
        <ele>1355.4</ele>
      </trkpt>
      <trkpt lat="42.53295" lon="19.71541">
        <ele>1355.1</ele>
      </trkpt>
      <trkpt lat="42.53297" lon="19.71534">
        <ele>1354.1</ele>
      </trkpt>
      <trkpt lat="42.53299" lon="19.71483">
        <ele>1343.7</ele>
      </trkpt>
      <trkpt lat="42.533" lon="19.71475">
        <ele>1341.9</ele>
      </trkpt>
      <trkpt lat="42.53304" lon="19.71468">
        <ele>1340.9</ele>
      </trkpt>
      <trkpt lat="42.53327" lon="19.71439">
        <ele>1337.4</ele>
      </trkpt>
      <trkpt lat="42.5333" lon="19.71429">
        <ele>1335.5</ele>
      </trkpt>
      <trkpt lat="42.53333" lon="19.71421">
        <ele>1334.0</ele>
      </trkpt>
      <trkpt lat="42.53335" lon="19.71408">
        <ele>1331.3</ele>
      </trkpt>
      <trkpt lat="42.53339" lon="19.71397">
        <ele>1329.9</ele>
      </trkpt>
      <trkpt lat="42.5335" lon="19.71377">
        <ele>1328.6</ele>
      </trkpt>
      <trkpt lat="42.53357" lon="19.71367">
        <ele>1328.4</ele>
      </trkpt>
      <trkpt lat="42.53365" lon="19.71358">
        <ele>1328.8</ele>
      </trkpt>
      <trkpt lat="42.53371" lon="19.71354">
        <ele>1329.8</ele>
      </trkpt>
      <trkpt lat="42.53381" lon="19.71342">
        <ele>1329.9</ele>
      </trkpt>
      <trkpt lat="42.53399" lon="19.71309">
        <ele>1326.0</ele>
      </trkpt>
      <trkpt lat="42.53404" lon="19.71304">
        <ele>1326.2</ele>
      </trkpt>
      <trkpt lat="42.53421" lon="19.71293">
        <ele>1329.4</ele>
      </trkpt>
      <trkpt lat="42.53426" lon="19.71289">
        <ele>1330.9</ele>
      </trkpt>
      <trkpt lat="42.53429" lon="19.71285">
        <ele>1331.4</ele>
      </trkpt>
      <trkpt lat="42.53431" lon="19.7128">
        <ele>1331.0</ele>
      </trkpt>
      <trkpt lat="42.53431" lon="19.71268">
        <ele>1327.5</ele>
      </trkpt>
      <trkpt lat="42.53434" lon="19.71235">
        <ele>1321.5</ele>
      </trkpt>
      <trkpt lat="42.53435" lon="19.71225">
        <ele>1320.5</ele>
      </trkpt>
      <trkpt lat="42.53443" lon="19.71186">
        <ele>1318.8</ele>
      </trkpt>
      <trkpt lat="42.53451" lon="19.71131">
        <ele>1314.4</ele>
      </trkpt>
      <trkpt lat="42.53463" lon="19.71041">
        <ele>1305.6</ele>
      </trkpt>
      <trkpt lat="42.53475" lon="19.70952">
        <ele>1298.4</ele>
      </trkpt>
      <trkpt lat="42.5349" lon="19.70876">
        <ele>1291.1</ele>
      </trkpt>
      <trkpt lat="42.53506" lon="19.70801">
        <ele>1284.4</ele>
      </trkpt>
      <trkpt lat="42.53507" lon="19.7079">
        <ele>1283.7</ele>
      </trkpt>
      <trkpt lat="42.5351" lon="19.70749">
        <ele>1280.4</ele>
      </trkpt>
      <trkpt lat="42.53513" lon="19.70731">
        <ele>1278.3</ele>
      </trkpt>
      <trkpt lat="42.53517" lon="19.70713">
        <ele>1276.6</ele>
      </trkpt>
      <trkpt lat="42.53521" lon="19.70701">
        <ele>1276.1</ele>
      </trkpt>
      <trkpt lat="42.53527" lon="19.70688">
        <ele>1276.3</ele>
      </trkpt>
      <trkpt lat="42.53543" lon="19.70656">
        <ele>1276.7</ele>
      </trkpt>
      <trkpt lat="42.53557" lon="19.70617">
        <ele>1273.2</ele>
      </trkpt>
      <trkpt lat="42.53575" lon="19.70583">
        <ele>1270.1</ele>
      </trkpt>
      <trkpt lat="42.5359" lon="19.70556">
        <ele>1270.3</ele>
      </trkpt>
      <trkpt lat="42.536" lon="19.70537">
        <ele>1270.7</ele>
      </trkpt>
      <trkpt lat="42.53607" lon="19.70524">
        <ele>1270.6</ele>
      </trkpt>
      <trkpt lat="42.53615" lon="19.70515">
        <ele>1271.7</ele>
      </trkpt>
      <trkpt lat="42.53624" lon="19.70499">
        <ele>1270.8</ele>
      </trkpt>
      <trkpt lat="42.53625" lon="19.70494">
        <ele>1270.0</ele>
      </trkpt>
      <trkpt lat="42.53627" lon="19.70472">
        <ele>1265.3</ele>
      </trkpt>
      <trkpt lat="42.53628" lon="19.70463">
        <ele>1263.4</ele>
      </trkpt>
      <trkpt lat="42.53631" lon="19.70455">
        <ele>1262.5</ele>
      </trkpt>
      <trkpt lat="42.53634" lon="19.70447">
        <ele>1261.7</ele>
      </trkpt>
      <trkpt lat="42.53639" lon="19.7044">
        <ele>1261.8</ele>
      </trkpt>
      <trkpt lat="42.53653" lon="19.70424">
        <ele>1262.9</ele>
      </trkpt>
      <trkpt lat="42.53659" lon="19.70421">
        <ele>1264.3</ele>
      </trkpt>
      <trkpt lat="42.53667" lon="19.7041">
        <ele>1264.3</ele>
      </trkpt>
      <trkpt lat="42.5367" lon="19.70404">
        <ele>1264.1</ele>
      </trkpt>
      <trkpt lat="42.53672" lon="19.70396">
        <ele>1262.8</ele>
      </trkpt>
      <trkpt lat="42.53674" lon="19.70386">
        <ele>1260.9</ele>
      </trkpt>
      <trkpt lat="42.53676" lon="19.70376">
        <ele>1258.9</ele>
      </trkpt>
      <trkpt lat="42.53688" lon="19.70352">
        <ele>1257.2</ele>
      </trkpt>
      <trkpt lat="42.53701" lon="19.70332">
        <ele>1256.7</ele>
      </trkpt>
      <trkpt lat="42.53706" lon="19.70325">
        <ele>1256.8</ele>
      </trkpt>
      <trkpt lat="42.53713" lon="19.7032">
        <ele>1258.3</ele>
      </trkpt>
      <trkpt lat="42.53717" lon="19.70317">
        <ele>1259.0</ele>
      </trkpt>
      <trkpt lat="42.53725" lon="19.70311">
        <ele>1260.5</ele>
      </trkpt>
      <trkpt lat="42.53728" lon="19.70307">
        <ele>1260.6</ele>
      </trkpt>
      <trkpt lat="42.53731" lon="19.70302">
        <ele>1260.3</ele>
      </trkpt>
      <trkpt lat="42.53735" lon="19.70287">
        <ele>1257.5</ele>
      </trkpt>
      <trkpt lat="42.53738" lon="19.7026">
        <ele>1250.7</ele>
      </trkpt>
      <trkpt lat="42.53749" lon="19.70214">
        <ele>1241.3</ele>
      </trkpt>
      <trkpt lat="42.53751" lon="19.70179">
        <ele>1231.8</ele>
      </trkpt>
      <trkpt lat="42.53753" lon="19.70164">
        <ele>1228.0</ele>
      </trkpt>
      <trkpt lat="42.53758" lon="19.70147">
        <ele>1225.0</ele>
      </trkpt>
      <trkpt lat="42.53762" lon="19.70139">
        <ele>1224.1</ele>
      </trkpt>
      <trkpt lat="42.53767" lon="19.70134">
        <ele>1224.3</ele>
      </trkpt>
      <trkpt lat="42.53772" lon="19.70131">
        <ele>1225.0</ele>
      </trkpt>
      <trkpt lat="42.53777" lon="19.7013">
        <ele>1226.2</ele>
      </trkpt>
      <trkpt lat="42.53782" lon="19.70131">
        <ele>1227.9</ele>
      </trkpt>
      <trkpt lat="42.53788" lon="19.70137">
        <ele>1230.9</ele>
      </trkpt>
      <trkpt lat="42.53797" lon="19.70153">
        <ele>1236.6</ele>
      </trkpt>
      <trkpt lat="42.53805" lon="19.70162">
        <ele>1240.3</ele>
      </trkpt>
      <trkpt lat="42.53812" lon="19.70169">
        <ele>1243.8</ele>
      </trkpt>
      <trkpt lat="42.5382" lon="19.70174">
        <ele>1247.7</ele>
      </trkpt>
      <trkpt lat="42.53837" lon="19.7018">
        <ele>1254.6</ele>
      </trkpt>
      <trkpt lat="42.53845" lon="19.70181">
        <ele>1257.5</ele>
      </trkpt>
      <trkpt lat="42.5385" lon="19.7018">
        <ele>1258.7</ele>
      </trkpt>
      <trkpt lat="42.53858" lon="19.70177">
        <ele>1260.1</ele>
      </trkpt>
      <trkpt lat="42.53865" lon="19.70172">
        <ele>1260.3</ele>
      </trkpt>
      <trkpt lat="42.53871" lon="19.70163">
        <ele>1259.9</ele>
      </trkpt>
      <trkpt lat="42.53873" lon="19.70159">
        <ele>1260.2</ele>
      </trkpt>
      <trkpt lat="42.53873" lon="19.70153">
        <ele>1259.7</ele>
      </trkpt>
      <trkpt lat="42.53871" lon="19.70147">
        <ele>1258.6</ele>
      </trkpt>
      <trkpt lat="42.53853" lon="19.70117">
        <ele>1248.8</ele>
      </trkpt>
      <trkpt lat="42.53849" lon="19.70108">
        <ele>1246.1</ele>
      </trkpt>
      <trkpt lat="42.53846" lon="19.70097">
        <ele>1243.5</ele>
      </trkpt>
      <trkpt lat="42.5384" lon="19.70042">
        <ele>1235.2</ele>
      </trkpt>
      <trkpt lat="42.53837" lon="19.70024">
        <ele>1232.1</ele>
      </trkpt>
      <trkpt lat="42.53829" lon="19.69989">
        <ele>1224.6</ele>
      </trkpt>
      <trkpt lat="42.53827" lon="19.6998">
        <ele>1222.6</ele>
      </trkpt>
      <trkpt lat="42.53827" lon="19.69955">
        <ele>1219.9</ele>
      </trkpt>
      <trkpt lat="42.53829" lon="19.69935">
        <ele>1218.8</ele>
      </trkpt>
      <trkpt lat="42.53833" lon="19.69916">
        <ele>1218.7</ele>
      </trkpt>
      <trkpt lat="42.53839" lon="19.69901">
        <ele>1218.1</ele>
      </trkpt>
      <trkpt lat="42.53848" lon="19.69887">
        <ele>1219.2</ele>
      </trkpt>
      <trkpt lat="42.53851" lon="19.69878">
        <ele>1218.8</ele>
      </trkpt>
      <trkpt lat="42.53853" lon="19.69872">
        <ele>1218.5</ele>
      </trkpt>
      <trkpt lat="42.53853" lon="19.69864">
        <ele>1216.9</ele>
      </trkpt>
      <trkpt lat="42.53851" lon="19.69846">
        <ele>1212.3</ele>
      </trkpt>
      <trkpt lat="42.53852" lon="19.69828">
        <ele>1209.2</ele>
      </trkpt>
      <trkpt lat="42.53858" lon="19.69799">
        <ele>1206.4</ele>
      </trkpt>
      <trkpt lat="42.53869" lon="19.69752">
        <ele>1200.3</ele>
      </trkpt>
      <trkpt lat="42.53872" lon="19.69739">
        <ele>1197.9</ele>
      </trkpt>
      <trkpt lat="42.53876" lon="19.69729">
        <ele>1196.3</ele>
      </trkpt>
      <trkpt lat="42.53882" lon="19.69719">
        <ele>1195.0</ele>
      </trkpt>
      <trkpt lat="42.53892" lon="19.69708">
        <ele>1194.0</ele>
      </trkpt>
      <trkpt lat="42.53898" lon="19.69704">
        <ele>1194.0</ele>
      </trkpt>
      <trkpt lat="42.53905" lon="19.69702">
        <ele>1194.7</ele>
      </trkpt>
      <trkpt lat="42.53923" lon="19.69705">
        <ele>1198.4</ele>
      </trkpt>
      <trkpt lat="42.53952" lon="19.69712">
        <ele>1202.2</ele>
      </trkpt>
      <trkpt lat="42.53991" lon="19.6972">
        <ele>1205.2</ele>
      </trkpt>
      <trkpt lat="42.54008" lon="19.69721">
        <ele>1207.5</ele>
      </trkpt>
      <trkpt lat="42.54014" lon="19.6972">
        <ele>1208.9</ele>
      </trkpt>
      <trkpt lat="42.54017" lon="19.69717">
        <ele>1209.5</ele>
      </trkpt>
      <trkpt lat="42.5402" lon="19.69714">
        <ele>1210.1</ele>
      </trkpt>
      <trkpt lat="42.54022" lon="19.69709">
        <ele>1210.3</ele>
      </trkpt>
      <trkpt lat="42.54023" lon="19.69703">
        <ele>1210.3</ele>
      </trkpt>
      <trkpt lat="42.54024" lon="19.6969">
        <ele>1210.1</ele>
      </trkpt>
      <trkpt lat="42.54022" lon="19.69683">
        <ele>1209.1</ele>
      </trkpt>
      <trkpt lat="42.54017" lon="19.6967">
        <ele>1206.9</ele>
      </trkpt>
      <trkpt lat="42.53997" lon="19.69635">
        <ele>1205.6</ele>
      </trkpt>
      <trkpt lat="42.5399" lon="19.69621">
        <ele>1205.9</ele>
      </trkpt>
      <trkpt lat="42.53985" lon="19.69613">
        <ele>1205.6</ele>
      </trkpt>
      <trkpt lat="42.53981" lon="19.69609">
        <ele>1205.0</ele>
      </trkpt>
      <trkpt lat="42.53977" lon="19.6961">
        <ele>1203.7</ele>
      </trkpt>
      <trkpt lat="42.53972" lon="19.69612">
        <ele>1201.9</ele>
      </trkpt>
      <trkpt lat="42.5397" lon="19.69619">
        <ele>1200.6</ele>
      </trkpt>
      <trkpt lat="42.5397" lon="19.69626">
        <ele>1199.8</ele>
      </trkpt>
      <trkpt lat="42.53973" lon="19.6964">
        <ele>1198.9</ele>
      </trkpt>
      <trkpt lat="42.53974" lon="19.69649">
        <ele>1198.1</ele>
      </trkpt>
      <trkpt lat="42.53974" lon="19.69662">
        <ele>1196.6</ele>
      </trkpt>
      <trkpt lat="42.53972" lon="19.69673">
        <ele>1196.7</ele>
      </trkpt>
      <trkpt lat="42.53963" lon="19.69687">
        <ele>1197.9</ele>
      </trkpt>
      <trkpt lat="42.53961" lon="19.69689">
        <ele>1198.0</ele>
      </trkpt>
      <trkpt lat="42.53958" lon="19.69689">
        <ele>1197.7</ele>
      </trkpt>
      <trkpt lat="42.53953" lon="19.69689">
        <ele>1197.0</ele>
      </trkpt>
      <trkpt lat="42.53927" lon="19.69675">
        <ele>1189.5</ele>
      </trkpt>
      <trkpt lat="42.53913" lon="19.69669">
        <ele>1185.3</ele>
      </trkpt>
      <trkpt lat="42.53906" lon="19.69668">
        <ele>1184.1</ele>
      </trkpt>
      <trkpt lat="42.53898" lon="19.69669">
        <ele>1183.5</ele>
      </trkpt>
      <trkpt lat="42.53854" lon="19.69683">
        <ele>1181.1</ele>
      </trkpt>
      <trkpt lat="42.53843" lon="19.69683">
        <ele>1179.4</ele>
      </trkpt>
      <trkpt lat="42.5383" lon="19.69681">
        <ele>1176.6</ele>
      </trkpt>
      <trkpt lat="42.5382" lon="19.69681">
        <ele>1173.5</ele>
      </trkpt>
      <trkpt lat="42.53809" lon="19.69683">
        <ele>1170.5</ele>
      </trkpt>
      <trkpt lat="42.53801" lon="19.69688">
        <ele>1168.6</ele>
      </trkpt>
      <trkpt lat="42.53796" lon="19.69696">
        <ele>1167.9</ele>
      </trkpt>
      <trkpt lat="42.53794" lon="19.69703">
        <ele>1168.0</ele>
      </trkpt>
      <trkpt lat="42.53793" lon="19.69711">
        <ele>1168.5</ele>
      </trkpt>
      <trkpt lat="42.53793" lon="19.69729">
        <ele>1170.4</ele>
      </trkpt>
      <trkpt lat="42.53796" lon="19.69804">
        <ele>1179.8</ele>
      </trkpt>
      <trkpt lat="42.53796" lon="19.69815">
        <ele>1181.1</ele>
      </trkpt>
      <trkpt lat="42.53793" lon="19.69826">
        <ele>1180.8</ele>
      </trkpt>
      <trkpt lat="42.53787" lon="19.69845">
        <ele>1181.1</ele>
      </trkpt>
      <trkpt lat="42.53783" lon="19.69852">
        <ele>1180.5</ele>
      </trkpt>
      <trkpt lat="42.53778" lon="19.69858">
        <ele>1179.2</ele>
      </trkpt>
      <trkpt lat="42.53756" lon="19.69879">
        <ele>1172.2</ele>
      </trkpt>
      <trkpt lat="42.5375" lon="19.69887">
        <ele>1170.7</ele>
      </trkpt>
      <trkpt lat="42.53738" lon="19.6991">
        <ele>1175.0</ele>
      </trkpt>
      <trkpt lat="42.53734" lon="19.6992">
        <ele>1175.3</ele>
      </trkpt>
      <trkpt lat="42.5373" lon="19.69937">
        <ele>1175.9</ele>
      </trkpt>
      <trkpt lat="42.53728" lon="19.69945">
        <ele>1176.2</ele>
      </trkpt>
      <trkpt lat="42.53722" lon="19.69953">
        <ele>1176.5</ele>
      </trkpt>
      <trkpt lat="42.53718" lon="19.69955">
        <ele>1176.7</ele>
      </trkpt>
      <trkpt lat="42.53713" lon="19.69954">
        <ele>1176.9</ele>
      </trkpt>
      <trkpt lat="42.53695" lon="19.6993">
        <ele>1178.1</ele>
      </trkpt>
      <trkpt lat="42.53679" lon="19.69906">
        <ele>1175.3</ele>
      </trkpt>
      <trkpt lat="42.53676" lon="19.69897">
        <ele>1174.0</ele>
      </trkpt>
      <trkpt lat="42.53672" lon="19.69879">
        <ele>1171.4</ele>
      </trkpt>
      <trkpt lat="42.53672" lon="19.69868">
        <ele>1169.8</ele>
      </trkpt>
      <trkpt lat="42.53679" lon="19.69822">
        <ele>1163.6</ele>
      </trkpt>
      <trkpt lat="42.5368" lon="19.69813">
        <ele>1162.9</ele>
      </trkpt>
      <trkpt lat="42.53678" lon="19.69767">
        <ele>1159.6</ele>
      </trkpt>
      <trkpt lat="42.53676" lon="19.69753">
        <ele>1158.7</ele>
      </trkpt>
      <trkpt lat="42.53673" lon="19.69744">
        <ele>1157.9</ele>
      </trkpt>
      <trkpt lat="42.5366" lon="19.69708">
        <ele>1156.1</ele>
      </trkpt>
      <trkpt lat="42.53648" lon="19.6967">
        <ele>1156.0</ele>
      </trkpt>
      <trkpt lat="42.53642" lon="19.69639">
        <ele>1154.8</ele>
      </trkpt>
      <trkpt lat="42.53639" lon="19.6962">
        <ele>1153.7</ele>
      </trkpt>
      <trkpt lat="42.53637" lon="19.69599">
        <ele>1151.9</ele>
      </trkpt>
      <trkpt lat="42.53634" lon="19.69535">
        <ele>1148.1</ele>
      </trkpt>
      <trkpt lat="42.53631" lon="19.69479">
        <ele>1145.8</ele>
      </trkpt>
      <trkpt lat="42.5363" lon="19.69457">
        <ele>1145.0</ele>
      </trkpt>
      <trkpt lat="42.53634" lon="19.69404">
        <ele>1140.8</ele>
      </trkpt>
      <trkpt lat="42.53635" lon="19.69381">
        <ele>1139.3</ele>
      </trkpt>
      <trkpt lat="42.53634" lon="19.69334">
        <ele>1137.4</ele>
      </trkpt>
      <trkpt lat="42.53635" lon="19.69281">
        <ele>1135.1</ele>
      </trkpt>
      <trkpt lat="42.53633" lon="19.69205">
        <ele>1134.1</ele>
      </trkpt>
      <trkpt lat="42.53629" lon="19.69171">
        <ele>1134.7</ele>
      </trkpt>
      <trkpt lat="42.53628" lon="19.69149">
        <ele>1133.4</ele>
      </trkpt>
      <trkpt lat="42.5363" lon="19.69102">
        <ele>1128.8</ele>
      </trkpt>
      <trkpt lat="42.53629" lon="19.69064">
        <ele>1127.3</ele>
      </trkpt>
      <trkpt lat="42.53626" lon="19.69016">
        <ele>1127.5</ele>
      </trkpt>
      <trkpt lat="42.53623" lon="19.68991">
        <ele>1127.6</ele>
      </trkpt>
      <trkpt lat="42.53613" lon="19.68882">
        <ele>1126.7</ele>
      </trkpt>
      <trkpt lat="42.53613" lon="19.68876">
        <ele>1126.9</ele>
      </trkpt>
      <trkpt lat="42.53617" lon="19.68864">
        <ele>1126.3</ele>
      </trkpt>
      <trkpt lat="42.53622" lon="19.68856">
        <ele>1125.5</ele>
      </trkpt>
      <trkpt lat="42.53629" lon="19.68849">
        <ele>1124.2</ele>
      </trkpt>
      <trkpt lat="42.53651" lon="19.68836">
        <ele>1120.1</ele>
      </trkpt>
      <trkpt lat="42.53654" lon="19.68833">
        <ele>1119.6</ele>
      </trkpt>
      <trkpt lat="42.53657" lon="19.68827">
        <ele>1119.4</ele>
      </trkpt>
      <trkpt lat="42.53667" lon="19.68777">
        <ele>1120.3</ele>
      </trkpt>
      <trkpt lat="42.53669" lon="19.68755">
        <ele>1121.4</ele>
      </trkpt>
      <trkpt lat="42.53669" lon="19.68739">
        <ele>1121.2</ele>
      </trkpt>
      <trkpt lat="42.53664" lon="19.6868">
        <ele>1119.7</ele>
      </trkpt>
      <trkpt lat="42.53659" lon="19.68644">
        <ele>1122.9</ele>
      </trkpt>
      <trkpt lat="42.53653" lon="19.68609">
        <ele>1128.6</ele>
      </trkpt>
      <trkpt lat="42.5365" lon="19.6859">
        <ele>1132.0</ele>
      </trkpt>
      <trkpt lat="42.53649" lon="19.68568">
        <ele>1134.9</ele>
      </trkpt>
      <trkpt lat="42.53651" lon="19.68548">
        <ele>1135.6</ele>
      </trkpt>
      <trkpt lat="42.53652" lon="19.68537">
        <ele>1136.1</ele>
      </trkpt>
      <trkpt lat="42.53657" lon="19.68513">
        <ele>1134.9</ele>
      </trkpt>
      <trkpt lat="42.53661" lon="19.68501">
        <ele>1133.1</ele>
      </trkpt>
      <trkpt lat="42.53675" lon="19.68463">
        <ele>1131.8</ele>
      </trkpt>
      <trkpt lat="42.53683" lon="19.68438">
        <ele>1134.3</ele>
      </trkpt>
      <trkpt lat="42.53693" lon="19.684">
        <ele>1136.7</ele>
      </trkpt>
      <trkpt lat="42.53696" lon="19.68389">
        <ele>1136.7</ele>
      </trkpt>
      <trkpt lat="42.53696" lon="19.68382">
        <ele>1136.5</ele>
      </trkpt>
      <trkpt lat="42.53695" lon="19.68369">
        <ele>1136.0</ele>
      </trkpt>
      <trkpt lat="42.5369" lon="19.68341">
        <ele>1135.0</ele>
      </trkpt>
      <trkpt lat="42.53688" lon="19.68332">
        <ele>1134.9</ele>
      </trkpt>
      <trkpt lat="42.53683" lon="19.6832">
        <ele>1135.7</ele>
      </trkpt>
      <trkpt lat="42.53678" lon="19.68312">
        <ele>1135.9</ele>
      </trkpt>
      <trkpt lat="42.53652" lon="19.68285">
        <ele>1138.8</ele>
      </trkpt>
      <trkpt lat="42.53647" lon="19.68279">
        <ele>1139.4</ele>
      </trkpt>
      <trkpt lat="42.5362" lon="19.68229">
        <ele>1134.0</ele>
      </trkpt>
      <trkpt lat="42.53593" lon="19.68178">
        <ele>1123.5</ele>
      </trkpt>
      <trkpt lat="42.53566" lon="19.68129">
        <ele>1111.6</ele>
      </trkpt>
      <trkpt lat="42.53562" lon="19.6812">
        <ele>1110.0</ele>
      </trkpt>
      <trkpt lat="42.53559" lon="19.6811">
        <ele>1107.9</ele>
      </trkpt>
      <trkpt lat="42.53553" lon="19.68079">
        <ele>1101.7</ele>
      </trkpt>
      <trkpt lat="42.53545" lon="19.68051">
        <ele>1100.5</ele>
      </trkpt>
      <trkpt lat="42.53544" lon="19.68044">
        <ele>1099.8</ele>
      </trkpt>
      <trkpt lat="42.53543" lon="19.68035">
        <ele>1098.8</ele>
      </trkpt>
      <trkpt lat="42.53542" lon="19.67988">
        <ele>1092.8</ele>
      </trkpt>
      <trkpt lat="42.53538" lon="19.67977">
        <ele>1092.7</ele>
      </trkpt>
      <trkpt lat="42.53535" lon="19.67972">
        <ele>1092.8</ele>
      </trkpt>
      <trkpt lat="42.53531" lon="19.67968">
        <ele>1093.1</ele>
      </trkpt>
      <trkpt lat="42.53487" lon="19.67937">
        <ele>1098.9</ele>
      </trkpt>
      <trkpt lat="42.5348" lon="19.6793">
        <ele>1101.1</ele>
      </trkpt>
      <trkpt lat="42.53473" lon="19.67922">
        <ele>1102.8</ele>
      </trkpt>
      <trkpt lat="42.53464" lon="19.67905">
        <ele>1102.1</ele>
      </trkpt>
      <trkpt lat="42.5346" lon="19.67895">
        <ele>1100.9</ele>
      </trkpt>
      <trkpt lat="42.53457" lon="19.67884">
        <ele>1099.0</ele>
      </trkpt>
      <trkpt lat="42.53455" lon="19.67867">
        <ele>1094.5</ele>
      </trkpt>
      <trkpt lat="42.53455" lon="19.6786">
        <ele>1092.1</ele>
      </trkpt>
      <trkpt lat="42.5346" lon="19.67823">
        <ele>1081.7</ele>
      </trkpt>
      <trkpt lat="42.53458" lon="19.6781">
        <ele>1086.7</ele>
      </trkpt>
      <trkpt lat="42.53454" lon="19.67798">
        <ele>1093.9</ele>
      </trkpt>
      <trkpt lat="42.53454" lon="19.67789">
        <ele>1096.4</ele>
      </trkpt>
      <trkpt lat="42.53455" lon="19.67782">
        <ele>1097.3</ele>
      </trkpt>
      <trkpt lat="42.53457" lon="19.67775">
        <ele>1096.8</ele>
      </trkpt>
      <trkpt lat="42.53463" lon="19.6776">
        <ele>1092.9</ele>
      </trkpt>
      <trkpt lat="42.53468" lon="19.6774">
        <ele>1089.5</ele>
      </trkpt>
      <trkpt lat="42.53471" lon="19.67721">
        <ele>1088.2</ele>
      </trkpt>
      <trkpt lat="42.53474" lon="19.67708">
        <ele>1086.3</ele>
      </trkpt>
      <trkpt lat="42.53489" lon="19.67673">
        <ele>1074.8</ele>
      </trkpt>
      <trkpt lat="42.5351" lon="19.67613">
        <ele>1058.9</ele>
      </trkpt>
      <trkpt lat="42.5351" lon="19.67607">
        <ele>1059.1</ele>
      </trkpt>
      <trkpt lat="42.53508" lon="19.67592">
        <ele>1061.0</ele>
      </trkpt>
      <trkpt lat="42.5349" lon="19.67525">
        <ele>1057.0</ele>
      </trkpt>
      <trkpt lat="42.53479" lon="19.67489">
        <ele>1052.5</ele>
      </trkpt>
      <trkpt lat="42.53462" lon="19.67449">
        <ele>1046.9</ele>
      </trkpt>
      <trkpt lat="42.53457" lon="19.67439">
        <ele>1045.3</ele>
      </trkpt>
      <trkpt lat="42.53399" lon="19.67358">
        <ele>1037.8</ele>
      </trkpt>
      <trkpt lat="42.53365" lon="19.67305">
        <ele>1034.3</ele>
      </trkpt>
      <trkpt lat="42.53356" lon="19.67295">
        <ele>1034.7</ele>
      </trkpt>
      <trkpt lat="42.53331" lon="19.67273">
        <ele>1037.8</ele>
      </trkpt>
      <trkpt lat="42.53326" lon="19.67263">
        <ele>1036.9</ele>
      </trkpt>
      <trkpt lat="42.53323" lon="19.67255">
        <ele>1035.5</ele>
      </trkpt>
      <trkpt lat="42.53309" lon="19.67187">
        <ele>1024.5</ele>
      </trkpt>
      <trkpt lat="42.53305" lon="19.67175">
        <ele>1024.0</ele>
      </trkpt>
      <trkpt lat="42.53288" lon="19.67129">
        <ele>1028.6</ele>
      </trkpt>
      <trkpt lat="42.53284" lon="19.67117">
        <ele>1030.2</ele>
      </trkpt>
      <trkpt lat="42.5328" lon="19.67095">
        <ele>1030.8</ele>
      </trkpt>
      <trkpt lat="42.53275" lon="19.6705">
        <ele>1032.1</ele>
      </trkpt>
      <trkpt lat="42.53275" lon="19.67034">
        <ele>1031.3</ele>
      </trkpt>
      <trkpt lat="42.53271" lon="19.67">
        <ele>1033.6</ele>
      </trkpt>
      <trkpt lat="42.53271" lon="19.66986">
        <ele>1033.3</ele>
      </trkpt>
      <trkpt lat="42.53271" lon="19.66971">
        <ele>1033.0</ele>
      </trkpt>
      <trkpt lat="42.53275" lon="19.66957">
        <ele>1028.7</ele>
      </trkpt>
      <trkpt lat="42.53288" lon="19.66927">
        <ele>1015.6</ele>
      </trkpt>
      <trkpt lat="42.53291" lon="19.66915">
        <ele>1012.7</ele>
      </trkpt>
      <trkpt lat="42.53292" lon="19.66909">
        <ele>1012.2</ele>
      </trkpt>
      <trkpt lat="42.53291" lon="19.66901">
        <ele>1013.8</ele>
      </trkpt>
      <trkpt lat="42.53284" lon="19.66867">
        <ele>1023.3</ele>
      </trkpt>
      <trkpt lat="42.53282" lon="19.66848">
        <ele>1026.8</ele>
      </trkpt>
      <trkpt lat="42.53281" lon="19.66829">
        <ele>1028.7</ele>
      </trkpt>
      <trkpt lat="42.53282" lon="19.66801">
        <ele>1025.9</ele>
      </trkpt>
      <trkpt lat="42.53285" lon="19.66785">
        <ele>1021.9</ele>
      </trkpt>
      <trkpt lat="42.53297" lon="19.66754">
        <ele>1008.6</ele>
      </trkpt>
      <trkpt lat="42.53298" lon="19.66747">
        <ele>1007.8</ele>
      </trkpt>
      <trkpt lat="42.53299" lon="19.66739">
        <ele>1007.8</ele>
      </trkpt>
      <trkpt lat="42.53299" lon="19.66733">
        <ele>1008.5</ele>
      </trkpt>
      <trkpt lat="42.53297" lon="19.6672">
        <ele>1012.0</ele>
      </trkpt>
      <trkpt lat="42.53291" lon="19.66693">
        <ele>1022.1</ele>
      </trkpt>
      <trkpt lat="42.53291" lon="19.66685">
        <ele>1023.2</ele>
      </trkpt>
      <trkpt lat="42.53291" lon="19.66679">
        <ele>1024.1</ele>
      </trkpt>
      <trkpt lat="42.53297" lon="19.6666">
        <ele>1022.1</ele>
      </trkpt>
      <trkpt lat="42.53298" lon="19.66653">
        <ele>1024.8</ele>
      </trkpt>
      <trkpt lat="42.53299" lon="19.66635">
        <ele>1033.5</ele>
      </trkpt>
      <trkpt lat="42.53298" lon="19.66606">
        <ele>1050.7</ele>
      </trkpt>
      <trkpt lat="42.533" lon="19.66557">
        <ele>1054.7</ele>
      </trkpt>
      <trkpt lat="42.53303" lon="19.66527">
        <ele>1045.2</ele>
      </trkpt>
      <trkpt lat="42.53319" lon="19.66439">
        <ele>1020.3</ele>
      </trkpt>
      <trkpt lat="42.53321" lon="19.66416">
        <ele>1015.3</ele>
      </trkpt>
      <trkpt lat="42.53322" lon="19.664">
        <ele>1012.7</ele>
      </trkpt>
      <trkpt lat="42.53324" lon="19.66361">
        <ele>1006.5</ele>
      </trkpt>
      <trkpt lat="42.53323" lon="19.66282">
        <ele>999.9</ele>
      </trkpt>
      <trkpt lat="42.53325" lon="19.66253">
        <ele>996.6</ele>
      </trkpt>
      <trkpt lat="42.53327" lon="19.66239">
        <ele>994.7</ele>
      </trkpt>
      <trkpt lat="42.53339" lon="19.66181">
        <ele>989.9</ele>
      </trkpt>
      <trkpt lat="42.53341" lon="19.66165">
        <ele>989.8</ele>
      </trkpt>
      <trkpt lat="42.53342" lon="19.66132">
        <ele>988.9</ele>
      </trkpt>
      <trkpt lat="42.53341" lon="19.66081">
        <ele>986.8</ele>
      </trkpt>
      <trkpt lat="42.5334" lon="19.66066">
        <ele>985.5</ele>
      </trkpt>
      <trkpt lat="42.53338" lon="19.66054">
        <ele>984.1</ele>
      </trkpt>
      <trkpt lat="42.53334" lon="19.66041">
        <ele>982.1</ele>
      </trkpt>
      <trkpt lat="42.53319" lon="19.66008">
        <ele>987.7</ele>
      </trkpt>
      <trkpt lat="42.53312" lon="19.65996">
        <ele>990.6</ele>
      </trkpt>
      <trkpt lat="42.53296" lon="19.65973">
        <ele>996.6</ele>
      </trkpt>
      <trkpt lat="42.53278" lon="19.65941">
        <ele>1001.7</ele>
      </trkpt>
      <trkpt lat="42.53273" lon="19.6593">
        <ele>1002.7</ele>
      </trkpt>
      <trkpt lat="42.53267" lon="19.65912">
        <ele>1002.8</ele>
      </trkpt>
      <trkpt lat="42.53266" lon="19.65903">
        <ele>1001.6</ele>
      </trkpt>
      <trkpt lat="42.53263" lon="19.65866">
        <ele>996.1</ele>
      </trkpt>
      <trkpt lat="42.53259" lon="19.65841">
        <ele>993.0</ele>
      </trkpt>
      <trkpt lat="42.53249" lon="19.65804">
        <ele>990.2</ele>
      </trkpt>
      <trkpt lat="42.53247" lon="19.65789">
        <ele>989.0</ele>
      </trkpt>
      <trkpt lat="42.53247" lon="19.65776">
        <ele>986.4</ele>
      </trkpt>
      <trkpt lat="42.53249" lon="19.65745">
        <ele>978.9</ele>
      </trkpt>
      <trkpt lat="42.53252" lon="19.65729">
        <ele>974.8</ele>
      </trkpt>
      <trkpt lat="42.53255" lon="19.65726">
        <ele>973.7</ele>
      </trkpt>
      <trkpt lat="42.53259" lon="19.65723">
        <ele>972.5</ele>
      </trkpt>
      <trkpt lat="42.53262" lon="19.65723">
        <ele>972.0</ele>
      </trkpt>
      <trkpt lat="42.53265" lon="19.65724">
        <ele>971.6</ele>
      </trkpt>
      <trkpt lat="42.53266" lon="19.65727">
        <ele>971.8</ele>
      </trkpt>
      <trkpt lat="42.53267" lon="19.6573">
        <ele>972.1</ele>
      </trkpt>
      <trkpt lat="42.53266" lon="19.65765">
        <ele>977.6</ele>
      </trkpt>
      <trkpt lat="42.53268" lon="19.65782">
        <ele>979.8</ele>
      </trkpt>
      <trkpt lat="42.53271" lon="19.65788">
        <ele>978.6</ele>
      </trkpt>
      <trkpt lat="42.53274" lon="19.65793">
        <ele>977.6</ele>
      </trkpt>
      <trkpt lat="42.53283" lon="19.658">
        <ele>975.5</ele>
      </trkpt>
      <trkpt lat="42.53289" lon="19.65801">
        <ele>974.2</ele>
      </trkpt>
      <trkpt lat="42.53293" lon="19.65799">
        <ele>973.3</ele>
      </trkpt>
      <trkpt lat="42.53297" lon="19.65796">
        <ele>972.4</ele>
      </trkpt>
      <trkpt lat="42.533" lon="19.65791">
        <ele>971.4</ele>
      </trkpt>
      <trkpt lat="42.53302" lon="19.65778">
        <ele>969.4</ele>
      </trkpt>
      <trkpt lat="42.53309" lon="19.65696">
        <ele>962.0</ele>
      </trkpt>
      <trkpt lat="42.53309" lon="19.6567">
        <ele>960.6</ele>
      </trkpt>
      <trkpt lat="42.53309" lon="19.65636">
        <ele>963.7</ele>
      </trkpt>
      <trkpt lat="42.53308" lon="19.65627">
        <ele>964.6</ele>
      </trkpt>
      <trkpt lat="42.53306" lon="19.65619">
        <ele>965.3</ele>
      </trkpt>
      <trkpt lat="42.53302" lon="19.65609">
        <ele>965.8</ele>
      </trkpt>
      <trkpt lat="42.53288" lon="19.65593">
        <ele>966.0</ele>
      </trkpt>
      <trkpt lat="42.53282" lon="19.65584">
        <ele>966.2</ele>
      </trkpt>
      <trkpt lat="42.53269" lon="19.65554">
        <ele>966.6</ele>
      </trkpt>
      <trkpt lat="42.53266" lon="19.65544">
        <ele>966.7</ele>
      </trkpt>
      <trkpt lat="42.53263" lon="19.65533">
        <ele>966.8</ele>
      </trkpt>
      <trkpt lat="42.5326" lon="19.65516">
        <ele>967.1</ele>
      </trkpt>
      <trkpt lat="42.53251" lon="19.65481">
        <ele>967.5</ele>
      </trkpt>
      <trkpt lat="42.53245" lon="19.65464">
        <ele>969.2</ele>
      </trkpt>
      <trkpt lat="42.53236" lon="19.65444">
        <ele>971.0</ele>
      </trkpt>
      <trkpt lat="42.53226" lon="19.65425">
        <ele>971.7</ele>
      </trkpt>
      <trkpt lat="42.53212" lon="19.65405">
        <ele>970.3</ele>
      </trkpt>
      <trkpt lat="42.53202" lon="19.65383">
        <ele>967.6</ele>
      </trkpt>
      <trkpt lat="42.53192" lon="19.65355">
        <ele>963.3</ele>
      </trkpt>
      <trkpt lat="42.53187" lon="19.65337">
        <ele>960.3</ele>
      </trkpt>
      <trkpt lat="42.53182" lon="19.65305">
        <ele>955.2</ele>
      </trkpt>
      <trkpt lat="42.53179" lon="19.65245">
        <ele>947.1</ele>
      </trkpt>
      <trkpt lat="42.53178" lon="19.65234">
        <ele>945.9</ele>
      </trkpt>
      <trkpt lat="42.53179" lon="19.65226">
        <ele>945.8</ele>
      </trkpt>
      <trkpt lat="42.5318" lon="19.65217">
        <ele>945.6</ele>
      </trkpt>
      <trkpt lat="42.53205" lon="19.65159">
        <ele>955.3</ele>
      </trkpt>
      <trkpt lat="42.53218" lon="19.6512">
        <ele>962.5</ele>
      </trkpt>
      <trkpt lat="42.53224" lon="19.6509">
        <ele>965.9</ele>
      </trkpt>
      <trkpt lat="42.53236" lon="19.64997">
        <ele>973.1</ele>
      </trkpt>
      <trkpt lat="42.53236" lon="19.6498">
        <ele>973.0</ele>
      </trkpt>
      <trkpt lat="42.53224" lon="19.64935">
        <ele>965.9</ele>
      </trkpt>
      <trkpt lat="42.53216" lon="19.64887">
        <ele>960.7</ele>
      </trkpt>
      <trkpt lat="42.53213" lon="19.64877">
        <ele>958.8</ele>
      </trkpt>
      <trkpt lat="42.53205" lon="19.64861">
        <ele>953.8</ele>
      </trkpt>
      <trkpt lat="42.53195" lon="19.64843">
        <ele>947.5</ele>
      </trkpt>
      <trkpt lat="42.53177" lon="19.6482">
        <ele>937.0</ele>
      </trkpt>
      <trkpt lat="42.53164" lon="19.64805">
        <ele>931.4</ele>
      </trkpt>
      <trkpt lat="42.53141" lon="19.64784">
        <ele>931.8</ele>
      </trkpt>
      <trkpt lat="42.53123" lon="19.64762">
        <ele>930.7</ele>
      </trkpt>
      <trkpt lat="42.53115" lon="19.64749">
        <ele>929.6</ele>
      </trkpt>
      <trkpt lat="42.53112" lon="19.6474">
        <ele>928.9</ele>
      </trkpt>
      <trkpt lat="42.53109" lon="19.64724">
        <ele>927.6</ele>
      </trkpt>
      <trkpt lat="42.53101" lon="19.64668">
        <ele>925.0</ele>
      </trkpt>
      <trkpt lat="42.531" lon="19.64662">
        <ele>924.8</ele>
      </trkpt>
      <trkpt lat="42.53097" lon="19.64657">
        <ele>924.5</ele>
      </trkpt>
      <trkpt lat="42.53094" lon="19.64652">
        <ele>924.2</ele>
      </trkpt>
      <trkpt lat="42.53079" lon="19.64641">
        <ele>923.2</ele>
      </trkpt>
      <trkpt lat="42.53072" lon="19.64633">
        <ele>922.7</ele>
      </trkpt>
      <trkpt lat="42.53068" lon="19.64626">
        <ele>922.3</ele>
      </trkpt>
      <trkpt lat="42.53066" lon="19.64617">
        <ele>921.9</ele>
      </trkpt>
      <trkpt lat="42.53064" lon="19.64581">
        <ele>919.5</ele>
      </trkpt>
      <trkpt lat="42.53061" lon="19.64567">
        <ele>919.5</ele>
      </trkpt>
      <trkpt lat="42.53037" lon="19.64491">
        <ele>917.3</ele>
      </trkpt>
      <trkpt lat="42.5303" lon="19.64474">
        <ele>916.6</ele>
      </trkpt>
      <trkpt lat="42.53018" lon="19.64452">
        <ele>915.1</ele>
      </trkpt>
      <trkpt lat="42.53003" lon="19.64432">
        <ele>912.9</ele>
      </trkpt>
      <trkpt lat="42.52989" lon="19.64417">
        <ele>914.1</ele>
      </trkpt>
      <trkpt lat="42.52979" lon="19.64408">
        <ele>916.1</ele>
      </trkpt>
      <trkpt lat="42.52964" lon="19.64397">
        <ele>918.7</ele>
      </trkpt>
      <trkpt lat="42.52951" lon="19.64389">
        <ele>920.6</ele>
      </trkpt>
      <trkpt lat="42.52939" lon="19.64385">
        <ele>922.5</ele>
      </trkpt>
      <trkpt lat="42.52901" lon="19.64377">
        <ele>930.3</ele>
      </trkpt>
      <trkpt lat="42.52863" lon="19.64363">
        <ele>937.3</ele>
      </trkpt>
      <trkpt lat="42.52848" lon="19.6436">
        <ele>940.3</ele>
      </trkpt>
      <trkpt lat="42.52839" lon="19.64359">
        <ele>942.3</ele>
      </trkpt>
      <trkpt lat="42.52828" lon="19.6436">
        <ele>945.9</ele>
      </trkpt>
      <trkpt lat="42.52801" lon="19.64367">
        <ele>957.8</ele>
      </trkpt>
      <trkpt lat="42.52785" lon="19.64367">
        <ele>963.1</ele>
      </trkpt>
      <trkpt lat="42.52771" lon="19.64363">
        <ele>965.4</ele>
      </trkpt>
      <trkpt lat="42.52747" lon="19.64351">
        <ele>964.2</ele>
      </trkpt>
      <trkpt lat="42.52737" lon="19.64344">
        <ele>956.7</ele>
      </trkpt>
      <trkpt lat="42.52733" lon="19.64339">
        <ele>951.6</ele>
      </trkpt>
      <trkpt lat="42.52719" lon="19.64322">
        <ele>937.7</ele>
      </trkpt>
      <trkpt lat="42.5267" lon="19.64243">
        <ele>909.4</ele>
      </trkpt>
      <trkpt lat="42.52662" lon="19.64233">
        <ele>909.1</ele>
      </trkpt>
      <trkpt lat="42.52655" lon="19.64227">
        <ele>910.2</ele>
      </trkpt>
      <trkpt lat="42.52634" lon="19.64214">
        <ele>913.6</ele>
      </trkpt>
      <trkpt lat="42.52627" lon="19.64208">
        <ele>914.5</ele>
      </trkpt>
      <trkpt lat="42.52622" lon="19.64204">
        <ele>915.1</ele>
      </trkpt>
      <trkpt lat="42.52614" lon="19.64192">
        <ele>915.2</ele>
      </trkpt>
      <trkpt lat="42.52611" lon="19.64181">
        <ele>914.2</ele>
      </trkpt>
      <trkpt lat="42.52605" lon="19.64159">
        <ele>913.2</ele>
      </trkpt>
      <trkpt lat="42.52594" lon="19.64099">
        <ele>913.9</ele>
      </trkpt>
      <trkpt lat="42.52588" lon="19.64079">
        <ele>914.2</ele>
      </trkpt>
      <trkpt lat="42.52584" lon="19.64071">
        <ele>914.5</ele>
      </trkpt>
      <trkpt lat="42.52571" lon="19.64053">
        <ele>915.1</ele>
      </trkpt>
      <trkpt lat="42.52535" lon="19.64012">
        <ele>912.6</ele>
      </trkpt>
      <trkpt lat="42.525" lon="19.63971">
        <ele>906.9</ele>
      </trkpt>
      <trkpt lat="42.52495" lon="19.63963">
        <ele>907.5</ele>
      </trkpt>
      <trkpt lat="42.5249" lon="19.63953">
        <ele>907.7</ele>
      </trkpt>
      <trkpt lat="42.52486" lon="19.63943">
        <ele>907.3</ele>
      </trkpt>
      <trkpt lat="42.52483" lon="19.63931">
        <ele>906.1</ele>
      </trkpt>
      <trkpt lat="42.52476" lon="19.63894">
        <ele>903.4</ele>
      </trkpt>
      <trkpt lat="42.52466" lon="19.6382">
        <ele>899.9</ele>
      </trkpt>
      <trkpt lat="42.52464" lon="19.63813">
        <ele>900.0</ele>
      </trkpt>
      <trkpt lat="42.52462" lon="19.63807">
        <ele>900.0</ele>
      </trkpt>
      <trkpt lat="42.52457" lon="19.63802">
        <ele>899.7</ele>
      </trkpt>
      <trkpt lat="42.52452" lon="19.63797">
        <ele>899.3</ele>
      </trkpt>
      <trkpt lat="42.5242" lon="19.63783">
        <ele>895.2</ele>
      </trkpt>
      <trkpt lat="42.52413" lon="19.63778">
        <ele>896.8</ele>
      </trkpt>
      <trkpt lat="42.52408" lon="19.63771">
        <ele>899.6</ele>
      </trkpt>
      <trkpt lat="42.52401" lon="19.63754">
        <ele>902.3</ele>
      </trkpt>
      <trkpt lat="42.52399" lon="19.63739">
        <ele>902.1</ele>
      </trkpt>
      <trkpt lat="42.524" lon="19.63688">
        <ele>896.7</ele>
      </trkpt>
      <trkpt lat="42.52401" lon="19.63675">
        <ele>895.2</ele>
      </trkpt>
      <trkpt lat="42.52407" lon="19.63634">
        <ele>889.4</ele>
      </trkpt>
      <trkpt lat="42.52407" lon="19.63625">
        <ele>888.4</ele>
      </trkpt>
      <trkpt lat="42.52407" lon="19.63607">
        <ele>886.5</ele>
      </trkpt>
      <trkpt lat="42.52402" lon="19.63561">
        <ele>880.5</ele>
      </trkpt>
      <trkpt lat="42.52401" lon="19.63547">
        <ele>878.0</ele>
      </trkpt>
      <trkpt lat="42.52403" lon="19.63532">
        <ele>875.0</ele>
      </trkpt>
      <trkpt lat="42.52407" lon="19.63511">
        <ele>870.8</ele>
      </trkpt>
      <trkpt lat="42.52407" lon="19.63493">
        <ele>867.3</ele>
      </trkpt>
      <trkpt lat="42.52405" lon="19.63486">
        <ele>866.0</ele>
      </trkpt>
      <trkpt lat="42.52403" lon="19.63479">
        <ele>864.7</ele>
      </trkpt>
      <trkpt lat="42.52395" lon="19.63466">
        <ele>862.5</ele>
      </trkpt>
      <trkpt lat="42.5239" lon="19.63459">
        <ele>861.2</ele>
      </trkpt>
      <trkpt lat="42.52374" lon="19.63445">
        <ele>859.0</ele>
      </trkpt>
      <trkpt lat="42.52344" lon="19.63424">
        <ele>855.4</ele>
      </trkpt>
      <trkpt lat="42.52341" lon="19.6342">
        <ele>854.6</ele>
      </trkpt>
      <trkpt lat="42.52339" lon="19.63415">
        <ele>853.4</ele>
      </trkpt>
      <trkpt lat="42.52338" lon="19.6341">
        <ele>852.1</ele>
      </trkpt>
      <trkpt lat="42.52339" lon="19.63404">
        <ele>850.4</ele>
      </trkpt>
      <trkpt lat="42.52342" lon="19.63399">
        <ele>848.9</ele>
      </trkpt>
      <trkpt lat="42.52346" lon="19.63398">
        <ele>848.5</ele>
      </trkpt>
      <trkpt lat="42.52351" lon="19.63398">
        <ele>848.3</ele>
      </trkpt>
      <trkpt lat="42.52375" lon="19.63404">
        <ele>848.9</ele>
      </trkpt>
      <trkpt lat="42.52385" lon="19.63406">
        <ele>849.0</ele>
      </trkpt>
      <trkpt lat="42.52392" lon="19.63405">
        <ele>848.4</ele>
      </trkpt>
      <trkpt lat="42.52398" lon="19.63402">
        <ele>847.3</ele>
      </trkpt>
      <trkpt lat="42.52402" lon="19.63398">
        <ele>845.9</ele>
      </trkpt>
      <trkpt lat="42.52404" lon="19.63391">
        <ele>843.6</ele>
      </trkpt>
      <trkpt lat="42.52406" lon="19.63384">
        <ele>841.4</ele>
      </trkpt>
      <trkpt lat="42.52405" lon="19.63378">
        <ele>839.6</ele>
      </trkpt>
      <trkpt lat="42.52403" lon="19.63373">
        <ele>838.2</ele>
      </trkpt>
      <trkpt lat="42.52393" lon="19.63362">
        <ele>835.5</ele>
      </trkpt>
      <trkpt lat="42.52359" lon="19.63335">
        <ele>830.3</ele>
      </trkpt>
      <trkpt lat="42.5235" lon="19.63326">
        <ele>828.2</ele>
      </trkpt>
      <trkpt lat="42.52347" lon="19.6332">
        <ele>826.5</ele>
      </trkpt>
      <trkpt lat="42.52345" lon="19.63313">
        <ele>824.5</ele>
      </trkpt>
      <trkpt lat="42.52349" lon="19.63299">
        <ele>819.5</ele>
      </trkpt>
      <trkpt lat="42.52354" lon="19.63294">
        <ele>817.3</ele>
      </trkpt>
      <trkpt lat="42.5236" lon="19.63292">
        <ele>815.9</ele>
      </trkpt>
      <trkpt lat="42.52366" lon="19.63293">
        <ele>815.5</ele>
      </trkpt>
      <trkpt lat="42.52372" lon="19.63296">
        <ele>815.9</ele>
      </trkpt>
      <trkpt lat="42.52383" lon="19.63305">
        <ele>817.8</ele>
      </trkpt>
      <trkpt lat="42.52391" lon="19.6331">
        <ele>818.7</ele>
      </trkpt>
      <trkpt lat="42.52396" lon="19.63312">
        <ele>818.9</ele>
      </trkpt>
      <trkpt lat="42.52401" lon="19.63313">
        <ele>818.8</ele>
      </trkpt>
      <trkpt lat="42.52405" lon="19.63313">
        <ele>818.4</ele>
      </trkpt>
      <trkpt lat="42.5241" lon="19.63311">
        <ele>817.1</ele>
      </trkpt>
      <trkpt lat="42.52413" lon="19.63307">
        <ele>815.3</ele>
      </trkpt>
      <trkpt lat="42.52416" lon="19.63303">
        <ele>813.4</ele>
      </trkpt>
      <trkpt lat="42.52418" lon="19.63298">
        <ele>812.0</ele>
      </trkpt>
      <trkpt lat="42.52419" lon="19.63286">
        <ele>807.6</ele>
      </trkpt>
      <trkpt lat="42.52418" lon="19.63281">
        <ele>805.3</ele>
      </trkpt>
      <trkpt lat="42.52416" lon="19.63276">
        <ele>803.1</ele>
      </trkpt>
      <trkpt lat="42.52409" lon="19.63268">
        <ele>801.0</ele>
      </trkpt>
      <trkpt lat="42.52398" lon="19.63262">
        <ele>800.3</ele>
      </trkpt>
      <trkpt lat="42.52342" lon="19.63243">
        <ele>801.2</ele>
      </trkpt>
      <trkpt lat="42.52329" lon="19.63238">
        <ele>802.6</ele>
      </trkpt>
      <trkpt lat="42.52317" lon="19.63229">
        <ele>805.2</ele>
      </trkpt>
      <trkpt lat="42.52291" lon="19.63204">
        <ele>807.3</ele>
      </trkpt>
      <trkpt lat="42.52276" lon="19.63184">
        <ele>805.1</ele>
      </trkpt>
      <trkpt lat="42.52245" lon="19.63137">
        <ele>796.1</ele>
      </trkpt>
      <trkpt lat="42.52227" lon="19.63107">
        <ele>787.9</ele>
      </trkpt>
      <trkpt lat="42.52201" lon="19.63072">
        <ele>777.9</ele>
      </trkpt>
      <trkpt lat="42.52193" lon="19.63058">
        <ele>776.8</ele>
      </trkpt>
      <trkpt lat="42.52188" lon="19.63045">
        <ele>774.6</ele>
      </trkpt>
      <trkpt lat="42.52179" lon="19.63018">
        <ele>769.6</ele>
      </trkpt>
      <trkpt lat="42.52167" lon="19.62967">
        <ele>762.1</ele>
      </trkpt>
      <trkpt lat="42.52156" lon="19.62914">
        <ele>755.6</ele>
      </trkpt>
      <trkpt lat="42.52147" lon="19.62876">
        <ele>740.5</ele>
      </trkpt>
      <trkpt lat="42.52143" lon="19.62867">
        <ele>737.3</ele>
      </trkpt>
      <trkpt lat="42.5214" lon="19.62861">
        <ele>735.1</ele>
      </trkpt>
      <trkpt lat="42.52137" lon="19.62859">
        <ele>735.1</ele>
      </trkpt>
      <trkpt lat="42.52129" lon="19.62856">
        <ele>735.9</ele>
      </trkpt>
      <trkpt lat="42.52121" lon="19.62857">
        <ele>739.0</ele>
      </trkpt>
      <trkpt lat="42.52109" lon="19.6286">
        <ele>744.5</ele>
      </trkpt>
      <trkpt lat="42.52091" lon="19.62862">
        <ele>751.5</ele>
      </trkpt>
      <trkpt lat="42.52062" lon="19.62856">
        <ele>754.4</ele>
      </trkpt>
      <trkpt lat="42.52048" lon="19.6285">
        <ele>753.0</ele>
      </trkpt>
      <trkpt lat="42.52025" lon="19.62831">
        <ele>744.1</ele>
      </trkpt>
      <trkpt lat="42.52019" lon="19.62824">
        <ele>743.1</ele>
      </trkpt>
      <trkpt lat="42.51985" lon="19.62772">
        <ele>736.0</ele>
      </trkpt>
      <trkpt lat="42.51973" lon="19.62755">
        <ele>733.9</ele>
      </trkpt>
      <trkpt lat="42.5195" lon="19.62733">
        <ele>733.0</ele>
      </trkpt>
      <trkpt lat="42.51918" lon="19.62711">
        <ele>734.8</ele>
      </trkpt>
      <trkpt lat="42.5191" lon="19.62702">
        <ele>734.7</ele>
      </trkpt>
      <trkpt lat="42.51903" lon="19.62691">
        <ele>733.7</ele>
      </trkpt>
      <trkpt lat="42.51891" lon="19.62667">
        <ele>730.6</ele>
      </trkpt>
      <trkpt lat="42.51882" lon="19.62655">
        <ele>730.1</ele>
      </trkpt>
      <trkpt lat="42.51866" lon="19.62637">
        <ele>729.4</ele>
      </trkpt>
      <trkpt lat="42.51828" lon="19.62589">
        <ele>723.6</ele>
      </trkpt>
      <trkpt lat="42.51805" lon="19.62572">
        <ele>722.8</ele>
      </trkpt>
      <trkpt lat="42.51785" lon="19.62564">
        <ele>724.2</ele>
      </trkpt>
      <trkpt lat="42.51761" lon="19.62557">
        <ele>727.1</ele>
      </trkpt>
      <trkpt lat="42.51742" lon="19.62548">
        <ele>728.7</ele>
      </trkpt>
      <trkpt lat="42.51707" lon="19.6253">
        <ele>731.3</ele>
      </trkpt>
      <trkpt lat="42.51695" lon="19.62522">
        <ele>731.2</ele>
      </trkpt>
      <trkpt lat="42.51682" lon="19.62511">
        <ele>730.0</ele>
      </trkpt>
      <trkpt lat="42.51677" lon="19.62508">
        <ele>730.0</ele>
      </trkpt>
      <trkpt lat="42.51651" lon="19.62504">
        <ele>736.2</ele>
      </trkpt>
      <trkpt lat="42.5164" lon="19.62499">
        <ele>738.0</ele>
      </trkpt>
      <trkpt lat="42.51632" lon="19.62491">
        <ele>738.3</ele>
      </trkpt>
      <trkpt lat="42.51625" lon="19.6248">
        <ele>737.3</ele>
      </trkpt>
      <trkpt lat="42.51621" lon="19.62466">
        <ele>734.1</ele>
      </trkpt>
      <trkpt lat="42.51615" lon="19.62438">
        <ele>726.9</ele>
      </trkpt>
      <trkpt lat="42.51609" lon="19.6242">
        <ele>722.6</ele>
      </trkpt>
      <trkpt lat="42.51605" lon="19.6241">
        <ele>720.6</ele>
      </trkpt>
      <trkpt lat="42.516" lon="19.62403">
        <ele>719.7</ele>
      </trkpt>
      <trkpt lat="42.51589" lon="19.6239">
        <ele>718.6</ele>
      </trkpt>
      <trkpt lat="42.51563" lon="19.62366">
        <ele>718.1</ele>
      </trkpt>
      <trkpt lat="42.51556" lon="19.62356">
        <ele>716.7</ele>
      </trkpt>
      <trkpt lat="42.51552" lon="19.6235">
        <ele>715.7</ele>
      </trkpt>
      <trkpt lat="42.51545" lon="19.62331">
        <ele>711.4</ele>
      </trkpt>
      <trkpt lat="42.51539" lon="19.62311">
        <ele>709.4</ele>
      </trkpt>
      <trkpt lat="42.51535" lon="19.62303">
        <ele>709.0</ele>
      </trkpt>
      <trkpt lat="42.51508" lon="19.62253">
        <ele>705.2</ele>
      </trkpt>
      <trkpt lat="42.51493" lon="19.6222">
        <ele>703.9</ele>
      </trkpt>
      <trkpt lat="42.51479" lon="19.62181">
        <ele>702.3</ele>
      </trkpt>
      <trkpt lat="42.51473" lon="19.62168">
        <ele>702.0</ele>
      </trkpt>
      <trkpt lat="42.51466" lon="19.62157">
        <ele>702.2</ele>
      </trkpt>
      <trkpt lat="42.51414" lon="19.6208">
        <ele>700.8</ele>
      </trkpt>
      <trkpt lat="42.51396" lon="19.62056">
        <ele>699.2</ele>
      </trkpt>
      <trkpt lat="42.51371" lon="19.62024">
        <ele>696.8</ele>
      </trkpt>
      <trkpt lat="42.51309" lon="19.61959">
        <ele>694.4</ele>
      </trkpt>
      <trkpt lat="42.51261" lon="19.61894">
        <ele>689.7</ele>
      </trkpt>
      <trkpt lat="42.51212" lon="19.6183">
        <ele>686.6</ele>
      </trkpt>
      <trkpt lat="42.51197" lon="19.61808">
        <ele>684.6</ele>
      </trkpt>
      <trkpt lat="42.51185" lon="19.61789">
        <ele>682.0</ele>
      </trkpt>
      <trkpt lat="42.51182" lon="19.61786">
        <ele>681.6</ele>
      </trkpt>
      <trkpt lat="42.51179" lon="19.61785">
        <ele>681.6</ele>
      </trkpt>
      <trkpt lat="42.51175" lon="19.61784">
        <ele>681.6</ele>
      </trkpt>
      <trkpt lat="42.51171" lon="19.61786">
        <ele>682.1</ele>
      </trkpt>
      <trkpt lat="42.51142" lon="19.61809">
        <ele>686.4</ele>
      </trkpt>
      <trkpt lat="42.51136" lon="19.61812">
        <ele>687.0</ele>
      </trkpt>
      <trkpt lat="42.51115" lon="19.61813">
        <ele>686.8</ele>
      </trkpt>
      <trkpt lat="42.51097" lon="19.61812">
        <ele>686.2</ele>
      </trkpt>
      <trkpt lat="42.51066" lon="19.61809">
        <ele>684.9</ele>
      </trkpt>
      <trkpt lat="42.51055" lon="19.61807">
        <ele>684.2</ele>
      </trkpt>
      <trkpt lat="42.51044" lon="19.61801">
        <ele>682.3</ele>
      </trkpt>
      <trkpt lat="42.51026" lon="19.61786">
        <ele>677.1</ele>
      </trkpt>
      <trkpt lat="42.51008" lon="19.61776">
        <ele>673.3</ele>
      </trkpt>
      <trkpt lat="42.51" lon="19.61774">
        <ele>672.4</ele>
      </trkpt>
      <trkpt lat="42.50975" lon="19.61772">
        <ele>679.0</ele>
      </trkpt>
      <trkpt lat="42.50968" lon="19.6177">
        <ele>680.4</ele>
      </trkpt>
      <trkpt lat="42.50959" lon="19.61764">
        <ele>680.8</ele>
      </trkpt>
      <trkpt lat="42.50949" lon="19.61754">
        <ele>680.1</ele>
      </trkpt>
      <trkpt lat="42.50941" lon="19.61744">
        <ele>678.9</ele>
      </trkpt>
      <trkpt lat="42.50901" lon="19.61681">
        <ele>664.9</ele>
      </trkpt>
      <trkpt lat="42.50879" lon="19.61643">
        <ele>657.3</ele>
      </trkpt>
      <trkpt lat="42.50869" lon="19.6163">
        <ele>655.1</ele>
      </trkpt>
      <trkpt lat="42.50866" lon="19.61627">
        <ele>654.7</ele>
      </trkpt>
      <trkpt lat="42.50862" lon="19.61626">
        <ele>655.0</ele>
      </trkpt>
      <trkpt lat="42.50853" lon="19.61627">
        <ele>656.9</ele>
      </trkpt>
      <trkpt lat="42.50825" lon="19.61636">
        <ele>665.9</ele>
      </trkpt>
      <trkpt lat="42.50809" lon="19.61635">
        <ele>669.9</ele>
      </trkpt>
      <trkpt lat="42.50798" lon="19.61632">
        <ele>671.6</ele>
      </trkpt>
      <trkpt lat="42.50778" lon="19.61617">
        <ele>669.5</ele>
      </trkpt>
      <trkpt lat="42.50769" lon="19.61607">
        <ele>666.4</ele>
      </trkpt>
      <trkpt lat="42.50747" lon="19.61577">
        <ele>656.3</ele>
      </trkpt>
      <trkpt lat="42.50712" lon="19.61514">
        <ele>646.8</ele>
      </trkpt>
      <trkpt lat="42.50694" lon="19.61488">
        <ele>641.3</ele>
      </trkpt>
      <trkpt lat="42.50649" lon="19.61437">
        <ele>634.9</ele>
      </trkpt>
      <trkpt lat="42.50632" lon="19.61415">
        <ele>631.7</ele>
      </trkpt>
      <trkpt lat="42.50612" lon="19.61394">
        <ele>628.7</ele>
      </trkpt>
      <trkpt lat="42.50585" lon="19.61373">
        <ele>628.3</ele>
      </trkpt>
      <trkpt lat="42.50564" lon="19.61359">
        <ele>632.5</ele>
      </trkpt>
      <trkpt lat="42.50555" lon="19.61351">
        <ele>633.7</ele>
      </trkpt>
      <trkpt lat="42.50551" lon="19.61346">
        <ele>633.8</ele>
      </trkpt>
      <trkpt lat="42.50545" lon="19.61334">
        <ele>632.3</ele>
      </trkpt>
      <trkpt lat="42.5054" lon="19.61319">
        <ele>630.3</ele>
      </trkpt>
      <trkpt lat="42.50537" lon="19.61309">
        <ele>628.9</ele>
      </trkpt>
      <trkpt lat="42.50536" lon="19.61295">
        <ele>625.5</ele>
      </trkpt>
      <trkpt lat="42.50536" lon="19.61285">
        <ele>622.8</ele>
      </trkpt>
      <trkpt lat="42.50533" lon="19.61273">
        <ele>620.8</ele>
      </trkpt>
      <trkpt lat="42.5051" lon="19.61218">
        <ele>619.4</ele>
      </trkpt>
      <trkpt lat="42.50498" lon="19.61189">
        <ele>619.2</ele>
      </trkpt>
      <trkpt lat="42.50493" lon="19.61171">
        <ele>617.8</ele>
      </trkpt>
      <trkpt lat="42.50492" lon="19.61163">
        <ele>617.6</ele>
      </trkpt>
      <trkpt lat="42.50492" lon="19.61152">
        <ele>618.2</ele>
      </trkpt>
      <trkpt lat="42.50495" lon="19.61134">
        <ele>617.9</ele>
      </trkpt>
      <trkpt lat="42.50505" lon="19.61116">
        <ele>615.4</ele>
      </trkpt>
      <trkpt lat="42.50509" lon="19.6111">
        <ele>614.5</ele>
      </trkpt>
      <trkpt lat="42.50514" lon="19.61108">
        <ele>613.1</ele>
      </trkpt>
      <trkpt lat="42.50519" lon="19.61107">
        <ele>611.6</ele>
      </trkpt>
      <trkpt lat="42.50523" lon="19.61108">
        <ele>610.2</ele>
      </trkpt>
      <trkpt lat="42.50525" lon="19.61112">
        <ele>609.1</ele>
      </trkpt>
      <trkpt lat="42.50526" lon="19.61116">
        <ele>608.4</ele>
      </trkpt>
      <trkpt lat="42.50525" lon="19.61121">
        <ele>608.2</ele>
      </trkpt>
      <trkpt lat="42.50516" lon="19.61143">
        <ele>609.3</ele>
      </trkpt>
      <trkpt lat="42.50514" lon="19.61158">
        <ele>608.8</ele>
      </trkpt>
      <trkpt lat="42.50516" lon="19.61173">
        <ele>608.4</ele>
      </trkpt>
      <trkpt lat="42.50519" lon="19.61184">
        <ele>609.2</ele>
      </trkpt>
      <trkpt lat="42.50547" lon="19.6126">
        <ele>610.8</ele>
      </trkpt>
      <trkpt lat="42.5055" lon="19.61266">
        <ele>611.1</ele>
      </trkpt>
      <trkpt lat="42.50553" lon="19.61268">
        <ele>610.2</ele>
      </trkpt>
      <trkpt lat="42.50562" lon="19.61274">
        <ele>607.7</ele>
      </trkpt>
      <trkpt lat="42.50568" lon="19.61275">
        <ele>605.3</ele>
      </trkpt>
      <trkpt lat="42.50599" lon="19.61274">
        <ele>592.9</ele>
      </trkpt>
      <trkpt lat="42.50606" lon="19.61275">
        <ele>590.9</ele>
      </trkpt>
      <trkpt lat="42.50616" lon="19.61278">
        <ele>588.6</ele>
      </trkpt>
      <trkpt lat="42.50626" lon="19.61285">
        <ele>587.5</ele>
      </trkpt>
      <trkpt lat="42.50649" lon="19.61312">
        <ele>588.2</ele>
      </trkpt>
      <trkpt lat="42.50675" lon="19.61334">
        <ele>588.2</ele>
      </trkpt>
      <trkpt lat="42.5069" lon="19.61342">
        <ele>589.2</ele>
      </trkpt>
      <trkpt lat="42.50715" lon="19.61354">
        <ele>589.7</ele>
      </trkpt>
      <trkpt lat="42.5073" lon="19.6136">
        <ele>589.2</ele>
      </trkpt>
      <trkpt lat="42.50789" lon="19.61371">
        <ele>592.2</ele>
      </trkpt>
      <trkpt lat="42.50796" lon="19.6137">
        <ele>591.8</ele>
      </trkpt>
      <trkpt lat="42.50801" lon="19.61367">
        <ele>591.6</ele>
      </trkpt>
      <trkpt lat="42.50806" lon="19.61362">
        <ele>591.3</ele>
      </trkpt>
      <trkpt lat="42.50809" lon="19.61354">
        <ele>591.0</ele>
      </trkpt>
      <trkpt lat="42.50813" lon="19.61341">
        <ele>590.6</ele>
      </trkpt>
      <trkpt lat="42.50815" lon="19.6133">
        <ele>590.2</ele>
      </trkpt>
      <trkpt lat="42.50815" lon="19.61324">
        <ele>590.0</ele>
      </trkpt>
      <trkpt lat="42.50814" lon="19.61319">
        <ele>589.9</ele>
      </trkpt>
      <trkpt lat="42.50808" lon="19.61309">
        <ele>589.4</ele>
      </trkpt>
      <trkpt lat="42.50803" lon="19.61303">
        <ele>589.2</ele>
      </trkpt>
      <trkpt lat="42.50785" lon="19.61291">
        <ele>584.0</ele>
      </trkpt>
      <trkpt lat="42.50777" lon="19.61283">
        <ele>581.2</ele>
      </trkpt>
      <trkpt lat="42.50768" lon="19.6127">
        <ele>577.5</ele>
      </trkpt>
      <trkpt lat="42.50762" lon="19.61259">
        <ele>574.5</ele>
      </trkpt>
      <trkpt lat="42.50752" lon="19.61231">
        <ele>572.2</ele>
      </trkpt>
      <trkpt lat="42.50738" lon="19.61185">
        <ele>575.1</ele>
      </trkpt>
      <trkpt lat="42.50731" lon="19.61166">
        <ele>575.2</ele>
      </trkpt>
      <trkpt lat="42.50719" lon="19.61144">
        <ele>573.3</ele>
      </trkpt>
      <trkpt lat="42.50706" lon="19.61129">
        <ele>571.2</ele>
      </trkpt>
      <trkpt lat="42.50702" lon="19.61123">
        <ele>570.8</ele>
      </trkpt>
      <trkpt lat="42.507" lon="19.61116">
        <ele>570.8</ele>
      </trkpt>
      <trkpt lat="42.50699" lon="19.61106">
        <ele>571.3</ele>
      </trkpt>
      <trkpt lat="42.50699" lon="19.611">
        <ele>571.7</ele>
      </trkpt>
      <trkpt lat="42.50708" lon="19.61069">
        <ele>573.7</ele>
      </trkpt>
      <trkpt lat="42.50721" lon="19.61027">
        <ele>571.8</ele>
      </trkpt>
      <trkpt lat="42.50726" lon="19.61004">
        <ele>569.6</ele>
      </trkpt>
      <trkpt lat="42.50734" lon="19.60975">
        <ele>565.5</ele>
      </trkpt>
      <trkpt lat="42.50755" lon="19.60924">
        <ele>560.4</ele>
      </trkpt>
      <trkpt lat="42.50758" lon="19.60913">
        <ele>560.2</ele>
      </trkpt>
      <trkpt lat="42.5076" lon="19.60903">
        <ele>560.2</ele>
      </trkpt>
      <trkpt lat="42.5076" lon="19.60891">
        <ele>559.3</ele>
      </trkpt>
      <trkpt lat="42.50752" lon="19.60849">
        <ele>553.8</ele>
      </trkpt>
      <trkpt lat="42.50751" lon="19.60835">
        <ele>552.4</ele>
      </trkpt>
      <trkpt lat="42.50751" lon="19.60805">
        <ele>548.3</ele>
      </trkpt>
      <trkpt lat="42.50752" lon="19.60799">
        <ele>547.7</ele>
      </trkpt>
      <trkpt lat="42.50753" lon="19.60794">
        <ele>547.4</ele>
      </trkpt>
      <trkpt lat="42.50759" lon="19.60784">
        <ele>548.0</ele>
      </trkpt>
      <trkpt lat="42.50771" lon="19.60771">
        <ele>550.4</ele>
      </trkpt>
      <trkpt lat="42.50775" lon="19.60765">
        <ele>551.0</ele>
      </trkpt>
      <trkpt lat="42.50806" lon="19.60705">
        <ele>555.0</ele>
      </trkpt>
      <trkpt lat="42.50808" lon="19.60699">
        <ele>555.0</ele>
      </trkpt>
      <trkpt lat="42.50809" lon="19.60688">
        <ele>554.1</ele>
      </trkpt>
      <trkpt lat="42.50808" lon="19.6067">
        <ele>551.7</ele>
      </trkpt>
      <trkpt lat="42.50806" lon="19.60659">
        <ele>550.5</ele>
      </trkpt>
      <trkpt lat="42.50794" lon="19.60608">
        <ele>546.2</ele>
      </trkpt>
      <trkpt lat="42.50792" lon="19.60596">
        <ele>545.6</ele>
      </trkpt>
      <trkpt lat="42.50791" lon="19.60583">
        <ele>545.2</ele>
      </trkpt>
      <trkpt lat="42.50789" lon="19.60528">
        <ele>540.0</ele>
      </trkpt>
      <trkpt lat="42.50788" lon="19.60519">
        <ele>538.9</ele>
      </trkpt>
      <trkpt lat="42.50785" lon="19.60501">
        <ele>536.6</ele>
      </trkpt>
      <trkpt lat="42.50778" lon="19.60477">
        <ele>532.9</ele>
      </trkpt>
      <trkpt lat="42.50777" lon="19.6047">
        <ele>532.2</ele>
      </trkpt>
      <trkpt lat="42.50781" lon="19.60461">
        <ele>532.8</ele>
      </trkpt>
      <trkpt lat="42.50794" lon="19.6044">
        <ele>535.2</ele>
      </trkpt>
      <trkpt lat="42.50797" lon="19.60433">
        <ele>535.6</ele>
      </trkpt>
      <trkpt lat="42.50798" lon="19.60422">
        <ele>535.2</ele>
      </trkpt>
      <trkpt lat="42.50798" lon="19.60407">
        <ele>533.8</ele>
      </trkpt>
      <trkpt lat="42.50791" lon="19.60375">
        <ele>527.8</ele>
      </trkpt>
      <trkpt lat="42.50789" lon="19.60365">
        <ele>525.8</ele>
      </trkpt>
      <trkpt lat="42.50789" lon="19.60355">
        <ele>524.5</ele>
      </trkpt>
      <trkpt lat="42.50789" lon="19.60345">
        <ele>523.3</ele>
      </trkpt>
      <trkpt lat="42.50793" lon="19.60329">
        <ele>523.1</ele>
      </trkpt>
      <trkpt lat="42.50797" lon="19.60302">
        <ele>521.6</ele>
      </trkpt>
      <trkpt lat="42.50804" lon="19.60274">
        <ele>521.1</ele>
      </trkpt>
      <trkpt lat="42.50812" lon="19.60258">
        <ele>522.4</ele>
      </trkpt>
      <trkpt lat="42.50818" lon="19.6024">
        <ele>522.4</ele>
      </trkpt>
      <trkpt lat="42.50846" lon="19.6015">
        <ele>520.5</ele>
      </trkpt>
      <trkpt lat="42.50854" lon="19.60117">
        <ele>518.3</ele>
      </trkpt>
      <trkpt lat="42.50855" lon="19.60101">
        <ele>516.1</ele>
      </trkpt>
      <trkpt lat="42.50861" lon="19.60076">
        <ele>514.1</ele>
      </trkpt>
      <trkpt lat="42.50877" lon="19.60037">
        <ele>512.9</ele>
      </trkpt>
      <trkpt lat="42.50883" lon="19.60018">
        <ele>511.7</ele>
      </trkpt>
      <trkpt lat="42.50885" lon="19.60008">
        <ele>510.7</ele>
      </trkpt>
      <trkpt lat="42.50883" lon="19.59974">
        <ele>505.9</ele>
      </trkpt>
      <trkpt lat="42.50879" lon="19.59939">
        <ele>500.8</ele>
      </trkpt>
      <trkpt lat="42.50875" lon="19.5992">
        <ele>497.4</ele>
      </trkpt>
      <trkpt lat="42.50871" lon="19.59907">
        <ele>495.3</ele>
      </trkpt>
      <trkpt lat="42.50865" lon="19.59884">
        <ele>492.6</ele>
      </trkpt>
      <trkpt lat="42.50863" lon="19.59865">
        <ele>491.3</ele>
      </trkpt>
      <trkpt lat="42.50863" lon="19.59843">
        <ele>490.6</ele>
      </trkpt>
      <trkpt lat="42.50865" lon="19.59832">
        <ele>490.9</ele>
      </trkpt>
      <trkpt lat="42.50865" lon="19.59823">
        <ele>491.1</ele>
      </trkpt>
      <trkpt lat="42.50869" lon="19.598">
        <ele>492.5</ele>
      </trkpt>
      <trkpt lat="42.50872" lon="19.59786">
        <ele>491.3</ele>
      </trkpt>
      <trkpt lat="42.50873" lon="19.59776">
        <ele>490.5</ele>
      </trkpt>
      <trkpt lat="42.50872" lon="19.59773">
        <ele>490.3</ele>
      </trkpt>
      <trkpt lat="42.50868" lon="19.59768">
        <ele>489.7</ele>
      </trkpt>
      <trkpt lat="42.50858" lon="19.59761">
        <ele>488.5</ele>
      </trkpt>
      <trkpt lat="42.50854" lon="19.59759">
        <ele>488.0</ele>
      </trkpt>
      <trkpt lat="42.50843" lon="19.59762">
        <ele>486.9</ele>
      </trkpt>
      <trkpt lat="42.50829" lon="19.5977">
        <ele>485.3</ele>
      </trkpt>
      <trkpt lat="42.50814" lon="19.59781">
        <ele>483.5</ele>
      </trkpt>
      <trkpt lat="42.50795" lon="19.59798">
        <ele>480.3</ele>
      </trkpt>
      <trkpt lat="42.50787" lon="19.59809">
        <ele>478.3</ele>
      </trkpt>
      <trkpt lat="42.50785" lon="19.59814">
        <ele>477.5</ele>
      </trkpt>
      <trkpt lat="42.5078" lon="19.59856">
        <ele>473.9</ele>
      </trkpt>
      <trkpt lat="42.50777" lon="19.59867">
        <ele>473.1</ele>
      </trkpt>
      <trkpt lat="42.50773" lon="19.59874">
        <ele>472.3</ele>
      </trkpt>
      <trkpt lat="42.5077" lon="19.59878">
        <ele>471.6</ele>
      </trkpt>
      <trkpt lat="42.50765" lon="19.59882">
        <ele>470.6</ele>
      </trkpt>
      <trkpt lat="42.5076" lon="19.59883">
        <ele>469.7</ele>
      </trkpt>
      <trkpt lat="42.50754" lon="19.59883">
        <ele>468.7</ele>
      </trkpt>
      <trkpt lat="42.50746" lon="19.59881">
        <ele>467.6</ele>
      </trkpt>
      <trkpt lat="42.50735" lon="19.59873">
        <ele>466.8</ele>
      </trkpt>
      <trkpt lat="42.50726" lon="19.59863">
        <ele>466.5</ele>
      </trkpt>
      <trkpt lat="42.50721" lon="19.5986">
        <ele>466.2</ele>
      </trkpt>
      <trkpt lat="42.50717" lon="19.59856">
        <ele>466.0</ele>
      </trkpt>
      <trkpt lat="42.5071" lon="19.59854">
        <ele>465.4</ele>
      </trkpt>
      <trkpt lat="42.50703" lon="19.59852">
        <ele>464.9</ele>
      </trkpt>
      <trkpt lat="42.50695" lon="19.59852">
        <ele>464.0</ele>
      </trkpt>
      <trkpt lat="42.5066" lon="19.59857">
        <ele>459.4</ele>
      </trkpt>
      <trkpt lat="42.50652" lon="19.59855">
        <ele>458.3</ele>
      </trkpt>
      <trkpt lat="42.50641" lon="19.59849">
        <ele>457.0</ele>
      </trkpt>
      <trkpt lat="42.50607" lon="19.59816">
        <ele>454.8</ele>
      </trkpt>
      <trkpt lat="42.5059" lon="19.59802">
        <ele>453.7</ele>
      </trkpt>
      <trkpt lat="42.50574" lon="19.59792">
        <ele>452.0</ele>
      </trkpt>
      <trkpt lat="42.50557" lon="19.59784">
        <ele>449.9</ele>
      </trkpt>
      <trkpt lat="42.50494" lon="19.59765">
        <ele>439.9</ele>
      </trkpt>
      <trkpt lat="42.50489" lon="19.59762">
        <ele>439.4</ele>
      </trkpt>
      <trkpt lat="42.50482" lon="19.59756">
        <ele>438.8</ele>
      </trkpt>
      <trkpt lat="42.50477" lon="19.59751">
        <ele>438.2</ele>
      </trkpt>
      <trkpt lat="42.5047" lon="19.59738">
        <ele>437.9</ele>
      </trkpt>
      <trkpt lat="42.50467" lon="19.5973">
        <ele>437.9</ele>
      </trkpt>
      <trkpt lat="42.5046" lon="19.5971">
        <ele>437.6</ele>
      </trkpt>
      <trkpt lat="42.50449" lon="19.59664">
        <ele>437.4</ele>
      </trkpt>
      <trkpt lat="42.50446" lon="19.59655">
        <ele>438.4</ele>
      </trkpt>
      <trkpt lat="42.50442" lon="19.59646">
        <ele>439.0</ele>
      </trkpt>
      <trkpt lat="42.50436" lon="19.59636">
        <ele>439.1</ele>
      </trkpt>
      <trkpt lat="42.50427" lon="19.59625">
        <ele>438.5</ele>
      </trkpt>
      <trkpt lat="42.50379" lon="19.59572">
        <ele>437.9</ele>
      </trkpt>
      <trkpt lat="42.5034" lon="19.59524">
        <ele>435.2</ele>
      </trkpt>
      <trkpt lat="42.50305" lon="19.59479">
        <ele>433.6</ele>
      </trkpt>
      <trkpt lat="42.50288" lon="19.59456">
        <ele>433.5</ele>
      </trkpt>
      <trkpt lat="42.50255" lon="19.59411">
        <ele>431.6</ele>
      </trkpt>
      <trkpt lat="42.50214" lon="19.59368">
        <ele>444.7</ele>
      </trkpt>
      <trkpt lat="42.50186" lon="19.59341">
        <ele>443.4</ele>
      </trkpt>
      <trkpt lat="42.5017" lon="19.59328">
        <ele>439.8</ele>
      </trkpt>
      <trkpt lat="42.50148" lon="19.5931">
        <ele>440.2</ele>
      </trkpt>
      <trkpt lat="42.50141" lon="19.59304">
        <ele>440.1</ele>
      </trkpt>
      <trkpt lat="42.50119" lon="19.5928">
        <ele>439.2</ele>
      </trkpt>
      <trkpt lat="42.50108" lon="19.59266">
        <ele>437.9</ele>
      </trkpt>
      <trkpt lat="42.50062" lon="19.59204">
        <ele>442.6</ele>
      </trkpt>
      <trkpt lat="42.50052" lon="19.59186">
        <ele>443.8</ele>
      </trkpt>
      <trkpt lat="42.50037" lon="19.59159">
        <ele>439.6</ele>
      </trkpt>
      <trkpt lat="42.50032" lon="19.59142">
        <ele>435.6</ele>
      </trkpt>
      <trkpt lat="42.50022" lon="19.59102">
        <ele>427.7</ele>
      </trkpt>
      <trkpt lat="42.5002" lon="19.59082">
        <ele>425.9</ele>
      </trkpt>
      <trkpt lat="42.5002" lon="19.59053">
        <ele>428.5</ele>
      </trkpt>
      <trkpt lat="42.50019" lon="19.59044">
        <ele>428.7</ele>
      </trkpt>
      <trkpt lat="42.50017" lon="19.59033">
        <ele>428.5</ele>
      </trkpt>
      <trkpt lat="42.50014" lon="19.59025">
        <ele>427.4</ele>
      </trkpt>
      <trkpt lat="42.49995" lon="19.58985">
        <ele>422.7</ele>
      </trkpt>
      <trkpt lat="42.4999" lon="19.58972">
        <ele>424.0</ele>
      </trkpt>
      <trkpt lat="42.49974" lon="19.58921">
        <ele>428.1</ele>
      </trkpt>
      <trkpt lat="42.49971" lon="19.58914">
        <ele>428.5</ele>
      </trkpt>
      <trkpt lat="42.49967" lon="19.58906">
        <ele>428.8</ele>
      </trkpt>
      <trkpt lat="42.49954" lon="19.58888">
        <ele>429.0</ele>
      </trkpt>
      <trkpt lat="42.4991" lon="19.5885">
        <ele>428.9</ele>
      </trkpt>
      <trkpt lat="42.49904" lon="19.58841">
        <ele>430.5</ele>
      </trkpt>
      <trkpt lat="42.49898" lon="19.58831">
        <ele>431.8</ele>
      </trkpt>
      <trkpt lat="42.49894" lon="19.58824">
        <ele>432.0</ele>
      </trkpt>
      <trkpt lat="42.49891" lon="19.58813">
        <ele>432.3</ele>
      </trkpt>
      <trkpt lat="42.4988" lon="19.58758">
        <ele>433.5</ele>
      </trkpt>
      <trkpt lat="42.49878" lon="19.58716">
        <ele>431.8</ele>
      </trkpt>
      <trkpt lat="42.49878" lon="19.58698">
        <ele>430.8</ele>
      </trkpt>
      <trkpt lat="42.49879" lon="19.58687">
        <ele>430.3</ele>
      </trkpt>
      <trkpt lat="42.49882" lon="19.58674">
        <ele>429.7</ele>
      </trkpt>
      <trkpt lat="42.49893" lon="19.5864">
        <ele>428.2</ele>
      </trkpt>
      <trkpt lat="42.49894" lon="19.58631">
        <ele>427.7</ele>
      </trkpt>
      <trkpt lat="42.49894" lon="19.58622">
        <ele>427.1</ele>
      </trkpt>
      <trkpt lat="42.49891" lon="19.58611">
        <ele>426.1</ele>
      </trkpt>
      <trkpt lat="42.49879" lon="19.58577">
        <ele>422.3</ele>
      </trkpt>
      <trkpt lat="42.49876" lon="19.58563">
        <ele>421.3</ele>
      </trkpt>
      <trkpt lat="42.49858" lon="19.58468">
        <ele>414.7</ele>
      </trkpt>
      <trkpt lat="42.49858" lon="19.58455">
        <ele>414.6</ele>
      </trkpt>
      <trkpt lat="42.49864" lon="19.58424">
        <ele>415.3</ele>
      </trkpt>
      <trkpt lat="42.49866" lon="19.58401">
        <ele>414.6</ele>
      </trkpt>
      <trkpt lat="42.49864" lon="19.58379">
        <ele>413.0</ele>
      </trkpt>
      <trkpt lat="42.49857" lon="19.5835">
        <ele>410.3</ele>
      </trkpt>
      <trkpt lat="42.49857" lon="19.58342">
        <ele>409.9</ele>
      </trkpt>
      <trkpt lat="42.49852" lon="19.5834">
        <ele>409.0</ele>
      </trkpt>
      <trkpt lat="42.49847" lon="19.58336">
        <ele>408.1</ele>
      </trkpt>
      <trkpt lat="42.49835" lon="19.58318">
        <ele>405.7</ele>
      </trkpt>
      <trkpt lat="42.49823" lon="19.58313">
        <ele>403.9</ele>
      </trkpt>
      <trkpt lat="42.49816" lon="19.5831">
        <ele>402.9</ele>
      </trkpt>
      <trkpt lat="42.49808" lon="19.58303">
        <ele>401.6</ele>
      </trkpt>
      <trkpt lat="42.49797" lon="19.58292">
        <ele>399.7</ele>
      </trkpt>
      <trkpt lat="42.4979" lon="19.58287">
        <ele>398.6</ele>
      </trkpt>
      <trkpt lat="42.49782" lon="19.58284">
        <ele>397.4</ele>
      </trkpt>
      <trkpt lat="42.49746" lon="19.58281">
        <ele>393.1</ele>
      </trkpt>
      <trkpt lat="42.49739" lon="19.5828">
        <ele>393.1</ele>
      </trkpt>
      <trkpt lat="42.49736" lon="19.58276">
        <ele>393.0</ele>
      </trkpt>
      <trkpt lat="42.49734" lon="19.58268">
        <ele>392.6</ele>
      </trkpt>
      <trkpt lat="42.49734" lon="19.58255">
        <ele>392.0</ele>
      </trkpt>
      <trkpt lat="42.49734" lon="19.58134">
        <ele>405.7</ele>
      </trkpt>
      <trkpt lat="42.49717" lon="19.58133">
        <ele>404.9</ele>
      </trkpt>
      <trkpt lat="42.49694" lon="19.58128">
        <ele>404.4</ele>
      </trkpt>
      <trkpt lat="42.49643" lon="19.58113">
        <ele>403.8</ele>
      </trkpt>
      <trkpt lat="42.49593" lon="19.58098">
        <ele>403.2</ele>
      </trkpt>
      <trkpt lat="42.49571" lon="19.58097">
        <ele>401.6</ele>
      </trkpt>
      <trkpt lat="42.49539" lon="19.58103">
        <ele>398.0</ele>
      </trkpt>
      <trkpt lat="42.49526" lon="19.58103">
        <ele>397.0</ele>
      </trkpt>
      <trkpt lat="42.49521" lon="19.58102">
        <ele>396.6</ele>
      </trkpt>
      <trkpt lat="42.49513" lon="19.58098">
        <ele>396.3</ele>
      </trkpt>
      <trkpt lat="42.49498" lon="19.58088">
        <ele>395.6</ele>
      </trkpt>
      <trkpt lat="42.49488" lon="19.58078">
        <ele>396.3</ele>
      </trkpt>
      <trkpt lat="42.49477" lon="19.58064">
        <ele>398.3</ele>
      </trkpt>
      <trkpt lat="42.49467" lon="19.58046">
        <ele>400.8</ele>
      </trkpt>
      <trkpt lat="42.49461" lon="19.58038">
        <ele>401.4</ele>
      </trkpt>
      <trkpt lat="42.49455" lon="19.58032">
        <ele>401.4</ele>
      </trkpt>
      <trkpt lat="42.49446" lon="19.58025">
        <ele>401.0</ele>
      </trkpt>
      <trkpt lat="42.49419" lon="19.58005">
        <ele>398.0</ele>
      </trkpt>
      <trkpt lat="42.49378" lon="19.5797">
        <ele>413.2</ele>
      </trkpt>
      <trkpt lat="42.49363" lon="19.5796">
        <ele>411.6</ele>
      </trkpt>
      <trkpt lat="42.49351" lon="19.57956">
        <ele>406.7</ele>
      </trkpt>
      <trkpt lat="42.49342" lon="19.57954">
        <ele>402.1</ele>
      </trkpt>
      <trkpt lat="42.49334" lon="19.57955">
        <ele>397.3</ele>
      </trkpt>
      <trkpt lat="42.49325" lon="19.57957">
        <ele>397.2</ele>
      </trkpt>
      <trkpt lat="42.493" lon="19.57974">
        <ele>396.6</ele>
      </trkpt>
      <trkpt lat="42.49243" lon="19.58017">
        <ele>395.0</ele>
      </trkpt>
      <trkpt lat="42.49229" lon="19.58024">
        <ele>395.7</ele>
      </trkpt>
      <trkpt lat="42.49159" lon="19.58055">
        <ele>398.2</ele>
      </trkpt>
      <trkpt lat="42.49147" lon="19.58063">
        <ele>399.5</ele>
      </trkpt>
      <trkpt lat="42.49137" lon="19.5807">
        <ele>400.4</ele>
      </trkpt>
      <trkpt lat="42.49129" lon="19.58079">
        <ele>400.5</ele>
      </trkpt>
      <trkpt lat="42.49122" lon="19.58087">
        <ele>400.7</ele>
      </trkpt>
      <trkpt lat="42.49118" lon="19.58095">
        <ele>400.7</ele>
      </trkpt>
      <trkpt lat="42.49114" lon="19.58107">
        <ele>400.1</ele>
      </trkpt>
      <trkpt lat="42.49112" lon="19.58115">
        <ele>399.5</ele>
      </trkpt>
      <trkpt lat="42.49109" lon="19.58149">
        <ele>396.0</ele>
      </trkpt>
      <trkpt lat="42.49106" lon="19.58161">
        <ele>395.1</ele>
      </trkpt>
      <trkpt lat="42.49102" lon="19.58172">
        <ele>394.5</ele>
      </trkpt>
      <trkpt lat="42.49084" lon="19.58203">
        <ele>393.2</ele>
      </trkpt>
      <trkpt lat="42.49066" lon="19.58236">
        <ele>395.4</ele>
      </trkpt>
      <trkpt lat="42.49037" lon="19.58303">
        <ele>398.0</ele>
      </trkpt>
      <trkpt lat="42.4903" lon="19.58316">
        <ele>398.1</ele>
      </trkpt>
      <trkpt lat="42.49022" lon="19.58326">
        <ele>398.5</ele>
      </trkpt>
      <trkpt lat="42.49013" lon="19.58334">
        <ele>399.1</ele>
      </trkpt>
      <trkpt lat="42.48997" lon="19.58345">
        <ele>399.7</ele>
      </trkpt>
      <trkpt lat="42.48942" lon="19.58376">
        <ele>396.4</ele>
      </trkpt>
      <trkpt lat="42.48888" lon="19.58407">
        <ele>391.6</ele>
      </trkpt>
      <trkpt lat="42.48877" lon="19.58413">
        <ele>391.1</ele>
      </trkpt>
      <trkpt lat="42.48865" lon="19.58417">
        <ele>391.4</ele>
      </trkpt>
      <trkpt lat="42.48778" lon="19.58444">
        <ele>386.8</ele>
      </trkpt>
      <trkpt lat="42.48765" lon="19.5845">
        <ele>385.4</ele>
      </trkpt>
      <trkpt lat="42.4875" lon="19.5846">
        <ele>383.9</ele>
      </trkpt>
      <trkpt lat="42.4875" lon="19.5846">
        <ele>383.9</ele>
      </trkpt>
      <trkpt lat="42.48746" lon="19.58463">
        <ele>383.5</ele>
      </trkpt>
      <trkpt lat="42.48729" lon="19.58484">
        <ele>381.6</ele>
      </trkpt>
      <trkpt lat="42.48694" lon="19.58542">
        <ele>398.5</ele>
      </trkpt>
      <trkpt lat="42.48688" lon="19.58551">
        <ele>402.2</ele>
      </trkpt>
      <trkpt lat="42.4868" lon="19.58556">
        <ele>404.0</ele>
      </trkpt>
      <trkpt lat="42.48672" lon="19.58559">
        <ele>404.8</ele>
      </trkpt>
      <trkpt lat="42.48664" lon="19.5856">
        <ele>404.9</ele>
      </trkpt>
      <trkpt lat="42.48656" lon="19.58559">
        <ele>404.2</ele>
      </trkpt>
      <trkpt lat="42.48637" lon="19.58554">
        <ele>401.5</ele>
      </trkpt>
      <trkpt lat="42.48626" lon="19.58548">
        <ele>398.7</ele>
      </trkpt>
      <trkpt lat="42.4858" lon="19.58521">
        <ele>386.8</ele>
      </trkpt>
      <trkpt lat="42.48538" lon="19.58489">
        <ele>380.3</ele>
      </trkpt>
      <trkpt lat="42.48526" lon="19.58482">
        <ele>380.4</ele>
      </trkpt>
      <trkpt lat="42.48506" lon="19.58476">
        <ele>380.5</ele>
      </trkpt>
      <trkpt lat="42.48423" lon="19.58468">
        <ele>388.5</ele>
      </trkpt>
      <trkpt lat="42.48412" lon="19.58466">
        <ele>389.9</ele>
      </trkpt>
      <trkpt lat="42.48394" lon="19.58458">
        <ele>392.4</ele>
      </trkpt>
      <trkpt lat="42.48331" lon="19.58403">
        <ele>391.0</ele>
      </trkpt>
      <trkpt lat="42.48317" lon="19.58389">
        <ele>392.8</ele>
      </trkpt>
      <trkpt lat="42.48303" lon="19.58372">
        <ele>393.6</ele>
      </trkpt>
      <trkpt lat="42.48294" lon="19.58361">
        <ele>393.9</ele>
      </trkpt>
      <trkpt lat="42.48265" lon="19.58314">
        <ele>393.0</ele>
      </trkpt>
      <trkpt lat="42.4825" lon="19.58287">
        <ele>391.7</ele>
      </trkpt>
      <trkpt lat="42.48244" lon="19.58278">
        <ele>391.7</ele>
      </trkpt>
      <trkpt lat="42.48224" lon="19.58257">
        <ele>392.9</ele>
      </trkpt>
      <trkpt lat="42.48156" lon="19.58196">
        <ele>394.6</ele>
      </trkpt>
      <trkpt lat="42.48139" lon="19.58188">
        <ele>394.0</ele>
      </trkpt>
      <trkpt lat="42.48134" lon="19.58188">
        <ele>394.4</ele>
      </trkpt>
      <trkpt lat="42.48127" lon="19.58188">
        <ele>395.0</ele>
      </trkpt>
      <trkpt lat="42.48119" lon="19.5819">
        <ele>396.1</ele>
      </trkpt>
      <trkpt lat="42.48109" lon="19.58195">
        <ele>398.3</ele>
      </trkpt>
      <trkpt lat="42.48097" lon="19.58202">
        <ele>401.4</ele>
      </trkpt>
      <trkpt lat="42.48087" lon="19.5821">
        <ele>404.6</ele>
      </trkpt>
      <trkpt lat="42.48081" lon="19.58216">
        <ele>407.1</ele>
      </trkpt>
      <trkpt lat="42.48077" lon="19.58223">
        <ele>409.3</ele>
      </trkpt>
      <trkpt lat="42.48077" lon="19.58229">
        <ele>410.9</ele>
      </trkpt>
      <trkpt lat="42.48079" lon="19.58235">
        <ele>412.5</ele>
      </trkpt>
      <trkpt lat="42.48088" lon="19.58263">
        <ele>420.2</ele>
      </trkpt>
      <trkpt lat="42.48089" lon="19.58269">
        <ele>421.8</ele>
      </trkpt>
      <trkpt lat="42.48088" lon="19.58277">
        <ele>423.8</ele>
      </trkpt>
      <trkpt lat="42.48087" lon="19.58285">
        <ele>425.9</ele>
      </trkpt>
      <trkpt lat="42.48082" lon="19.58295">
        <ele>429.0</ele>
      </trkpt>
      <trkpt lat="42.48075" lon="19.58303">
        <ele>431.6</ele>
      </trkpt>
      <trkpt lat="42.48069" lon="19.58309">
        <ele>433.7</ele>
      </trkpt>
      <trkpt lat="42.48062" lon="19.58312">
        <ele>435.0</ele>
      </trkpt>
      <trkpt lat="42.48053" lon="19.58313">
        <ele>436.0</ele>
      </trkpt>
      <trkpt lat="42.4804" lon="19.58311">
        <ele>436.5</ele>
      </trkpt>
      <trkpt lat="42.48009" lon="19.58301">
        <ele>436.0</ele>
      </trkpt>
      <trkpt lat="42.47961" lon="19.58281">
        <ele>436.8</ele>
      </trkpt>
      <trkpt lat="42.47882" lon="19.58254">
        <ele>444.5</ele>
      </trkpt>
      <trkpt lat="42.47871" lon="19.58249">
        <ele>445.8</ele>
      </trkpt>
      <trkpt lat="42.47865" lon="19.58244">
        <ele>445.5</ele>
      </trkpt>
      <trkpt lat="42.47855" lon="19.58235">
        <ele>444.8</ele>
      </trkpt>
      <trkpt lat="42.47846" lon="19.58221">
        <ele>441.7</ele>
      </trkpt>
      <trkpt lat="42.47842" lon="19.58214">
        <ele>440.0</ele>
      </trkpt>
      <trkpt lat="42.47838" lon="19.58203">
        <ele>436.6</ele>
      </trkpt>
      <trkpt lat="42.47835" lon="19.58192">
        <ele>432.9</ele>
      </trkpt>
      <trkpt lat="42.47834" lon="19.58181">
        <ele>428.7</ele>
      </trkpt>
      <trkpt lat="42.47834" lon="19.58123">
        <ele>405.0</ele>
      </trkpt>
      <trkpt lat="42.47831" lon="19.58095">
        <ele>394.5</ele>
      </trkpt>
      <trkpt lat="42.47828" lon="19.58073">
        <ele>387.1</ele>
      </trkpt>
      <trkpt lat="42.47824" lon="19.58061">
        <ele>384.2</ele>
      </trkpt>
      <trkpt lat="42.47812" lon="19.58038">
        <ele>379.8</ele>
      </trkpt>
      <trkpt lat="42.47791" lon="19.58001">
        <ele>372.5</ele>
      </trkpt>
      <trkpt lat="42.47785" lon="19.57992">
        <ele>372.6</ele>
      </trkpt>
      <trkpt lat="42.47777" lon="19.57983">
        <ele>373.1</ele>
      </trkpt>
      <trkpt lat="42.47763" lon="19.57973">
        <ele>374.2</ele>
      </trkpt>
      <trkpt lat="42.47715" lon="19.57947">
        <ele>382.6</ele>
      </trkpt>
      <trkpt lat="42.47701" lon="19.57942">
        <ele>386.3</ele>
      </trkpt>
      <trkpt lat="42.47665" lon="19.57938">
        <ele>397.4</ele>
      </trkpt>
      <trkpt lat="42.47652" lon="19.57935">
        <ele>399.2</ele>
      </trkpt>
      <trkpt lat="42.47626" lon="19.5792">
        <ele>400.6</ele>
      </trkpt>
      <trkpt lat="42.47613" lon="19.57911">
        <ele>400.8</ele>
      </trkpt>
      <trkpt lat="42.47604" lon="19.579">
        <ele>399.6</ele>
      </trkpt>
      <trkpt lat="42.47595" lon="19.57888">
        <ele>398.0</ele>
      </trkpt>
      <trkpt lat="42.4756" lon="19.57834">
        <ele>388.6</ele>
      </trkpt>
      <trkpt lat="42.4754" lon="19.57807">
        <ele>380.2</ele>
      </trkpt>
      <trkpt lat="42.47492" lon="19.57756">
        <ele>354.3</ele>
      </trkpt>
      <trkpt lat="42.47457" lon="19.57723">
        <ele>350.4</ele>
      </trkpt>
      <trkpt lat="42.47442" lon="19.57706">
        <ele>346.0</ele>
      </trkpt>
      <trkpt lat="42.47432" lon="19.57691">
        <ele>340.4</ele>
      </trkpt>
      <trkpt lat="42.47428" lon="19.57683">
        <ele>337.0</ele>
      </trkpt>
      <trkpt lat="42.47423" lon="19.57665">
        <ele>329.6</ele>
      </trkpt>
      <trkpt lat="42.47415" lon="19.57619">
        <ele>327.8</ele>
      </trkpt>
      <trkpt lat="42.47407" lon="19.57529">
        <ele>326.9</ele>
      </trkpt>
      <trkpt lat="42.47405" lon="19.57516">
        <ele>326.8</ele>
      </trkpt>
      <trkpt lat="42.47403" lon="19.57505">
        <ele>326.7</ele>
      </trkpt>
      <trkpt lat="42.47395" lon="19.57481">
        <ele>327.9</ele>
      </trkpt>
      <trkpt lat="42.47384" lon="19.5745">
        <ele>329.3</ele>
      </trkpt>
      <trkpt lat="42.47352" lon="19.57357">
        <ele>328.3</ele>
      </trkpt>
      <trkpt lat="42.47339" lon="19.57326">
        <ele>321.7</ele>
      </trkpt>
      <trkpt lat="42.47326" lon="19.57296">
        <ele>324.0</ele>
      </trkpt>
      <trkpt lat="42.47323" lon="19.57287">
        <ele>325.5</ele>
      </trkpt>
      <trkpt lat="42.47319" lon="19.57251">
        <ele>325.5</ele>
      </trkpt>
      <trkpt lat="42.47317" lon="19.57241">
        <ele>326.0</ele>
      </trkpt>
      <trkpt lat="42.47314" lon="19.57232">
        <ele>326.9</ele>
      </trkpt>
      <trkpt lat="42.4731" lon="19.57222">
        <ele>327.8</ele>
      </trkpt>
      <trkpt lat="42.47273" lon="19.57172">
        <ele>330.1</ele>
      </trkpt>
      <trkpt lat="42.47259" lon="19.57144">
        <ele>327.3</ele>
      </trkpt>
      <trkpt lat="42.47248" lon="19.57115">
        <ele>323.5</ele>
      </trkpt>
      <trkpt lat="42.47245" lon="19.57105">
        <ele>322.2</ele>
      </trkpt>
      <trkpt lat="42.47233" lon="19.57051">
        <ele>317.5</ele>
      </trkpt>
      <trkpt lat="42.47229" lon="19.57042">
        <ele>317.4</ele>
      </trkpt>
      <trkpt lat="42.47213" lon="19.57015">
        <ele>316.9</ele>
      </trkpt>
      <trkpt lat="42.47199" lon="19.56996">
        <ele>316.3</ele>
      </trkpt>
      <trkpt lat="42.47187" lon="19.56982">
        <ele>315.1</ele>
      </trkpt>
      <trkpt lat="42.47177" lon="19.56971">
        <ele>313.2</ele>
      </trkpt>
      <trkpt lat="42.47169" lon="19.56965">
        <ele>311.6</ele>
      </trkpt>
      <trkpt lat="42.47164" lon="19.56962">
        <ele>310.8</ele>
      </trkpt>
      <trkpt lat="42.47157" lon="19.56959">
        <ele>310.0</ele>
      </trkpt>
      <trkpt lat="42.47147" lon="19.56957">
        <ele>309.4</ele>
      </trkpt>
      <trkpt lat="42.47109" lon="19.56956">
        <ele>308.6</ele>
      </trkpt>
      <trkpt lat="42.47095" lon="19.56951">
        <ele>306.8</ele>
      </trkpt>
      <trkpt lat="42.47022" lon="19.56908">
        <ele>305.7</ele>
      </trkpt>
      <trkpt lat="42.46949" lon="19.56866">
        <ele>308.0</ele>
      </trkpt>
      <trkpt lat="42.46905" lon="19.56839">
        <ele>309.0</ele>
      </trkpt>
      <trkpt lat="42.46862" lon="19.56811">
        <ele>299.4</ele>
      </trkpt>
      <trkpt lat="42.46842" lon="19.56804">
        <ele>296.1</ele>
      </trkpt>
      <trkpt lat="42.46771" lon="19.56782">
        <ele>298.4</ele>
      </trkpt>
      <trkpt lat="42.46749" lon="19.56772">
        <ele>299.8</ele>
      </trkpt>
      <trkpt lat="42.4674" lon="19.56766">
        <ele>300.7</ele>
      </trkpt>
      <trkpt lat="42.46734" lon="19.56761">
        <ele>300.8</ele>
      </trkpt>
      <trkpt lat="42.46694" lon="19.56708">
        <ele>295.0</ele>
      </trkpt>
      <trkpt lat="42.46658" lon="19.56666">
        <ele>289.3</ele>
      </trkpt>
      <trkpt lat="42.46652" lon="19.56659">
        <ele>289.6</ele>
      </trkpt>
      <trkpt lat="42.46649" lon="19.56653">
        <ele>289.5</ele>
      </trkpt>
      <trkpt lat="42.46645" lon="19.56643">
        <ele>289.2</ele>
      </trkpt>
      <trkpt lat="42.46639" lon="19.56621">
        <ele>288.1</ele>
      </trkpt>
      <trkpt lat="42.46637" lon="19.56599">
        <ele>286.4</ele>
      </trkpt>
      <trkpt lat="42.46638" lon="19.56586">
        <ele>285.1</ele>
      </trkpt>
      <trkpt lat="42.46642" lon="19.56539">
        <ele>282.0</ele>
      </trkpt>
      <trkpt lat="42.46642" lon="19.5653">
        <ele>281.5</ele>
      </trkpt>
      <trkpt lat="42.46641" lon="19.56521">
        <ele>281.2</ele>
      </trkpt>
      <trkpt lat="42.46638" lon="19.56513">
        <ele>281.1</ele>
      </trkpt>
      <trkpt lat="42.46635" lon="19.56505">
        <ele>280.9</ele>
      </trkpt>
      <trkpt lat="42.46632" lon="19.56501">
        <ele>281.0</ele>
      </trkpt>
      <trkpt lat="42.46623" lon="19.56492">
        <ele>281.0</ele>
      </trkpt>
      <trkpt lat="42.46559" lon="19.56439">
        <ele>277.1</ele>
      </trkpt>
      <trkpt lat="42.46549" lon="19.56427">
        <ele>275.8</ele>
      </trkpt>
      <trkpt lat="42.4654" lon="19.56416">
        <ele>274.5</ele>
      </trkpt>
      <trkpt lat="42.46527" lon="19.56397">
        <ele>273.2</ele>
      </trkpt>
      <trkpt lat="42.46515" lon="19.56374">
        <ele>270.7</ele>
      </trkpt>
      <trkpt lat="42.46502" lon="19.56341">
        <ele>266.2</ele>
      </trkpt>
      <trkpt lat="42.46492" lon="19.5632">
        <ele>265.0</ele>
      </trkpt>
      <trkpt lat="42.46482" lon="19.56303">
        <ele>264.9</ele>
      </trkpt>
      <trkpt lat="42.46468" lon="19.5628">
        <ele>264.6</ele>
      </trkpt>
      <trkpt lat="42.46451" lon="19.56258">
        <ele>264.0</ele>
      </trkpt>
      <trkpt lat="42.46412" lon="19.56214">
        <ele>260.6</ele>
      </trkpt>
      <trkpt lat="42.46402" lon="19.56205">
        <ele>260.0</ele>
      </trkpt>
      <trkpt lat="42.46392" lon="19.56198">
        <ele>259.2</ele>
      </trkpt>
      <trkpt lat="42.46371" lon="19.56192">
        <ele>258.0</ele>
      </trkpt>
      <trkpt lat="42.46364" lon="19.56183">
        <ele>256.8</ele>
      </trkpt>
      <trkpt lat="42.46352" lon="19.56179">
        <ele>255.7</ele>
      </trkpt>
      <trkpt lat="42.4631" lon="19.56155">
        <ele>252.7</ele>
      </trkpt>
      <trkpt lat="42.46287" lon="19.56146">
        <ele>252.6</ele>
      </trkpt>
      <trkpt lat="42.46238" lon="19.56138">
        <ele>252.2</ele>
      </trkpt>
      <trkpt lat="42.46223" lon="19.56137">
        <ele>251.3</ele>
      </trkpt>
      <trkpt lat="42.46212" lon="19.56141">
        <ele>250.8</ele>
      </trkpt>
      <trkpt lat="42.462" lon="19.56149">
        <ele>250.4</ele>
      </trkpt>
      <trkpt lat="42.46186" lon="19.56142">
        <ele>249.3</ele>
      </trkpt>
      <trkpt lat="42.46172" lon="19.56136">
        <ele>248.2</ele>
      </trkpt>
      <trkpt lat="42.46147" lon="19.56133">
        <ele>248.6</ele>
      </trkpt>
      <trkpt lat="42.46109" lon="19.56131">
        <ele>249.8</ele>
      </trkpt>
      <trkpt lat="42.46056" lon="19.56131">
        <ele>252.9</ele>
      </trkpt>
      <trkpt lat="42.4604" lon="19.5613">
        <ele>254.0</ele>
      </trkpt>
      <trkpt lat="42.46028" lon="19.56127">
        <ele>254.1</ele>
      </trkpt>
      <trkpt lat="42.46006" lon="19.5612">
        <ele>253.5</ele>
      </trkpt>
      <trkpt lat="42.45969" lon="19.56105">
        <ele>249.2</ele>
      </trkpt>
      <trkpt lat="42.45954" lon="19.561">
        <ele>247.1</ele>
      </trkpt>
      <trkpt lat="42.45931" lon="19.56095">
        <ele>244.4</ele>
      </trkpt>
      <trkpt lat="42.45919" lon="19.56094">
        <ele>243.7</ele>
      </trkpt>
      <trkpt lat="42.45891" lon="19.56095">
        <ele>244.0</ele>
      </trkpt>
      <trkpt lat="42.45846" lon="19.56101">
        <ele>246.0</ele>
      </trkpt>
      <trkpt lat="42.45834" lon="19.56104">
        <ele>247.0</ele>
      </trkpt>
      <trkpt lat="42.45807" lon="19.56117">
        <ele>251.4</ele>
      </trkpt>
      <trkpt lat="42.45798" lon="19.5612">
        <ele>252.3</ele>
      </trkpt>
      <trkpt lat="42.45777" lon="19.56125">
        <ele>253.7</ele>
      </trkpt>
      <trkpt lat="42.45729" lon="19.56131">
        <ele>255.4</ele>
      </trkpt>
      <trkpt lat="42.45715" lon="19.5613">
        <ele>255.3</ele>
      </trkpt>
      <trkpt lat="42.45703" lon="19.56126">
        <ele>253.9</ele>
      </trkpt>
      <trkpt lat="42.45681" lon="19.56111">
        <ele>248.3</ele>
      </trkpt>
      <trkpt lat="42.45665" lon="19.56099">
        <ele>243.4</ele>
      </trkpt>
      <trkpt lat="42.45655" lon="19.56094">
        <ele>241.3</ele>
      </trkpt>
      <trkpt lat="42.45643" lon="19.56092">
        <ele>240.5</ele>
      </trkpt>
      <trkpt lat="42.45558" lon="19.56089">
        <ele>236.1</ele>
      </trkpt>
      <trkpt lat="42.45543" lon="19.5609">
        <ele>234.2</ele>
      </trkpt>
      <trkpt lat="42.45536" lon="19.56093">
        <ele>233.7</ele>
      </trkpt>
      <trkpt lat="42.45529" lon="19.56099">
        <ele>233.3</ele>
      </trkpt>
      <trkpt lat="42.45521" lon="19.56111">
        <ele>233.0</ele>
      </trkpt>
      <trkpt lat="42.45514" lon="19.56123">
        <ele>232.4</ele>
      </trkpt>
      <trkpt lat="42.4551" lon="19.56127">
        <ele>232.8</ele>
      </trkpt>
      <trkpt lat="42.45503" lon="19.56131">
        <ele>233.6</ele>
      </trkpt>
      <trkpt lat="42.45495" lon="19.56132">
        <ele>234.4</ele>
      </trkpt>
      <trkpt lat="42.45464" lon="19.56125">
        <ele>237.4</ele>
      </trkpt>
      <trkpt lat="42.45446" lon="19.56117">
        <ele>239.3</ele>
      </trkpt>
      <trkpt lat="42.45437" lon="19.56109">
        <ele>240.7</ele>
      </trkpt>
      <trkpt lat="42.45431" lon="19.56101">
        <ele>241.4</ele>
      </trkpt>
      <trkpt lat="42.45425" lon="19.56085">
        <ele>241.6</ele>
      </trkpt>
      <trkpt lat="42.45405" lon="19.56013">
        <ele>244.7</ele>
      </trkpt>
      <trkpt lat="42.45401" lon="19.56002">
        <ele>246.2</ele>
      </trkpt>
      <trkpt lat="42.45385" lon="19.55967">
        <ele>250.7</ele>
      </trkpt>
      <trkpt lat="42.45366" lon="19.55938">
        <ele>256.2</ele>
      </trkpt>
      <trkpt lat="42.45358" lon="19.55924">
        <ele>257.5</ele>
      </trkpt>
      <trkpt lat="42.45356" lon="19.55917">
        <ele>256.8</ele>
      </trkpt>
      <trkpt lat="42.45348" lon="19.55886">
        <ele>256.6</ele>
      </trkpt>
      <trkpt lat="42.45341" lon="19.55843">
        <ele>252.9</ele>
      </trkpt>
      <trkpt lat="42.45339" lon="19.55816">
        <ele>250.8</ele>
      </trkpt>
      <trkpt lat="42.45339" lon="19.55797">
        <ele>249.4</ele>
      </trkpt>
      <trkpt lat="42.4535" lon="19.5572">
        <ele>242.5</ele>
      </trkpt>
      <trkpt lat="42.45355" lon="19.55672">
        <ele>241.0</ele>
      </trkpt>
      <trkpt lat="42.45355" lon="19.55661">
        <ele>240.9</ele>
      </trkpt>
      <trkpt lat="42.45353" lon="19.55624">
        <ele>240.8</ele>
      </trkpt>
      <trkpt lat="42.45351" lon="19.55613">
        <ele>241.3</ele>
      </trkpt>
      <trkpt lat="42.45344" lon="19.55579">
        <ele>242.2</ele>
      </trkpt>
      <trkpt lat="42.45323" lon="19.55501">
        <ele>239.3</ele>
      </trkpt>
      <trkpt lat="42.45303" lon="19.55422">
        <ele>242.2</ele>
      </trkpt>
      <trkpt lat="42.45295" lon="19.55381">
        <ele>243.0</ele>
      </trkpt>
      <trkpt lat="42.45287" lon="19.55323">
        <ele>240.2</ele>
      </trkpt>
      <trkpt lat="42.45284" lon="19.55311">
        <ele>241.0</ele>
      </trkpt>
      <trkpt lat="42.45276" lon="19.55283">
        <ele>242.7</ele>
      </trkpt>
      <trkpt lat="42.45268" lon="19.5526">
        <ele>243.9</ele>
      </trkpt>
      <trkpt lat="42.45238" lon="19.55182">
        <ele>237.0</ele>
      </trkpt>
      <trkpt lat="42.45221" lon="19.5514">
        <ele>237.3</ele>
      </trkpt>
      <trkpt lat="42.45212" lon="19.55124">
        <ele>237.9</ele>
      </trkpt>
      <trkpt lat="42.45191" lon="19.55091">
        <ele>236.9</ele>
      </trkpt>
      <trkpt lat="42.45166" lon="19.55061">
        <ele>233.9</ele>
      </trkpt>
      <trkpt lat="42.45118" lon="19.55008">
        <ele>228.2</ele>
      </trkpt>
      <trkpt lat="42.45086" lon="19.54979">
        <ele>228.8</ele>
      </trkpt>
      <trkpt lat="42.45073" lon="19.54966">
        <ele>228.6</ele>
      </trkpt>
      <trkpt lat="42.45067" lon="19.54959">
        <ele>228.5</ele>
      </trkpt>
      <trkpt lat="42.45042" lon="19.54915">
        <ele>225.8</ele>
      </trkpt>
      <trkpt lat="42.45028" lon="19.54896">
        <ele>226.5</ele>
      </trkpt>
      <trkpt lat="42.45021" lon="19.54888">
        <ele>226.4</ele>
      </trkpt>
      <trkpt lat="42.45014" lon="19.54883">
        <ele>226.3</ele>
      </trkpt>
      <trkpt lat="42.44972" lon="19.5486">
        <ele>227.6</ele>
      </trkpt>
      <trkpt lat="42.44965" lon="19.54855">
        <ele>227.7</ele>
      </trkpt>
      <trkpt lat="42.44955" lon="19.54843">
        <ele>226.9</ele>
      </trkpt>
      <trkpt lat="42.44933" lon="19.54812">
        <ele>225.9</ele>
      </trkpt>
      <trkpt lat="42.44892" lon="19.54747">
        <ele>224.3</ele>
      </trkpt>
      <trkpt lat="42.44872" lon="19.54714">
        <ele>225.8</ele>
      </trkpt>
      <trkpt lat="42.44872" lon="19.54714">
        <ele>225.8</ele>
      </trkpt>
      <trkpt lat="42.44872" lon="19.54714">
        <ele>225.8</ele>
      </trkpt>
      <trkpt lat="42.44848" lon="19.54674">
        <ele>221.1</ele>
      </trkpt>
      <trkpt lat="42.4484" lon="19.54663">
        <ele>219.3</ele>
      </trkpt>
      <trkpt lat="42.4481" lon="19.54623">
        <ele>222.9</ele>
      </trkpt>
      <trkpt lat="42.44749" lon="19.54548">
        <ele>227.0</ele>
      </trkpt>
      <trkpt lat="42.44733" lon="19.54527">
        <ele>229.8</ele>
      </trkpt>
      <trkpt lat="42.44723" lon="19.54512">
        <ele>231.1</ele>
      </trkpt>
      <trkpt lat="42.44697" lon="19.54461">
        <ele>233.0</ele>
      </trkpt>
      <trkpt lat="42.44678" lon="19.54428">
        <ele>228.6</ele>
      </trkpt>
      <trkpt lat="42.4467" lon="19.54416">
        <ele>225.7</ele>
      </trkpt>
      <trkpt lat="42.44616" lon="19.54332">
        <ele>222.4</ele>
      </trkpt>
      <trkpt lat="42.44588" lon="19.54296">
        <ele>219.1</ele>
      </trkpt>
      <trkpt lat="42.44574" lon="19.54279">
        <ele>217.6</ele>
      </trkpt>
      <trkpt lat="42.44549" lon="19.54254">
        <ele>217.0</ele>
      </trkpt>
      <trkpt lat="42.44512" lon="19.54219">
        <ele>219.5</ele>
      </trkpt>
      <trkpt lat="42.44475" lon="19.54184">
        <ele>219.3</ele>
      </trkpt>
      <trkpt lat="42.44457" lon="19.54168">
        <ele>219.2</ele>
      </trkpt>
      <trkpt lat="42.44436" lon="19.54152">
        <ele>220.8</ele>
      </trkpt>
      <trkpt lat="42.44387" lon="19.54125">
        <ele>225.6</ele>
      </trkpt>
      <trkpt lat="42.44379" lon="19.54118">
        <ele>225.6</ele>
      </trkpt>
      <trkpt lat="42.44366" lon="19.54102">
        <ele>223.1</ele>
      </trkpt>
      <trkpt lat="42.44345" lon="19.54067">
        <ele>217.6</ele>
      </trkpt>
      <trkpt lat="42.44335" lon="19.54054">
        <ele>216.5</ele>
      </trkpt>
      <trkpt lat="42.44322" lon="19.54044">
        <ele>218.0</ele>
      </trkpt>
      <trkpt lat="42.44297" lon="19.54031">
        <ele>221.9</ele>
      </trkpt>
      <trkpt lat="42.44289" lon="19.54025">
        <ele>222.4</ele>
      </trkpt>
      <trkpt lat="42.44282" lon="19.54018">
        <ele>222.2</ele>
      </trkpt>
      <trkpt lat="42.44276" lon="19.5401">
        <ele>221.2</ele>
      </trkpt>
      <trkpt lat="42.44268" lon="19.53994">
        <ele>218.9</ele>
      </trkpt>
      <trkpt lat="42.4426" lon="19.53983">
        <ele>218.4</ele>
      </trkpt>
      <trkpt lat="42.44237" lon="19.53958">
        <ele>218.0</ele>
      </trkpt>
      <trkpt lat="42.44219" lon="19.53943">
        <ele>218.5</ele>
      </trkpt>
      <trkpt lat="42.44192" lon="19.53921">
        <ele>216.3</ele>
      </trkpt>
      <trkpt lat="42.44154" lon="19.53895">
        <ele>215.4</ele>
      </trkpt>
      <trkpt lat="42.44118" lon="19.53875">
        <ele>215.6</ele>
      </trkpt>
      <trkpt lat="42.44105" lon="19.53869">
        <ele>215.4</ele>
      </trkpt>
      <trkpt lat="42.44075" lon="19.53858">
        <ele>214.2</ele>
      </trkpt>
      <trkpt lat="42.44025" lon="19.53846">
        <ele>212.1</ele>
      </trkpt>
      <trkpt lat="42.43987" lon="19.5384">
        <ele>211.8</ele>
      </trkpt>
      <trkpt lat="42.43977" lon="19.53839">
        <ele>211.4</ele>
      </trkpt>
      <trkpt lat="42.43963" lon="19.53844">
        <ele>212.6</ele>
      </trkpt>
      <trkpt lat="42.43947" lon="19.53856">
        <ele>215.8</ele>
      </trkpt>
      <trkpt lat="42.43938" lon="19.53861">
        <ele>217.1</ele>
      </trkpt>
      <trkpt lat="42.4393" lon="19.53863">
        <ele>217.5</ele>
      </trkpt>
      <trkpt lat="42.43922" lon="19.53863">
        <ele>217.3</ele>
      </trkpt>
      <trkpt lat="42.43906" lon="19.53856">
        <ele>214.7</ele>
      </trkpt>
      <trkpt lat="42.43893" lon="19.53852">
        <ele>212.8</ele>
      </trkpt>
      <trkpt lat="42.43881" lon="19.53851">
        <ele>211.9</ele>
      </trkpt>
      <trkpt lat="42.43869" lon="19.5385">
        <ele>210.9</ele>
      </trkpt>
      <trkpt lat="42.43797" lon="19.53859">
        <ele>213.0</ele>
      </trkpt>
      <trkpt lat="42.43777" lon="19.53859">
        <ele>213.5</ele>
      </trkpt>
      <trkpt lat="42.43759" lon="19.53855">
        <ele>212.8</ele>
      </trkpt>
      <trkpt lat="42.43748" lon="19.5385">
        <ele>211.9</ele>
      </trkpt>
      <trkpt lat="42.43718" lon="19.53835">
        <ele>213.2</ele>
      </trkpt>
      <trkpt lat="42.43681" lon="19.53814">
        <ele>215.2</ele>
      </trkpt>
      <trkpt lat="42.4367" lon="19.53807">
        <ele>214.7</ele>
      </trkpt>
      <trkpt lat="42.4363" lon="19.53774">
        <ele>216.6</ele>
      </trkpt>
      <trkpt lat="42.4359" lon="19.53741">
        <ele>216.8</ele>
      </trkpt>
      <trkpt lat="42.43566" lon="19.5372">
        <ele>219.6</ele>
      </trkpt>
      <trkpt lat="42.43522" lon="19.53675">
        <ele>220.1</ele>
      </trkpt>
      <trkpt lat="42.43478" lon="19.5363">
        <ele>219.0</ele>
      </trkpt>
      <trkpt lat="42.43417" lon="19.53579">
        <ele>218.0</ele>
      </trkpt>
      <trkpt lat="42.43375" lon="19.53534">
        <ele>213.6</ele>
      </trkpt>
      <trkpt lat="42.43345" lon="19.53508">
        <ele>207.5</ele>
      </trkpt>
      <trkpt lat="42.43275" lon="19.53454">
        <ele>213.0</ele>
      </trkpt>
      <trkpt lat="42.43206" lon="19.534">
        <ele>207.7</ele>
      </trkpt>
      <trkpt lat="42.43192" lon="19.53391">
        <ele>206.3</ele>
      </trkpt>
      <trkpt lat="42.43166" lon="19.53376">
        <ele>201.9</ele>
      </trkpt>
      <trkpt lat="42.43154" lon="19.53371">
        <ele>201.5</ele>
      </trkpt>
      <trkpt lat="42.43146" lon="19.5337">
        <ele>202.1</ele>
      </trkpt>
      <trkpt lat="42.43138" lon="19.5337">
        <ele>203.0</ele>
      </trkpt>
      <trkpt lat="42.43123" lon="19.53374">
        <ele>206.1</ele>
      </trkpt>
      <trkpt lat="42.43094" lon="19.53391">
        <ele>215.9</ele>
      </trkpt>
      <trkpt lat="42.4309" lon="19.53393">
        <ele>217.1</ele>
      </trkpt>
      <trkpt lat="42.43085" lon="19.53392">
        <ele>217.3</ele>
      </trkpt>
      <trkpt lat="42.4308" lon="19.5339">
        <ele>216.8</ele>
      </trkpt>
      <trkpt lat="42.43077" lon="19.53387">
        <ele>215.7</ele>
      </trkpt>
      <trkpt lat="42.43068" lon="19.53377">
        <ele>212.1</ele>
      </trkpt>
      <trkpt lat="42.43064" lon="19.53374">
        <ele>211.1</ele>
      </trkpt>
      <trkpt lat="42.43056" lon="19.5337">
        <ele>209.8</ele>
      </trkpt>
      <trkpt lat="42.43047" lon="19.53368">
        <ele>209.3</ele>
      </trkpt>
      <trkpt lat="42.43011" lon="19.53368">
        <ele>210.2</ele>
      </trkpt>
      <trkpt lat="42.42995" lon="19.53367">
        <ele>210.1</ele>
      </trkpt>
      <trkpt lat="42.42977" lon="19.53358">
        <ele>207.3</ele>
      </trkpt>
      <trkpt lat="42.42936" lon="19.5333">
        <ele>201.6</ele>
      </trkpt>
      <trkpt lat="42.42929" lon="19.53328">
        <ele>201.7</ele>
      </trkpt>
      <trkpt lat="42.42923" lon="19.53327">
        <ele>201.8</ele>
      </trkpt>
      <trkpt lat="42.42918" lon="19.53329">
        <ele>202.3</ele>
      </trkpt>
      <trkpt lat="42.42907" lon="19.53337">
        <ele>204.6</ele>
      </trkpt>
      <trkpt lat="42.42901" lon="19.53344">
        <ele>206.4</ele>
      </trkpt>
      <trkpt lat="42.4288" lon="19.53379">
        <ele>213.8</ele>
      </trkpt>
      <trkpt lat="42.42875" lon="19.53384">
        <ele>214.7</ele>
      </trkpt>
      <trkpt lat="42.42869" lon="19.53386">
        <ele>215.1</ele>
      </trkpt>
      <trkpt lat="42.42864" lon="19.53385">
        <ele>215.1</ele>
      </trkpt>
      <trkpt lat="42.42859" lon="19.53383">
        <ele>214.9</ele>
      </trkpt>
      <trkpt lat="42.42852" lon="19.53372">
        <ele>213.5</ele>
      </trkpt>
      <trkpt lat="42.4285" lon="19.53366">
        <ele>212.8</ele>
      </trkpt>
      <trkpt lat="42.4285" lon="19.53357">
        <ele>211.7</ele>
      </trkpt>
      <trkpt lat="42.4285" lon="19.53347">
        <ele>210.4</ele>
      </trkpt>
      <trkpt lat="42.42853" lon="19.53302">
        <ele>203.7</ele>
      </trkpt>
      <trkpt lat="42.42851" lon="19.53285">
        <ele>201.4</ele>
      </trkpt>
      <trkpt lat="42.42849" lon="19.53278">
        <ele>200.6</ele>
      </trkpt>
      <trkpt lat="42.42845" lon="19.5327">
        <ele>199.8</ele>
      </trkpt>
      <trkpt lat="42.42841" lon="19.53264">
        <ele>199.3</ele>
      </trkpt>
      <trkpt lat="42.42816" lon="19.5323">
        <ele>202.7</ele>
      </trkpt>
      <trkpt lat="42.42804" lon="19.53208">
        <ele>204.6</ele>
      </trkpt>
      <trkpt lat="42.42784" lon="19.53159">
        <ele>205.7</ele>
      </trkpt>
      <trkpt lat="42.42765" lon="19.53111">
        <ele>204.1</ele>
      </trkpt>
      <trkpt lat="42.4276" lon="19.53101">
        <ele>203.0</ele>
      </trkpt>
      <trkpt lat="42.42732" lon="19.53054">
        <ele>204.2</ele>
      </trkpt>
      <trkpt lat="42.42698" lon="19.5299">
        <ele>208.5</ele>
      </trkpt>
      <trkpt lat="42.42661" lon="19.5291">
        <ele>200.2</ele>
      </trkpt>
      <trkpt lat="42.42647" lon="19.52878">
        <ele>200.1</ele>
      </trkpt>
      <trkpt lat="42.4264" lon="19.52856">
        <ele>198.7</ele>
      </trkpt>
      <trkpt lat="42.42638" lon="19.52843">
        <ele>196.9</ele>
      </trkpt>
      <trkpt lat="42.42626" lon="19.52741">
        <ele>194.2</ele>
      </trkpt>
      <trkpt lat="42.42625" lon="19.52716">
        <ele>196.0</ele>
      </trkpt>
      <trkpt lat="42.42626" lon="19.52705">
        <ele>196.3</ele>
      </trkpt>
      <trkpt lat="42.42631" lon="19.52673">
        <ele>196.2</ele>
      </trkpt>
      <trkpt lat="42.42632" lon="19.52663">
        <ele>196.3</ele>
      </trkpt>
      <trkpt lat="42.42635" lon="19.52585">
        <ele>198.0</ele>
      </trkpt>
      <trkpt lat="42.42638" lon="19.52508">
        <ele>197.4</ele>
      </trkpt>
      <trkpt lat="42.42641" lon="19.52465">
        <ele>196.1</ele>
      </trkpt>
      <trkpt lat="42.42642" lon="19.52425">
        <ele>195.8</ele>
      </trkpt>
      <trkpt lat="42.42643" lon="19.52414">
        <ele>195.7</ele>
      </trkpt>
      <trkpt lat="42.42647" lon="19.52383">
        <ele>197.5</ele>
      </trkpt>
      <trkpt lat="42.42652" lon="19.52362">
        <ele>197.5</ele>
      </trkpt>
      <trkpt lat="42.42667" lon="19.52312">
        <ele>197.5</ele>
      </trkpt>
      <trkpt lat="42.4268" lon="19.52274">
        <ele>201.3</ele>
      </trkpt>
      <trkpt lat="42.42686" lon="19.52258">
        <ele>201.5</ele>
      </trkpt>
      <trkpt lat="42.42693" lon="19.52243">
        <ele>201.8</ele>
      </trkpt>
      <trkpt lat="42.42722" lon="19.52199">
        <ele>198.7</ele>
      </trkpt>
      <trkpt lat="42.42737" lon="19.5217">
        <ele>195.3</ele>
      </trkpt>
      <trkpt lat="42.42747" lon="19.52146">
        <ele>195.2</ele>
      </trkpt>
      <trkpt lat="42.42772" lon="19.52086">
        <ele>200.4</ele>
      </trkpt>
      <trkpt lat="42.42798" lon="19.52025">
        <ele>202.2</ele>
      </trkpt>
      <trkpt lat="42.42802" lon="19.52013">
        <ele>202.9</ele>
      </trkpt>
      <trkpt lat="42.42808" lon="19.51988">
        <ele>204.2</ele>
      </trkpt>
      <trkpt lat="42.42811" lon="19.51965">
        <ele>205.6</ele>
      </trkpt>
      <trkpt lat="42.42814" lon="19.5194">
        <ele>207.5</ele>
      </trkpt>
      <trkpt lat="42.42816" lon="19.51914">
        <ele>209.9</ele>
      </trkpt>
      <trkpt lat="42.42817" lon="19.51881">
        <ele>211.0</ele>
      </trkpt>
      <trkpt lat="42.42816" lon="19.51869">
        <ele>212.1</ele>
      </trkpt>
      <trkpt lat="42.42814" lon="19.51851">
        <ele>213.8</ele>
      </trkpt>
      <trkpt lat="42.42808" lon="19.51825">
        <ele>216.5</ele>
      </trkpt>
      <trkpt lat="42.42793" lon="19.51782">
        <ele>218.7</ele>
      </trkpt>
      <trkpt lat="42.42789" lon="19.51772">
        <ele>219.2</ele>
      </trkpt>
      <trkpt lat="42.42777" lon="19.51753">
        <ele>221.2</ele>
      </trkpt>
      <trkpt lat="42.42761" lon="19.51734">
        <ele>224.4</ele>
      </trkpt>
      <trkpt lat="42.42752" lon="19.51727">
        <ele>226.7</ele>
      </trkpt>
      <trkpt lat="42.42737" lon="19.51713">
        <ele>232.7</ele>
      </trkpt>
      <trkpt lat="42.42729" lon="19.51701">
        <ele>235.8</ele>
      </trkpt>
      <trkpt lat="42.42726" lon="19.51693">
        <ele>236.7</ele>
      </trkpt>
      <trkpt lat="42.42722" lon="19.51678">
        <ele>237.6</ele>
      </trkpt>
      <trkpt lat="42.4272" lon="19.51654">
        <ele>237.4</ele>
      </trkpt>
      <trkpt lat="42.4272" lon="19.51641">
        <ele>237.0</ele>
      </trkpt>
      <trkpt lat="42.42719" lon="19.51611">
        <ele>236.6</ele>
      </trkpt>
      <trkpt lat="42.42717" lon="19.51595">
        <ele>237.0</ele>
      </trkpt>
      <trkpt lat="42.42706" lon="19.51542">
        <ele>236.7</ele>
      </trkpt>
      <trkpt lat="42.42699" lon="19.51519">
        <ele>237.8</ele>
      </trkpt>
      <trkpt lat="42.42693" lon="19.51503">
        <ele>239.4</ele>
      </trkpt>
      <trkpt lat="42.42682" lon="19.51479">
        <ele>240.4</ele>
      </trkpt>
      <trkpt lat="42.42659" lon="19.51436">
        <ele>242.8</ele>
      </trkpt>
      <trkpt lat="42.4264" lon="19.51389">
        <ele>235.9</ele>
      </trkpt>
      <trkpt lat="42.42635" lon="19.5138">
        <ele>234.8</ele>
      </trkpt>
      <trkpt lat="42.42628" lon="19.51369">
        <ele>234.2</ele>
      </trkpt>
      <trkpt lat="42.4262" lon="19.51359">
        <ele>234.8</ele>
      </trkpt>
      <trkpt lat="42.42611" lon="19.51349">
        <ele>236.3</ele>
      </trkpt>
      <trkpt lat="42.42583" lon="19.51325">
        <ele>244.5</ele>
      </trkpt>
      <trkpt lat="42.42574" lon="19.51315">
        <ele>243.4</ele>
      </trkpt>
      <trkpt lat="42.42553" lon="19.51287">
        <ele>238.1</ele>
      </trkpt>
      <trkpt lat="42.42537" lon="19.51272">
        <ele>236.3</ele>
      </trkpt>
      <trkpt lat="42.4253" lon="19.51269">
        <ele>237.1</ele>
      </trkpt>
      <trkpt lat="42.42522" lon="19.51266">
        <ele>238.2</ele>
      </trkpt>
      <trkpt lat="42.42512" lon="19.51265">
        <ele>240.8</ele>
      </trkpt>
      <trkpt lat="42.42503" lon="19.51266">
        <ele>244.1</ele>
      </trkpt>
      <trkpt lat="42.42463" lon="19.51277">
        <ele>256.5</ele>
      </trkpt>
      <trkpt lat="42.42447" lon="19.51279">
        <ele>259.7</ele>
      </trkpt>
      <trkpt lat="42.4244" lon="19.51278">
        <ele>260.4</ele>
      </trkpt>
      <trkpt lat="42.42435" lon="19.51276">
        <ele>260.6</ele>
      </trkpt>
      <trkpt lat="42.4243" lon="19.51271">
        <ele>259.9</ele>
      </trkpt>
      <trkpt lat="42.42425" lon="19.51265">
        <ele>259.2</ele>
      </trkpt>
      <trkpt lat="42.42421" lon="19.51259">
        <ele>258.3</ele>
      </trkpt>
      <trkpt lat="42.42418" lon="19.51252">
        <ele>257.2</ele>
      </trkpt>
      <trkpt lat="42.42417" lon="19.51245">
        <ele>256.3</ele>
      </trkpt>
      <trkpt lat="42.42417" lon="19.51232">
        <ele>254.5</ele>
      </trkpt>
      <trkpt lat="42.42422" lon="19.51193">
        <ele>247.1</ele>
      </trkpt>
      <trkpt lat="42.42422" lon="19.51185">
        <ele>245.9</ele>
      </trkpt>
      <trkpt lat="42.4242" lon="19.51177">
        <ele>245.7</ele>
      </trkpt>
      <trkpt lat="42.42417" lon="19.51168">
        <ele>246.0</ele>
      </trkpt>
      <trkpt lat="42.42408" lon="19.51154">
        <ele>247.2</ele>
      </trkpt>
      <trkpt lat="42.42387" lon="19.51127">
        <ele>251.4</ele>
      </trkpt>
      <trkpt lat="42.42362" lon="19.51082">
        <ele>252.3</ele>
      </trkpt>
      <trkpt lat="42.42355" lon="19.51073">
        <ele>252.8</ele>
      </trkpt>
      <trkpt lat="42.42342" lon="19.51061">
        <ele>254.7</ele>
      </trkpt>
      <trkpt lat="42.42334" lon="19.51056">
        <ele>256.5</ele>
      </trkpt>
      <trkpt lat="42.42321" lon="19.5105">
        <ele>255.8</ele>
      </trkpt>
      <trkpt lat="42.42308" lon="19.51048">
        <ele>256.7</ele>
      </trkpt>
      <trkpt lat="42.42285" lon="19.51045">
        <ele>258.7</ele>
      </trkpt>
      <trkpt lat="42.42234" lon="19.51044">
        <ele>264.2</ele>
      </trkpt>
      <trkpt lat="42.42185" lon="19.51053">
        <ele>270.7</ele>
      </trkpt>
      <trkpt lat="42.42134" lon="19.51061">
        <ele>275.3</ele>
      </trkpt>
      <trkpt lat="42.42113" lon="19.51066">
        <ele>277.3</ele>
      </trkpt>
      <trkpt lat="42.4208" lon="19.51075">
        <ele>281.1</ele>
      </trkpt>
      <trkpt lat="42.42054" lon="19.51077">
        <ele>286.8</ele>
      </trkpt>
      <trkpt lat="42.42047" lon="19.51075">
        <ele>287.4</ele>
      </trkpt>
      <trkpt lat="42.42041" lon="19.5107">
        <ele>286.6</ele>
      </trkpt>
      <trkpt lat="42.42023" lon="19.51054">
        <ele>284.3</ele>
      </trkpt>
      <trkpt lat="42.42014" lon="19.51049">
        <ele>284.5</ele>
      </trkpt>
      <trkpt lat="42.42004" lon="19.51046">
        <ele>285.6</ele>
      </trkpt>
      <trkpt lat="42.41982" lon="19.51044">
        <ele>288.1</ele>
      </trkpt>
      <trkpt lat="42.41933" lon="19.51045">
        <ele>294.5</ele>
      </trkpt>
      <trkpt lat="42.419" lon="19.51038">
        <ele>297.9</ele>
      </trkpt>
      <trkpt lat="42.41877" lon="19.5103">
        <ele>300.3</ele>
      </trkpt>
      <trkpt lat="42.41858" lon="19.51021">
        <ele>301.5</ele>
      </trkpt>
      <trkpt lat="42.41828" lon="19.51009">
        <ele>303.0</ele>
      </trkpt>
      <trkpt lat="42.41817" lon="19.51006">
        <ele>302.2</ele>
      </trkpt>
      <trkpt lat="42.41804" lon="19.51005">
        <ele>301.9</ele>
      </trkpt>
      <trkpt lat="42.4178" lon="19.51005">
        <ele>302.2</ele>
      </trkpt>
      <trkpt lat="42.41759" lon="19.51011">
        <ele>305.3</ele>
      </trkpt>
      <trkpt lat="42.41716" lon="19.51026">
        <ele>312.7</ele>
      </trkpt>
      <trkpt lat="42.41709" lon="19.51027">
        <ele>313.1</ele>
      </trkpt>
      <trkpt lat="42.41687" lon="19.51025">
        <ele>311.9</ele>
      </trkpt>
      <trkpt lat="42.41655" lon="19.51012">
        <ele>303.4</ele>
      </trkpt>
      <trkpt lat="42.41649" lon="19.51011">
        <ele>302.1</ele>
      </trkpt>
      <trkpt lat="42.41637" lon="19.51013">
        <ele>301.3</ele>
      </trkpt>
      <trkpt lat="42.41631" lon="19.51016">
        <ele>301.9</ele>
      </trkpt>
      <trkpt lat="42.41626" lon="19.5102">
        <ele>303.0</ele>
      </trkpt>
      <trkpt lat="42.4162" lon="19.51026">
        <ele>304.9</ele>
      </trkpt>
      <trkpt lat="42.41585" lon="19.51076">
        <ele>321.2</ele>
      </trkpt>
      <trkpt lat="42.41581" lon="19.51082">
        <ele>323.0</ele>
      </trkpt>
      <trkpt lat="42.41568" lon="19.51095">
        <ele>323.1</ele>
      </trkpt>
      <trkpt lat="42.41556" lon="19.51102">
        <ele>323.2</ele>
      </trkpt>
      <trkpt lat="42.41543" lon="19.51105">
        <ele>323.3</ele>
      </trkpt>
      <trkpt lat="42.4149" lon="19.51107">
        <ele>323.7</ele>
      </trkpt>
      <trkpt lat="42.41481" lon="19.51106">
        <ele>324.7</ele>
      </trkpt>
      <trkpt lat="42.41466" lon="19.51102">
        <ele>325.1</ele>
      </trkpt>
      <trkpt lat="42.41445" lon="19.51093">
        <ele>324.2</ele>
      </trkpt>
      <trkpt lat="42.41422" lon="19.51081">
        <ele>323.7</ele>
      </trkpt>
      <trkpt lat="42.41417" lon="19.5108">
        <ele>324.7</ele>
      </trkpt>
      <trkpt lat="42.41412" lon="19.5108">
        <ele>324.9</ele>
      </trkpt>
      <trkpt lat="42.41404" lon="19.51081">
        <ele>325.3</ele>
      </trkpt>
      <trkpt lat="42.41368" lon="19.51106">
        <ele>338.9</ele>
      </trkpt>
      <trkpt lat="42.41353" lon="19.51118">
        <ele>338.4</ele>
      </trkpt>
      <trkpt lat="42.41349" lon="19.5112">
        <ele>338.2</ele>
      </trkpt>
      <trkpt lat="42.41344" lon="19.5112">
        <ele>338.1</ele>
      </trkpt>
      <trkpt lat="42.41339" lon="19.5112">
        <ele>338.0</ele>
      </trkpt>
      <trkpt lat="42.41335" lon="19.51118">
        <ele>337.8</ele>
      </trkpt>
      <trkpt lat="42.41331" lon="19.51115">
        <ele>337.7</ele>
      </trkpt>
      <trkpt lat="42.41326" lon="19.51108">
        <ele>337.5</ele>
      </trkpt>
      <trkpt lat="42.41313" lon="19.51066">
        <ele>341.1</ele>
      </trkpt>
      <trkpt lat="42.41307" lon="19.51052">
        <ele>342.4</ele>
      </trkpt>
      <trkpt lat="42.41294" lon="19.51034">
        <ele>344.4</ele>
      </trkpt>
      <trkpt lat="42.41289" lon="19.5103">
        <ele>345.0</ele>
      </trkpt>
      <trkpt lat="42.41282" lon="19.51027">
        <ele>345.8</ele>
      </trkpt>
      <trkpt lat="42.41275" lon="19.51024">
        <ele>346.6</ele>
      </trkpt>
      <trkpt lat="42.41267" lon="19.51023">
        <ele>348.5</ele>
      </trkpt>
      <trkpt lat="42.41245" lon="19.51022">
        <ele>353.2</ele>
      </trkpt>
      <trkpt lat="42.41235" lon="19.5102">
        <ele>354.5</ele>
      </trkpt>
      <trkpt lat="42.41232" lon="19.51017">
        <ele>354.5</ele>
      </trkpt>
      <trkpt lat="42.41227" lon="19.5101">
        <ele>354.2</ele>
      </trkpt>
      <trkpt lat="42.41228" lon="19.51001">
        <ele>352.6</ele>
      </trkpt>
      <trkpt lat="42.4123" lon="19.50996">
        <ele>353.6</ele>
      </trkpt>
      <trkpt lat="42.41232" lon="19.50993">
        <ele>354.5</ele>
      </trkpt>
      <trkpt lat="42.41244" lon="19.50992">
        <ele>353.0</ele>
      </trkpt>
      <trkpt lat="42.41294" lon="19.51">
        <ele>341.1</ele>
      </trkpt>
      <trkpt lat="42.41303" lon="19.50999">
        <ele>339.9</ele>
      </trkpt>
      <trkpt lat="42.4131" lon="19.50996">
        <ele>340.0</ele>
      </trkpt>
      <trkpt lat="42.41315" lon="19.50991">
        <ele>341.3</ele>
      </trkpt>
      <trkpt lat="42.41339" lon="19.50961">
        <ele>351.0</ele>
      </trkpt>
      <trkpt lat="42.41348" lon="19.50953">
        <ele>352.8</ele>
      </trkpt>
      <trkpt lat="42.41382" lon="19.50931">
        <ele>355.0</ele>
      </trkpt>
      <trkpt lat="42.41401" lon="19.50924">
        <ele>353.6</ele>
      </trkpt>
      <trkpt lat="42.41411" lon="19.50922">
        <ele>352.1</ele>
      </trkpt>
      <trkpt lat="42.41453" lon="19.50915">
        <ele>346.8</ele>
      </trkpt>
      <trkpt lat="42.4146" lon="19.50912">
        <ele>346.7</ele>
      </trkpt>
      <trkpt lat="42.41474" lon="19.50903">
        <ele>347.6</ele>
      </trkpt>
      <trkpt lat="42.41484" lon="19.50893">
        <ele>349.3</ele>
      </trkpt>
      <trkpt lat="42.41494" lon="19.50881">
        <ele>351.4</ele>
      </trkpt>
      <trkpt lat="42.41501" lon="19.5087">
        <ele>353.2</ele>
      </trkpt>
      <trkpt lat="42.41508" lon="19.50856">
        <ele>354.3</ele>
      </trkpt>
      <trkpt lat="42.41524" lon="19.50804">
        <ele>364.1</ele>
      </trkpt>
      <trkpt lat="42.4157" lon="19.50705">
        <ele>377.6</ele>
      </trkpt>
      <trkpt lat="42.41577" lon="19.50695">
        <ele>378.5</ele>
      </trkpt>
      <trkpt lat="42.41583" lon="19.50687">
        <ele>379.1</ele>
      </trkpt>
      <trkpt lat="42.4159" lon="19.50681">
        <ele>379.0</ele>
      </trkpt>
      <trkpt lat="42.41597" lon="19.50675">
        <ele>378.9</ele>
      </trkpt>
      <trkpt lat="42.41617" lon="19.50662">
        <ele>376.7</ele>
      </trkpt>
      <trkpt lat="42.41632" lon="19.50646">
        <ele>377.8</ele>
      </trkpt>
      <trkpt lat="42.41688" lon="19.50562">
        <ele>390.8</ele>
      </trkpt>
      <trkpt lat="42.41705" lon="19.5054">
        <ele>391.9</ele>
      </trkpt>
      <trkpt lat="42.41749" lon="19.50473">
        <ele>400.4</ele>
      </trkpt>
      <trkpt lat="42.41778" lon="19.5043">
        <ele>411.7</ele>
      </trkpt>
      <trkpt lat="42.41792" lon="19.50411">
        <ele>416.7</ele>
      </trkpt>
      <trkpt lat="42.41803" lon="19.504">
        <ele>419.5</ele>
      </trkpt>
      <trkpt lat="42.41813" lon="19.50393">
        <ele>420.5</ele>
      </trkpt>
      <trkpt lat="42.4182" lon="19.5039">
        <ele>420.1</ele>
      </trkpt>
      <trkpt lat="42.41836" lon="19.50386">
        <ele>418.6</ele>
      </trkpt>
      <trkpt lat="42.41869" lon="19.50386">
        <ele>418.4</ele>
      </trkpt>
      <trkpt lat="42.41888" lon="19.50388">
        <ele>417.3</ele>
      </trkpt>
      <trkpt lat="42.41929" lon="19.50393">
        <ele>418.0</ele>
      </trkpt>
      <trkpt lat="42.41943" lon="19.50398">
        <ele>419.7</ele>
      </trkpt>
      <trkpt lat="42.41958" lon="19.50407">
        <ele>421.5</ele>
      </trkpt>
      <trkpt lat="42.41961" lon="19.50411">
        <ele>421.7</ele>
      </trkpt>
      <trkpt lat="42.41964" lon="19.50416">
        <ele>421.9</ele>
      </trkpt>
      <trkpt lat="42.41966" lon="19.50423">
        <ele>419.7</ele>
      </trkpt>
      <trkpt lat="42.4197" lon="19.5044">
        <ele>413.7</ele>
      </trkpt>
      <trkpt lat="42.41973" lon="19.50448">
        <ele>411.2</ele>
      </trkpt>
      <trkpt lat="42.41977" lon="19.50454">
        <ele>409.8</ele>
      </trkpt>
      <trkpt lat="42.41983" lon="19.50462">
        <ele>408.2</ele>
      </trkpt>
      <trkpt lat="42.41994" lon="19.5047">
        <ele>408.1</ele>
      </trkpt>
      <trkpt lat="42.42033" lon="19.50492">
        <ele>400.8</ele>
      </trkpt>
      <trkpt lat="42.42039" lon="19.50494">
        <ele>400.1</ele>
      </trkpt>
      <trkpt lat="42.42045" lon="19.50493">
        <ele>400.6</ele>
      </trkpt>
      <trkpt lat="42.42049" lon="19.50492">
        <ele>400.9</ele>
      </trkpt>
      <trkpt lat="42.42062" lon="19.50483">
        <ele>404.0</ele>
      </trkpt>
      <trkpt lat="42.42074" lon="19.50471">
        <ele>407.6</ele>
      </trkpt>
      <trkpt lat="42.42082" lon="19.5046">
        <ele>410.6</ele>
      </trkpt>
      <trkpt lat="42.42086" lon="19.50454">
        <ele>410.5</ele>
      </trkpt>
      <trkpt lat="42.42088" lon="19.50446">
        <ele>411.5</ele>
      </trkpt>
      <trkpt lat="42.42094" lon="19.5042">
        <ele>415.0</ele>
      </trkpt>
      <trkpt lat="42.42094" lon="19.504">
        <ele>413.4</ele>
      </trkpt>
      <trkpt lat="42.42093" lon="19.50393">
        <ele>412.9</ele>
      </trkpt>
      <trkpt lat="42.4209" lon="19.50386">
        <ele>413.6</ele>
      </trkpt>
      <trkpt lat="42.42083" lon="19.50378">
        <ele>416.1</ele>
      </trkpt>
      <trkpt lat="42.42023" lon="19.50356">
        <ele>426.2</ele>
      </trkpt>
      <trkpt lat="42.42012" lon="19.50349">
        <ele>428.4</ele>
      </trkpt>
      <trkpt lat="42.41981" lon="19.50327">
        <ele>430.1</ele>
      </trkpt>
      <trkpt lat="42.41952" lon="19.50308">
        <ele>427.5</ele>
      </trkpt>
      <trkpt lat="42.41901" lon="19.5027">
        <ele>429.9</ele>
      </trkpt>
      <trkpt lat="42.41878" lon="19.50251">
        <ele>433.7</ele>
      </trkpt>
      <trkpt lat="42.41867" lon="19.50241">
        <ele>435.6</ele>
      </trkpt>
      <trkpt lat="42.41815" lon="19.50178">
        <ele>453.5</ele>
      </trkpt>
      <trkpt lat="42.41801" lon="19.50163">
        <ele>462.8</ele>
      </trkpt>
      <trkpt lat="42.41754" lon="19.50103">
        <ele>463.7</ele>
      </trkpt>
      <trkpt lat="42.4174" lon="19.50088">
        <ele>461.5</ele>
      </trkpt>
      <trkpt lat="42.4173" lon="19.50079">
        <ele>462.3</ele>
      </trkpt>
      <trkpt lat="42.4171" lon="19.50064">
        <ele>467.3</ele>
      </trkpt>
      <trkpt lat="42.41658" lon="19.50027">
        <ele>479.4</ele>
      </trkpt>
      <trkpt lat="42.41637" lon="19.50008">
        <ele>482.8</ele>
      </trkpt>
      <trkpt lat="42.41633" lon="19.50001">
        <ele>482.6</ele>
      </trkpt>
      <trkpt lat="42.41629" lon="19.49993">
        <ele>483.3</ele>
      </trkpt>
      <trkpt lat="42.41625" lon="19.49982">
        <ele>483.8</ele>
      </trkpt>
      <trkpt lat="42.41608" lon="19.49915">
        <ele>485.0</ele>
      </trkpt>
      <trkpt lat="42.41604" lon="19.49886">
        <ele>487.8</ele>
      </trkpt>
      <trkpt lat="42.41604" lon="19.49868">
        <ele>488.3</ele>
      </trkpt>
      <trkpt lat="42.41608" lon="19.49829">
        <ele>487.4</ele>
      </trkpt>
      <trkpt lat="42.41615" lon="19.49786">
        <ele>489.2</ele>
      </trkpt>
      <trkpt lat="42.41635" lon="19.49689">
        <ele>496.9</ele>
      </trkpt>
      <trkpt lat="42.41642" lon="19.4967">
        <ele>497.5</ele>
      </trkpt>
      <trkpt lat="42.41656" lon="19.49645">
        <ele>498.6</ele>
      </trkpt>
      <trkpt lat="42.41659" lon="19.49638">
        <ele>499.9</ele>
      </trkpt>
      <trkpt lat="42.41659" lon="19.49632">
        <ele>502.5</ele>
      </trkpt>
      <trkpt lat="42.41656" lon="19.49627">
        <ele>506.0</ele>
      </trkpt>
      <trkpt lat="42.41652" lon="19.49623">
        <ele>509.4</ele>
      </trkpt>
      <trkpt lat="42.41647" lon="19.49621">
        <ele>512.3</ele>
      </trkpt>
      <trkpt lat="42.41642" lon="19.49622">
        <ele>514.1</ele>
      </trkpt>
      <trkpt lat="42.41636" lon="19.49624">
        <ele>516.1</ele>
      </trkpt>
      <trkpt lat="42.41633" lon="19.49629">
        <ele>515.9</ele>
      </trkpt>
      <trkpt lat="42.41619" lon="19.49666">
        <ele>512.9</ele>
      </trkpt>
      <trkpt lat="42.41615" lon="19.49682">
        <ele>511.3</ele>
      </trkpt>
      <trkpt lat="42.41609" lon="19.49724">
        <ele>504.6</ele>
      </trkpt>
      <trkpt lat="42.41606" lon="19.49731">
        <ele>504.8</ele>
      </trkpt>
      <trkpt lat="42.41595" lon="19.49749">
        <ele>507.5</ele>
      </trkpt>
      <trkpt lat="42.41579" lon="19.49771">
        <ele>513.9</ele>
      </trkpt>
      <trkpt lat="42.41561" lon="19.49806">
        <ele>517.6</ele>
      </trkpt>
      <trkpt lat="42.41549" lon="19.49839">
        <ele>519.0</ele>
      </trkpt>
      <trkpt lat="42.41542" lon="19.49863">
        <ele>522.5</ele>
      </trkpt>
      <trkpt lat="42.4154" lon="19.49877">
        <ele>523.4</ele>
      </trkpt>
      <trkpt lat="42.41541" lon="19.49903">
        <ele>522.5</ele>
      </trkpt>
      <trkpt lat="42.41546" lon="19.49928">
        <ele>520.1</ele>
      </trkpt>
      <trkpt lat="42.41547" lon="19.49943">
        <ele>520.3</ele>
      </trkpt>
      <trkpt lat="42.41544" lon="19.49983">
        <ele>524.0</ele>
      </trkpt>
      <trkpt lat="42.41545" lon="19.50001">
        <ele>524.5</ele>
      </trkpt>
      <trkpt lat="42.41547" lon="19.50021">
        <ele>527.7</ele>
      </trkpt>
      <trkpt lat="42.41556" lon="19.50061">
        <ele>531.7</ele>
      </trkpt>
      <trkpt lat="42.41563" lon="19.50078">
        <ele>531.9</ele>
      </trkpt>
      <trkpt lat="42.41569" lon="19.5009">
        <ele>532.8</ele>
      </trkpt>
      <trkpt lat="42.41577" lon="19.50102">
        <ele>534.2</ele>
      </trkpt>
      <trkpt lat="42.41589" lon="19.50117">
        <ele>536.1</ele>
      </trkpt>
      <trkpt lat="42.41608" lon="19.50137">
        <ele>539.0</ele>
      </trkpt>
      <trkpt lat="42.41621" lon="19.50148">
        <ele>540.0</ele>
      </trkpt>
      <trkpt lat="42.41645" lon="19.50165">
        <ele>540.7</ele>
      </trkpt>
      <trkpt lat="42.41666" lon="19.50176">
        <ele>538.6</ele>
      </trkpt>
      <trkpt lat="42.41672" lon="19.5018">
        <ele>537.3</ele>
      </trkpt>
      <trkpt lat="42.41675" lon="19.50185">
        <ele>537.4</ele>
      </trkpt>
      <trkpt lat="42.41675" lon="19.5019">
        <ele>538.9</ele>
      </trkpt>
      <trkpt lat="42.41673" lon="19.50196">
        <ele>541.9</ele>
      </trkpt>
      <trkpt lat="42.41665" lon="19.502">
        <ele>547.5</ele>
      </trkpt>
      <trkpt lat="42.41659" lon="19.50198">
        <ele>548.7</ele>
      </trkpt>
      <trkpt lat="42.41619" lon="19.50169">
        <ele>550.2</ele>
      </trkpt>
      <trkpt lat="42.41592" lon="19.50148">
        <ele>549.0</ele>
      </trkpt>
      <trkpt lat="42.41561" lon="19.50126">
        <ele>551.2</ele>
      </trkpt>
      <trkpt lat="42.41542" lon="19.5011">
        <ele>553.1</ele>
      </trkpt>
      <trkpt lat="42.41535" lon="19.50101">
        <ele>553.0</ele>
      </trkpt>
      <trkpt lat="42.41528" lon="19.5009">
        <ele>552.5</ele>
      </trkpt>
      <trkpt lat="42.41522" lon="19.50079">
        <ele>552.3</ele>
      </trkpt>
      <trkpt lat="42.41505" lon="19.50038">
        <ele>552.3</ele>
      </trkpt>
      <trkpt lat="42.41497" lon="19.50014">
        <ele>552.1</ele>
      </trkpt>
      <trkpt lat="42.41494" lon="19.50005">
        <ele>552.4</ele>
      </trkpt>
      <trkpt lat="42.41493" lon="19.49995">
        <ele>552.0</ele>
      </trkpt>
      <trkpt lat="42.4149" lon="19.49962">
        <ele>553.1</ele>
      </trkpt>
      <trkpt lat="42.41488" lon="19.4995">
        <ele>554.1</ele>
      </trkpt>
      <trkpt lat="42.41473" lon="19.4992">
        <ele>561.8</ele>
      </trkpt>
      <trkpt lat="42.4147" lon="19.4991">
        <ele>563.4</ele>
      </trkpt>
      <trkpt lat="42.41469" lon="19.49902">
        <ele>564.1</ele>
      </trkpt>
      <trkpt lat="42.41468" lon="19.49891">
        <ele>564.9</ele>
      </trkpt>
      <trkpt lat="42.41474" lon="19.49855">
        <ele>561.8</ele>
      </trkpt>
      <trkpt lat="42.4148" lon="19.49793">
        <ele>565.8</ele>
      </trkpt>
      <trkpt lat="42.41483" lon="19.49771">
        <ele>568.2</ele>
      </trkpt>
      <trkpt lat="42.41487" lon="19.49759">
        <ele>568.0</ele>
      </trkpt>
      <trkpt lat="42.41494" lon="19.49739">
        <ele>568.2</ele>
      </trkpt>
      <trkpt lat="42.415" lon="19.4973">
        <ele>566.8</ele>
      </trkpt>
      <trkpt lat="42.41518" lon="19.49694">
        <ele>565.3</ele>
      </trkpt>
      <trkpt lat="42.41518" lon="19.49688">
        <ele>566.7</ele>
      </trkpt>
      <trkpt lat="42.41515" lon="19.49684">
        <ele>569.4</ele>
      </trkpt>
      <trkpt lat="42.41509" lon="19.49681">
        <ele>573.5</ele>
      </trkpt>
      <trkpt lat="42.41505" lon="19.49681">
        <ele>575.7</ele>
      </trkpt>
      <trkpt lat="42.415" lon="19.49684">
        <ele>577.8</ele>
      </trkpt>
      <trkpt lat="42.41494" lon="19.4969">
        <ele>579.7</ele>
      </trkpt>
      <trkpt lat="42.41488" lon="19.49699">
        <ele>580.9</ele>
      </trkpt>
      <trkpt lat="42.41476" lon="19.49729">
        <ele>581.0</ele>
      </trkpt>
      <trkpt lat="42.41462" lon="19.49772">
        <ele>580.9</ele>
      </trkpt>
      <trkpt lat="42.41458" lon="19.49789">
        <ele>580.4</ele>
      </trkpt>
      <trkpt lat="42.41449" lon="19.49835">
        <ele>578.6</ele>
      </trkpt>
      <trkpt lat="42.41446" lon="19.49846">
        <ele>580.1</ele>
      </trkpt>
      <trkpt lat="42.41442" lon="19.49855">
        <ele>582.3</ele>
      </trkpt>
      <trkpt lat="42.4143" lon="19.49878">
        <ele>588.6</ele>
      </trkpt>
      <trkpt lat="42.41428" lon="19.49887">
        <ele>589.3</ele>
      </trkpt>
      <trkpt lat="42.41428" lon="19.499">
        <ele>588.5</ele>
      </trkpt>
      <trkpt lat="42.4143" lon="19.49908">
        <ele>586.8</ele>
      </trkpt>
      <trkpt lat="42.41442" lon="19.49938">
        <ele>582.0</ele>
      </trkpt>
      <trkpt lat="42.41445" lon="19.49955">
        <ele>582.1</ele>
      </trkpt>
      <trkpt lat="42.41447" lon="19.49969">
        <ele>582.3</ele>
      </trkpt>
      <trkpt lat="42.41446" lon="19.50006">
        <ele>587.9</ele>
      </trkpt>
      <trkpt lat="42.41451" lon="19.50048">
        <ele>593.7</ele>
      </trkpt>
      <trkpt lat="42.41462" lon="19.50117">
        <ele>599.9</ele>
      </trkpt>
      <trkpt lat="42.4147" lon="19.50143">
        <ele>600.1</ele>
      </trkpt>
      <trkpt lat="42.41477" lon="19.50156">
        <ele>598.7</ele>
      </trkpt>
      <trkpt lat="42.41487" lon="19.50169">
        <ele>596.5</ele>
      </trkpt>
      <trkpt lat="42.41491" lon="19.50177">
        <ele>598.0</ele>
      </trkpt>
      <trkpt lat="42.41493" lon="19.50183">
        <ele>599.7</ele>
      </trkpt>
      <trkpt lat="42.41492" lon="19.5019">
        <ele>603.5</ele>
      </trkpt>
      <trkpt lat="42.41488" lon="19.50196">
        <ele>608.3</ele>
      </trkpt>
      <trkpt lat="42.41483" lon="19.50198">
        <ele>611.6</ele>
      </trkpt>
      <trkpt lat="42.41476" lon="19.50197">
        <ele>614.5</ele>
      </trkpt>
      <trkpt lat="42.4147" lon="19.50193">
        <ele>615.8</ele>
      </trkpt>
      <trkpt lat="42.4146" lon="19.50179">
        <ele>615.6</ele>
      </trkpt>
      <trkpt lat="42.4145" lon="19.50153">
        <ele>614.4</ele>
      </trkpt>
      <trkpt lat="42.4143" lon="19.50087">
        <ele>618.2</ele>
      </trkpt>
      <trkpt lat="42.41411" lon="19.50022">
        <ele>618.2</ele>
      </trkpt>
      <trkpt lat="42.41375" lon="19.49913">
        <ele>629.8</ele>
      </trkpt>
      <trkpt lat="42.41371" lon="19.49902">
        <ele>634.0</ele>
      </trkpt>
      <trkpt lat="42.41369" lon="19.49888">
        <ele>636.7</ele>
      </trkpt>
      <trkpt lat="42.4137" lon="19.49873">
        <ele>636.9</ele>
      </trkpt>
      <trkpt lat="42.41372" lon="19.49863">
        <ele>635.9</ele>
      </trkpt>
      <trkpt lat="42.41378" lon="19.4985">
        <ele>631.7</ele>
      </trkpt>
      <trkpt lat="42.41391" lon="19.49829">
        <ele>622.4</ele>
      </trkpt>
      <trkpt lat="42.41396" lon="19.49811">
        <ele>620.5</ele>
      </trkpt>
      <trkpt lat="42.41397" lon="19.49802">
        <ele>620.9</ele>
      </trkpt>
      <trkpt lat="42.41396" lon="19.49795">
        <ele>622.7</ele>
      </trkpt>
      <trkpt lat="42.41386" lon="19.49756">
        <ele>635.9</ele>
      </trkpt>
      <trkpt lat="42.4138" lon="19.49727">
        <ele>643.8</ele>
      </trkpt>
      <trkpt lat="42.41379" lon="19.49718">
        <ele>645.4</ele>
      </trkpt>
      <trkpt lat="42.4138" lon="19.49706">
        <ele>645.8</ele>
      </trkpt>
      <trkpt lat="42.41385" lon="19.49683">
        <ele>644.7</ele>
      </trkpt>
      <trkpt lat="42.4139" lon="19.49669">
        <ele>643.0</ele>
      </trkpt>
      <trkpt lat="42.41402" lon="19.49644">
        <ele>642.6</ele>
      </trkpt>
      <trkpt lat="42.41415" lon="19.4962">
        <ele>642.1</ele>
      </trkpt>
      <trkpt lat="42.41417" lon="19.49614">
        <ele>642.8</ele>
      </trkpt>
      <trkpt lat="42.41416" lon="19.4961">
        <ele>644.8</ele>
      </trkpt>
      <trkpt lat="42.41414" lon="19.49608">
        <ele>646.6</ele>
      </trkpt>
      <trkpt lat="42.4141" lon="19.49606">
        <ele>649.7</ele>
      </trkpt>
      <trkpt lat="42.41405" lon="19.49608">
        <ele>652.1</ele>
      </trkpt>
      <trkpt lat="42.41402" lon="19.4961">
        <ele>653.3</ele>
      </trkpt>
      <trkpt lat="42.41398" lon="19.49614">
        <ele>654.4</ele>
      </trkpt>
      <trkpt lat="42.41382" lon="19.49646">
        <ele>654.6</ele>
      </trkpt>
      <trkpt lat="42.41364" lon="19.49673">
        <ele>659.7</ele>
      </trkpt>
      <trkpt lat="42.41358" lon="19.49687">
        <ele>662.8</ele>
      </trkpt>
      <trkpt lat="42.41353" lon="19.49704">
        <ele>665.4</ele>
      </trkpt>
      <trkpt lat="42.41351" lon="19.49714">
        <ele>666.4</ele>
      </trkpt>
      <trkpt lat="42.41351" lon="19.49724">
        <ele>666.0</ele>
      </trkpt>
      <trkpt lat="42.41353" lon="19.49742">
        <ele>663.6</ele>
      </trkpt>
      <trkpt lat="42.41358" lon="19.49782">
        <ele>655.6</ele>
      </trkpt>
      <trkpt lat="42.41358" lon="19.49788">
        <ele>655.0</ele>
      </trkpt>
      <trkpt lat="42.41356" lon="19.49799">
        <ele>655.4</ele>
      </trkpt>
      <trkpt lat="42.41351" lon="19.49809">
        <ele>658.5</ele>
      </trkpt>
      <trkpt lat="42.41337" lon="19.49839">
        <ele>667.5</ele>
      </trkpt>
      <trkpt lat="42.41327" lon="19.49864">
        <ele>675.5</ele>
      </trkpt>
      <trkpt lat="42.41323" lon="19.49886">
        <ele>678.1</ele>
      </trkpt>
      <trkpt lat="42.41322" lon="19.49914">
        <ele>677.1</ele>
      </trkpt>
      <trkpt lat="42.41328" lon="19.49977">
        <ele>680.8</ele>
      </trkpt>
      <trkpt lat="42.41328" lon="19.49993">
        <ele>683.5</ele>
      </trkpt>
      <trkpt lat="42.41325" lon="19.50022">
        <ele>692.2</ele>
      </trkpt>
      <trkpt lat="42.41325" lon="19.50036">
        <ele>695.3</ele>
      </trkpt>
      <trkpt lat="42.4133" lon="19.50061">
        <ele>696.7</ele>
      </trkpt>
      <trkpt lat="42.4134" lon="19.50088">
        <ele>693.4</ele>
      </trkpt>
      <trkpt lat="42.41346" lon="19.50099">
        <ele>688.6</ele>
      </trkpt>
      <trkpt lat="42.41348" lon="19.50105">
        <ele>687.1</ele>
      </trkpt>
      <trkpt lat="42.41349" lon="19.50112">
        <ele>686.4</ele>
      </trkpt>
      <trkpt lat="42.41349" lon="19.5012">
        <ele>686.7</ele>
      </trkpt>
      <trkpt lat="42.41341" lon="19.50147">
        <ele>693.7</ele>
      </trkpt>
      <trkpt lat="42.4134" lon="19.50154">
        <ele>694.6</ele>
      </trkpt>
      <trkpt lat="42.41338" lon="19.50215">
        <ele>704.2</ele>
      </trkpt>
      <trkpt lat="42.41338" lon="19.50244">
        <ele>708.8</ele>
      </trkpt>
      <trkpt lat="42.41344" lon="19.50297">
        <ele>718.6</ele>
      </trkpt>
      <trkpt lat="42.41351" lon="19.50325">
        <ele>722.5</ele>
      </trkpt>
      <trkpt lat="42.41361" lon="19.50345">
        <ele>721.3</ele>
      </trkpt>
      <trkpt lat="42.41372" lon="19.50359">
        <ele>718.9</ele>
      </trkpt>
      <trkpt lat="42.4138" lon="19.50365">
        <ele>717.2</ele>
      </trkpt>
      <trkpt lat="42.41395" lon="19.50373">
        <ele>714.2</ele>
      </trkpt>
      <trkpt lat="42.41401" lon="19.50375">
        <ele>712.9</ele>
      </trkpt>
      <trkpt lat="42.41425" lon="19.50376">
        <ele>709.6</ele>
      </trkpt>
      <trkpt lat="42.41434" lon="19.50376">
        <ele>710.9</ele>
      </trkpt>
      <trkpt lat="42.41452" lon="19.50373">
        <ele>712.3</ele>
      </trkpt>
      <trkpt lat="42.41475" lon="19.50365">
        <ele>712.8</ele>
      </trkpt>
      <trkpt lat="42.41504" lon="19.50348">
        <ele>707.3</ele>
      </trkpt>
      <trkpt lat="42.41509" lon="19.50346">
        <ele>702.5</ele>
      </trkpt>
      <trkpt lat="42.41515" lon="19.50346">
        <ele>697.3</ele>
      </trkpt>
      <trkpt lat="42.41519" lon="19.5035">
        <ele>694.0</ele>
      </trkpt>
      <trkpt lat="42.41521" lon="19.50356">
        <ele>692.2</ele>
      </trkpt>
      <trkpt lat="42.41521" lon="19.50362">
        <ele>692.3</ele>
      </trkpt>
      <trkpt lat="42.4152" lon="19.50368">
        <ele>693.6</ele>
      </trkpt>
      <trkpt lat="42.41516" lon="19.50371">
        <ele>698.7</ele>
      </trkpt>
      <trkpt lat="42.41512" lon="19.50374">
        <ele>704.1</ele>
      </trkpt>
      <trkpt lat="42.41486" lon="19.50378">
        <ele>719.0</ele>
      </trkpt>
      <trkpt lat="42.41444" lon="19.50396">
        <ele>720.0</ele>
      </trkpt>
      <trkpt lat="42.41419" lon="19.50404">
        <ele>720.1</ele>
      </trkpt>
      <trkpt lat="42.41406" lon="19.50405">
        <ele>722.0</ele>
      </trkpt>
      <trkpt lat="42.41379" lon="19.50402">
        <ele>725.8</ele>
      </trkpt>
      <trkpt lat="42.41368" lon="19.50399">
        <ele>727.3</ele>
      </trkpt>
      <trkpt lat="42.41324" lon="19.50378">
        <ele>734.1</ele>
      </trkpt>
      <trkpt lat="42.41269" lon="19.5037">
        <ele>738.6</ele>
      </trkpt>
      <trkpt lat="42.41259" lon="19.50366">
        <ele>741.5</ele>
      </trkpt>
      <trkpt lat="42.41226" lon="19.50346">
        <ele>758.3</ele>
      </trkpt>
      <trkpt lat="42.412" lon="19.50341">
        <ele>765.1</ele>
      </trkpt>
      <trkpt lat="42.41182" lon="19.50347">
        <ele>764.9</ele>
      </trkpt>
      <trkpt lat="42.4117" lon="19.50355">
        <ele>763.0</ele>
      </trkpt>
      <trkpt lat="42.41142" lon="19.5038">
        <ele>754.9</ele>
      </trkpt>
      <trkpt lat="42.41131" lon="19.50391">
        <ele>752.8</ele>
      </trkpt>
      <trkpt lat="42.41125" lon="19.50404">
        <ele>749.9</ele>
      </trkpt>
      <trkpt lat="42.41112" lon="19.50445">
        <ele>742.1</ele>
      </trkpt>
      <trkpt lat="42.41105" lon="19.50462">
        <ele>740.6</ele>
      </trkpt>
      <trkpt lat="42.411" lon="19.50467">
        <ele>741.7</ele>
      </trkpt>
      <trkpt lat="42.41093" lon="19.5047">
        <ele>744.4</ele>
      </trkpt>
      <trkpt lat="42.41085" lon="19.5047">
        <ele>748.2</ele>
      </trkpt>
      <trkpt lat="42.41074" lon="19.50465">
        <ele>749.6</ele>
      </trkpt>
      <trkpt lat="42.41029" lon="19.50441">
        <ele>750.6</ele>
      </trkpt>
      <trkpt lat="42.40984" lon="19.50417">
        <ele>748.3</ele>
      </trkpt>
      <trkpt lat="42.4098" lon="19.50414">
        <ele>747.9</ele>
      </trkpt>
      <trkpt lat="42.40968" lon="19.504">
        <ele>746.6</ele>
      </trkpt>
      <trkpt lat="42.4096" lon="19.50387">
        <ele>745.7</ele>
      </trkpt>
      <trkpt lat="42.40949" lon="19.50357">
        <ele>744.3</ele>
      </trkpt>
      <trkpt lat="42.40936" lon="19.50336">
        <ele>742.6</ele>
      </trkpt>
      <trkpt lat="42.40907" lon="19.50304">
        <ele>739.2</ele>
      </trkpt>
      <trkpt lat="42.40875" lon="19.50269">
        <ele>736.3</ele>
      </trkpt>
      <trkpt lat="42.40823" lon="19.50203">
        <ele>728.4</ele>
      </trkpt>
      <trkpt lat="42.40777" lon="19.50141">
        <ele>724.8</ele>
      </trkpt>
      <trkpt lat="42.40772" lon="19.50131">
        <ele>724.6</ele>
      </trkpt>
      <trkpt lat="42.40769" lon="19.50124">
        <ele>724.5</ele>
      </trkpt>
      <trkpt lat="42.40768" lon="19.50116">
        <ele>724.3</ele>
      </trkpt>
      <trkpt lat="42.40767" lon="19.50108">
        <ele>724.2</ele>
      </trkpt>
      <trkpt lat="42.40768" lon="19.50095">
        <ele>724.0</ele>
      </trkpt>
      <trkpt lat="42.40775" lon="19.50059">
        <ele>723.5</ele>
      </trkpt>
      <trkpt lat="42.40779" lon="19.50037">
        <ele>723.3</ele>
      </trkpt>
      <trkpt lat="42.40779" lon="19.50028">
        <ele>723.2</ele>
      </trkpt>
      <trkpt lat="42.40777" lon="19.50016">
        <ele>723.1</ele>
      </trkpt>
      <trkpt lat="42.40774" lon="19.50004">
        <ele>723.0</ele>
      </trkpt>
      <trkpt lat="42.40764" lon="19.49975">
        <ele>722.1</ele>
      </trkpt>
      <trkpt lat="42.40753" lon="19.4995">
        <ele>721.2</ele>
      </trkpt>
      <trkpt lat="42.40738" lon="19.49928">
        <ele>720.3</ele>
      </trkpt>
      <trkpt lat="42.40707" lon="19.49891">
        <ele>718.9</ele>
      </trkpt>
      <trkpt lat="42.40685" lon="19.49868">
        <ele>718.4</ele>
      </trkpt>
      <trkpt lat="42.4064" lon="19.4983">
        <ele>718.7</ele>
      </trkpt>
      <trkpt lat="42.40608" lon="19.49807">
        <ele>719.6</ele>
      </trkpt>
      <trkpt lat="42.40576" lon="19.49782">
        <ele>720.4</ele>
      </trkpt>
      <trkpt lat="42.40565" lon="19.4977">
        <ele>720.2</ele>
      </trkpt>
      <trkpt lat="42.40548" lon="19.49751">
        <ele>719.7</ele>
      </trkpt>
      <trkpt lat="42.40541" lon="19.49741">
        <ele>719.5</ele>
      </trkpt>
      <trkpt lat="42.40525" lon="19.49706">
        <ele>719.3</ele>
      </trkpt>
      <trkpt lat="42.40507" lon="19.49671">
        <ele>719.1</ele>
      </trkpt>
      <trkpt lat="42.40498" lon="19.49657">
        <ele>719.2</ele>
      </trkpt>
      <trkpt lat="42.40475" lon="19.49631">
        <ele>719.9</ele>
      </trkpt>
      <trkpt lat="42.40465" lon="19.49622">
        <ele>720.1</ele>
      </trkpt>
      <trkpt lat="42.40439" lon="19.49607">
        <ele>720.4</ele>
      </trkpt>
      <trkpt lat="42.40415" lon="19.49598">
        <ele>720.7</ele>
      </trkpt>
      <trkpt lat="42.40389" lon="19.49597">
        <ele>720.8</ele>
      </trkpt>
      <trkpt lat="42.40367" lon="19.49597">
        <ele>721.0</ele>
      </trkpt>
      <trkpt lat="42.40329" lon="19.49601">
        <ele>721.4</ele>
      </trkpt>
      <trkpt lat="42.40289" lon="19.49602">
        <ele>722.8</ele>
      </trkpt>
      <trkpt lat="42.40256" lon="19.49598">
        <ele>724.0</ele>
      </trkpt>
      <trkpt lat="42.40189" lon="19.49583">
        <ele>724.7</ele>
      </trkpt>
      <trkpt lat="42.40155" lon="19.49572">
        <ele>725.5</ele>
      </trkpt>
      <trkpt lat="42.40091" lon="19.49547">
        <ele>727.0</ele>
      </trkpt>
      <trkpt lat="42.40027" lon="19.49521">
        <ele>728.4</ele>
      </trkpt>
      <trkpt lat="42.39952" lon="19.4949">
        <ele>730.6</ele>
      </trkpt>
      <trkpt lat="42.39878" lon="19.49459">
        <ele>732.7</ele>
      </trkpt>
      <trkpt lat="42.39829" lon="19.49437">
        <ele>734.1</ele>
      </trkpt>
      <trkpt lat="42.39781" lon="19.49415">
        <ele>735.2</ele>
      </trkpt>
      <trkpt lat="42.39721" lon="19.49391">
        <ele>737.0</ele>
      </trkpt>
      <trkpt lat="42.39668" lon="19.49371">
        <ele>738.8</ele>
      </trkpt>
      <trkpt lat="42.39614" lon="19.4935">
        <ele>739.7</ele>
      </trkpt>
      <trkpt lat="42.39568" lon="19.49335">
        <ele>740.6</ele>
      </trkpt>
      <trkpt lat="42.39518" lon="19.4932">
        <ele>741.9</ele>
      </trkpt>
      <trkpt lat="42.39477" lon="19.49312">
        <ele>742.9</ele>
      </trkpt>
      <trkpt lat="42.39411" lon="19.49305">
        <ele>744.4</ele>
      </trkpt>
      <trkpt lat="42.39348" lon="19.49299">
        <ele>745.0</ele>
      </trkpt>
      <trkpt lat="42.39283" lon="19.49291">
        <ele>745.3</ele>
      </trkpt>
      <trkpt lat="42.39218" lon="19.49283">
        <ele>744.9</ele>
      </trkpt>
      <trkpt lat="42.39141" lon="19.49271">
        <ele>742.8</ele>
      </trkpt>
      <trkpt lat="42.39064" lon="19.49259">
        <ele>740.0</ele>
      </trkpt>
      <trkpt lat="42.38987" lon="19.49248">
        <ele>737.0</ele>
      </trkpt>
      <trkpt lat="42.38959" lon="19.49247">
        <ele>735.0</ele>
      </trkpt>
      <trkpt lat="42.3894" lon="19.49249">
        <ele>733.7</ele>
      </trkpt>
      <trkpt lat="42.3889" lon="19.49259">
        <ele>731.6</ele>
      </trkpt>
      <trkpt lat="42.3884" lon="19.49269">
        <ele>730.0</ele>
      </trkpt>
      <trkpt lat="42.38804" lon="19.49274">
        <ele>728.1</ele>
      </trkpt>
      <trkpt lat="42.38774" lon="19.49277">
        <ele>726.4</ele>
      </trkpt>
      <trkpt lat="42.38714" lon="19.49279">
        <ele>722.3</ele>
      </trkpt>
      <trkpt lat="42.38655" lon="19.49281">
        <ele>718.0</ele>
      </trkpt>
      <trkpt lat="42.38632" lon="19.49281">
        <ele>716.3</ele>
      </trkpt>
      <trkpt lat="42.38626" lon="19.4928">
        <ele>715.8</ele>
      </trkpt>
      <trkpt lat="42.3862" lon="19.49277">
        <ele>715.3</ele>
      </trkpt>
      <trkpt lat="42.38604" lon="19.49266">
        <ele>713.8</ele>
      </trkpt>
      <trkpt lat="42.38563" lon="19.49232">
        <ele>709.2</ele>
      </trkpt>
      <trkpt lat="42.38521" lon="19.49198">
        <ele>704.6</ele>
      </trkpt>
      <trkpt lat="42.38512" lon="19.49192">
        <ele>703.9</ele>
      </trkpt>
      <trkpt lat="42.38506" lon="19.4919">
        <ele>703.4</ele>
      </trkpt>
      <trkpt lat="42.38499" lon="19.49189">
        <ele>702.9</ele>
      </trkpt>
      <trkpt lat="42.38479" lon="19.49191">
        <ele>701.5</ele>
      </trkpt>
      <trkpt lat="42.38472" lon="19.49194">
        <ele>701.0</ele>
      </trkpt>
      <trkpt lat="42.38461" lon="19.49201">
        <ele>700.2</ele>
      </trkpt>
      <trkpt lat="42.38453" lon="19.49207">
        <ele>699.6</ele>
      </trkpt>
      <trkpt lat="42.38448" lon="19.49212">
        <ele>699.3</ele>
      </trkpt>
      <trkpt lat="42.3844" lon="19.49225">
        <ele>698.7</ele>
      </trkpt>
      <trkpt lat="42.38421" lon="19.49265">
        <ele>698.6</ele>
      </trkpt>
      <trkpt lat="42.38388" lon="19.49332">
        <ele>700.8</ele>
      </trkpt>
      <trkpt lat="42.38378" lon="19.4936">
        <ele>702.9</ele>
      </trkpt>
      <trkpt lat="42.3837" lon="19.49387">
        <ele>705.1</ele>
      </trkpt>
      <trkpt lat="42.38359" lon="19.49436">
        <ele>710.1</ele>
      </trkpt>
      <trkpt lat="42.38357" lon="19.49442">
        <ele>710.8</ele>
      </trkpt>
      <trkpt lat="42.38353" lon="19.49447">
        <ele>711.2</ele>
      </trkpt>
      <trkpt lat="42.38348" lon="19.49451">
        <ele>711.4</ele>
      </trkpt>
      <trkpt lat="42.38336" lon="19.49455">
        <ele>711.2</ele>
      </trkpt>
      <trkpt lat="42.38329" lon="19.49454">
        <ele>711.0</ele>
      </trkpt>
      <trkpt lat="42.38319" lon="19.49452">
        <ele>710.9</ele>
      </trkpt>
      <trkpt lat="42.38311" lon="19.49452">
        <ele>711.2</ele>
      </trkpt>
      <trkpt lat="42.38303" lon="19.49454">
        <ele>711.7</ele>
      </trkpt>
      <trkpt lat="42.38298" lon="19.49456">
        <ele>712.2</ele>
      </trkpt>
      <trkpt lat="42.38287" lon="19.49464">
        <ele>713.8</ele>
      </trkpt>
      <trkpt lat="42.3828" lon="19.49468">
        <ele>714.7</ele>
      </trkpt>
      <trkpt lat="42.38272" lon="19.49469">
        <ele>715.1</ele>
      </trkpt>
      <trkpt lat="42.38267" lon="19.49469">
        <ele>715.3</ele>
      </trkpt>
      <trkpt lat="42.38261" lon="19.49466">
        <ele>714.9</ele>
      </trkpt>
      <trkpt lat="42.38256" lon="19.49462">
        <ele>714.4</ele>
      </trkpt>
      <trkpt lat="42.38244" lon="19.4945">
        <ele>713.4</ele>
      </trkpt>
      <trkpt lat="42.38228" lon="19.49431">
        <ele>712.7</ele>
      </trkpt>
      <trkpt lat="42.38219" lon="19.49416">
        <ele>711.7</ele>
      </trkpt>
      <trkpt lat="42.38215" lon="19.49407">
        <ele>711.0</ele>
      </trkpt>
      <trkpt lat="42.3821" lon="19.49394">
        <ele>709.8</ele>
      </trkpt>
      <trkpt lat="42.38197" lon="19.49344">
        <ele>704.3</ele>
      </trkpt>
      <trkpt lat="42.38188" lon="19.49324">
        <ele>702.9</ele>
      </trkpt>
      <trkpt lat="42.38179" lon="19.49309">
        <ele>702.4</ele>
      </trkpt>
      <trkpt lat="42.38145" lon="19.49261">
        <ele>701.1</ele>
      </trkpt>
      <trkpt lat="42.38138" lon="19.49245">
        <ele>699.9</ele>
      </trkpt>
      <trkpt lat="42.38128" lon="19.49217">
        <ele>698.1</ele>
      </trkpt>
      <trkpt lat="42.38118" lon="19.49181">
        <ele>695.4</ele>
      </trkpt>
      <trkpt lat="42.38113" lon="19.49171">
        <ele>694.9</ele>
      </trkpt>
      <trkpt lat="42.38107" lon="19.49163">
        <ele>694.7</ele>
      </trkpt>
      <trkpt lat="42.38088" lon="19.4914">
        <ele>693.6</ele>
      </trkpt>
      <trkpt lat="42.38079" lon="19.49125">
        <ele>692.5</ele>
      </trkpt>
      <trkpt lat="42.38069" lon="19.49098">
        <ele>689.6</ele>
      </trkpt>
      <trkpt lat="42.38061" lon="19.49082">
        <ele>687.9</ele>
      </trkpt>
      <trkpt lat="42.38053" lon="19.4907">
        <ele>686.8</ele>
      </trkpt>
      <trkpt lat="42.38019" lon="19.49028">
        <ele>683.0</ele>
      </trkpt>
      <trkpt lat="42.38016" lon="19.49022">
        <ele>682.3</ele>
      </trkpt>
      <trkpt lat="42.38006" lon="19.49004">
        <ele>680.2</ele>
      </trkpt>
      <trkpt lat="42.37984" lon="19.4895">
        <ele>675.2</ele>
      </trkpt>
      <trkpt lat="42.37973" lon="19.48933">
        <ele>674.0</ele>
      </trkpt>
      <trkpt lat="42.37947" lon="19.48911">
        <ele>673.4</ele>
      </trkpt>
      <trkpt lat="42.37901" lon="19.4888">
        <ele>671.9</ele>
      </trkpt>
      <trkpt lat="42.37896" lon="19.48876">
        <ele>671.6</ele>
      </trkpt>
      <trkpt lat="42.37888" lon="19.48866">
        <ele>670.2</ele>
      </trkpt>
      <trkpt lat="42.37878" lon="19.48848">
        <ele>666.9</ele>
      </trkpt>
      <trkpt lat="42.37869" lon="19.48829">
        <ele>663.4</ele>
      </trkpt>
      <trkpt lat="42.37857" lon="19.48811">
        <ele>661.0</ele>
      </trkpt>
      <trkpt lat="42.37841" lon="19.48793">
        <ele>658.9</ele>
      </trkpt>
      <trkpt lat="42.37822" lon="19.48774">
        <ele>657.5</ele>
      </trkpt>
      <trkpt lat="42.37776" lon="19.48729">
        <ele>653.2</ele>
      </trkpt>
      <trkpt lat="42.37761" lon="19.48718">
        <ele>651.8</ele>
      </trkpt>
      <trkpt lat="42.37729" lon="19.48699">
        <ele>650.9</ele>
      </trkpt>
      <trkpt lat="42.37723" lon="19.48693">
        <ele>650.0</ele>
      </trkpt>
      <trkpt lat="42.37716" lon="19.48686">
        <ele>648.9</ele>
      </trkpt>
      <trkpt lat="42.37689" lon="19.4865">
        <ele>642.1</ele>
      </trkpt>
      <trkpt lat="42.37675" lon="19.48636">
        <ele>640.2</ele>
      </trkpt>
      <trkpt lat="42.37661" lon="19.48628">
        <ele>639.0</ele>
      </trkpt>
      <trkpt lat="42.37651" lon="19.48624">
        <ele>637.7</ele>
      </trkpt>
      <trkpt lat="42.37633" lon="19.48622">
        <ele>637.0</ele>
      </trkpt>
      <trkpt lat="42.37601" lon="19.48629">
        <ele>639.6</ele>
      </trkpt>
      <trkpt lat="42.37588" lon="19.48631">
        <ele>640.4</ele>
      </trkpt>
      <trkpt lat="42.37575" lon="19.4863">
        <ele>642.5</ele>
      </trkpt>
      <trkpt lat="42.37566" lon="19.48628">
        <ele>644.3</ele>
      </trkpt>
      <trkpt lat="42.37559" lon="19.48625">
        <ele>645.2</ele>
      </trkpt>
      <trkpt lat="42.37547" lon="19.48618">
        <ele>646.1</ele>
      </trkpt>
      <trkpt lat="42.37537" lon="19.48606">
        <ele>644.8</ele>
      </trkpt>
      <trkpt lat="42.3753" lon="19.48592">
        <ele>642.0</ele>
      </trkpt>
      <trkpt lat="42.37528" lon="19.48581">
        <ele>639.1</ele>
      </trkpt>
      <trkpt lat="42.37526" lon="19.48568">
        <ele>636.7</ele>
      </trkpt>
      <trkpt lat="42.37524" lon="19.48528">
        <ele>628.0</ele>
      </trkpt>
      <trkpt lat="42.37522" lon="19.48515">
        <ele>625.3</ele>
      </trkpt>
      <trkpt lat="42.37518" lon="19.48501">
        <ele>622.8</ele>
      </trkpt>
      <trkpt lat="42.37514" lon="19.48489">
        <ele>620.5</ele>
      </trkpt>
      <trkpt lat="42.37511" lon="19.48481">
        <ele>619.0</ele>
      </trkpt>
      <trkpt lat="42.37506" lon="19.48473">
        <ele>617.8</ele>
      </trkpt>
      <trkpt lat="42.37495" lon="19.48459">
        <ele>616.1</ele>
      </trkpt>
      <trkpt lat="42.37488" lon="19.48453">
        <ele>615.6</ele>
      </trkpt>
      <trkpt lat="42.37432" lon="19.48417">
        <ele>613.1</ele>
      </trkpt>
      <trkpt lat="42.37417" lon="19.48406">
        <ele>611.9</ele>
      </trkpt>
      <trkpt lat="42.37399" lon="19.48391">
        <ele>611.5</ele>
      </trkpt>
      <trkpt lat="42.37385" lon="19.48375">
        <ele>609.7</ele>
      </trkpt>
      <trkpt lat="42.37358" lon="19.48341">
        <ele>604.1</ele>
      </trkpt>
      <trkpt lat="42.37307" lon="19.48291">
        <ele>603.2</ele>
      </trkpt>
      <trkpt lat="42.373" lon="19.48283">
        <ele>603.3</ele>
      </trkpt>
      <trkpt lat="42.3729" lon="19.48268">
        <ele>602.4</ele>
      </trkpt>
      <trkpt lat="42.37282" lon="19.48248">
        <ele>599.6</ele>
      </trkpt>
      <trkpt lat="42.37267" lon="19.48196">
        <ele>594.6</ele>
      </trkpt>
      <trkpt lat="42.37256" lon="19.48156">
        <ele>591.0</ele>
      </trkpt>
      <trkpt lat="42.37244" lon="19.48089">
        <ele>584.1</ele>
      </trkpt>
      <trkpt lat="42.37241" lon="19.48062">
        <ele>582.5</ele>
      </trkpt>
      <trkpt lat="42.37237" lon="19.47981">
        <ele>576.2</ele>
      </trkpt>
      <trkpt lat="42.37234" lon="19.4795">
        <ele>574.4</ele>
      </trkpt>
      <trkpt lat="42.37232" lon="19.47858">
        <ele>565.1</ele>
      </trkpt>
      <trkpt lat="42.37232" lon="19.47838">
        <ele>562.7</ele>
      </trkpt>
      <trkpt lat="42.3723" lon="19.47822">
        <ele>561.4</ele>
      </trkpt>
      <trkpt lat="42.37227" lon="19.47804">
        <ele>560.0</ele>
      </trkpt>
      <trkpt lat="42.37209" lon="19.47734">
        <ele>556.7</ele>
      </trkpt>
      <trkpt lat="42.37196" lon="19.47669">
        <ele>551.5</ele>
      </trkpt>
      <trkpt lat="42.37187" lon="19.47631">
        <ele>548.3</ele>
      </trkpt>
      <trkpt lat="42.3718" lon="19.4761">
        <ele>547.2</ele>
      </trkpt>
      <trkpt lat="42.37174" lon="19.47595">
        <ele>546.6</ele>
      </trkpt>
      <trkpt lat="42.37148" lon="19.47542">
        <ele>545.3</ele>
      </trkpt>
      <trkpt lat="42.37139" lon="19.47518">
        <ele>543.8</ele>
      </trkpt>
      <trkpt lat="42.37132" lon="19.47489">
        <ele>541.2</ele>
      </trkpt>
      <trkpt lat="42.37114" lon="19.47402">
        <ele>533.9</ele>
      </trkpt>
      <trkpt lat="42.37107" lon="19.47373">
        <ele>531.5</ele>
      </trkpt>
      <trkpt lat="42.37092" lon="19.47323">
        <ele>527.6</ele>
      </trkpt>
      <trkpt lat="42.37061" lon="19.47242">
        <ele>521.0</ele>
      </trkpt>
      <trkpt lat="42.37055" lon="19.47223">
        <ele>519.1</ele>
      </trkpt>
      <trkpt lat="42.3705" lon="19.47207">
        <ele>517.5</ele>
      </trkpt>
      <trkpt lat="42.3703" lon="19.47168">
        <ele>514.5</ele>
      </trkpt>
      <trkpt lat="42.37009" lon="19.47123">
        <ele>512.3</ele>
      </trkpt>
      <trkpt lat="42.37" lon="19.4711">
        <ele>511.8</ele>
      </trkpt>
      <trkpt lat="42.36983" lon="19.47096">
        <ele>513.7</ele>
      </trkpt>
      <trkpt lat="42.36978" lon="19.4709">
        <ele>513.8</ele>
      </trkpt>
      <trkpt lat="42.36974" lon="19.47082">
        <ele>513.5</ele>
      </trkpt>
      <trkpt lat="42.3697" lon="19.47068">
        <ele>513.2</ele>
      </trkpt>
      <trkpt lat="42.36969" lon="19.47054">
        <ele>512.2</ele>
      </trkpt>
      <trkpt lat="42.3697" lon="19.46992">
        <ele>506.7</ele>
      </trkpt>
      <trkpt lat="42.36969" lon="19.4697">
        <ele>505.2</ele>
      </trkpt>
      <trkpt lat="42.36967" lon="19.46953">
        <ele>504.2</ele>
      </trkpt>
      <trkpt lat="42.36961" lon="19.46934">
        <ele>503.2</ele>
      </trkpt>
      <trkpt lat="42.36942" lon="19.46894">
        <ele>500.6</ele>
      </trkpt>
      <trkpt lat="42.36932" lon="19.46869">
        <ele>497.9</ele>
      </trkpt>
      <trkpt lat="42.36927" lon="19.46853">
        <ele>495.8</ele>
      </trkpt>
      <trkpt lat="42.36924" lon="19.46838">
        <ele>493.8</ele>
      </trkpt>
      <trkpt lat="42.36923" lon="19.46815">
        <ele>490.8</ele>
      </trkpt>
      <trkpt lat="42.36925" lon="19.46794">
        <ele>488.2</ele>
      </trkpt>
      <trkpt lat="42.3693" lon="19.46774">
        <ele>485.9</ele>
      </trkpt>
      <trkpt lat="42.36937" lon="19.46754">
        <ele>483.9</ele>
      </trkpt>
      <trkpt lat="42.36946" lon="19.46739">
        <ele>482.2</ele>
      </trkpt>
      <trkpt lat="42.36974" lon="19.46708">
        <ele>478.4</ele>
      </trkpt>
      <trkpt lat="42.36991" lon="19.46693">
        <ele>476.6</ele>
      </trkpt>
      <trkpt lat="42.37015" lon="19.46681">
        <ele>473.7</ele>
      </trkpt>
      <trkpt lat="42.37029" lon="19.46677">
        <ele>471.9</ele>
      </trkpt>
      <trkpt lat="42.37044" lon="19.46676">
        <ele>470.6</ele>
      </trkpt>
      <trkpt lat="42.37067" lon="19.46676">
        <ele>469.0</ele>
      </trkpt>
      <trkpt lat="42.37089" lon="19.46679">
        <ele>467.6</ele>
      </trkpt>
      <trkpt lat="42.37102" lon="19.46684">
        <ele>466.7</ele>
      </trkpt>
      <trkpt lat="42.3713" lon="19.46696">
        <ele>465.1</ele>
      </trkpt>
      <trkpt lat="42.37175" lon="19.46719">
        <ele>463.4</ele>
      </trkpt>
      <trkpt lat="42.37224" lon="19.46736">
        <ele>459.9</ele>
      </trkpt>
      <trkpt lat="42.37272" lon="19.46752">
        <ele>452.5</ele>
      </trkpt>
      <trkpt lat="42.37299" lon="19.46768">
        <ele>444.9</ele>
      </trkpt>
      <trkpt lat="42.37311" lon="19.46779">
        <ele>442.1</ele>
      </trkpt>
      <trkpt lat="42.37316" lon="19.46786">
        <ele>441.2</ele>
      </trkpt>
      <trkpt lat="42.37322" lon="19.46794">
        <ele>440.1</ele>
      </trkpt>
      <trkpt lat="42.37326" lon="19.46803">
        <ele>439.8</ele>
      </trkpt>
      <trkpt lat="42.37334" lon="19.46825">
        <ele>439.9</ele>
      </trkpt>
      <trkpt lat="42.37337" lon="19.46833">
        <ele>440.5</ele>
      </trkpt>
      <trkpt lat="42.37338" lon="19.46842">
        <ele>441.2</ele>
      </trkpt>
      <trkpt lat="42.37339" lon="19.46851">
        <ele>441.9</ele>
      </trkpt>
      <trkpt lat="42.37338" lon="19.46863">
        <ele>443.1</ele>
      </trkpt>
      <trkpt lat="42.37332" lon="19.46913">
        <ele>448.0</ele>
      </trkpt>
      <trkpt lat="42.37329" lon="19.46945">
        <ele>449.8</ele>
      </trkpt>
      <trkpt lat="42.37328" lon="19.46962">
        <ele>450.0</ele>
      </trkpt>
      <trkpt lat="42.37329" lon="19.46973">
        <ele>450.1</ele>
      </trkpt>
      <trkpt lat="42.37332" lon="19.46979">
        <ele>450.2</ele>
      </trkpt>
      <trkpt lat="42.37335" lon="19.46984">
        <ele>450.3</ele>
      </trkpt>
      <trkpt lat="42.37341" lon="19.46987">
        <ele>450.4</ele>
      </trkpt>
      <trkpt lat="42.3735" lon="19.46986">
        <ele>450.6</ele>
      </trkpt>
      <trkpt lat="42.37356" lon="19.46982">
        <ele>450.7</ele>
      </trkpt>
      <trkpt lat="42.37361" lon="19.46974">
        <ele>450.8</ele>
      </trkpt>
      <trkpt lat="42.37364" lon="19.46964">
        <ele>451.0</ele>
      </trkpt>
      <trkpt lat="42.3737" lon="19.46938">
        <ele>448.8</ele>
      </trkpt>
      <trkpt lat="42.37381" lon="19.46908">
        <ele>445.1</ele>
      </trkpt>
      <trkpt lat="42.37413" lon="19.46856">
        <ele>435.2</ele>
      </trkpt>
      <trkpt lat="42.37417" lon="19.46847">
        <ele>433.5</ele>
      </trkpt>
      <trkpt lat="42.3742" lon="19.46836">
        <ele>433.2</ele>
      </trkpt>
      <trkpt lat="42.37423" lon="19.46748">
        <ele>422.7</ele>
      </trkpt>
      <trkpt lat="42.37423" lon="19.46731">
        <ele>421.9</ele>
      </trkpt>
      <trkpt lat="42.37421" lon="19.467">
        <ele>419.2</ele>
      </trkpt>
      <trkpt lat="42.37421" lon="19.46672">
        <ele>417.8</ele>
      </trkpt>
      <trkpt lat="42.37422" lon="19.46653">
        <ele>417.0</ele>
      </trkpt>
      <trkpt lat="42.37427" lon="19.46617">
        <ele>416.6</ele>
      </trkpt>
      <trkpt lat="42.37429" lon="19.46596">
        <ele>415.8</ele>
      </trkpt>
      <trkpt lat="42.37432" lon="19.46496">
        <ele>404.4</ele>
      </trkpt>
      <trkpt lat="42.37433" lon="19.46469">
        <ele>402.9</ele>
      </trkpt>
      <trkpt lat="42.37431" lon="19.46409">
        <ele>397.4</ele>
      </trkpt>
      <trkpt lat="42.37429" lon="19.46388">
        <ele>396.1</ele>
      </trkpt>
      <trkpt lat="42.37417" lon="19.46297">
        <ele>387.4</ele>
      </trkpt>
      <trkpt lat="42.37413" lon="19.46235">
        <ele>382.6</ele>
      </trkpt>
      <trkpt lat="42.37411" lon="19.46195">
        <ele>379.7</ele>
      </trkpt>
      <trkpt lat="42.37412" lon="19.46095">
        <ele>378.5</ele>
      </trkpt>
      <trkpt lat="42.37412" lon="19.45995">
        <ele>373.2</ele>
      </trkpt>
      <trkpt lat="42.37412" lon="19.45973">
        <ele>372.7</ele>
      </trkpt>
      <trkpt lat="42.37417" lon="19.45917">
        <ele>374.2</ele>
      </trkpt>
      <trkpt lat="42.37418" lon="19.45891">
        <ele>371.7</ele>
      </trkpt>
      <trkpt lat="42.37417" lon="19.45809">
        <ele>361.0</ele>
      </trkpt>
      <trkpt lat="42.37419" lon="19.45765">
        <ele>356.5</ele>
      </trkpt>
      <trkpt lat="42.37425" lon="19.45725">
        <ele>355.3</ele>
      </trkpt>
      <trkpt lat="42.37437" lon="19.45647">
        <ele>352.5</ele>
      </trkpt>
      <trkpt lat="42.3745" lon="19.4557">
        <ele>348.7</ele>
      </trkpt>
      <trkpt lat="42.3746" lon="19.45487">
        <ele>345.8</ele>
      </trkpt>
      <trkpt lat="42.37471" lon="19.45405">
        <ele>340.7</ele>
      </trkpt>
      <trkpt lat="42.37481" lon="19.45322">
        <ele>332.1</ele>
      </trkpt>
      <trkpt lat="42.37488" lon="19.45277">
        <ele>332.0</ele>
      </trkpt>
      <trkpt lat="42.37499" lon="19.45213">
        <ele>329.3</ele>
      </trkpt>
      <trkpt lat="42.3751" lon="19.4515">
        <ele>327.1</ele>
      </trkpt>
      <trkpt lat="42.37515" lon="19.45128">
        <ele>327.8</ele>
      </trkpt>
      <trkpt lat="42.3752" lon="19.45106">
        <ele>328.1</ele>
      </trkpt>
      <trkpt lat="42.37527" lon="19.45086">
        <ele>329.3</ele>
      </trkpt>
      <trkpt lat="42.3753" lon="19.45074">
        <ele>329.5</ele>
      </trkpt>
      <trkpt lat="42.37531" lon="19.45065">
        <ele>329.2</ele>
      </trkpt>
      <trkpt lat="42.37529" lon="19.45056">
        <ele>327.6</ele>
      </trkpt>
      <trkpt lat="42.37527" lon="19.4505">
        <ele>326.2</ele>
      </trkpt>
      <trkpt lat="42.37522" lon="19.45047">
        <ele>323.9</ele>
      </trkpt>
      <trkpt lat="42.37518" lon="19.45046">
        <ele>322.2</ele>
      </trkpt>
      <trkpt lat="42.37514" lon="19.45047">
        <ele>320.6</ele>
      </trkpt>
      <trkpt lat="42.37512" lon="19.45051">
        <ele>320.1</ele>
      </trkpt>
      <trkpt lat="42.3751" lon="19.45057">
        <ele>319.6</ele>
      </trkpt>
      <trkpt lat="42.37503" lon="19.4509">
        <ele>318.8</ele>
      </trkpt>
      <trkpt lat="42.37494" lon="19.4512">
        <ele>317.4</ele>
      </trkpt>
      <trkpt lat="42.3748" lon="19.45156">
        <ele>314.4</ele>
      </trkpt>
      <trkpt lat="42.37461" lon="19.45199">
        <ele>311.9</ele>
      </trkpt>
      <trkpt lat="42.37444" lon="19.45231">
        <ele>309.1</ele>
      </trkpt>
      <trkpt lat="42.37437" lon="19.45247">
        <ele>308.2</ele>
      </trkpt>
      <trkpt lat="42.3743" lon="19.45267">
        <ele>306.2</ele>
      </trkpt>
      <trkpt lat="42.37396" lon="19.45374">
        <ele>299.9</ele>
      </trkpt>
      <trkpt lat="42.37385" lon="19.45421">
        <ele>302.2</ele>
      </trkpt>
      <trkpt lat="42.37382" lon="19.45443">
        <ele>302.4</ele>
      </trkpt>
      <trkpt lat="42.37377" lon="19.45474">
        <ele>301.9</ele>
      </trkpt>
      <trkpt lat="42.37373" lon="19.45487">
        <ele>300.7</ele>
      </trkpt>
      <trkpt lat="42.37367" lon="19.45491">
        <ele>297.9</ele>
      </trkpt>
      <trkpt lat="42.37363" lon="19.4549">
        <ele>295.8</ele>
      </trkpt>
      <trkpt lat="42.37358" lon="19.45485">
        <ele>293.1</ele>
      </trkpt>
      <trkpt lat="42.37357" lon="19.4548">
        <ele>292.3</ele>
      </trkpt>
      <trkpt lat="42.37357" lon="19.45474">
        <ele>292.1</ele>
      </trkpt>
      <trkpt lat="42.37359" lon="19.45456">
        <ele>292.2</ele>
      </trkpt>
      <trkpt lat="42.37367" lon="19.45421">
        <ele>294.2</ele>
      </trkpt>
      <trkpt lat="42.37371" lon="19.45397">
        <ele>292.7</ele>
      </trkpt>
      <trkpt lat="42.37372" lon="19.45359">
        <ele>287.2</ele>
      </trkpt>
      <trkpt lat="42.37371" lon="19.45289">
        <ele>280.6</ele>
      </trkpt>
      <trkpt lat="42.37369" lon="19.4522">
        <ele>274.9</ele>
      </trkpt>
      <trkpt lat="42.37369" lon="19.45149">
        <ele>270.2</ele>
      </trkpt>
      <trkpt lat="42.37357" lon="19.45069">
        <ele>267.5</ele>
      </trkpt>
      <trkpt lat="42.37349" lon="19.45041">
        <ele>266.2</ele>
      </trkpt>
      <trkpt lat="42.37336" lon="19.4501">
        <ele>264.1</ele>
      </trkpt>
      <trkpt lat="42.37306" lon="19.44957">
        <ele>261.6</ele>
      </trkpt>
      <trkpt lat="42.37298" lon="19.44947">
        <ele>260.9</ele>
      </trkpt>
      <trkpt lat="42.37289" lon="19.44937">
        <ele>260.2</ele>
      </trkpt>
      <trkpt lat="42.37278" lon="19.44929">
        <ele>259.1</ele>
      </trkpt>
      <trkpt lat="42.37268" lon="19.44925">
        <ele>257.9</ele>
      </trkpt>
      <trkpt lat="42.37256" lon="19.44923">
        <ele>256.4</ele>
      </trkpt>
      <trkpt lat="42.37246" lon="19.44924">
        <ele>255.5</ele>
      </trkpt>
      <trkpt lat="42.37183" lon="19.44938">
        <ele>253.9</ele>
      </trkpt>
      <trkpt lat="42.37174" lon="19.44942">
        <ele>253.6</ele>
      </trkpt>
      <trkpt lat="42.37163" lon="19.44949">
        <ele>252.4</ele>
      </trkpt>
      <trkpt lat="42.37153" lon="19.44953">
        <ele>250.3</ele>
      </trkpt>
      <trkpt lat="42.37144" lon="19.44953">
        <ele>248.7</ele>
      </trkpt>
      <trkpt lat="42.37134" lon="19.44951">
        <ele>247.0</ele>
      </trkpt>
      <trkpt lat="42.37119" lon="19.4494">
        <ele>245.1</ele>
      </trkpt>
      <trkpt lat="42.37099" lon="19.44924">
        <ele>243.0</ele>
      </trkpt>
      <trkpt lat="42.37091" lon="19.44923">
        <ele>241.7</ele>
      </trkpt>
      <trkpt lat="42.37083" lon="19.44926">
        <ele>240.0</ele>
      </trkpt>
      <trkpt lat="42.37077" lon="19.44935">
        <ele>237.6</ele>
      </trkpt>
      <trkpt lat="42.37075" lon="19.44949">
        <ele>235.6</ele>
      </trkpt>
      <trkpt lat="42.37077" lon="19.44963">
        <ele>234.8</ele>
      </trkpt>
      <trkpt lat="42.37081" lon="19.44974">
        <ele>234.8</ele>
      </trkpt>
      <trkpt lat="42.3709" lon="19.44987">
        <ele>235.6</ele>
      </trkpt>
      <trkpt lat="42.37112" lon="19.45015">
        <ele>236.1</ele>
      </trkpt>
      <trkpt lat="42.37167" lon="19.45073">
        <ele>237.8</ele>
      </trkpt>
      <trkpt lat="42.37175" lon="19.45084">
        <ele>236.5</ele>
      </trkpt>
      <trkpt lat="42.3718" lon="19.45092">
        <ele>235.3</ele>
      </trkpt>
      <trkpt lat="42.37183" lon="19.45099">
        <ele>234.2</ele>
      </trkpt>
      <trkpt lat="42.37183" lon="19.45108">
        <ele>232.4</ele>
      </trkpt>
      <trkpt lat="42.37181" lon="19.45115">
        <ele>230.9</ele>
      </trkpt>
      <trkpt lat="42.37175" lon="19.45119">
        <ele>229.5</ele>
      </trkpt>
      <trkpt lat="42.3717" lon="19.45119">
        <ele>229.0</ele>
      </trkpt>
      <trkpt lat="42.37162" lon="19.45114">
        <ele>228.6</ele>
      </trkpt>
      <trkpt lat="42.37127" lon="19.4509">
        <ele>225.5</ele>
      </trkpt>
      <trkpt lat="42.37073" lon="19.45057">
        <ele>218.7</ele>
      </trkpt>
      <trkpt lat="42.3703" lon="19.45014">
        <ele>214.0</ele>
      </trkpt>
      <trkpt lat="42.36973" lon="19.44961">
        <ele>203.4</ele>
      </trkpt>
      <trkpt lat="42.36959" lon="19.44947">
        <ele>200.2</ele>
      </trkpt>
      <trkpt lat="42.36948" lon="19.44934">
        <ele>198.0</ele>
      </trkpt>
      <trkpt lat="42.36939" lon="19.44921">
        <ele>196.6</ele>
      </trkpt>
      <trkpt lat="42.36925" lon="19.44895">
        <ele>193.6</ele>
      </trkpt>
      <trkpt lat="42.36912" lon="19.44869">
        <ele>191.1</ele>
      </trkpt>
      <trkpt lat="42.36905" lon="19.44851">
        <ele>190.7</ele>
      </trkpt>
      <trkpt lat="42.36897" lon="19.44823">
        <ele>192.1</ele>
      </trkpt>
      <trkpt lat="42.36892" lon="19.44814">
        <ele>192.5</ele>
      </trkpt>
      <trkpt lat="42.36886" lon="19.4481">
        <ele>191.9</ele>
      </trkpt>
      <trkpt lat="42.36881" lon="19.44808">
        <ele>191.3</ele>
      </trkpt>
      <trkpt lat="42.36853" lon="19.44807">
        <ele>185.9</ele>
      </trkpt>
      <trkpt lat="42.36847" lon="19.44806">
        <ele>184.9</ele>
      </trkpt>
      <trkpt lat="42.36835" lon="19.44802">
        <ele>183.5</ele>
      </trkpt>
      <trkpt lat="42.36809" lon="19.4479">
        <ele>180.2</ele>
      </trkpt>
      <trkpt lat="42.36799" lon="19.44788">
        <ele>178.3</ele>
      </trkpt>
      <trkpt lat="42.36793" lon="19.44792">
        <ele>176.0</ele>
      </trkpt>
      <trkpt lat="42.3679" lon="19.448">
        <ele>173.5</ele>
      </trkpt>
      <trkpt lat="42.36792" lon="19.44809">
        <ele>172.0</ele>
      </trkpt>
      <trkpt lat="42.36798" lon="19.44818">
        <ele>171.4</ele>
      </trkpt>
      <trkpt lat="42.36804" lon="19.44823">
        <ele>171.6</ele>
      </trkpt>
      <trkpt lat="42.36811" lon="19.44826">
        <ele>172.6</ele>
      </trkpt>
      <trkpt lat="42.3685" lon="19.44852">
        <ele>176.5</ele>
      </trkpt>
      <trkpt lat="42.36856" lon="19.4486">
        <ele>176.7</ele>
      </trkpt>
      <trkpt lat="42.36872" lon="19.44894">
        <ele>176.2</ele>
      </trkpt>
      <trkpt lat="42.3689" lon="19.44938">
        <ele>176.8</ele>
      </trkpt>
      <trkpt lat="42.36893" lon="19.44948">
        <ele>176.6</ele>
      </trkpt>
      <trkpt lat="42.36893" lon="19.44957">
        <ele>175.4</ele>
      </trkpt>
      <trkpt lat="42.3689" lon="19.44964">
        <ele>173.7</ele>
      </trkpt>
      <trkpt lat="42.36885" lon="19.44968">
        <ele>171.7</ele>
      </trkpt>
      <trkpt lat="42.36879" lon="19.44968">
        <ele>169.9</ele>
      </trkpt>
      <trkpt lat="42.36875" lon="19.44965">
        <ele>169.1</ele>
      </trkpt>
      <trkpt lat="42.36871" lon="19.4496">
        <ele>168.4</ele>
      </trkpt>
      <trkpt lat="42.36861" lon="19.44932">
        <ele>167.7</ele>
      </trkpt>
      <trkpt lat="42.36853" lon="19.44917">
        <ele>166.1</ele>
      </trkpt>
      <trkpt lat="42.3684" lon="19.44902">
        <ele>164.2</ele>
      </trkpt>
      <trkpt lat="42.36781" lon="19.44877">
        <ele>155.5</ele>
      </trkpt>
      <trkpt lat="42.36755" lon="19.4486">
        <ele>153.0</ele>
      </trkpt>
      <trkpt lat="42.36744" lon="19.44851">
        <ele>152.1</ele>
      </trkpt>
      <trkpt lat="42.36729" lon="19.44837">
        <ele>150.2</ele>
      </trkpt>
      <trkpt lat="42.36717" lon="19.44823">
        <ele>148.6</ele>
      </trkpt>
      <trkpt lat="42.36703" lon="19.44807">
        <ele>146.1</ele>
      </trkpt>
      <trkpt lat="42.36687" lon="19.44781">
        <ele>142.8</ele>
      </trkpt>
      <trkpt lat="42.36678" lon="19.4476">
        <ele>140.6</ele>
      </trkpt>
      <trkpt lat="42.36671" lon="19.44737">
        <ele>138.7</ele>
      </trkpt>
      <trkpt lat="42.36668" lon="19.44721">
        <ele>138.0</ele>
      </trkpt>
      <trkpt lat="42.36665" lon="19.44689">
        <ele>138.5</ele>
      </trkpt>
      <trkpt lat="42.36663" lon="19.44685">
        <ele>138.2</ele>
      </trkpt>
      <trkpt lat="42.36661" lon="19.44681">
        <ele>137.9</ele>
      </trkpt>
      <trkpt lat="42.36658" lon="19.44681">
        <ele>137.2</ele>
      </trkpt>
      <trkpt lat="42.36654" lon="19.44681">
        <ele>136.3</ele>
      </trkpt>
      <trkpt lat="42.36652" lon="19.44683">
        <ele>135.7</ele>
      </trkpt>
      <trkpt lat="42.3665" lon="19.44687">
        <ele>135.1</ele>
      </trkpt>
      <trkpt lat="42.36648" lon="19.44693">
        <ele>134.4</ele>
      </trkpt>
      <trkpt lat="42.36653" lon="19.4475">
        <ele>133.4</ele>
      </trkpt>
      <trkpt lat="42.36653" lon="19.4476">
        <ele>133.1</ele>
      </trkpt>
      <trkpt lat="42.36651" lon="19.44765">
        <ele>132.6</ele>
      </trkpt>
      <trkpt lat="42.36647" lon="19.44768">
        <ele>131.9</ele>
      </trkpt>
      <trkpt lat="42.36643" lon="19.44769">
        <ele>131.3</ele>
      </trkpt>
      <trkpt lat="42.3664" lon="19.44768">
        <ele>130.8</ele>
      </trkpt>
      <trkpt lat="42.36637" lon="19.44764">
        <ele>130.3</ele>
      </trkpt>
      <trkpt lat="42.3663" lon="19.4474">
        <ele>129.2</ele>
      </trkpt>
      <trkpt lat="42.36622" lon="19.44728">
        <ele>127.8</ele>
      </trkpt>
      <trkpt lat="42.36616" lon="19.44723">
        <ele>126.6</ele>
      </trkpt>
      <trkpt lat="42.36603" lon="19.44717">
        <ele>123.8</ele>
      </trkpt>
      <trkpt lat="42.36584" lon="19.44699">
        <ele>119.5</ele>
      </trkpt>
      <trkpt lat="42.36558" lon="19.44663">
        <ele>117.3</ele>
      </trkpt>
      <trkpt lat="42.36538" lon="19.4463">
        <ele>114.8</ele>
      </trkpt>
      <trkpt lat="42.36527" lon="19.44614">
        <ele>113.5</ele>
      </trkpt>
      <trkpt lat="42.36492" lon="19.4458">
        <ele>110.4</ele>
      </trkpt>
      <trkpt lat="42.36471" lon="19.44563">
        <ele>108.6</ele>
      </trkpt>
      <trkpt lat="42.36427" lon="19.44539">
        <ele>104.7</ele>
      </trkpt>
      <trkpt lat="42.36394" lon="19.44519">
        <ele>103.2</ele>
      </trkpt>
      <trkpt lat="42.36377" lon="19.44507">
        <ele>102.7</ele>
      </trkpt>
      <trkpt lat="42.36366" lon="19.44498">
        <ele>102.3</ele>
      </trkpt>
      <trkpt lat="42.36353" lon="19.44485">
        <ele>101.7</ele>
      </trkpt>
      <trkpt lat="42.36318" lon="19.44447">
        <ele>99.5</ele>
      </trkpt>
      <trkpt lat="42.36297" lon="19.44427">
        <ele>98.1</ele>
      </trkpt>
      <trkpt lat="42.36287" lon="19.4442">
        <ele>97.5</ele>
      </trkpt>
      <trkpt lat="42.36283" lon="19.44418">
        <ele>97.2</ele>
      </trkpt>
      <trkpt lat="42.36236" lon="19.44401">
        <ele>94.7</ele>
      </trkpt>
      <trkpt lat="42.36198" lon="19.44375">
        <ele>92.0</ele>
      </trkpt>
      <trkpt lat="42.36174" lon="19.44361">
        <ele>90.7</ele>
      </trkpt>
      <trkpt lat="42.36152" lon="19.44346">
        <ele>89.6</ele>
      </trkpt>
      <trkpt lat="42.36122" lon="19.44327">
        <ele>88.2</ele>
      </trkpt>
      <trkpt lat="42.36103" lon="19.4432">
        <ele>87.4</ele>
      </trkpt>
      <trkpt lat="42.36093" lon="19.44319">
        <ele>87.0</ele>
      </trkpt>
      <trkpt lat="42.36048" lon="19.44318">
        <ele>85.4</ele>
      </trkpt>
      <trkpt lat="42.36003" lon="19.44312">
        <ele>83.6</ele>
      </trkpt>
      <trkpt lat="42.35956" lon="19.44308">
        <ele>80.7</ele>
      </trkpt>
      <trkpt lat="42.35934" lon="19.44307">
        <ele>79.4</ele>
      </trkpt>
      <trkpt lat="42.35883" lon="19.4431">
        <ele>77.8</ele>
      </trkpt>
      <trkpt lat="42.35855" lon="19.44313">
        <ele>77.3</ele>
      </trkpt>
      <trkpt lat="42.35812" lon="19.44311">
        <ele>75.7</ele>
      </trkpt>
      <trkpt lat="42.35782" lon="19.44305">
        <ele>73.9</ele>
      </trkpt>
      <trkpt lat="42.35767" lon="19.44302">
        <ele>73.0</ele>
      </trkpt>
      <trkpt lat="42.35741" lon="19.44302">
        <ele>71.6</ele>
      </trkpt>
      <trkpt lat="42.35706" lon="19.44304">
        <ele>69.9</ele>
      </trkpt>
      <trkpt lat="42.35634" lon="19.44305">
        <ele>66.4</ele>
      </trkpt>
      <trkpt lat="42.35548" lon="19.44307">
        <ele>62.6</ele>
      </trkpt>
      <trkpt lat="42.35525" lon="19.44306">
        <ele>61.7</ele>
      </trkpt>
      <trkpt lat="42.35505" lon="19.44301">
        <ele>60.7</ele>
      </trkpt>
      <trkpt lat="42.35484" lon="19.4429">
        <ele>59.1</ele>
      </trkpt>
      <trkpt lat="42.35455" lon="19.44267">
        <ele>56.2</ele>
      </trkpt>
      <trkpt lat="42.35432" lon="19.44253">
        <ele>54.1</ele>
      </trkpt>
      <trkpt lat="42.35399" lon="19.44235">
        <ele>51.9</ele>
      </trkpt>
      <trkpt lat="42.35384" lon="19.44228">
        <ele>51.3</ele>
      </trkpt>
      <trkpt lat="42.35366" lon="19.44223">
        <ele>50.7</ele>
      </trkpt>
      <trkpt lat="42.35302" lon="19.4421">
        <ele>50.0</ele>
      </trkpt>
      <trkpt lat="42.35276" lon="19.44206">
        <ele>50.0</ele>
      </trkpt>
      <trkpt lat="42.35245" lon="19.44197">
        <ele>49.7</ele>
      </trkpt>
      <trkpt lat="42.35221" lon="19.44188">
        <ele>48.5</ele>
      </trkpt>
      <trkpt lat="42.35204" lon="19.44176">
        <ele>47.7</ele>
      </trkpt>
      <trkpt lat="42.35186" lon="19.44161">
        <ele>46.7</ele>
      </trkpt>
      <trkpt lat="42.35164" lon="19.44147">
        <ele>44.9</ele>
      </trkpt>
      <trkpt lat="42.35148" lon="19.4414">
        <ele>43.6</ele>
      </trkpt>
      <trkpt lat="42.35134" lon="19.44134">
        <ele>42.5</ele>
      </trkpt>
      <trkpt lat="42.35068" lon="19.44118">
        <ele>39.2</ele>
      </trkpt>
      <trkpt lat="42.35049" lon="19.44114">
        <ele>38.8</ele>
      </trkpt>
      <trkpt lat="42.35023" lon="19.44112">
        <ele>38.4</ele>
      </trkpt>
      <trkpt lat="42.34959" lon="19.4409">
        <ele>37.5</ele>
      </trkpt>
      <trkpt lat="42.34937" lon="19.44084">
        <ele>37.3</ele>
      </trkpt>
      <trkpt lat="42.34883" lon="19.44063">
        <ele>36.2</ele>
      </trkpt>
      <trkpt lat="42.34859" lon="19.44056">
        <ele>35.5</ele>
      </trkpt>
      <trkpt lat="42.34813" lon="19.44045">
        <ele>33.8</ele>
      </trkpt>
      <trkpt lat="42.34755" lon="19.44036">
        <ele>31.7</ele>
      </trkpt>
      <trkpt lat="42.34709" lon="19.44027">
        <ele>30.4</ele>
      </trkpt>
      <trkpt lat="42.34684" lon="19.4402">
        <ele>29.6</ele>
      </trkpt>
      <trkpt lat="42.34655" lon="19.4401">
        <ele>28.6</ele>
      </trkpt>
      <trkpt lat="42.34608" lon="19.43988">
        <ele>26.6</ele>
      </trkpt>
      <trkpt lat="42.34561" lon="19.43967">
        <ele>24.4</ele>
      </trkpt>
      <trkpt lat="42.34548" lon="19.43964">
        <ele>23.9</ele>
      </trkpt>
      <trkpt lat="42.34468" lon="19.43949">
        <ele>20.9</ele>
      </trkpt>
      <trkpt lat="42.34403" lon="19.43933">
        <ele>19.0</ele>
      </trkpt>
      <trkpt lat="42.34338" lon="19.43917">
        <ele>18.1</ele>
      </trkpt>
      <trkpt lat="42.34319" lon="19.43911">
        <ele>17.6</ele>
      </trkpt>
      <trkpt lat="42.34305" lon="19.43903">
        <ele>17.3</ele>
      </trkpt>
      <trkpt lat="42.34257" lon="19.43872">
        <ele>15.7</ele>
      </trkpt>
      <trkpt lat="42.34192" lon="19.43825">
        <ele>14.9</ele>
      </trkpt>
      <trkpt lat="42.34182" lon="19.4382">
        <ele>14.8</ele>
      </trkpt>
      <trkpt lat="42.34136" lon="19.4381">
        <ele>13.8</ele>
      </trkpt>
      <trkpt lat="42.34089" lon="19.438">
        <ele>12.5</ele>
      </trkpt>
      <trkpt lat="42.34065" lon="19.43791">
        <ele>12.3</ele>
      </trkpt>
      <trkpt lat="42.3404" lon="19.43777">
        <ele>12.2</ele>
      </trkpt>
      <trkpt lat="42.34023" lon="19.43763">
        <ele>12.1</ele>
      </trkpt>
      <trkpt lat="42.33978" lon="19.43707">
        <ele>11.3</ele>
      </trkpt>
      <trkpt lat="42.33942" lon="19.43655">
        <ele>10.3</ele>
      </trkpt>
      <trkpt lat="42.33906" lon="19.43604">
        <ele>8.5</ele>
      </trkpt>
      <trkpt lat="42.33899" lon="19.43586">
        <ele>8.3</ele>
      </trkpt>
      <trkpt lat="42.33891" lon="19.43547">
        <ele>8.5</ele>
      </trkpt>
      <trkpt lat="42.33887" lon="19.43537">
        <ele>8.5</ele>
      </trkpt>
      <trkpt lat="42.33882" lon="19.43527">
        <ele>8.5</ele>
      </trkpt>
      <trkpt lat="42.33876" lon="19.43521">
        <ele>8.5</ele>
      </trkpt>
      <trkpt lat="42.33865" lon="19.43515">
        <ele>8.4</ele>
      </trkpt>
      <trkpt lat="42.3385" lon="19.43508">
        <ele>8.3</ele>
      </trkpt>
      <trkpt lat="42.33814" lon="19.43497">
        <ele>8.7</ele>
      </trkpt>
      <trkpt lat="42.33779" lon="19.43489">
        <ele>10.0</ele>
      </trkpt>
      <trkpt lat="42.33748" lon="19.43487">
        <ele>11.0</ele>
      </trkpt>
      <trkpt lat="42.33735" lon="19.43489">
        <ele>11.0</ele>
      </trkpt>
      <trkpt lat="42.33717" lon="19.43496">
        <ele>11.0</ele>
      </trkpt>
      <trkpt lat="42.33681" lon="19.43516">
        <ele>10.5</ele>
      </trkpt>
      <trkpt lat="42.33638" lon="19.43553">
        <ele>9.1</ele>
      </trkpt>
      <trkpt lat="42.33629" lon="19.43559">
        <ele>8.9</ele>
      </trkpt>
      <trkpt lat="42.33621" lon="19.43562">
        <ele>8.9</ele>
      </trkpt>
      <trkpt lat="42.33605" lon="19.43562">
        <ele>8.9</ele>
      </trkpt>
      <trkpt lat="42.3359" lon="19.43554">
        <ele>9.0</ele>
      </trkpt>
      <trkpt lat="42.3358" lon="19.43547">
        <ele>9.0</ele>
      </trkpt>
      <trkpt lat="42.3358" lon="19.4354">
        <ele>9.0</ele>
      </trkpt>
      <trkpt lat="42.33599" lon="19.43489">
        <ele>9.5</ele>
      </trkpt>
      <trkpt lat="42.33624" lon="19.43443">
        <ele>10.7</ele>
      </trkpt>
      <trkpt lat="42.33634" lon="19.43416">
        <ele>11.2</ele>
      </trkpt>
      <trkpt lat="42.33643" lon="19.43381">
        <ele>11.1</ele>
      </trkpt>
      <trkpt lat="42.33651" lon="19.43338">
        <ele>10.9</ele>
      </trkpt>
      <trkpt lat="42.33653" lon="19.43314">
        <ele>10.4</ele>
      </trkpt>
      <trkpt lat="42.33655" lon="19.43284">
        <ele>9.8</ele>
      </trkpt>
      <trkpt lat="42.33655" lon="19.43258">
        <ele>9.2</ele>
      </trkpt>
      <trkpt lat="42.33654" lon="19.43218">
        <ele>8.4</ele>
      </trkpt>
      <trkpt lat="42.33645" lon="19.43136">
        <ele>7.7</ele>
      </trkpt>
      <trkpt lat="42.33637" lon="19.43091">
        <ele>7.8</ele>
      </trkpt>
      <trkpt lat="42.33626" lon="19.43051">
        <ele>9.4</ele>
      </trkpt>
      <trkpt lat="42.33617" lon="19.43021">
        <ele>10.8</ele>
      </trkpt>
      <trkpt lat="42.33605" lon="19.42988">
        <ele>12.1</ele>
      </trkpt>
      <trkpt lat="42.33588" lon="19.4295">
        <ele>12.7</ele>
      </trkpt>
      <trkpt lat="42.33577" lon="19.4293">
        <ele>12.4</ele>
      </trkpt>
      <trkpt lat="42.33565" lon="19.42912">
        <ele>12.2</ele>
      </trkpt>
      <trkpt lat="42.33513" lon="19.42843">
        <ele>12.3</ele>
      </trkpt>
      <trkpt lat="42.33461" lon="19.42774">
        <ele>14.2</ele>
      </trkpt>
      <trkpt lat="42.33445" lon="19.4275">
        <ele>15.4</ele>
      </trkpt>
      <trkpt lat="42.33402" lon="19.42665">
        <ele>14.5</ele>
      </trkpt>
      <trkpt lat="42.33379" lon="19.42627">
        <ele>15.9</ele>
      </trkpt>
      <trkpt lat="42.33354" lon="19.42588">
        <ele>15.1</ele>
      </trkpt>
      <trkpt lat="42.33328" lon="19.42534">
        <ele>15.0</ele>
      </trkpt>
      <trkpt lat="42.33299" lon="19.42464">
        <ele>16.4</ele>
      </trkpt>
      <trkpt lat="42.3327" lon="19.42395">
        <ele>16.7</ele>
      </trkpt>
      <trkpt lat="42.33251" lon="19.42355">
        <ele>15.2</ele>
      </trkpt>
      <trkpt lat="42.3323" lon="19.42322">
        <ele>15.0</ele>
      </trkpt>
      <trkpt lat="42.33221" lon="19.4231">
        <ele>15.2</ele>
      </trkpt>
      <trkpt lat="42.33172" lon="19.42255">
        <ele>15.1</ele>
      </trkpt>
      <trkpt lat="42.33129" lon="19.42203">
        <ele>12.4</ele>
      </trkpt>
      <trkpt lat="42.3311" lon="19.42173">
        <ele>9.0</ele>
      </trkpt>
      <trkpt lat="42.33083" lon="19.42124">
        <ele>10.2</ele>
      </trkpt>
      <trkpt lat="42.33042" lon="19.42037">
        <ele>14.8</ele>
      </trkpt>
      <trkpt lat="42.33001" lon="19.4195">
        <ele>11.1</ele>
      </trkpt>
      <trkpt lat="42.32992" lon="19.41928">
        <ele>10.6</ele>
      </trkpt>
      <trkpt lat="42.32977" lon="19.41888">
        <ele>11.7</ele>
      </trkpt>
      <trkpt lat="42.32956" lon="19.41826">
        <ele>13.8</ele>
      </trkpt>
      <trkpt lat="42.32953" lon="19.41805">
        <ele>15.3</ele>
      </trkpt>
      <trkpt lat="42.32952" lon="19.41783">
        <ele>17.2</ele>
      </trkpt>
      <trkpt lat="42.32947" lon="19.41764">
        <ele>17.7</ele>
      </trkpt>
      <trkpt lat="42.32936" lon="19.41734">
        <ele>17.7</ele>
      </trkpt>
      <trkpt lat="42.32932" lon="19.41728">
        <ele>17.1</ele>
      </trkpt>
      <trkpt lat="42.3292" lon="19.41718">
        <ele>14.3</ele>
      </trkpt>
      <trkpt lat="42.32917" lon="19.41714">
        <ele>13.7</ele>
      </trkpt>
      <trkpt lat="42.32895" lon="19.41648">
        <ele>15.8</ele>
      </trkpt>
      <trkpt lat="42.32872" lon="19.41592">
        <ele>14.9</ele>
      </trkpt>
      <trkpt lat="42.32863" lon="19.4157">
        <ele>14.1</ele>
      </trkpt>
      <trkpt lat="42.32854" lon="19.41541">
        <ele>13.9</ele>
      </trkpt>
      <trkpt lat="42.32837" lon="19.41478">
        <ele>13.6</ele>
      </trkpt>
      <trkpt lat="42.32828" lon="19.41451">
        <ele>13.8</ele>
      </trkpt>
      <trkpt lat="42.32822" lon="19.41435">
        <ele>14.1</ele>
      </trkpt>
      <trkpt lat="42.32808" lon="19.41403">
        <ele>15.6</ele>
      </trkpt>
      <trkpt lat="42.32797" lon="19.41383">
        <ele>16.9</ele>
      </trkpt>
      <trkpt lat="42.32784" lon="19.41362">
        <ele>17.2</ele>
      </trkpt>
      <trkpt lat="42.32743" lon="19.41299">
        <ele>15.0</ele>
      </trkpt>
      <trkpt lat="42.32702" lon="19.41236">
        <ele>15.1</ele>
      </trkpt>
      <trkpt lat="42.32679" lon="19.41203">
        <ele>14.8</ele>
      </trkpt>
      <trkpt lat="42.32671" lon="19.41192">
        <ele>14.1</ele>
      </trkpt>
      <trkpt lat="42.32659" lon="19.41178">
        <ele>13.9</ele>
      </trkpt>
      <trkpt lat="42.32642" lon="19.41163">
        <ele>14.0</ele>
      </trkpt>
      <trkpt lat="42.32589" lon="19.41125">
        <ele>12.4</ele>
      </trkpt>
      <trkpt lat="42.32573" lon="19.41111">
        <ele>12.3</ele>
      </trkpt>
      <trkpt lat="42.32562" lon="19.41101">
        <ele>12.4</ele>
      </trkpt>
      <trkpt lat="42.32521" lon="19.41054">
        <ele>14.8</ele>
      </trkpt>
      <trkpt lat="42.3248" lon="19.41008">
        <ele>15.4</ele>
      </trkpt>
      <trkpt lat="42.32432" lon="19.40952">
        <ele>16.7</ele>
      </trkpt>
      <trkpt lat="42.32414" lon="19.40929">
        <ele>15.2</ele>
      </trkpt>
      <trkpt lat="42.32401" lon="19.40909">
        <ele>15.3</ele>
      </trkpt>
      <trkpt lat="42.32382" lon="19.40878">
        <ele>15.0</ele>
      </trkpt>
      <trkpt lat="42.32365" lon="19.40843">
        <ele>12.8</ele>
      </trkpt>
      <trkpt lat="42.32335" lon="19.4077">
        <ele>16.1</ele>
      </trkpt>
      <trkpt lat="42.32305" lon="19.40696">
        <ele>19.8</ele>
      </trkpt>
      <trkpt lat="42.32275" lon="19.40622">
        <ele>21.2</ele>
      </trkpt>
      <trkpt lat="42.32251" lon="19.40569">
        <ele>18.9</ele>
      </trkpt>
      <trkpt lat="42.32217" lon="19.40497">
        <ele>20.5</ele>
      </trkpt>
      <trkpt lat="42.32183" lon="19.40425">
        <ele>23.6</ele>
      </trkpt>
      <trkpt lat="42.32154" lon="19.40356">
        <ele>26.1</ele>
      </trkpt>
      <trkpt lat="42.32122" lon="19.40276">
        <ele>30.5</ele>
      </trkpt>
      <trkpt lat="42.32113" lon="19.40248">
        <ele>31.4</ele>
      </trkpt>
      <trkpt lat="42.32108" lon="19.40224">
        <ele>30.8</ele>
      </trkpt>
      <trkpt lat="42.32106" lon="19.40207">
        <ele>30.5</ele>
      </trkpt>
      <trkpt lat="42.32106" lon="19.40182">
        <ele>30.8</ele>
      </trkpt>
      <trkpt lat="42.32107" lon="19.40165">
        <ele>31.3</ele>
      </trkpt>
      <trkpt lat="42.32111" lon="19.40135">
        <ele>33.2</ele>
      </trkpt>
      <trkpt lat="42.32132" lon="19.40034">
        <ele>40.0</ele>
      </trkpt>
      <trkpt lat="42.32136" lon="19.40011">
        <ele>40.3</ele>
      </trkpt>
      <trkpt lat="42.32137" lon="19.39995">
        <ele>40.3</ele>
      </trkpt>
      <trkpt lat="42.32136" lon="19.39982">
        <ele>40.4</ele>
      </trkpt>
      <trkpt lat="42.32134" lon="19.3997">
        <ele>40.3</ele>
      </trkpt>
      <trkpt lat="42.32128" lon="19.39952">
        <ele>39.9</ele>
      </trkpt>
      <trkpt lat="42.32125" lon="19.39946">
        <ele>39.8</ele>
      </trkpt>
      <trkpt lat="42.32116" lon="19.39935">
        <ele>39.3</ele>
      </trkpt>
      <trkpt lat="42.32109" lon="19.39929">
        <ele>39.0</ele>
      </trkpt>
      <trkpt lat="42.32088" lon="19.39919">
        <ele>38.1</ele>
      </trkpt>
      <trkpt lat="42.32047" lon="19.39905">
        <ele>38.2</ele>
      </trkpt>
      <trkpt lat="42.32019" lon="19.39892">
        <ele>39.4</ele>
      </trkpt>
      <trkpt lat="42.32002" lon="19.39883">
        <ele>40.6</ele>
      </trkpt>
      <trkpt lat="42.31983" lon="19.39869">
        <ele>41.1</ele>
      </trkpt>
      <trkpt lat="42.31969" lon="19.39857">
        <ele>41.7</ele>
      </trkpt>
      <trkpt lat="42.31945" lon="19.39832">
        <ele>43.4</ele>
      </trkpt>
      <trkpt lat="42.31878" lon="19.39762">
        <ele>47.4</ele>
      </trkpt>
      <trkpt lat="42.31878" lon="19.39762">
        <ele>47.4</ele>
      </trkpt>
      <trkpt lat="42.31878" lon="19.39762">
        <ele>47.4</ele>
      </trkpt>
      <trkpt lat="42.31854" lon="19.39736">
        <ele>47.5</ele>
      </trkpt>
      <trkpt lat="42.31843" lon="19.39723">
        <ele>47.6</ele>
      </trkpt>
      <trkpt lat="42.31832" lon="19.39706">
        <ele>48.6</ele>
      </trkpt>
      <trkpt lat="42.31823" lon="19.39689">
        <ele>49.4</ele>
      </trkpt>
      <trkpt lat="42.31814" lon="19.39663">
        <ele>51.4</ele>
      </trkpt>
      <trkpt lat="42.31808" lon="19.39635">
        <ele>52.9</ele>
      </trkpt>
      <trkpt lat="42.31806" lon="19.39613">
        <ele>54.9</ele>
      </trkpt>
      <trkpt lat="42.31806" lon="19.39596">
        <ele>57.0</ele>
      </trkpt>
      <trkpt lat="42.31808" lon="19.39572">
        <ele>59.6</ele>
      </trkpt>
      <trkpt lat="42.31811" lon="19.39553">
        <ele>61.5</ele>
      </trkpt>
      <trkpt lat="42.31821" lon="19.39509">
        <ele>66.7</ele>
      </trkpt>
      <trkpt lat="42.31824" lon="19.39492">
        <ele>69.0</ele>
      </trkpt>
      <trkpt lat="42.31824" lon="19.39466">
        <ele>72.2</ele>
      </trkpt>
      <trkpt lat="42.31822" lon="19.39441">
        <ele>74.5</ele>
      </trkpt>
      <trkpt lat="42.31815" lon="19.39419">
        <ele>75.0</ele>
      </trkpt>
      <trkpt lat="42.31806" lon="19.39397">
        <ele>76.3</ele>
      </trkpt>
      <trkpt lat="42.31795" lon="19.39379">
        <ele>76.5</ele>
      </trkpt>
      <trkpt lat="42.31765" lon="19.39334">
        <ele>76.4</ele>
      </trkpt>
      <trkpt lat="42.31751" lon="19.3931">
        <ele>76.8</ele>
      </trkpt>
      <trkpt lat="42.31737" lon="19.39278">
        <ele>79.6</ele>
      </trkpt>
      <trkpt lat="42.31721" lon="19.39234">
        <ele>82.0</ele>
      </trkpt>
      <trkpt lat="42.31691" lon="19.39145">
        <ele>82.4</ele>
      </trkpt>
      <trkpt lat="42.31662" lon="19.39056">
        <ele>83.4</ele>
      </trkpt>
      <trkpt lat="42.31632" lon="19.38968">
        <ele>84.1</ele>
      </trkpt>
      <trkpt lat="42.31623" lon="19.3895">
        <ele>83.5</ele>
      </trkpt>
      <trkpt lat="42.31614" lon="19.38935">
        <ele>83.0</ele>
      </trkpt>
      <trkpt lat="42.31603" lon="19.38921">
        <ele>82.2</ele>
      </trkpt>
      <trkpt lat="42.31593" lon="19.38912">
        <ele>81.5</ele>
      </trkpt>
      <trkpt lat="42.31584" lon="19.38906">
        <ele>81.0</ele>
      </trkpt>
      <trkpt lat="42.3157" lon="19.38898">
        <ele>81.6</ele>
      </trkpt>
      <trkpt lat="42.31558" lon="19.38894">
        <ele>81.9</ele>
      </trkpt>
      <trkpt lat="42.31518" lon="19.38882">
        <ele>82.9</ele>
      </trkpt>
      <trkpt lat="42.31499" lon="19.38873">
        <ele>83.7</ele>
      </trkpt>
      <trkpt lat="42.31483" lon="19.38862">
        <ele>84.8</ele>
      </trkpt>
      <trkpt lat="42.31475" lon="19.38855">
        <ele>85.5</ele>
      </trkpt>
      <trkpt lat="42.31462" lon="19.38842">
        <ele>86.7</ele>
      </trkpt>
      <trkpt lat="42.3145" lon="19.38826">
        <ele>87.9</ele>
      </trkpt>
      <trkpt lat="42.3144" lon="19.3881">
        <ele>88.4</ele>
      </trkpt>
      <trkpt lat="42.31431" lon="19.38793">
        <ele>88.7</ele>
      </trkpt>
      <trkpt lat="42.31424" lon="19.38774">
        <ele>88.9</ele>
      </trkpt>
      <trkpt lat="42.31418" lon="19.38754">
        <ele>89.0</ele>
      </trkpt>
      <trkpt lat="42.31415" lon="19.38741">
        <ele>89.1</ele>
      </trkpt>
      <trkpt lat="42.31401" lon="19.38658">
        <ele>89.5</ele>
      </trkpt>
      <trkpt lat="42.31387" lon="19.38576">
        <ele>91.4</ele>
      </trkpt>
      <trkpt lat="42.31384" lon="19.3854">
        <ele>90.5</ele>
      </trkpt>
      <trkpt lat="42.31382" lon="19.38465">
        <ele>92.3</ele>
      </trkpt>
      <trkpt lat="42.31381" lon="19.38456">
        <ele>92.6</ele>
      </trkpt>
      <trkpt lat="42.31378" lon="19.38441">
        <ele>92.7</ele>
      </trkpt>
      <trkpt lat="42.31372" lon="19.38423">
        <ele>92.1</ele>
      </trkpt>
      <trkpt lat="42.31364" lon="19.38407">
        <ele>92.5</ele>
      </trkpt>
      <trkpt lat="42.31353" lon="19.38393">
        <ele>92.9</ele>
      </trkpt>
      <trkpt lat="42.31301" lon="19.3835">
        <ele>89.7</ele>
      </trkpt>
      <trkpt lat="42.31285" lon="19.38332">
        <ele>88.0</ele>
      </trkpt>
      <trkpt lat="42.31274" lon="19.38317">
        <ele>87.5</ele>
      </trkpt>
      <trkpt lat="42.31265" lon="19.383">
        <ele>87.8</ele>
      </trkpt>
      <trkpt lat="42.31257" lon="19.38284">
        <ele>88.1</ele>
      </trkpt>
      <trkpt lat="42.31223" lon="19.38198">
        <ele>90.3</ele>
      </trkpt>
      <trkpt lat="42.3121" lon="19.3817">
        <ele>89.6</ele>
      </trkpt>
      <trkpt lat="42.31202" lon="19.38157">
        <ele>88.9</ele>
      </trkpt>
      <trkpt lat="42.31194" lon="19.38147">
        <ele>87.9</ele>
      </trkpt>
      <trkpt lat="42.31163" lon="19.38113">
        <ele>84.3</ele>
      </trkpt>
      <trkpt lat="42.31151" lon="19.38099">
        <ele>84.0</ele>
      </trkpt>
      <trkpt lat="42.3114" lon="19.38081">
        <ele>84.0</ele>
      </trkpt>
      <trkpt lat="42.31129" lon="19.38058">
        <ele>84.0</ele>
      </trkpt>
      <trkpt lat="42.311" lon="19.37981">
        <ele>83.7</ele>
      </trkpt>
      <trkpt lat="42.31072" lon="19.37903">
        <ele>81.4</ele>
      </trkpt>
      <trkpt lat="42.31043" lon="19.37826">
        <ele>81.2</ele>
      </trkpt>
      <trkpt lat="42.31028" lon="19.37794">
        <ele>79.8</ele>
      </trkpt>
      <trkpt lat="42.31011" lon="19.37764">
        <ele>76.7</ele>
      </trkpt>
      <trkpt lat="42.30961" lon="19.37691">
        <ele>70.8</ele>
      </trkpt>
      <trkpt lat="42.30926" lon="19.37642">
        <ele>63.9</ele>
      </trkpt>
      <trkpt lat="42.30891" lon="19.37592">
        <ele>57.0</ele>
      </trkpt>
      <trkpt lat="42.30877" lon="19.37571">
        <ele>54.6</ele>
      </trkpt>
      <trkpt lat="42.30869" lon="19.37556">
        <ele>53.4</ele>
      </trkpt>
      <trkpt lat="42.30863" lon="19.37541">
        <ele>52.4</ele>
      </trkpt>
      <trkpt lat="42.30859" lon="19.37525">
        <ele>51.7</ele>
      </trkpt>
      <trkpt lat="42.30856" lon="19.37508">
        <ele>51.1</ele>
      </trkpt>
      <trkpt lat="42.30855" lon="19.37492">
        <ele>50.3</ele>
      </trkpt>
      <trkpt lat="42.30855" lon="19.37475">
        <ele>49.2</ele>
      </trkpt>
      <trkpt lat="42.30857" lon="19.37459">
        <ele>48.5</ele>
      </trkpt>
      <trkpt lat="42.30871" lon="19.37398">
        <ele>47.0</ele>
      </trkpt>
      <trkpt lat="42.30874" lon="19.37378">
        <ele>46.7</ele>
      </trkpt>
      <trkpt lat="42.30874" lon="19.37359">
        <ele>45.9</ele>
      </trkpt>
      <trkpt lat="42.30873" lon="19.37305">
        <ele>43.3</ele>
      </trkpt>
      <trkpt lat="42.30869" lon="19.37211">
        <ele>38.0</ele>
      </trkpt>
      <trkpt lat="42.30866" lon="19.37117">
        <ele>32.0</ele>
      </trkpt>
      <trkpt lat="42.30866" lon="19.37088">
        <ele>30.2</ele>
      </trkpt>
      <trkpt lat="42.30868" lon="19.37064">
        <ele>28.9</ele>
      </trkpt>
      <trkpt lat="42.30872" lon="19.37032">
        <ele>27.4</ele>
      </trkpt>
      <trkpt lat="42.30881" lon="19.36991">
        <ele>26.7</ele>
      </trkpt>
      <trkpt lat="42.30889" lon="19.36962">
        <ele>26.0</ele>
      </trkpt>
      <trkpt lat="42.30909" lon="19.36907">
        <ele>24.0</ele>
      </trkpt>
      <trkpt lat="42.30929" lon="19.36852">
        <ele>21.6</ele>
      </trkpt>
      <trkpt lat="42.30935" lon="19.36828">
        <ele>20.5</ele>
      </trkpt>
      <trkpt lat="42.30938" lon="19.36815">
        <ele>20.9</ele>
      </trkpt>
      <trkpt lat="42.3094" lon="19.36792">
        <ele>20.8</ele>
      </trkpt>
      <trkpt lat="42.3094" lon="19.36709">
        <ele>19.7</ele>
      </trkpt>
      <trkpt lat="42.30941" lon="19.36698">
        <ele>19.9</ele>
      </trkpt>
      <trkpt lat="42.30943" lon="19.36685">
        <ele>20.4</ele>
      </trkpt>
      <trkpt lat="42.30945" lon="19.36673">
        <ele>20.8</ele>
      </trkpt>
      <trkpt lat="42.30952" lon="19.36654">
        <ele>20.7</ele>
      </trkpt>
      <trkpt lat="42.30956" lon="19.36645">
        <ele>20.3</ele>
      </trkpt>
      <trkpt lat="42.30967" lon="19.36628">
        <ele>20.1</ele>
      </trkpt>
      <trkpt lat="42.30973" lon="19.36621">
        <ele>20.1</ele>
      </trkpt>
      <trkpt lat="42.30986" lon="19.36611">
        <ele>20.6</ele>
      </trkpt>
      <trkpt lat="42.31" lon="19.36605">
        <ele>21.6</ele>
      </trkpt>
      <trkpt lat="42.31008" lon="19.36602">
        <ele>21.9</ele>
      </trkpt>
      <trkpt lat="42.31024" lon="19.36602">
        <ele>23.5</ele>
      </trkpt>
      <trkpt lat="42.3104" lon="19.36606">
        <ele>25.5</ele>
      </trkpt>
      <trkpt lat="42.31054" lon="19.36613">
        <ele>27.3</ele>
      </trkpt>
      <trkpt lat="42.31064" lon="19.36621">
        <ele>28.6</ele>
      </trkpt>
      <trkpt lat="42.3107" lon="19.36628">
        <ele>29.3</ele>
      </trkpt>
      <trkpt lat="42.3108" lon="19.36644">
        <ele>30.4</ele>
      </trkpt>
      <trkpt lat="42.31085" lon="19.36654">
        <ele>30.7</ele>
      </trkpt>
      <trkpt lat="42.31091" lon="19.36674">
        <ele>30.6</ele>
      </trkpt>
      <trkpt lat="42.31093" lon="19.36684">
        <ele>30.3</ele>
      </trkpt>
      <trkpt lat="42.31096" lon="19.36719">
        <ele>29.6</ele>
      </trkpt>
      <trkpt lat="42.31097" lon="19.3677">
        <ele>29.9</ele>
      </trkpt>
      <trkpt lat="42.31099" lon="19.36788">
        <ele>30.4</ele>
      </trkpt>
      <trkpt lat="42.31101" lon="19.36799">
        <ele>30.6</ele>
      </trkpt>
      <trkpt lat="42.31107" lon="19.36818">
        <ele>30.4</ele>
      </trkpt>
      <trkpt lat="42.31117" lon="19.36839">
        <ele>30.3</ele>
      </trkpt>
      <trkpt lat="42.31123" lon="19.3685">
        <ele>31.2</ele>
      </trkpt>
      <trkpt lat="42.31137" lon="19.36865">
        <ele>31.6</ele>
      </trkpt>
      <trkpt lat="42.31171" lon="19.36893">
        <ele>31.0</ele>
      </trkpt>
      <trkpt lat="42.31186" lon="19.36908">
        <ele>31.0</ele>
      </trkpt>
      <trkpt lat="42.31236" lon="19.36967">
        <ele>36.1</ele>
      </trkpt>
      <trkpt lat="42.3125" lon="19.36979">
        <ele>36.0</ele>
      </trkpt>
      <trkpt lat="42.31266" lon="19.3699">
        <ele>36.3</ele>
      </trkpt>
      <trkpt lat="42.31321" lon="19.37018">
        <ele>37.7</ele>
      </trkpt>
      <trkpt lat="42.31376" lon="19.37046">
        <ele>40.6</ele>
      </trkpt>
      <trkpt lat="42.31384" lon="19.37049">
        <ele>40.5</ele>
      </trkpt>
      <trkpt lat="42.31401" lon="19.37052">
        <ele>38.9</ele>
      </trkpt>
      <trkpt lat="42.31408" lon="19.37053">
        <ele>38.2</ele>
      </trkpt>
      <trkpt lat="42.31424" lon="19.37052">
        <ele>37.1</ele>
      </trkpt>
      <trkpt lat="42.31439" lon="19.37048">
        <ele>36.8</ele>
      </trkpt>
      <trkpt lat="42.31492" lon="19.3703">
        <ele>34.0</ele>
      </trkpt>
      <trkpt lat="42.31545" lon="19.37011">
        <ele>35.2</ele>
      </trkpt>
      <trkpt lat="42.31556" lon="19.37007">
        <ele>35.5</ele>
      </trkpt>
      <trkpt lat="42.31575" lon="19.36997">
        <ele>34.8</ele>
      </trkpt>
      <trkpt lat="42.31599" lon="19.36981">
        <ele>35.9</ele>
      </trkpt>
      <trkpt lat="42.3166" lon="19.36927">
        <ele>32.6</ele>
      </trkpt>
      <trkpt lat="42.31721" lon="19.36874">
        <ele>32.8</ele>
      </trkpt>
      <trkpt lat="42.31735" lon="19.36864">
        <ele>32.8</ele>
      </trkpt>
      <trkpt lat="42.3175" lon="19.36858">
        <ele>34.0</ele>
      </trkpt>
      <trkpt lat="42.31758" lon="19.36856">
        <ele>32.7</ele>
      </trkpt>
      <trkpt lat="42.31775" lon="19.36854">
        <ele>30.5</ele>
      </trkpt>
      <trkpt lat="42.31784" lon="19.36854">
        <ele>29.7</ele>
      </trkpt>
      <trkpt lat="42.31801" lon="19.36858">
        <ele>29.6</ele>
      </trkpt>
      <trkpt lat="42.31817" lon="19.36865">
        <ele>30.7</ele>
      </trkpt>
      <trkpt lat="42.31826" lon="19.36871">
        <ele>32.2</ele>
      </trkpt>
      <trkpt lat="42.31855" lon="19.36893">
        <ele>34.6</ele>
      </trkpt>
      <trkpt lat="42.31922" lon="19.36945">
        <ele>34.4</ele>
      </trkpt>
      <trkpt lat="42.31934" lon="19.36952">
        <ele>36.0</ele>
      </trkpt>
      <trkpt lat="42.3195" lon="19.36956">
        <ele>36.5</ele>
      </trkpt>
      <trkpt lat="42.31966" lon="19.36956">
        <ele>35.9</ele>
      </trkpt>
      <trkpt lat="42.31973" lon="19.36955">
        <ele>35.4</ele>
      </trkpt>
      <trkpt lat="42.31985" lon="19.3695">
        <ele>33.9</ele>
      </trkpt>
      <trkpt lat="42.31998" lon="19.3694">
        <ele>31.5</ele>
      </trkpt>
      <trkpt lat="42.32007" lon="19.36929">
        <ele>31.1</ele>
      </trkpt>
      <trkpt lat="42.32012" lon="19.36921">
        <ele>30.9</ele>
      </trkpt>
      <trkpt lat="42.32027" lon="19.36896">
        <ele>30.3</ele>
      </trkpt>
      <trkpt lat="42.32054" lon="19.36844">
        <ele>27.6</ele>
      </trkpt>
      <trkpt lat="42.32082" lon="19.36793">
        <ele>25.0</ele>
      </trkpt>
      <trkpt lat="42.32095" lon="19.36772">
        <ele>23.8</ele>
      </trkpt>
      <trkpt lat="42.32108" lon="19.36754">
        <ele>22.9</ele>
      </trkpt>
      <trkpt lat="42.3212" lon="19.36738">
        <ele>24.1</ele>
      </trkpt>
      <trkpt lat="42.32135" lon="19.36723">
        <ele>26.2</ele>
      </trkpt>
      <trkpt lat="42.32148" lon="19.3671">
        <ele>27.4</ele>
      </trkpt>
      <trkpt lat="42.32163" lon="19.36698">
        <ele>28.5</ele>
      </trkpt>
      <trkpt lat="42.322" lon="19.36675">
        <ele>27.8</ele>
      </trkpt>
      <trkpt lat="42.32277" lon="19.36633">
        <ele>27.0</ele>
      </trkpt>
      <trkpt lat="42.32306" lon="19.36618">
        <ele>26.4</ele>
      </trkpt>
      <trkpt lat="42.32336" lon="19.36605">
        <ele>25.2</ele>
      </trkpt>
      <trkpt lat="42.32365" lon="19.36594">
        <ele>24.2</ele>
      </trkpt>
      <trkpt lat="42.3244" lon="19.36568">
        <ele>21.1</ele>
      </trkpt>
      <trkpt lat="42.32456" lon="19.3656">
        <ele>20.2</ele>
      </trkpt>
      <trkpt lat="42.3247" lon="19.36552">
        <ele>19.4</ele>
      </trkpt>
      <trkpt lat="42.32515" lon="19.36515">
        <ele>16.2</ele>
      </trkpt>
      <trkpt lat="42.3253" lon="19.36505">
        <ele>16.2</ele>
      </trkpt>
      <trkpt lat="42.32546" lon="19.36497">
        <ele>16.6</ele>
      </trkpt>
      <trkpt lat="42.3259" lon="19.36482">
        <ele>18.3</ele>
      </trkpt>
      <trkpt lat="42.32607" lon="19.36474">
        <ele>18.1</ele>
      </trkpt>
      <trkpt lat="42.3262" lon="19.36463">
        <ele>17.7</ele>
      </trkpt>
      <trkpt lat="42.32628" lon="19.36451">
        <ele>17.0</ele>
      </trkpt>
      <trkpt lat="42.32637" lon="19.36433">
        <ele>16.1</ele>
      </trkpt>
      <trkpt lat="42.32639" lon="19.36426">
        <ele>15.7</ele>
      </trkpt>
      <trkpt lat="42.32641" lon="19.36414">
        <ele>15.3</ele>
      </trkpt>
      <trkpt lat="42.32642" lon="19.36398">
        <ele>15.9</ele>
      </trkpt>
      <trkpt lat="42.32641" lon="19.36383">
        <ele>16.4</ele>
      </trkpt>
      <trkpt lat="42.3264" lon="19.36376">
        <ele>16.6</ele>
      </trkpt>
      <trkpt lat="42.32636" lon="19.36362">
        <ele>16.7</ele>
      </trkpt>
      <trkpt lat="42.3263" lon="19.36349">
        <ele>16.5</ele>
      </trkpt>
      <trkpt lat="42.32622" lon="19.36338">
        <ele>16.0</ele>
      </trkpt>
      <trkpt lat="42.32586" lon="19.36298">
        <ele>14.1</ele>
      </trkpt>
      <trkpt lat="42.32574" lon="19.36282">
        <ele>13.6</ele>
      </trkpt>
      <trkpt lat="42.32563" lon="19.36261">
        <ele>13.4</ele>
      </trkpt>
      <trkpt lat="42.32553" lon="19.36237">
        <ele>13.1</ele>
      </trkpt>
      <trkpt lat="42.32548" lon="19.3622">
        <ele>13.1</ele>
      </trkpt>
      <trkpt lat="42.32544" lon="19.36202">
        <ele>13.2</ele>
      </trkpt>
      <trkpt lat="42.32542" lon="19.36183">
        <ele>13.5</ele>
      </trkpt>
      <trkpt lat="42.32532" lon="19.36083">
        <ele>16.1</ele>
      </trkpt>
      <trkpt lat="42.32522" lon="19.35984">
        <ele>22.4</ele>
      </trkpt>
      <trkpt lat="42.3252" lon="19.35966">
        <ele>23.4</ele>
      </trkpt>
      <trkpt lat="42.32515" lon="19.3594">
        <ele>24.3</ele>
      </trkpt>
      <trkpt lat="42.32507" lon="19.35917">
        <ele>24.2</ele>
      </trkpt>
      <trkpt lat="42.32503" lon="19.35907">
        <ele>25.5</ele>
      </trkpt>
      <trkpt lat="42.32494" lon="19.35891">
        <ele>26.9</ele>
      </trkpt>
      <trkpt lat="42.32457" lon="19.3584">
        <ele>26.1</ele>
      </trkpt>
      <trkpt lat="42.32445" lon="19.35818">
        <ele>25.2</ele>
      </trkpt>
      <trkpt lat="42.3244" lon="19.35807">
        <ele>24.8</ele>
      </trkpt>
      <trkpt lat="42.32433" lon="19.35782">
        <ele>25.1</ele>
      </trkpt>
      <trkpt lat="42.32428" lon="19.35754">
        <ele>26.0</ele>
      </trkpt>
      <trkpt lat="42.32426" lon="19.35728">
        <ele>27.4</ele>
      </trkpt>
      <trkpt lat="42.32425" lon="19.35679">
        <ele>31.1</ele>
      </trkpt>
      <trkpt lat="42.32424" lon="19.35664">
        <ele>32.0</ele>
      </trkpt>
      <trkpt lat="42.3242" lon="19.35637">
        <ele>33.1</ele>
      </trkpt>
      <trkpt lat="42.32417" lon="19.35622">
        <ele>33.4</ele>
      </trkpt>
      <trkpt lat="42.32413" lon="19.3561">
        <ele>33.8</ele>
      </trkpt>
      <trkpt lat="42.32404" lon="19.35587">
        <ele>34.7</ele>
      </trkpt>
      <trkpt lat="42.32372" lon="19.35531">
        <ele>35.0</ele>
      </trkpt>
      <trkpt lat="42.32367" lon="19.35521">
        <ele>35.1</ele>
      </trkpt>
      <trkpt lat="42.32363" lon="19.3551">
        <ele>35.4</ele>
      </trkpt>
      <trkpt lat="42.3236" lon="19.355">
        <ele>35.8</ele>
      </trkpt>
      <trkpt lat="42.32359" lon="19.35487">
        <ele>34.9</ele>
      </trkpt>
      <trkpt lat="42.32359" lon="19.35476">
        <ele>34.4</ele>
      </trkpt>
      <trkpt lat="42.3236" lon="19.35465">
        <ele>34.0</ele>
      </trkpt>
      <trkpt lat="42.32361" lon="19.35454">
        <ele>33.6</ele>
      </trkpt>
      <trkpt lat="42.32367" lon="19.35434">
        <ele>33.7</ele>
      </trkpt>
      <trkpt lat="42.32373" lon="19.35421">
        <ele>34.3</ele>
      </trkpt>
      <trkpt lat="42.32377" lon="19.35413">
        <ele>34.5</ele>
      </trkpt>
      <trkpt lat="42.32407" lon="19.35364">
        <ele>33.8</ele>
      </trkpt>
      <trkpt lat="42.32422" lon="19.35345">
        <ele>33.7</ele>
      </trkpt>
      <trkpt lat="42.32437" lon="19.35327">
        <ele>34.2</ele>
      </trkpt>
      <trkpt lat="42.32451" lon="19.35314">
        <ele>35.3</ele>
      </trkpt>
      <trkpt lat="42.32466" lon="19.35301">
        <ele>36.2</ele>
      </trkpt>
      <trkpt lat="42.3248" lon="19.3529">
        <ele>36.8</ele>
      </trkpt>
      <trkpt lat="42.32502" lon="19.35277">
        <ele>37.7</ele>
      </trkpt>
      <trkpt lat="42.32518" lon="19.35269">
        <ele>37.2</ele>
      </trkpt>
      <trkpt lat="42.32547" lon="19.35259">
        <ele>37.0</ele>
      </trkpt>
      <trkpt lat="42.32607" lon="19.35243">
        <ele>38.9</ele>
      </trkpt>
      <trkpt lat="42.32619" lon="19.35239">
        <ele>39.7</ele>
      </trkpt>
      <trkpt lat="42.32627" lon="19.35232">
        <ele>39.6</ele>
      </trkpt>
      <trkpt lat="42.32637" lon="19.3522">
        <ele>38.9</ele>
      </trkpt>
      <trkpt lat="42.32641" lon="19.35213">
        <ele>38.3</ele>
      </trkpt>
      <trkpt lat="42.32646" lon="19.35204">
        <ele>37.3</ele>
      </trkpt>
      <trkpt lat="42.3265" lon="19.35194">
        <ele>36.1</ele>
      </trkpt>
      <trkpt lat="42.32654" lon="19.35174">
        <ele>33.3</ele>
      </trkpt>
      <trkpt lat="42.32669" lon="19.35086">
        <ele>30.4</ele>
      </trkpt>
      <trkpt lat="42.32677" lon="19.35041">
        <ele>33.1</ele>
      </trkpt>
      <trkpt lat="42.32684" lon="19.35018">
        <ele>34.9</ele>
      </trkpt>
      <trkpt lat="42.32691" lon="19.34998">
        <ele>36.4</ele>
      </trkpt>
      <trkpt lat="42.32717" lon="19.34935">
        <ele>39.7</ele>
      </trkpt>
      <trkpt lat="42.32728" lon="19.34913">
        <ele>39.9</ele>
      </trkpt>
      <trkpt lat="42.32739" lon="19.34893">
        <ele>39.2</ele>
      </trkpt>
      <trkpt lat="42.3277" lon="19.34844">
        <ele>38.7</ele>
      </trkpt>
      <trkpt lat="42.32779" lon="19.34826">
        <ele>38.7</ele>
      </trkpt>
      <trkpt lat="42.32784" lon="19.34806">
        <ele>37.9</ele>
      </trkpt>
      <trkpt lat="42.32786" lon="19.34794">
        <ele>37.3</ele>
      </trkpt>
      <trkpt lat="42.32788" lon="19.34745">
        <ele>34.2</ele>
      </trkpt>
      <trkpt lat="42.3279" lon="19.34722">
        <ele>32.5</ele>
      </trkpt>
      <trkpt lat="42.32795" lon="19.34697">
        <ele>30.7</ele>
      </trkpt>
      <trkpt lat="42.32804" lon="19.34672">
        <ele>28.8</ele>
      </trkpt>
      <trkpt lat="42.32815" lon="19.3465">
        <ele>27.1</ele>
      </trkpt>
      <trkpt lat="42.32829" lon="19.3463">
        <ele>25.4</ele>
      </trkpt>
      <trkpt lat="42.32837" lon="19.34622">
        <ele>24.8</ele>
      </trkpt>
      <trkpt lat="42.32877" lon="19.34585">
        <ele>21.7</ele>
      </trkpt>
      <trkpt lat="42.32917" lon="19.34548">
        <ele>21.2</ele>
      </trkpt>
      <trkpt lat="42.32972" lon="19.345">
        <ele>20.0</ele>
      </trkpt>
      <trkpt lat="42.32994" lon="19.34476">
        <ele>20.3</ele>
      </trkpt>
      <trkpt lat="42.33013" lon="19.34451">
        <ele>20.9</ele>
      </trkpt>
      <trkpt lat="42.33026" lon="19.34431">
        <ele>21.3</ele>
      </trkpt>
      <trkpt lat="42.33042" lon="19.344">
        <ele>21.6</ele>
      </trkpt>
      <trkpt lat="42.33049" lon="19.34384">
        <ele>21.7</ele>
      </trkpt>
      <trkpt lat="42.33066" lon="19.34339">
        <ele>22.0</ele>
      </trkpt>
      <trkpt lat="42.33101" lon="19.34238">
        <ele>21.2</ele>
      </trkpt>
      <trkpt lat="42.33135" lon="19.34138">
        <ele>21.3</ele>
      </trkpt>
      <trkpt lat="42.3317" lon="19.34038">
        <ele>22.6</ele>
      </trkpt>
      <trkpt lat="42.33204" lon="19.33937">
        <ele>23.8</ele>
      </trkpt>
      <trkpt lat="42.33239" lon="19.33837">
        <ele>24.7</ele>
      </trkpt>
      <trkpt lat="42.33248" lon="19.33814">
        <ele>24.5</ele>
      </trkpt>
      <trkpt lat="42.3326" lon="19.33791">
        <ele>23.9</ele>
      </trkpt>
      <trkpt lat="42.33271" lon="19.33774">
        <ele>23.6</ele>
      </trkpt>
      <trkpt lat="42.33286" lon="19.33755">
        <ele>23.5</ele>
      </trkpt>
      <trkpt lat="42.33299" lon="19.33741">
        <ele>23.6</ele>
      </trkpt>
      <trkpt lat="42.33312" lon="19.33729">
        <ele>23.7</ele>
      </trkpt>
      <trkpt lat="42.33325" lon="19.33718">
        <ele>23.9</ele>
      </trkpt>
      <trkpt lat="42.33343" lon="19.33707">
        <ele>24.0</ele>
      </trkpt>
      <trkpt lat="42.33409" lon="19.33674">
        <ele>24.0</ele>
      </trkpt>
      <trkpt lat="42.33491" lon="19.33635">
        <ele>23.0</ele>
      </trkpt>
      <trkpt lat="42.33573" lon="19.33597">
        <ele>23.1</ele>
      </trkpt>
      <trkpt lat="42.33589" lon="19.3359">
        <ele>23.1</ele>
      </trkpt>
      <trkpt lat="42.3365" lon="19.33562">
        <ele>23.3</ele>
      </trkpt>
      <trkpt lat="42.33711" lon="19.33534">
        <ele>24.9</ele>
      </trkpt>
      <trkpt lat="42.33772" lon="19.33506">
        <ele>26.3</ele>
      </trkpt>
      <trkpt lat="42.33809" lon="19.33492">
        <ele>26.6</ele>
      </trkpt>
      <trkpt lat="42.33887" lon="19.33471">
        <ele>27.3</ele>
      </trkpt>
      <trkpt lat="42.33962" lon="19.33452">
        <ele>27.7</ele>
      </trkpt>
      <trkpt lat="42.34036" lon="19.33434">
        <ele>29.0</ele>
      </trkpt>
      <trkpt lat="42.34095" lon="19.33417">
        <ele>29.9</ele>
      </trkpt>
      <trkpt lat="42.34142" lon="19.33405">
        <ele>29.3</ele>
      </trkpt>
      <trkpt lat="42.34189" lon="19.33393">
        <ele>28.8</ele>
      </trkpt>
      <trkpt lat="42.34264" lon="19.33376">
        <ele>28.9</ele>
      </trkpt>
      <trkpt lat="42.34341" lon="19.33356">
        <ele>31.1</ele>
      </trkpt>
      <trkpt lat="42.34418" lon="19.33337">
        <ele>32.0</ele>
      </trkpt>
      <trkpt lat="42.34495" lon="19.33318">
        <ele>31.8</ele>
      </trkpt>
      <trkpt lat="42.34495" lon="19.33318">
        <ele>31.8</ele>
      </trkpt>
      <trkpt lat="42.34495" lon="19.33318">
        <ele>31.8</ele>
      </trkpt>
      <trkpt lat="42.34555" lon="19.33303">
        <ele>31.6</ele>
      </trkpt>
      <trkpt lat="42.34614" lon="19.33289">
        <ele>32.2</ele>
      </trkpt>
      <trkpt lat="42.34687" lon="19.33272">
        <ele>33.5</ele>
      </trkpt>
      <trkpt lat="42.34761" lon="19.33255">
        <ele>34.1</ele>
      </trkpt>
      <trkpt lat="42.34834" lon="19.33238">
        <ele>34.2</ele>
      </trkpt>
      <trkpt lat="42.34907" lon="19.33221">
        <ele>35.5</ele>
      </trkpt>
      <trkpt lat="42.34981" lon="19.33204">
        <ele>36.6</ele>
      </trkpt>
      <trkpt lat="42.35062" lon="19.33186">
        <ele>36.3</ele>
      </trkpt>
      <trkpt lat="42.35142" lon="19.33168">
        <ele>36.7</ele>
      </trkpt>
      <trkpt lat="42.35223" lon="19.3315">
        <ele>37.7</ele>
      </trkpt>
      <trkpt lat="42.35304" lon="19.33132">
        <ele>38.6</ele>
      </trkpt>
      <trkpt lat="42.35385" lon="19.33114">
        <ele>38.8</ele>
      </trkpt>
      <trkpt lat="42.35466" lon="19.33096">
        <ele>39.6</ele>
      </trkpt>
      <trkpt lat="42.35542" lon="19.33081">
        <ele>41.0</ele>
      </trkpt>
      <trkpt lat="42.35618" lon="19.33065">
        <ele>41.7</ele>
      </trkpt>
      <trkpt lat="42.35694" lon="19.3305">
        <ele>42.1</ele>
      </trkpt>
      <trkpt lat="42.3577" lon="19.33034">
        <ele>42.8</ele>
      </trkpt>
      <trkpt lat="42.35821" lon="19.33022">
        <ele>43.2</ele>
      </trkpt>
      <trkpt lat="42.35904" lon="19.33005">
        <ele>43.1</ele>
      </trkpt>
      <trkpt lat="42.35987" lon="19.32988">
        <ele>43.7</ele>
      </trkpt>
      <trkpt lat="42.3607" lon="19.32971">
        <ele>43.7</ele>
      </trkpt>
      <trkpt lat="42.36107" lon="19.32963">
        <ele>44.2</ele>
      </trkpt>
      <trkpt lat="42.36158" lon="19.32955">
        <ele>44.9</ele>
      </trkpt>
      <trkpt lat="42.3621" lon="19.32946">
        <ele>44.8</ele>
      </trkpt>
      <trkpt lat="42.36253" lon="19.3294">
        <ele>44.6</ele>
      </trkpt>
      <trkpt lat="42.36282" lon="19.32938">
        <ele>45.0</ele>
      </trkpt>
      <trkpt lat="42.36309" lon="19.32938">
        <ele>45.4</ele>
      </trkpt>
      <trkpt lat="42.36317" lon="19.3294">
        <ele>45.5</ele>
      </trkpt>
      <trkpt lat="42.36352" lon="19.32948">
        <ele>45.6</ele>
      </trkpt>
      <trkpt lat="42.36435" lon="19.32975">
        <ele>45.8</ele>
      </trkpt>
      <trkpt lat="42.36464" lon="19.32989">
        <ele>46.6</ele>
      </trkpt>
      <trkpt lat="42.36496" lon="19.32999">
        <ele>47.3</ele>
      </trkpt>
      <trkpt lat="42.36507" lon="19.33">
        <ele>47.5</ele>
      </trkpt>
      <trkpt lat="42.36515" lon="19.33001">
        <ele>47.7</ele>
      </trkpt>
      <trkpt lat="42.36525" lon="19.32998">
        <ele>48.0</ele>
      </trkpt>
      <trkpt lat="42.36536" lon="19.32992">
        <ele>47.8</ele>
      </trkpt>
      <trkpt lat="42.36574" lon="19.32958">
        <ele>47.4</ele>
      </trkpt>
      <trkpt lat="42.3662" lon="19.32914">
        <ele>47.9</ele>
      </trkpt>
      <trkpt lat="42.36667" lon="19.3287">
        <ele>49.6</ele>
      </trkpt>
      <trkpt lat="42.36717" lon="19.32831">
        <ele>50.0</ele>
      </trkpt>
      <trkpt lat="42.36794" lon="19.32773">
        <ele>49.3</ele>
      </trkpt>
      <trkpt lat="42.36868" lon="19.32717">
        <ele>49.8</ele>
      </trkpt>
      <trkpt lat="42.36941" lon="19.32661">
        <ele>50.0</ele>
      </trkpt>
      <trkpt lat="42.37014" lon="19.32604">
        <ele>50.8</ele>
      </trkpt>
      <trkpt lat="42.37087" lon="19.32548">
        <ele>51.0</ele>
      </trkpt>
      <trkpt lat="42.37161" lon="19.32492">
        <ele>50.1</ele>
      </trkpt>
      <trkpt lat="42.37213" lon="19.32451">
        <ele>51.0</ele>
      </trkpt>
      <trkpt lat="42.37265" lon="19.32411">
        <ele>51.0</ele>
      </trkpt>
      <trkpt lat="42.37318" lon="19.32371">
        <ele>51.9</ele>
      </trkpt>
      <trkpt lat="42.37394" lon="19.32311">
        <ele>53.6</ele>
      </trkpt>
      <trkpt lat="42.37425" lon="19.32288">
        <ele>53.7</ele>
      </trkpt>
      <trkpt lat="42.37487" lon="19.3225">
        <ele>55.5</ele>
      </trkpt>
      <trkpt lat="42.3755" lon="19.32211">
        <ele>55.3</ele>
      </trkpt>
      <trkpt lat="42.37565" lon="19.32201">
        <ele>55.0</ele>
      </trkpt>
      <trkpt lat="42.37584" lon="19.32187">
        <ele>54.8</ele>
      </trkpt>
      <trkpt lat="42.37599" lon="19.32174">
        <ele>54.9</ele>
      </trkpt>
      <trkpt lat="42.37614" lon="19.32159">
        <ele>55.1</ele>
      </trkpt>
      <trkpt lat="42.37631" lon="19.32139">
        <ele>55.3</ele>
      </trkpt>
      <trkpt lat="42.3764" lon="19.32126">
        <ele>55.4</ele>
      </trkpt>
      <trkpt lat="42.37649" lon="19.32114">
        <ele>55.5</ele>
      </trkpt>
      <trkpt lat="42.37678" lon="19.32072">
        <ele>56.0</ele>
      </trkpt>
      <trkpt lat="42.37699" lon="19.32049">
        <ele>55.9</ele>
      </trkpt>
      <trkpt lat="42.37721" lon="19.32027">
        <ele>55.6</ele>
      </trkpt>
      <trkpt lat="42.37753" lon="19.32003">
        <ele>55.0</ele>
      </trkpt>
      <trkpt lat="42.3779" lon="19.31977">
        <ele>55.6</ele>
      </trkpt>
      <trkpt lat="42.37827" lon="19.31949">
        <ele>56.0</ele>
      </trkpt>
      <trkpt lat="42.37862" lon="19.31919">
        <ele>56.3</ele>
      </trkpt>
      <trkpt lat="42.37921" lon="19.31864">
        <ele>56.4</ele>
      </trkpt>
      <trkpt lat="42.37963" lon="19.31822">
        <ele>56.6</ele>
      </trkpt>
      <trkpt lat="42.38005" lon="19.31781">
        <ele>57.6</ele>
      </trkpt>
      <trkpt lat="42.38029" lon="19.31755">
        <ele>57.6</ele>
      </trkpt>
      <trkpt lat="42.38092" lon="19.3168">
        <ele>57.8</ele>
      </trkpt>
      <trkpt lat="42.38156" lon="19.31605">
        <ele>57.9</ele>
      </trkpt>
      <trkpt lat="42.3822" lon="19.3153">
        <ele>58.2</ele>
      </trkpt>
      <trkpt lat="42.3827" lon="19.31473">
        <ele>58.2</ele>
      </trkpt>
      <trkpt lat="42.3832" lon="19.31416">
        <ele>59.7</ele>
      </trkpt>
      <trkpt lat="42.3837" lon="19.31359">
        <ele>59.7</ele>
      </trkpt>
      <trkpt lat="42.38424" lon="19.31296">
        <ele>59.0</ele>
      </trkpt>
      <trkpt lat="42.38478" lon="19.31234">
        <ele>59.1</ele>
      </trkpt>
      <trkpt lat="42.38532" lon="19.31171">
        <ele>59.4</ele>
      </trkpt>
      <trkpt lat="42.38587" lon="19.31108">
        <ele>60.0</ele>
      </trkpt>
      <trkpt lat="42.38645" lon="19.3104">
        <ele>59.8</ele>
      </trkpt>
      <trkpt lat="42.38703" lon="19.30971">
        <ele>59.4</ele>
      </trkpt>
      <trkpt lat="42.38742" lon="19.30927">
        <ele>60.6</ele>
      </trkpt>
      <trkpt lat="42.38798" lon="19.30862">
        <ele>61.4</ele>
      </trkpt>
      <trkpt lat="42.38854" lon="19.30797">
        <ele>62.3</ele>
      </trkpt>
      <trkpt lat="42.3891" lon="19.30732">
        <ele>62.0</ele>
      </trkpt>
      <trkpt lat="42.38966" lon="19.30666">
        <ele>62.6</ele>
      </trkpt>
      <trkpt lat="42.39021" lon="19.30601">
        <ele>61.6</ele>
      </trkpt>
      <trkpt lat="42.39082" lon="19.30531">
        <ele>61.3</ele>
      </trkpt>
      <trkpt lat="42.39142" lon="19.3046">
        <ele>61.3</ele>
      </trkpt>
      <trkpt lat="42.39202" lon="19.3039">
        <ele>62.6</ele>
      </trkpt>
      <trkpt lat="42.39262" lon="19.30319">
        <ele>61.7</ele>
      </trkpt>
      <trkpt lat="42.39323" lon="19.30249">
        <ele>60.8</ele>
      </trkpt>
      <trkpt lat="42.39365" lon="19.30202">
        <ele>61.5</ele>
      </trkpt>
      <trkpt lat="42.39407" lon="19.30156">
        <ele>61.7</ele>
      </trkpt>
      <trkpt lat="42.39474" lon="19.3008">
        <ele>60.0</ele>
      </trkpt>
      <trkpt lat="42.39541" lon="19.30004">
        <ele>57.6</ele>
      </trkpt>
      <trkpt lat="42.39584" lon="19.29957">
        <ele>56.5</ele>
      </trkpt>
      <trkpt lat="42.39652" lon="19.29887">
        <ele>55.0</ele>
      </trkpt>
      <trkpt lat="42.39669" lon="19.29875">
        <ele>54.7</ele>
      </trkpt>
      <trkpt lat="42.3968" lon="19.29869">
        <ele>55.9</ele>
      </trkpt>
      <trkpt lat="42.39716" lon="19.29872">
        <ele>58.5</ele>
      </trkpt>
      <trkpt lat="42.39755" lon="19.29877">
        <ele>61.1</ele>
      </trkpt>
      <trkpt lat="42.39813" lon="19.2989">
        <ele>62.7</ele>
      </trkpt>
      <trkpt lat="42.39834" lon="19.29893">
        <ele>63.3</ele>
      </trkpt>
      <trkpt lat="42.39852" lon="19.29892">
        <ele>63.7</ele>
      </trkpt>
      <trkpt lat="42.3987" lon="19.29888">
        <ele>64.1</ele>
      </trkpt>
      <trkpt lat="42.39879" lon="19.29884">
        <ele>64.3</ele>
      </trkpt>
      <trkpt lat="42.39901" lon="19.29871">
        <ele>64.7</ele>
      </trkpt>
      <trkpt lat="42.39919" lon="19.29856">
        <ele>65.0</ele>
      </trkpt>
      <trkpt lat="42.39964" lon="19.29806">
        <ele>65.0</ele>
      </trkpt>
      <trkpt lat="42.39968" lon="19.298">
        <ele>65.0</ele>
      </trkpt>
      <trkpt lat="42.39989" lon="19.29776">
        <ele>65.0</ele>
      </trkpt>
      <trkpt lat="42.40051" lon="19.297">
        <ele>64.6</ele>
      </trkpt>
      <trkpt lat="42.40113" lon="19.29625">
        <ele>63.8</ele>
      </trkpt>
      <trkpt lat="42.40176" lon="19.29549">
        <ele>64.0</ele>
      </trkpt>
      <trkpt lat="42.40238" lon="19.29473">
        <ele>63.7</ele>
      </trkpt>
      <trkpt lat="42.403" lon="19.29397">
        <ele>63.0</ele>
      </trkpt>
      <trkpt lat="42.40362" lon="19.29321">
        <ele>63.9</ele>
      </trkpt>
      <trkpt lat="42.40424" lon="19.29246">
        <ele>63.7</ele>
      </trkpt>
      <trkpt lat="42.40486" lon="19.2917">
        <ele>62.0</ele>
      </trkpt>
      <trkpt lat="42.40549" lon="19.29094">
        <ele>62.9</ele>
      </trkpt>
      <trkpt lat="42.40606" lon="19.29025">
        <ele>62.7</ele>
      </trkpt>
      <trkpt lat="42.40664" lon="19.28955">
        <ele>61.5</ele>
      </trkpt>
      <trkpt lat="42.40721" lon="19.28886">
        <ele>61.7</ele>
      </trkpt>
      <trkpt lat="42.40778" lon="19.28814">
        <ele>61.6</ele>
      </trkpt>
      <trkpt lat="42.40835" lon="19.28743">
        <ele>59.9</ele>
      </trkpt>
      <trkpt lat="42.40892" lon="19.28673">
        <ele>60.4</ele>
      </trkpt>
      <trkpt lat="42.40907" lon="19.28656">
        <ele>60.9</ele>
      </trkpt>
      <trkpt lat="42.40971" lon="19.28578">
        <ele>63.4</ele>
      </trkpt>
      <trkpt lat="42.41035" lon="19.28501">
        <ele>62.7</ele>
      </trkpt>
      <trkpt lat="42.411" lon="19.28424">
        <ele>60.5</ele>
      </trkpt>
      <trkpt lat="42.41164" lon="19.28346">
        <ele>59.5</ele>
      </trkpt>
      <trkpt lat="42.41207" lon="19.28293">
        <ele>60.0</ele>
      </trkpt>
      <trkpt lat="42.4125" lon="19.2824">
        <ele>60.8</ele>
      </trkpt>
      <trkpt lat="42.41262" lon="19.28228">
        <ele>60.4</ele>
      </trkpt>
      <trkpt lat="42.41285" lon="19.28214">
        <ele>60.1</ele>
      </trkpt>
      <trkpt lat="42.41294" lon="19.28215">
        <ele>60.1</ele>
      </trkpt>
      <trkpt lat="42.41303" lon="19.28212">
        <ele>60.0</ele>
      </trkpt>
      <trkpt lat="42.41311" lon="19.28205">
        <ele>60.0</ele>
      </trkpt>
      <trkpt lat="42.41317" lon="19.28195">
        <ele>59.9</ele>
      </trkpt>
      <trkpt lat="42.41319" lon="19.28187">
        <ele>59.9</ele>
      </trkpt>
      <trkpt lat="42.41319" lon="19.28173">
        <ele>59.9</ele>
      </trkpt>
      <trkpt lat="42.41324" lon="19.28155">
        <ele>59.9</ele>
      </trkpt>
      <trkpt lat="42.4133" lon="19.28141">
        <ele>60.0</ele>
      </trkpt>
      <trkpt lat="42.41337" lon="19.2813">
        <ele>60.0</ele>
      </trkpt>
      <trkpt lat="42.41404" lon="19.2805">
        <ele>59.9</ele>
      </trkpt>
      <trkpt lat="42.41472" lon="19.2797">
        <ele>60.5</ele>
      </trkpt>
      <trkpt lat="42.41539" lon="19.2789">
        <ele>58.9</ele>
      </trkpt>
      <trkpt lat="42.41606" lon="19.2781">
        <ele>57.9</ele>
      </trkpt>
      <trkpt lat="42.41664" lon="19.27738">
        <ele>57.2</ele>
      </trkpt>
      <trkpt lat="42.41723" lon="19.27666">
        <ele>57.3</ele>
      </trkpt>
      <trkpt lat="42.41781" lon="19.27594">
        <ele>57.3</ele>
      </trkpt>
      <trkpt lat="42.41809" lon="19.27559">
        <ele>55.8</ele>
      </trkpt>
      <trkpt lat="42.41816" lon="19.2755">
        <ele>55.3</ele>
      </trkpt>
      <trkpt lat="42.41822" lon="19.27546">
        <ele>55.0</ele>
      </trkpt>
      <trkpt lat="42.41839" lon="19.27535">
        <ele>54.2</ele>
      </trkpt>
      <trkpt lat="42.41844" lon="19.27536">
        <ele>54.3</ele>
      </trkpt>
      <trkpt lat="42.41849" lon="19.27535">
        <ele>54.2</ele>
      </trkpt>
      <trkpt lat="42.41857" lon="19.27531">
        <ele>54.1</ele>
      </trkpt>
      <trkpt lat="42.41859" lon="19.27529">
        <ele>54.0</ele>
      </trkpt>
      <trkpt lat="42.41863" lon="19.27522">
        <ele>53.9</ele>
      </trkpt>
      <trkpt lat="42.41865" lon="19.27518">
        <ele>53.8</ele>
      </trkpt>
      <trkpt lat="42.41866" lon="19.27509">
        <ele>53.6</ele>
      </trkpt>
      <trkpt lat="42.41866" lon="19.275">
        <ele>53.4</ele>
      </trkpt>
      <trkpt lat="42.41865" lon="19.27496">
        <ele>53.4</ele>
      </trkpt>
      <trkpt lat="42.41876" lon="19.27478">
        <ele>53.5</ele>
      </trkpt>
      <trkpt lat="42.4189" lon="19.27457">
        <ele>53.7</ele>
      </trkpt>
      <trkpt lat="42.41936" lon="19.27399">
        <ele>55.0</ele>
      </trkpt>
      <trkpt lat="42.41983" lon="19.27342">
        <ele>56.7</ele>
      </trkpt>
      <trkpt lat="42.42039" lon="19.27272">
        <ele>54.5</ele>
      </trkpt>
      <trkpt lat="42.42096" lon="19.27201">
        <ele>53.1</ele>
      </trkpt>
      <trkpt lat="42.42152" lon="19.27131">
        <ele>51.9</ele>
      </trkpt>
      <trkpt lat="42.42211" lon="19.27059">
        <ele>52.6</ele>
      </trkpt>
      <trkpt lat="42.4227" lon="19.26987">
        <ele>53.5</ele>
      </trkpt>
      <trkpt lat="42.42315" lon="19.26934">
        <ele>54.1</ele>
      </trkpt>
      <trkpt lat="42.4236" lon="19.26881">
        <ele>53.3</ele>
      </trkpt>
      <trkpt lat="42.42376" lon="19.26869">
        <ele>53.0</ele>
      </trkpt>
      <trkpt lat="42.42381" lon="19.26867">
        <ele>53.0</ele>
      </trkpt>
      <trkpt lat="42.42387" lon="19.26866">
        <ele>52.9</ele>
      </trkpt>
      <trkpt lat="42.42393" lon="19.26866">
        <ele>52.7</ele>
      </trkpt>
      <trkpt lat="42.42399" lon="19.26864">
        <ele>52.6</ele>
      </trkpt>
      <trkpt lat="42.42404" lon="19.26861">
        <ele>52.6</ele>
      </trkpt>
      <trkpt lat="42.42409" lon="19.26855">
        <ele>52.6</ele>
      </trkpt>
      <trkpt lat="42.42412" lon="19.26848">
        <ele>52.7</ele>
      </trkpt>
      <trkpt lat="42.42414" lon="19.26841">
        <ele>52.9</ele>
      </trkpt>
      <trkpt lat="42.42414" lon="19.26833">
        <ele>53.0</ele>
      </trkpt>
      <trkpt lat="42.42413" lon="19.26823">
        <ele>52.9</ele>
      </trkpt>
      <trkpt lat="42.42414" lon="19.26817">
        <ele>52.8</ele>
      </trkpt>
      <trkpt lat="42.42415" lon="19.26812">
        <ele>52.8</ele>
      </trkpt>
      <trkpt lat="42.42418" lon="19.26807">
        <ele>52.7</ele>
      </trkpt>
      <trkpt lat="42.42447" lon="19.26772">
        <ele>52.1</ele>
      </trkpt>
      <trkpt lat="42.42455" lon="19.2676">
        <ele>52.0</ele>
      </trkpt>
      <trkpt lat="42.42462" lon="19.26745">
        <ele>52.0</ele>
      </trkpt>
      <trkpt lat="42.42513" lon="19.26686">
        <ele>51.6</ele>
      </trkpt>
      <trkpt lat="42.42564" lon="19.26626">
        <ele>50.1</ele>
      </trkpt>
      <trkpt lat="42.42611" lon="19.26567">
        <ele>48.6</ele>
      </trkpt>
      <trkpt lat="42.42664" lon="19.26501">
        <ele>47.1</ele>
      </trkpt>
      <trkpt lat="42.42718" lon="19.26435">
        <ele>48.5</ele>
      </trkpt>
      <trkpt lat="42.42771" lon="19.26369">
        <ele>48.8</ele>
      </trkpt>
      <trkpt lat="42.42824" lon="19.26303">
        <ele>46.7</ele>
      </trkpt>
      <trkpt lat="42.42878" lon="19.26237">
        <ele>47.3</ele>
      </trkpt>
      <trkpt lat="42.42941" lon="19.26156">
        <ele>47.8</ele>
      </trkpt>
      <trkpt lat="42.42951" lon="19.26166">
        <ele>48.0</ele>
      </trkpt>
    </trkseg>
  </trk>
</gpx>
