<?xml version="1.0" encoding="UTF-8"?><gpx creator="Wikiloc - https://www.wikiloc.com" version="1.1" xmlns="http://www.topografix.com/GPX/1/1" xmlns:xsi="http://www.w3.org/2001/XMLSchema-instance" xsi:schemaLocation="http://www.topografix.com/GPX/1/1 http://www.topografix.com/GPX/1/1/gpx.xsd"><metadata><name>Wikiloc - 3. Plluzine - Zabljak Tramo final Transdinarica</name><author><name>Luisa Villarejo</name><link href="https://www.wikiloc.com/wikiloc/user.do?id=6045"><text>Luisa Villarejo on Wikiloc</text></link></author><link href="https://www.wikiloc.com/bicycle-touring-trails/3-plluzine-zabljak-tramo-final-transdinarica-179354160"><text>3. Plluzine - Zabljak Tramo final Transdinarica on Wikiloc</text></link><time>2024-08-01T09:36:48.357Z</time></metadata><trk><name>3. Plluzine - Zabljak Tramo final Transdinarica</name><cmt></cmt><desc></desc><trkseg><trkpt lat="43.156695" lon="18.843964"><ele>726.732</ele><time>2024-08-01T09:09:48.047Z</time></trkpt><trkpt lat="43.156682" lon="18.844014"><ele>726.792</ele><time>2024-08-01T09:09:49.640Z</time></trkpt><trkpt lat="43.156553" lon="18.844421"><ele>726.711</ele><time>2024-08-01T09:10:04.879Z</time></trkpt><trkpt lat="43.156477" lon="18.844604"><ele>726.709</ele><time>2024-08-01T09:10:13.086Z</time></trkpt><trkpt lat="43.156381" lon="18.844780"><ele>726.774</ele><time>2024-08-01T09:10:21.007Z</time></trkpt><trkpt lat="43.156304" lon="18.844873"><ele>726.740</ele><time>2024-08-01T09:10:25.968Z</time></trkpt><trkpt lat="43.156034" lon="18.845084"><ele>727.712</ele><time>2024-08-01T09:10:41.273Z</time></trkpt><trkpt lat="43.155916" lon="18.845148"><ele>728.576</ele><time>2024-08-01T09:10:47.930Z</time></trkpt><trkpt lat="43.155671" lon="18.845214"><ele>729.958</ele><time>2024-08-01T09:10:59.076Z</time></trkpt><trkpt lat="43.155498" lon="18.845224"><ele>730.847</ele><time>2024-08-01T09:11:08.394Z</time></trkpt><trkpt lat="43.155144" lon="18.845154"><ele>732.974</ele><time>2024-08-01T09:11:24.729Z</time></trkpt><trkpt lat="43.155411" lon="18.845547"><ele>735.199</ele><time>2024-08-01T09:11:40.816Z</time></trkpt><trkpt lat="43.155527" lon="18.845665"><ele>735.933</ele><time>2024-08-01T09:11:46.532Z</time></trkpt><trkpt lat="43.155897" lon="18.845892"><ele>737.056</ele><time>2024-08-01T09:12:03.359Z</time></trkpt><trkpt lat="43.156132" lon="18.845966"><ele>737.259</ele><time>2024-08-01T09:12:12.063Z</time></trkpt><trkpt lat="43.156351" lon="18.846001"><ele>737.314</ele><time>2024-08-01T09:12:18.920Z</time></trkpt><trkpt lat="43.156454" lon="18.845986"><ele>737.409</ele><time>2024-08-01T09:12:21.038Z</time></trkpt><trkpt lat="43.156534" lon="18.845944"><ele>737.476</ele><time>2024-08-01T09:12:22.484Z</time></trkpt><trkpt lat="43.156666" lon="18.845936"><ele>737.592</ele><time>2024-08-01T09:12:25.203Z</time></trkpt><trkpt lat="43.156769" lon="18.846047"><ele>737.634</ele><time>2024-08-01T09:12:27.438Z</time></trkpt><trkpt lat="43.156794" lon="18.846148"><ele>737.728</ele><time>2024-08-01T09:12:28.640Z</time></trkpt><trkpt lat="43.156827" lon="18.846340"><ele>737.830</ele><time>2024-08-01T09:12:31.354Z</time></trkpt><trkpt lat="43.156876" lon="18.846324"><ele>737.839</ele><time>2024-08-01T09:12:32.234Z</time></trkpt><trkpt lat="43.157056" lon="18.846267"><ele>737.956</ele><time>2024-08-01T09:12:35.428Z</time></trkpt><trkpt lat="43.157332" lon="18.846275"><ele>737.971</ele><time>2024-08-01T09:12:41.943Z</time></trkpt><trkpt lat="43.157453" lon="18.846303"><ele>737.525</ele><time>2024-08-01T09:12:44.354Z</time></trkpt><trkpt lat="43.157631" lon="18.846375"><ele>737.136</ele><time>2024-08-01T09:12:48.578Z</time></trkpt><trkpt lat="43.157823" lon="18.846500"><ele>736.617</ele><time>2024-08-01T09:12:52.667Z</time></trkpt><trkpt lat="43.158058" lon="18.846737"><ele>735.818</ele><time>2024-08-01T09:12:57.894Z</time></trkpt><trkpt lat="43.158114" lon="18.846812"><ele>735.709</ele><time>2024-08-01T09:12:59.440Z</time></trkpt><trkpt lat="43.158220" lon="18.846985"><ele>735.234</ele><time>2024-08-01T09:13:02.048Z</time></trkpt><trkpt lat="43.158420" lon="18.847444"><ele>734.360</ele><time>2024-08-01T09:13:08.045Z</time></trkpt><trkpt lat="43.158688" lon="18.848214"><ele>731.912</ele><time>2024-08-01T09:13:17.593Z</time></trkpt><trkpt lat="43.158861" lon="18.848505"><ele>730.576</ele><time>2024-08-01T09:13:22.227Z</time></trkpt><trkpt lat="43.159024" lon="18.848646"><ele>729.618</ele><time>2024-08-01T09:13:25.897Z</time></trkpt><trkpt lat="43.159906" lon="18.849132"><ele>724.987</ele><time>2024-08-01T09:13:39.889Z</time></trkpt><trkpt lat="43.160352" lon="18.849477"><ele>720.734</ele><time>2024-08-01T09:13:47.165Z</time></trkpt><trkpt lat="43.160943" lon="18.849962"><ele>714.979</ele><time>2024-08-01T09:13:56.769Z</time></trkpt><trkpt lat="43.161358" lon="18.850356"><ele>710.623</ele><time>2024-08-01T09:14:03.517Z</time></trkpt><trkpt lat="43.161546" lon="18.850483"><ele>709.054</ele><time>2024-08-01T09:14:06.390Z</time></trkpt><trkpt lat="43.161840" lon="18.850592"><ele>707.156</ele><time>2024-08-01T09:14:10.589Z</time></trkpt><trkpt lat="43.162531" lon="18.850709"><ele>702.911</ele><time>2024-08-01T09:14:21.305Z</time></trkpt><trkpt lat="43.162723" lon="18.850752"><ele>701.709</ele><time>2024-08-01T09:14:24.334Z</time></trkpt><trkpt lat="43.162882" lon="18.850828"><ele>700.646</ele><time>2024-08-01T09:14:27.058Z</time></trkpt><trkpt lat="43.163007" lon="18.850931"><ele>699.782</ele><time>2024-08-01T09:14:29.175Z</time></trkpt><trkpt lat="43.163108" lon="18.851076"><ele>698.834</ele><time>2024-08-01T09:14:31.362Z</time></trkpt><trkpt lat="43.163190" lon="18.851306"><ele>698.278</ele><time>2024-08-01T09:14:33.949Z</time></trkpt><trkpt lat="43.163280" lon="18.851997"><ele>697.120</ele><time>2024-08-01T09:14:41.665Z</time></trkpt><trkpt lat="43.163369" lon="18.852341"><ele>696.659</ele><time>2024-08-01T09:14:46.203Z</time></trkpt><trkpt lat="43.163485" lon="18.852583"><ele>696.126</ele><time>2024-08-01T09:14:52.364Z</time></trkpt><trkpt lat="43.163855" lon="18.853134"><ele>695.051</ele><time>2024-08-01T09:15:07.816Z</time></trkpt><trkpt lat="43.164061" lon="18.853624"><ele>693.735</ele><time>2024-08-01T09:15:16.361Z</time></trkpt><trkpt lat="43.164519" lon="18.855273"><ele>689.322</ele><time>2024-08-01T09:15:36.578Z</time></trkpt><trkpt lat="43.164640" lon="18.855696"><ele>687.562</ele><time>2024-08-01T09:15:41.680Z</time></trkpt><trkpt lat="43.164735" lon="18.855924"><ele>685.808</ele><time>2024-08-01T09:15:44.430Z</time></trkpt><trkpt lat="43.164846" lon="18.856068"><ele>684.409</ele><time>2024-08-01T09:15:46.619Z</time></trkpt><trkpt lat="43.164984" lon="18.856178"><ele>683.013</ele><time>2024-08-01T09:15:48.810Z</time></trkpt><trkpt lat="43.168201" lon="18.857500"><ele>655.659</ele><time>2024-08-01T09:16:34.198Z</time></trkpt><trkpt lat="43.168467" lon="18.857645"><ele>656.451</ele><time>2024-08-01T09:16:44.953Z</time></trkpt><trkpt lat="43.168862" lon="18.857913"><ele>657.665</ele><time>2024-08-01T09:17:06.907Z</time></trkpt><trkpt lat="43.168799" lon="18.858049"><ele>658.067</ele><time>2024-08-01T09:17:15.548Z</time></trkpt><trkpt lat="43.167811" lon="18.860303"><ele>670.096</ele><time>2024-08-01T09:18:57.917Z</time></trkpt><trkpt lat="43.167580" lon="18.860654"><ele>672.633</ele><time>2024-08-01T09:19:14.497Z</time></trkpt><trkpt lat="43.167327" lon="18.860851"><ele>674.858</ele><time>2024-08-01T09:19:30.996Z</time></trkpt><trkpt lat="43.167208" lon="18.860984"><ele>675.822</ele><time>2024-08-01T09:19:40.426Z</time></trkpt><trkpt lat="43.167041" lon="18.861291"><ele>677.892</ele><time>2024-08-01T09:19:55.769Z</time></trkpt><trkpt lat="43.167045" lon="18.861432"><ele>678.573</ele><time>2024-08-01T09:20:01.453Z</time></trkpt><trkpt lat="43.167146" lon="18.861462"><ele>679.220</ele><time>2024-08-01T09:20:06.027Z</time></trkpt><trkpt lat="43.167335" lon="18.861385"><ele>680.509</ele><time>2024-08-01T09:20:13.494Z</time></trkpt><trkpt lat="43.167516" lon="18.861214"><ele>682.160</ele><time>2024-08-01T09:20:20.714Z</time></trkpt><trkpt lat="43.167647" lon="18.861028"><ele>683.456</ele><time>2024-08-01T09:20:27.061Z</time></trkpt><trkpt lat="43.167998" lon="18.860423"><ele>688.738</ele><time>2024-08-01T09:20:53.824Z</time></trkpt><trkpt lat="43.168849" lon="18.858788"><ele>710.652</ele><time>2024-08-01T09:23:06.079Z</time></trkpt><trkpt lat="43.168885" lon="18.858737"><ele>711.324</ele><time>2024-08-01T09:23:10.203Z</time></trkpt><trkpt lat="43.168976" lon="18.858694"><ele>712.883</ele><time>2024-08-01T09:23:17.940Z</time></trkpt><trkpt lat="43.169178" lon="18.858778"><ele>716.690</ele><time>2024-08-01T09:23:37.474Z</time></trkpt><trkpt lat="43.169372" lon="18.858925"><ele>720.775</ele><time>2024-08-01T09:23:57.719Z</time></trkpt><trkpt lat="43.169665" lon="18.859293"><ele>727.979</ele><time>2024-08-01T09:24:38.227Z</time></trkpt><trkpt lat="43.169917" lon="18.859717"><ele>735.292</ele><time>2024-08-01T09:25:18.272Z</time></trkpt><trkpt lat="43.170222" lon="18.859992"><ele>741.873</ele><time>2024-08-01T09:25:56.604Z</time></trkpt><trkpt lat="43.170505" lon="18.860131"><ele>746.320</ele><time>2024-08-01T09:26:27.930Z</time></trkpt><trkpt lat="43.170733" lon="18.860189"><ele>748.109</ele><time>2024-08-01T09:26:47.731Z</time></trkpt><trkpt lat="43.170842" lon="18.860194"><ele>748.960</ele><time>2024-08-01T09:26:55.875Z</time></trkpt><trkpt lat="43.170947" lon="18.860151"><ele>749.766</ele><time>2024-08-01T09:27:00.379Z</time></trkpt><trkpt lat="43.171170" lon="18.860029"><ele>751.598</ele><time>2024-08-01T09:27:08.020Z</time></trkpt><trkpt lat="43.171406" lon="18.859841"><ele>753.672</ele><time>2024-08-01T09:27:14.015Z</time></trkpt><trkpt lat="43.171651" lon="18.859408"><ele>756.784</ele><time>2024-08-01T09:27:26.994Z</time></trkpt><trkpt lat="43.171721" lon="18.859226"><ele>757.833</ele><time>2024-08-01T09:27:32.851Z</time></trkpt><trkpt lat="43.171757" lon="18.859065"><ele>758.720</ele><time>2024-08-01T09:27:38.226Z</time></trkpt><trkpt lat="43.171767" lon="18.858820"><ele>760.735</ele><time>2024-08-01T09:27:47.423Z</time></trkpt><trkpt lat="43.171800" lon="18.858710"><ele>761.819</ele><time>2024-08-01T09:27:51.346Z</time></trkpt><trkpt lat="43.171842" lon="18.858666"><ele>762.518</ele><time>2024-08-01T09:27:54.482Z</time></trkpt><trkpt lat="43.171897" lon="18.858667"><ele>763.398</ele><time>2024-08-01T09:27:57.974Z</time></trkpt><trkpt lat="43.171999" lon="18.858728"><ele>764.717</ele><time>2024-08-01T09:28:04.938Z</time></trkpt><trkpt lat="43.172061" lon="18.858870"><ele>766.309</ele><time>2024-08-01T09:28:12.956Z</time></trkpt><trkpt lat="43.172058" lon="18.858980"><ele>767.422</ele><time>2024-08-01T09:28:18.510Z</time></trkpt><trkpt lat="43.172047" lon="18.859089"><ele>768.598</ele><time>2024-08-01T09:28:24.838Z</time></trkpt><trkpt lat="43.172003" lon="18.859215"><ele>769.880</ele><time>2024-08-01T09:28:32.624Z</time></trkpt><trkpt lat="43.171887" lon="18.859497"><ele>772.954</ele><time>2024-08-01T09:28:51.593Z</time></trkpt><trkpt lat="43.171775" lon="18.859686"><ele>775.356</ele><time>2024-08-01T09:29:07.249Z</time></trkpt><trkpt lat="43.171718" lon="18.859853"><ele>777.045</ele><time>2024-08-01T09:29:18.326Z</time></trkpt><trkpt lat="43.171658" lon="18.860242"><ele>780.932</ele><time>2024-08-01T09:29:44.910Z</time></trkpt><trkpt lat="43.171599" lon="18.860384"><ele>782.547</ele><time>2024-08-01T09:29:57.193Z</time></trkpt><trkpt lat="43.171171" lon="18.860840"><ele>789.011</ele><time>2024-08-01T09:30:50.816Z</time></trkpt><trkpt lat="43.170936" lon="18.860975"><ele>792.051</ele><time>2024-08-01T09:31:10.854Z</time></trkpt><trkpt lat="43.170829" lon="18.860975"><ele>793.301</ele><time>2024-08-01T09:31:18.591Z</time></trkpt><trkpt lat="43.170612" lon="18.860899"><ele>795.911</ele><time>2024-08-01T09:31:32.359Z</time></trkpt><trkpt lat="43.170120" lon="18.860621"><ele>802.209</ele><time>2024-08-01T09:32:04.869Z</time></trkpt><trkpt lat="43.169704" lon="18.860308"><ele>803.956</ele><time>2024-08-01T09:32:24.956Z</time></trkpt><trkpt lat="43.169469" lon="18.860214"><ele>803.542</ele><time>2024-08-01T09:32:30.591Z</time></trkpt><trkpt lat="43.169372" lon="18.860224"><ele>803.424</ele><time>2024-08-01T09:32:32.798Z</time></trkpt><trkpt lat="43.169217" lon="18.860354"><ele>803.158</ele><time>2024-08-01T09:32:35.648Z</time></trkpt><trkpt lat="43.169096" lon="18.860944"><ele>802.390</ele><time>2024-08-01T09:32:42.287Z</time></trkpt><trkpt lat="43.169039" lon="18.861119"><ele>802.159</ele><time>2024-08-01T09:32:44.280Z</time></trkpt><trkpt lat="43.168593" lon="18.861966"><ele>802.466</ele><time>2024-08-01T09:32:55.622Z</time></trkpt><trkpt lat="43.168553" lon="18.862316"><ele>803.141</ele><time>2024-08-01T09:33:04.663Z</time></trkpt><trkpt lat="43.168458" lon="18.862683"><ele>803.825</ele><time>2024-08-01T09:33:12.109Z</time></trkpt><trkpt lat="43.168141" lon="18.863319"><ele>805.263</ele><time>2024-08-01T09:33:34.894Z</time></trkpt><trkpt lat="43.168192" lon="18.863517"><ele>805.644</ele><time>2024-08-01T09:33:41.782Z</time></trkpt><trkpt lat="43.168292" lon="18.863614"><ele>805.918</ele><time>2024-08-01T09:33:52.729Z</time></trkpt><trkpt lat="43.168408" lon="18.863743"><ele>807.509</ele><time>2024-08-01T09:33:57.792Z</time></trkpt><trkpt lat="43.168467" lon="18.863753"><ele>808.487</ele><time>2024-08-01T09:34:00.958Z</time></trkpt><trkpt lat="43.168560" lon="18.863700"><ele>809.993</ele><time>2024-08-01T09:34:09.566Z</time></trkpt><trkpt lat="43.168626" lon="18.863572"><ele>811.665</ele><time>2024-08-01T09:34:16.237Z</time></trkpt><trkpt lat="43.168636" lon="18.863478"><ele>812.699</ele><time>2024-08-01T09:34:19.887Z</time></trkpt><trkpt lat="43.168588" lon="18.863014"><ele>817.761</ele><time>2024-08-01T09:34:46.083Z</time></trkpt><trkpt lat="43.168614" lon="18.862821"><ele>819.840</ele><time>2024-08-01T09:34:58.293Z</time></trkpt><trkpt lat="43.168666" lon="18.862646"><ele>821.847</ele><time>2024-08-01T09:35:12.509Z</time></trkpt><trkpt lat="43.168815" lon="18.862257"><ele>826.622</ele><time>2024-08-01T09:35:47.769Z</time></trkpt><trkpt lat="43.169146" lon="18.861743"><ele>834.266</ele><time>2024-08-01T09:36:34.584Z</time></trkpt><trkpt lat="43.169545" lon="18.861039"><ele>845.354</ele><time>2024-08-01T09:37:29.157Z</time></trkpt><trkpt lat="43.169591" lon="18.861013"><ele>846.156</ele><time>2024-08-01T09:37:32.596Z</time></trkpt><trkpt lat="43.169669" lon="18.861045"><ele>847.511</ele><time>2024-08-01T09:37:38.800Z</time></trkpt><trkpt lat="43.169787" lon="18.861307"><ele>851.309</ele><time>2024-08-01T09:37:56.224Z</time></trkpt><trkpt lat="43.169877" lon="18.861519"><ele>854.446</ele><time>2024-08-01T09:38:11.703Z</time></trkpt><trkpt lat="43.169970" lon="18.861711"><ele>857.292</ele><time>2024-08-01T09:38:26.981Z</time></trkpt><trkpt lat="43.170157" lon="18.861907"><ele>861.264</ele><time>2024-08-01T09:38:51.500Z</time></trkpt><trkpt lat="43.170510" lon="18.861967"><ele>866.738</ele><time>2024-08-01T09:39:30.787Z</time></trkpt><trkpt lat="43.170742" lon="18.861949"><ele>870.180</ele><time>2024-08-01T09:39:55.121Z</time></trkpt><trkpt lat="43.170912" lon="18.861971"><ele>872.659</ele><time>2024-08-01T09:40:12.902Z</time></trkpt><trkpt lat="43.171031" lon="18.862018"><ele>874.426</ele><time>2024-08-01T09:40:24.571Z</time></trkpt><trkpt lat="43.171131" lon="18.862110"><ele>876.251</ele><time>2024-08-01T09:40:35.073Z</time></trkpt><trkpt lat="43.171384" lon="18.862424"><ele>881.295</ele><time>2024-08-01T09:40:57.823Z</time></trkpt><trkpt lat="43.171548" lon="18.862564"><ele>884.056</ele><time>2024-08-01T09:41:08.655Z</time></trkpt><trkpt lat="43.171664" lon="18.862608"><ele>885.759</ele><time>2024-08-01T09:41:14.535Z</time></trkpt><trkpt lat="43.171886" lon="18.862587"><ele>889.014</ele><time>2024-08-01T09:41:28.038Z</time></trkpt><trkpt lat="43.172062" lon="18.862480"><ele>890.509</ele><time>2024-08-01T09:41:40.139Z</time></trkpt><trkpt lat="43.172135" lon="18.862405"><ele>891.166</ele><time>2024-08-01T09:41:46.313Z</time></trkpt><trkpt lat="43.172178" lon="18.862323"><ele>891.552</ele><time>2024-08-01T09:41:51.984Z</time></trkpt><trkpt lat="43.172290" lon="18.861838"><ele>893.824</ele><time>2024-08-01T09:42:15.017Z</time></trkpt><trkpt lat="43.172349" lon="18.861750"><ele>894.488</ele><time>2024-08-01T09:42:19.563Z</time></trkpt><trkpt lat="43.172506" lon="18.861691"><ele>895.470</ele><time>2024-08-01T09:42:26.936Z</time></trkpt><trkpt lat="43.172795" lon="18.861728"><ele>897.279</ele><time>2024-08-01T09:42:36.380Z</time></trkpt><trkpt lat="43.172893" lon="18.861704"><ele>897.846</ele><time>2024-08-01T09:42:38.811Z</time></trkpt><trkpt lat="43.173004" lon="18.861625"><ele>898.531</ele><time>2024-08-01T09:42:41.826Z</time></trkpt><trkpt lat="43.173085" lon="18.861503"><ele>899.375</ele><time>2024-08-01T09:42:45.244Z</time></trkpt><trkpt lat="43.173189" lon="18.861196"><ele>900.842</ele><time>2024-08-01T09:42:53.798Z</time></trkpt><trkpt lat="43.173327" lon="18.860585"><ele>903.822</ele><time>2024-08-01T09:43:15.056Z</time></trkpt><trkpt lat="43.173328" lon="18.860452"><ele>904.514</ele><time>2024-08-01T09:43:20.262Z</time></trkpt><trkpt lat="43.173264" lon="18.860036"><ele>906.509</ele><time>2024-08-01T09:43:32.418Z</time></trkpt><trkpt lat="43.173263" lon="18.859949"><ele>906.925</ele><time>2024-08-01T09:43:34.895Z</time></trkpt><trkpt lat="43.173295" lon="18.859706"><ele>908.151</ele><time>2024-08-01T09:43:39.446Z</time></trkpt><trkpt lat="43.173370" lon="18.859617"><ele>908.733</ele><time>2024-08-01T09:43:47.208Z</time></trkpt><trkpt lat="43.173625" lon="18.859183"><ele>911.497</ele><time>2024-08-01T09:44:14.101Z</time></trkpt><trkpt lat="43.173691" lon="18.859022"><ele>912.239</ele><time>2024-08-01T09:44:20.193Z</time></trkpt><trkpt lat="43.173777" lon="18.858661"><ele>915.198</ele><time>2024-08-01T09:44:41.014Z</time></trkpt><trkpt lat="43.173793" lon="18.858181"><ele>918.815</ele><time>2024-08-01T09:45:01.538Z</time></trkpt><trkpt lat="43.173850" lon="18.858071"><ele>919.870</ele><time>2024-08-01T09:45:04.445Z</time></trkpt><trkpt lat="43.173915" lon="18.858047"><ele>920.584</ele><time>2024-08-01T09:45:08.422Z</time></trkpt><trkpt lat="43.173974" lon="18.858068"><ele>921.298</ele><time>2024-08-01T09:45:12.879Z</time></trkpt><trkpt lat="43.174004" lon="18.858168"><ele>922.015</ele><time>2024-08-01T09:45:18.951Z</time></trkpt><trkpt lat="43.173910" lon="18.858514"><ele>924.926</ele><time>2024-08-01T09:45:35.242Z</time></trkpt><trkpt lat="43.173828" lon="18.859267"><ele>930.709</ele><time>2024-08-01T09:46:16.372Z</time></trkpt><trkpt lat="43.173780" lon="18.859409"><ele>931.880</ele><time>2024-08-01T09:46:23.288Z</time></trkpt><trkpt lat="43.173567" lon="18.859803"><ele>934.716</ele><time>2024-08-01T09:46:48.514Z</time></trkpt><trkpt lat="43.173532" lon="18.859917"><ele>935.448</ele><time>2024-08-01T09:46:53.591Z</time></trkpt><trkpt lat="43.173542" lon="18.860041"><ele>936.222</ele><time>2024-08-01T09:47:01.849Z</time></trkpt><trkpt lat="43.173607" lon="18.860163"><ele>937.074</ele><time>2024-08-01T09:47:10.367Z</time></trkpt><trkpt lat="43.173698" lon="18.860214"><ele>937.873</ele><time>2024-08-01T09:47:14.071Z</time></trkpt><trkpt lat="43.173777" lon="18.860181"><ele>938.560</ele><time>2024-08-01T09:47:16.471Z</time></trkpt><trkpt lat="43.173855" lon="18.860072"><ele>939.425</ele><time>2024-08-01T09:47:22.285Z</time></trkpt><trkpt lat="43.173912" lon="18.859914"><ele>940.449</ele><time>2024-08-01T09:47:24.933Z</time></trkpt><trkpt lat="43.173968" lon="18.859525"><ele>942.834</ele><time>2024-08-01T09:47:36.647Z</time></trkpt><trkpt lat="43.173963" lon="18.859057"><ele>945.555</ele><time>2024-08-01T09:47:50.527Z</time></trkpt><trkpt lat="43.173998" lon="18.858490"><ele>949.310</ele><time>2024-08-01T09:48:15.543Z</time></trkpt><trkpt lat="43.174058" lon="18.858205"><ele>951.309</ele><time>2024-08-01T09:48:29.272Z</time></trkpt><trkpt lat="43.174093" lon="18.858144"><ele>951.844</ele><time>2024-08-01T09:48:33.550Z</time></trkpt><trkpt lat="43.174148" lon="18.858113"><ele>952.350</ele><time>2024-08-01T09:48:37.828Z</time></trkpt><trkpt lat="43.174221" lon="18.858115"><ele>953.032</ele><time>2024-08-01T09:48:40.856Z</time></trkpt><trkpt lat="43.174603" lon="18.858284"><ele>956.766</ele><time>2024-08-01T09:49:03.453Z</time></trkpt><trkpt lat="43.174696" lon="18.858292"><ele>957.558</ele><time>2024-08-01T09:49:06.997Z</time></trkpt><trkpt lat="43.174926" lon="18.858254"><ele>959.637</ele><time>2024-08-01T09:49:17.519Z</time></trkpt><trkpt lat="43.175730" lon="18.858331"><ele>969.584</ele><time>2024-08-01T09:50:18.851Z</time></trkpt><trkpt lat="43.176454" lon="18.858219"><ele>979.619</ele><time>2024-08-01T09:51:24.665Z</time></trkpt><trkpt lat="43.176589" lon="18.858223"><ele>981.553</ele><time>2024-08-01T09:51:35.551Z</time></trkpt><trkpt lat="43.177303" lon="18.858593"><ele>990.636</ele><time>2024-08-01T09:52:30.403Z</time></trkpt><trkpt lat="43.177426" lon="18.858691"><ele>991.917</ele><time>2024-08-01T09:52:39.280Z</time></trkpt><trkpt lat="43.177644" lon="18.859021"><ele>994.918</ele><time>2024-08-01T09:52:58.820Z</time></trkpt><trkpt lat="43.177820" lon="18.859364"><ele>997.709</ele><time>2024-08-01T09:53:16.035Z</time></trkpt><trkpt lat="43.177835" lon="18.859455"><ele>998.344</ele><time>2024-08-01T09:53:19.821Z</time></trkpt><trkpt lat="43.177806" lon="18.859512"><ele>998.810</ele><time>2024-08-01T09:53:22.491Z</time></trkpt><trkpt lat="43.177725" lon="18.859468"><ele>999.622</ele><time>2024-08-01T09:53:27.066Z</time></trkpt><trkpt lat="43.177579" lon="18.859092"><ele>1002.586</ele><time>2024-08-01T09:53:43.367Z</time></trkpt><trkpt lat="43.177429" lon="18.858917"><ele>1004.258</ele><time>2024-08-01T09:53:53.389Z</time></trkpt><trkpt lat="43.177310" lon="18.858821"><ele>1005.267</ele><time>2024-08-01T09:54:00.119Z</time></trkpt><trkpt lat="43.176755" lon="18.858636"><ele>1009.344</ele><time>2024-08-01T09:54:26.624Z</time></trkpt><trkpt lat="43.176644" lon="18.858630"><ele>1010.169</ele><time>2024-08-01T09:54:31.675Z</time></trkpt><trkpt lat="43.175978" lon="18.858795"><ele>1015.053</ele><time>2024-08-01T09:55:04.116Z</time></trkpt><trkpt lat="43.175663" lon="18.858934"><ele>1017.676</ele><time>2024-08-01T09:55:22.854Z</time></trkpt><trkpt lat="43.175629" lon="18.858978"><ele>1018.190</ele><time>2024-08-01T09:55:25.747Z</time></trkpt><trkpt lat="43.175634" lon="18.859055"><ele>1018.719</ele><time>2024-08-01T09:55:29.372Z</time></trkpt><trkpt lat="43.175682" lon="18.859082"><ele>1019.309</ele><time>2024-08-01T09:55:32.635Z</time></trkpt><trkpt lat="43.176043" lon="18.859006"><ele>1023.438</ele><time>2024-08-01T09:55:57.163Z</time></trkpt><trkpt lat="43.176657" lon="18.859016"><ele>1030.344</ele><time>2024-08-01T09:56:41.173Z</time></trkpt><trkpt lat="43.176845" lon="18.859056"><ele>1032.466</ele><time>2024-08-01T09:56:55.711Z</time></trkpt><trkpt lat="43.177146" lon="18.859230"><ele>1036.110</ele><time>2024-08-01T09:57:19.497Z</time></trkpt><trkpt lat="43.177278" lon="18.859405"><ele>1037.952</ele><time>2024-08-01T09:57:32.275Z</time></trkpt><trkpt lat="43.177691" lon="18.860646"><ele>1046.391</ele><time>2024-08-01T09:58:31.035Z</time></trkpt><trkpt lat="43.177816" lon="18.860921"><ele>1048.338</ele><time>2024-08-01T09:58:42.915Z</time></trkpt><trkpt lat="43.178141" lon="18.861377"><ele>1052.283</ele><time>2024-08-01T09:59:05.180Z</time></trkpt><trkpt lat="43.178555" lon="18.861767"><ele>1055.147</ele><time>2024-08-01T09:59:26.880Z</time></trkpt><trkpt lat="43.178945" lon="18.862071"><ele>1057.676</ele><time>2024-08-01T09:59:45.548Z</time></trkpt><trkpt lat="43.179009" lon="18.862154"><ele>1058.190</ele><time>2024-08-01T09:59:49.331Z</time></trkpt><trkpt lat="43.179093" lon="18.862316"><ele>1058.919</ele><time>2024-08-01T09:59:54.964Z</time></trkpt><trkpt lat="43.179333" lon="18.862928"><ele>1061.809</ele><time>2024-08-01T10:00:17.746Z</time></trkpt><trkpt lat="43.179433" lon="18.863099"><ele>1062.728</ele><time>2024-08-01T10:00:25.713Z</time></trkpt><trkpt lat="43.179661" lon="18.863338"><ele>1064.224</ele><time>2024-08-01T10:00:40.563Z</time></trkpt><trkpt lat="43.179724" lon="18.863433"><ele>1064.666</ele><time>2024-08-01T10:00:45.535Z</time></trkpt><trkpt lat="43.179773" lon="18.863571"><ele>1065.250</ele><time>2024-08-01T10:00:51.137Z</time></trkpt><trkpt lat="43.179819" lon="18.863800"><ele>1066.112</ele><time>2024-08-01T10:00:59.948Z</time></trkpt><trkpt lat="43.179821" lon="18.864392"><ele>1068.321</ele><time>2024-08-01T10:01:19.849Z</time></trkpt><trkpt lat="43.179951" lon="18.864947"><ele>1070.598</ele><time>2024-08-01T10:01:36.066Z</time></trkpt><trkpt lat="43.179980" lon="18.866007"><ele>1073.563</ele><time>2024-08-01T10:01:59.658Z</time></trkpt><trkpt lat="43.180008" lon="18.866297"><ele>1074.177</ele><time>2024-08-01T10:02:06.185Z</time></trkpt><trkpt lat="43.180038" lon="18.866383"><ele>1074.345</ele><time>2024-08-01T10:02:08.362Z</time></trkpt><trkpt lat="43.180121" lon="18.866477"><ele>1074.747</ele><time>2024-08-01T10:02:11.657Z</time></trkpt><trkpt lat="43.180218" lon="18.866432"><ele>1075.011</ele><time>2024-08-01T10:02:14.964Z</time></trkpt><trkpt lat="43.180274" lon="18.866231"><ele>1075.509</ele><time>2024-08-01T10:02:20.252Z</time></trkpt><trkpt lat="43.180285" lon="18.865829"><ele>1076.485</ele><time>2024-08-01T10:02:30.698Z</time></trkpt><trkpt lat="43.180330" lon="18.865709"><ele>1076.711</ele><time>2024-08-01T10:02:34.364Z</time></trkpt><trkpt lat="43.180386" lon="18.865701"><ele>1076.973</ele><time>2024-08-01T10:02:36.512Z</time></trkpt><trkpt lat="43.180426" lon="18.865825"><ele>1077.257</ele><time>2024-08-01T10:02:40.451Z</time></trkpt><trkpt lat="43.180538" lon="18.866667"><ele>1081.349</ele><time>2024-08-01T10:03:07.760Z</time></trkpt><trkpt lat="43.180543" lon="18.866888"><ele>1082.538</ele><time>2024-08-01T10:03:15.760Z</time></trkpt><trkpt lat="43.180473" lon="18.867044"><ele>1083.475</ele><time>2024-08-01T10:03:22.589Z</time></trkpt><trkpt lat="43.180223" lon="18.867305"><ele>1085.610</ele><time>2024-08-01T10:03:39.448Z</time></trkpt><trkpt lat="43.180175" lon="18.867425"><ele>1086.394</ele><time>2024-08-01T10:03:45.014Z</time></trkpt><trkpt lat="43.180161" lon="18.867525"><ele>1086.862</ele><time>2024-08-01T10:03:49.275Z</time></trkpt><trkpt lat="43.180208" lon="18.868585"><ele>1092.783</ele><time>2024-08-01T10:04:33.984Z</time></trkpt><trkpt lat="43.180138" lon="18.868867"><ele>1094.511</ele><time>2024-08-01T10:04:46.313Z</time></trkpt><trkpt lat="43.179974" lon="18.870053"><ele>1101.809</ele><time>2024-08-01T10:05:34.320Z</time></trkpt><trkpt lat="43.179971" lon="18.870230"><ele>1102.997</ele><time>2024-08-01T10:05:41.445Z</time></trkpt><trkpt lat="43.180029" lon="18.870541"><ele>1104.953</ele><time>2024-08-01T10:05:54.132Z</time></trkpt><trkpt lat="43.180031" lon="18.870806"><ele>1106.685</ele><time>2024-08-01T10:06:04.846Z</time></trkpt><trkpt lat="43.179947" lon="18.871261"><ele>1109.739</ele><time>2024-08-01T10:06:23.948Z</time></trkpt><trkpt lat="43.179888" lon="18.871450"><ele>1111.111</ele><time>2024-08-01T10:06:32.390Z</time></trkpt><trkpt lat="43.179512" lon="18.872441"><ele>1118.690</ele><time>2024-08-01T10:07:20.859Z</time></trkpt><trkpt lat="43.179473" lon="18.873005"><ele>1122.447</ele><time>2024-08-01T10:07:46.721Z</time></trkpt><trkpt lat="43.179364" lon="18.873709"><ele>1127.622</ele><time>2024-08-01T10:08:20.522Z</time></trkpt><trkpt lat="43.179265" lon="18.875047"><ele>1137.476</ele><time>2024-08-01T10:09:22.836Z</time></trkpt><trkpt lat="43.179188" lon="18.875716"><ele>1141.754</ele><time>2024-08-01T10:09:51.831Z</time></trkpt><trkpt lat="43.179074" lon="18.876375"><ele>1145.556</ele><time>2024-08-01T10:10:19.097Z</time></trkpt><trkpt lat="43.178985" lon="18.876981"><ele>1149.011</ele><time>2024-08-01T10:10:42.987Z</time></trkpt><trkpt lat="43.178950" lon="18.877436"><ele>1151.609</ele><time>2024-08-01T10:10:59.797Z</time></trkpt><trkpt lat="43.178817" lon="18.877857"><ele>1153.956</ele><time>2024-08-01T10:11:15.800Z</time></trkpt><trkpt lat="43.178690" lon="18.878907"><ele>1157.852</ele><time>2024-08-01T10:11:49.824Z</time></trkpt><trkpt lat="43.178329" lon="18.880399"><ele>1163.214</ele><time>2024-08-01T10:12:33.862Z</time></trkpt><trkpt lat="43.178278" lon="18.880702"><ele>1164.288</ele><time>2024-08-01T10:12:42.502Z</time></trkpt><trkpt lat="43.178103" lon="18.881138"><ele>1165.720</ele><time>2024-08-01T10:12:56.357Z</time></trkpt><trkpt lat="43.177961" lon="18.881580"><ele>1167.259</ele><time>2024-08-01T10:13:09.989Z</time></trkpt><trkpt lat="43.177694" lon="18.882140"><ele>1169.216</ele><time>2024-08-01T10:13:29.329Z</time></trkpt><trkpt lat="43.177576" lon="18.882536"><ele>1170.651</ele><time>2024-08-01T10:13:41.943Z</time></trkpt><trkpt lat="43.177521" lon="18.882941"><ele>1172.095</ele><time>2024-08-01T10:13:54.297Z</time></trkpt><trkpt lat="43.177141" lon="18.883710"><ele>1175.297</ele><time>2024-08-01T10:14:22.553Z</time></trkpt><trkpt lat="43.176856" lon="18.884481"><ele>1178.123</ele><time>2024-08-01T10:14:48.023Z</time></trkpt><trkpt lat="43.176710" lon="18.885012"><ele>1180.425</ele><time>2024-08-01T10:15:04.492Z</time></trkpt><trkpt lat="43.176679" lon="18.885471"><ele>1182.309</ele><time>2024-08-01T10:15:19.040Z</time></trkpt><trkpt lat="43.176692" lon="18.885751"><ele>1183.560</ele><time>2024-08-01T10:15:28.336Z</time></trkpt><trkpt lat="43.176790" lon="18.886338"><ele>1186.076</ele><time>2024-08-01T10:15:48.813Z</time></trkpt><trkpt lat="43.176758" lon="18.886755"><ele>1187.748</ele><time>2024-08-01T10:16:03.167Z</time></trkpt><trkpt lat="43.176557" lon="18.886830"><ele>1189.112</ele><time>2024-08-01T10:16:13.127Z</time></trkpt><trkpt lat="43.176413" lon="18.886830"><ele>1190.264</ele><time>2024-08-01T10:16:20.216Z</time></trkpt><trkpt lat="43.176080" lon="18.886696"><ele>1193.013</ele><time>2024-08-01T10:16:37.632Z</time></trkpt><trkpt lat="43.176050" lon="18.886660"><ele>1193.310</ele><time>2024-08-01T10:16:39.644Z</time></trkpt><trkpt lat="43.176040" lon="18.886533"><ele>1194.135</ele><time>2024-08-01T10:16:44.441Z</time></trkpt><trkpt lat="43.176144" lon="18.886292"><ele>1195.769</ele><time>2024-08-01T10:16:55.292Z</time></trkpt><trkpt lat="43.176177" lon="18.886096"><ele>1196.938</ele><time>2024-08-01T10:17:03.451Z</time></trkpt><trkpt lat="43.176063" lon="18.885539"><ele>1200.370</ele><time>2024-08-01T10:17:28.086Z</time></trkpt><trkpt lat="43.175847" lon="18.884685"><ele>1206.017</ele><time>2024-08-01T10:18:08.134Z</time></trkpt><trkpt lat="43.175845" lon="18.884486"><ele>1207.309</ele><time>2024-08-01T10:18:16.716Z</time></trkpt><trkpt lat="43.175914" lon="18.884165"><ele>1209.624</ele><time>2024-08-01T10:18:31.076Z</time></trkpt><trkpt lat="43.176141" lon="18.883361"><ele>1215.430</ele><time>2024-08-01T10:19:08.058Z</time></trkpt><trkpt lat="43.176231" lon="18.882846"><ele>1219.072</ele><time>2024-08-01T10:19:31.122Z</time></trkpt><trkpt lat="43.176230" lon="18.882574"><ele>1220.846</ele><time>2024-08-01T10:19:43.134Z</time></trkpt><trkpt lat="43.176251" lon="18.882446"><ele>1221.738</ele><time>2024-08-01T10:19:48.971Z</time></trkpt><trkpt lat="43.176350" lon="18.882149"><ele>1223.887</ele><time>2024-08-01T10:20:03.481Z</time></trkpt><trkpt lat="43.176400" lon="18.881813"><ele>1226.054</ele><time>2024-08-01T10:20:18.542Z</time></trkpt><trkpt lat="43.176527" lon="18.881461"><ele>1228.549</ele><time>2024-08-01T10:20:35.823Z</time></trkpt><trkpt lat="43.176963" lon="18.879063"><ele>1243.043</ele><time>2024-08-01T10:22:14.144Z</time></trkpt><trkpt lat="43.177057" lon="18.877509"><ele>1251.427</ele><time>2024-08-01T10:23:09.145Z</time></trkpt><trkpt lat="43.177055" lon="18.876950"><ele>1254.368</ele><time>2024-08-01T10:23:28.341Z</time></trkpt><trkpt lat="43.176972" lon="18.876443"><ele>1257.014</ele><time>2024-08-01T10:23:46.739Z</time></trkpt><trkpt lat="43.176825" lon="18.875943"><ele>1259.809</ele><time>2024-08-01T10:24:07.718Z</time></trkpt><trkpt lat="43.176753" lon="18.875532"><ele>1262.143</ele><time>2024-08-01T10:24:25.231Z</time></trkpt><trkpt lat="43.176721" lon="18.875494"><ele>1262.439</ele><time>2024-08-01T10:24:27.752Z</time></trkpt><trkpt lat="43.176649" lon="18.875527"><ele>1263.081</ele><time>2024-08-01T10:24:32.719Z</time></trkpt><trkpt lat="43.176614" lon="18.875636"><ele>1263.855</ele><time>2024-08-01T10:24:37.861Z</time></trkpt><trkpt lat="43.176712" lon="18.876155"><ele>1267.087</ele><time>2024-08-01T10:25:00.711Z</time></trkpt><trkpt lat="43.176721" lon="18.876295"><ele>1267.826</ele><time>2024-08-01T10:25:06.451Z</time></trkpt><trkpt lat="43.176678" lon="18.877423"><ele>1274.613</ele><time>2024-08-01T10:25:51.209Z</time></trkpt><trkpt lat="43.176599" lon="18.877939"><ele>1277.588</ele><time>2024-08-01T10:26:11.405Z</time></trkpt><trkpt lat="43.176453" lon="18.878527"><ele>1280.662</ele><time>2024-08-01T10:26:34.211Z</time></trkpt><trkpt lat="43.176367" lon="18.878699"><ele>1281.723</ele><time>2024-08-01T10:26:41.923Z</time></trkpt><trkpt lat="43.175775" lon="18.879561"><ele>1287.683</ele><time>2024-08-01T10:27:24.160Z</time></trkpt><trkpt lat="43.175441" lon="18.879884"><ele>1290.111</ele><time>2024-08-01T10:27:43.438Z</time></trkpt><trkpt lat="43.175088" lon="18.880131"><ele>1292.309</ele><time>2024-08-01T10:28:01.976Z</time></trkpt><trkpt lat="43.174818" lon="18.880443"><ele>1294.353</ele><time>2024-08-01T10:28:18.037Z</time></trkpt><trkpt lat="43.174779" lon="18.880525"><ele>1294.799</ele><time>2024-08-01T10:28:21.211Z</time></trkpt><trkpt lat="43.174714" lon="18.880940"><ele>1296.431</ele><time>2024-08-01T10:28:34.754Z</time></trkpt><trkpt lat="43.174673" lon="18.881062"><ele>1296.925</ele><time>2024-08-01T10:28:38.966Z</time></trkpt><trkpt lat="43.174339" lon="18.881715"><ele>1299.827</ele><time>2024-08-01T10:29:02.958Z</time></trkpt><trkpt lat="43.173977" lon="18.883123"><ele>1304.496</ele><time>2024-08-01T10:29:44.456Z</time></trkpt><trkpt lat="43.173926" lon="18.883246"><ele>1304.953</ele><time>2024-08-01T10:29:48.292Z</time></trkpt><trkpt lat="43.173346" lon="18.883920"><ele>1308.468</ele><time>2024-08-01T10:30:17.874Z</time></trkpt><trkpt lat="43.173217" lon="18.883984"><ele>1309.112</ele><time>2024-08-01T10:30:23.566Z</time></trkpt><trkpt lat="43.173073" lon="18.884009"><ele>1309.962</ele><time>2024-08-01T10:30:29.805Z</time></trkpt><trkpt lat="43.172959" lon="18.884077"><ele>1310.583</ele><time>2024-08-01T10:30:35.336Z</time></trkpt><trkpt lat="43.172932" lon="18.884130"><ele>1310.711</ele><time>2024-08-01T10:30:37.446Z</time></trkpt><trkpt lat="43.172860" lon="18.884573"><ele>1312.409</ele><time>2024-08-01T10:30:52.543Z</time></trkpt><trkpt lat="43.172806" lon="18.884748"><ele>1313.197</ele><time>2024-08-01T10:30:58.747Z</time></trkpt><trkpt lat="43.172614" lon="18.885180"><ele>1315.043</ele><time>2024-08-01T10:31:14.940Z</time></trkpt><trkpt lat="43.172486" lon="18.885322"><ele>1315.815</ele><time>2024-08-01T10:31:22.096Z</time></trkpt><trkpt lat="43.172215" lon="18.885400"><ele>1317.199</ele><time>2024-08-01T10:31:33.602Z</time></trkpt><trkpt lat="43.172040" lon="18.885545"><ele>1318.141</ele><time>2024-08-01T10:31:42.160Z</time></trkpt><trkpt lat="43.171821" lon="18.885856"><ele>1319.750</ele><time>2024-08-01T10:31:55.349Z</time></trkpt><trkpt lat="43.171620" lon="18.886248"><ele>1321.467</ele><time>2024-08-01T10:32:09.918Z</time></trkpt><trkpt lat="43.171577" lon="18.886352"><ele>1321.842</ele><time>2024-08-01T10:32:13.487Z</time></trkpt><trkpt lat="43.171556" lon="18.886755"><ele>1323.316</ele><time>2024-08-01T10:32:25.785Z</time></trkpt><trkpt lat="43.171501" lon="18.886924"><ele>1323.971</ele><time>2024-08-01T10:32:31.025Z</time></trkpt><trkpt lat="43.171429" lon="18.887014"><ele>1324.441</ele><time>2024-08-01T10:32:35.015Z</time></trkpt><trkpt lat="43.171118" lon="18.887204"><ele>1326.215</ele><time>2024-08-01T10:32:49.088Z</time></trkpt><trkpt lat="43.170729" lon="18.887342"><ele>1328.209</ele><time>2024-08-01T10:33:05.984Z</time></trkpt><trkpt lat="43.170654" lon="18.887421"><ele>1328.718</ele><time>2024-08-01T10:33:09.839Z</time></trkpt><trkpt lat="43.170463" lon="18.887866"><ele>1330.634</ele><time>2024-08-01T10:33:25.795Z</time></trkpt><trkpt lat="43.170388" lon="18.887943"><ele>1331.116</ele><time>2024-08-01T10:33:29.744Z</time></trkpt><trkpt lat="43.170118" lon="18.888100"><ele>1332.610</ele><time>2024-08-01T10:33:42.278Z</time></trkpt><trkpt lat="43.169987" lon="18.888229"><ele>1333.482</ele><time>2024-08-01T10:33:49.597Z</time></trkpt><trkpt lat="43.169739" lon="18.888524"><ele>1335.531</ele><time>2024-08-01T10:34:04.785Z</time></trkpt><trkpt lat="43.169552" lon="18.888966"><ele>1337.838</ele><time>2024-08-01T10:34:22.770Z</time></trkpt><trkpt lat="43.169140" lon="18.889339"><ele>1341.023</ele><time>2024-08-01T10:34:46.783Z</time></trkpt><trkpt lat="43.168916" lon="18.889579"><ele>1342.897</ele><time>2024-08-01T10:35:00.854Z</time></trkpt><trkpt lat="43.168577" lon="18.889873"><ele>1345.421</ele><time>2024-08-01T10:35:19.811Z</time></trkpt><trkpt lat="43.168444" lon="18.890034"><ele>1346.841</ele><time>2024-08-01T10:35:28.221Z</time></trkpt><trkpt lat="43.168278" lon="18.890334"><ele>1348.805</ele><time>2024-08-01T10:35:41.688Z</time></trkpt><trkpt lat="43.168127" lon="18.890818"><ele>1351.709</ele><time>2024-08-01T10:36:01.867Z</time></trkpt><trkpt lat="43.168105" lon="18.891042"><ele>1353.043</ele><time>2024-08-01T10:36:10.936Z</time></trkpt><trkpt lat="43.168097" lon="18.891253"><ele>1354.139</ele><time>2024-08-01T10:36:19.553Z</time></trkpt><trkpt lat="43.168142" lon="18.891757"><ele>1356.961</ele><time>2024-08-01T10:36:40.165Z</time></trkpt><trkpt lat="43.168085" lon="18.892291"><ele>1360.025</ele><time>2024-08-01T10:37:01.742Z</time></trkpt><trkpt lat="43.168185" lon="18.893033"><ele>1364.587</ele><time>2024-08-01T10:37:31.816Z</time></trkpt><trkpt lat="43.168236" lon="18.893145"><ele>1365.316</ele><time>2024-08-01T10:37:37.142Z</time></trkpt><trkpt lat="43.168369" lon="18.893269"><ele>1366.613</ele><time>2024-08-01T10:37:46.206Z</time></trkpt><trkpt lat="43.168549" lon="18.893316"><ele>1368.138</ele><time>2024-08-01T10:37:56.522Z</time></trkpt><trkpt lat="43.168622" lon="18.893393"><ele>1368.882</ele><time>2024-08-01T10:38:01.683Z</time></trkpt><trkpt lat="43.168681" lon="18.893485"><ele>1369.674</ele><time>2024-08-01T10:38:06.818Z</time></trkpt><trkpt lat="43.168771" lon="18.893734"><ele>1371.256</ele><time>2024-08-01T10:38:18.186Z</time></trkpt><trkpt lat="43.168781" lon="18.893921"><ele>1372.321</ele><time>2024-08-01T10:38:25.606Z</time></trkpt><trkpt lat="43.168697" lon="18.894182"><ele>1373.609</ele><time>2024-08-01T10:38:36.746Z</time></trkpt><trkpt lat="43.168436" lon="18.894474"><ele>1375.268</ele><time>2024-08-01T10:38:53.917Z</time></trkpt><trkpt lat="43.168368" lon="18.894588"><ele>1375.724</ele><time>2024-08-01T10:38:59.104Z</time></trkpt><trkpt lat="43.168129" lon="18.895257"><ele>1378.326</ele><time>2024-08-01T10:39:23.496Z</time></trkpt><trkpt lat="43.167960" lon="18.895516"><ele>1379.530</ele><time>2024-08-01T10:39:33.193Z</time></trkpt><trkpt lat="43.167716" lon="18.895776"><ele>1380.992</ele><time>2024-08-01T10:39:42.527Z</time></trkpt><trkpt lat="43.167415" lon="18.896028"><ele>1381.351</ele><time>2024-08-01T10:39:51.239Z</time></trkpt><trkpt lat="43.167112" lon="18.896436"><ele>1380.618</ele><time>2024-08-01T10:39:59.765Z</time></trkpt><trkpt lat="43.166795" lon="18.896626"><ele>1380.173</ele><time>2024-08-01T10:40:05.866Z</time></trkpt><trkpt lat="43.166470" lon="18.896887"><ele>1379.597</ele><time>2024-08-01T10:40:12.290Z</time></trkpt><trkpt lat="43.166226" lon="18.897136"><ele>1379.041</ele><time>2024-08-01T10:40:17.255Z</time></trkpt><trkpt lat="43.165601" lon="18.897626"><ele>1377.381</ele><time>2024-08-01T10:40:28.701Z</time></trkpt><trkpt lat="43.165420" lon="18.897732"><ele>1376.809</ele><time>2024-08-01T10:40:31.880Z</time></trkpt><trkpt lat="43.165216" lon="18.897945"><ele>1376.209</ele><time>2024-08-01T10:40:36.091Z</time></trkpt><trkpt lat="43.164746" lon="18.898923"><ele>1374.255</ele><time>2024-08-01T10:40:51.466Z</time></trkpt><trkpt lat="43.164423" lon="18.899593"><ele>1373.921</ele><time>2024-08-01T10:41:03.382Z</time></trkpt><trkpt lat="43.164117" lon="18.900176"><ele>1373.643</ele><time>2024-08-01T10:41:14.341Z</time></trkpt><trkpt lat="43.164015" lon="18.900300"><ele>1373.567</ele><time>2024-08-01T10:41:17.239Z</time></trkpt><trkpt lat="43.163748" lon="18.900495"><ele>1373.359</ele><time>2024-08-01T10:41:23.747Z</time></trkpt><trkpt lat="43.163569" lon="18.900845"><ele>1373.338</ele><time>2024-08-01T10:41:30.413Z</time></trkpt><trkpt lat="43.163466" lon="18.901114"><ele>1373.325</ele><time>2024-08-01T10:41:35.250Z</time></trkpt><trkpt lat="43.163236" lon="18.901493"><ele>1373.370</ele><time>2024-08-01T10:41:43.273Z</time></trkpt><trkpt lat="43.163060" lon="18.901668"><ele>1373.424</ele><time>2024-08-01T10:41:48.056Z</time></trkpt><trkpt lat="43.162659" lon="18.901885"><ele>1373.448</ele><time>2024-08-01T10:41:57.815Z</time></trkpt><trkpt lat="43.162554" lon="18.902045"><ele>1373.461</ele><time>2024-08-01T10:42:01.359Z</time></trkpt><trkpt lat="43.162494" lon="18.902278"><ele>1373.417</ele><time>2024-08-01T10:42:05.477Z</time></trkpt><trkpt lat="43.162521" lon="18.902679"><ele>1373.809</ele><time>2024-08-01T10:42:12.903Z</time></trkpt><trkpt lat="43.162529" lon="18.902907"><ele>1374.065</ele><time>2024-08-01T10:42:17.586Z</time></trkpt><trkpt lat="43.162475" lon="18.903257"><ele>1374.411</ele><time>2024-08-01T10:42:24.690Z</time></trkpt><trkpt lat="43.162288" lon="18.904134"><ele>1375.373</ele><time>2024-08-01T10:42:43.843Z</time></trkpt><trkpt lat="43.162073" lon="18.904995"><ele>1376.257</ele><time>2024-08-01T10:43:03.007Z</time></trkpt><trkpt lat="43.161986" lon="18.905767"><ele>1377.269</ele><time>2024-08-01T10:43:20.920Z</time></trkpt><trkpt lat="43.161997" lon="18.906054"><ele>1377.598</ele><time>2024-08-01T10:43:27.484Z</time></trkpt><trkpt lat="43.162149" lon="18.906618"><ele>1378.275</ele><time>2024-08-01T10:43:40.958Z</time></trkpt><trkpt lat="43.162208" lon="18.907002"><ele>1378.720</ele><time>2024-08-01T10:43:48.356Z</time></trkpt><trkpt lat="43.162216" lon="18.907599"><ele>1378.824</ele><time>2024-08-01T10:43:58.009Z</time></trkpt><trkpt lat="43.162192" lon="18.907900"><ele>1378.791</ele><time>2024-08-01T10:44:02.650Z</time></trkpt><trkpt lat="43.162111" lon="18.908081"><ele>1378.781</ele><time>2024-08-01T10:44:05.898Z</time></trkpt><trkpt lat="43.161803" lon="18.908436"><ele>1378.519</ele><time>2024-08-01T10:44:14.005Z</time></trkpt><trkpt lat="43.161729" lon="18.908562"><ele>1378.509</ele><time>2024-08-01T10:44:16.242Z</time></trkpt><trkpt lat="43.161684" lon="18.908749"><ele>1378.510</ele><time>2024-08-01T10:44:19.173Z</time></trkpt><trkpt lat="43.161687" lon="18.909243"><ele>1378.416</ele><time>2024-08-01T10:44:26.555Z</time></trkpt><trkpt lat="43.161770" lon="18.909890"><ele>1378.428</ele><time>2024-08-01T10:44:36.372Z</time></trkpt><trkpt lat="43.161648" lon="18.909961"><ele>1378.542</ele><time>2024-08-01T10:44:38.879Z</time></trkpt><trkpt lat="43.161065" lon="18.910311"><ele>1378.654</ele><time>2024-08-01T10:44:53.255Z</time></trkpt><trkpt lat="43.160947" lon="18.910436"><ele>1378.663</ele><time>2024-08-01T10:44:56.798Z</time></trkpt><trkpt lat="43.160495" lon="18.911382"><ele>1379.390</ele><time>2024-08-01T10:45:19.293Z</time></trkpt><trkpt lat="43.160128" lon="18.911936"><ele>1380.245</ele><time>2024-08-01T10:45:35.601Z</time></trkpt><trkpt lat="43.158715" lon="18.913528"><ele>1383.349</ele><time>2024-08-01T10:46:28.946Z</time></trkpt><trkpt lat="43.157322" lon="18.915104"><ele>1386.924</ele><time>2024-08-01T10:47:22.627Z</time></trkpt><trkpt lat="43.157195" lon="18.915280"><ele>1387.304</ele><time>2024-08-01T10:47:28.239Z</time></trkpt><trkpt lat="43.156872" lon="18.915881"><ele>1388.414</ele><time>2024-08-01T10:47:45.410Z</time></trkpt><trkpt lat="43.156234" lon="18.917139"><ele>1391.309</ele><time>2024-08-01T10:48:21.435Z</time></trkpt><trkpt lat="43.156052" lon="18.917343"><ele>1391.963</ele><time>2024-08-01T10:48:29.232Z</time></trkpt><trkpt lat="43.155939" lon="18.917388"><ele>1392.279</ele><time>2024-08-01T10:48:33.135Z</time></trkpt><trkpt lat="43.154837" lon="18.917433"><ele>1395.661</ele><time>2024-08-01T10:49:10.867Z</time></trkpt><trkpt lat="43.153239" lon="18.917535"><ele>1401.455</ele><time>2024-08-01T10:50:09.510Z</time></trkpt><trkpt lat="43.153072" lon="18.917547"><ele>1402.067</ele><time>2024-08-01T10:50:15.843Z</time></trkpt><trkpt lat="43.151172" lon="18.917666"><ele>1410.396</ele><time>2024-08-01T10:51:30.224Z</time></trkpt><trkpt lat="43.151008" lon="18.917687"><ele>1411.113</ele><time>2024-08-01T10:51:36.997Z</time></trkpt><trkpt lat="43.150881" lon="18.917754"><ele>1411.758</ele><time>2024-08-01T10:51:42.617Z</time></trkpt><trkpt lat="43.150769" lon="18.917867"><ele>1412.462</ele><time>2024-08-01T10:51:48.344Z</time></trkpt><trkpt lat="43.149593" lon="18.919679"><ele>1422.285</ele><time>2024-08-01T10:53:06.324Z</time></trkpt><trkpt lat="43.149411" lon="18.919911"><ele>1423.789</ele><time>2024-08-01T10:53:18.188Z</time></trkpt><trkpt lat="43.149330" lon="18.919955"><ele>1424.217</ele><time>2024-08-01T10:53:22.464Z</time></trkpt><trkpt lat="43.149226" lon="18.919985"><ele>1424.809</ele><time>2024-08-01T10:53:27.703Z</time></trkpt><trkpt lat="43.149086" lon="18.919940"><ele>1425.779</ele><time>2024-08-01T10:53:34.923Z</time></trkpt><trkpt lat="43.148508" lon="18.919535"><ele>1429.995</ele><time>2024-08-01T10:54:08.336Z</time></trkpt><trkpt lat="43.148379" lon="18.919491"><ele>1430.727</ele><time>2024-08-01T10:54:15.145Z</time></trkpt><trkpt lat="43.148147" lon="18.919543"><ele>1432.361</ele><time>2024-08-01T10:54:26.821Z</time></trkpt><trkpt lat="43.147725" lon="18.919816"><ele>1435.383</ele><time>2024-08-01T10:54:48.699Z</time></trkpt><trkpt lat="43.147592" lon="18.919849"><ele>1436.252</ele><time>2024-08-01T10:54:54.851Z</time></trkpt><trkpt lat="43.147449" lon="18.919844"><ele>1437.199</ele><time>2024-08-01T10:55:01.255Z</time></trkpt><trkpt lat="43.147309" lon="18.919783"><ele>1438.174</ele><time>2024-08-01T10:55:07.836Z</time></trkpt><trkpt lat="43.147132" lon="18.919580"><ele>1439.338</ele><time>2024-08-01T10:55:18.247Z</time></trkpt><trkpt lat="43.147022" lon="18.919385"><ele>1440.251</ele><time>2024-08-01T10:55:26.540Z</time></trkpt><trkpt lat="43.146991" lon="18.919229"><ele>1440.901</ele><time>2024-08-01T10:55:31.946Z</time></trkpt><trkpt lat="43.146979" lon="18.918782"><ele>1442.611</ele><time>2024-08-01T10:55:47.165Z</time></trkpt><trkpt lat="43.146913" lon="18.918608"><ele>1443.309</ele><time>2024-08-01T10:55:53.701Z</time></trkpt><trkpt lat="43.146780" lon="18.918427"><ele>1444.396</ele><time>2024-08-01T10:56:01.972Z</time></trkpt><trkpt lat="43.146544" lon="18.918248"><ele>1445.872</ele><time>2024-08-01T10:56:13.316Z</time></trkpt><trkpt lat="43.146388" lon="18.918169"><ele>1446.664</ele><time>2024-08-01T10:56:19.968Z</time></trkpt><trkpt lat="43.146208" lon="18.918120"><ele>1447.618</ele><time>2024-08-01T10:56:26.959Z</time></trkpt><trkpt lat="43.145776" lon="18.918161"><ele>1449.510</ele><time>2024-08-01T10:56:42.889Z</time></trkpt><trkpt lat="43.145671" lon="18.918139"><ele>1450.049</ele><time>2024-08-01T10:56:46.851Z</time></trkpt><trkpt lat="43.145582" lon="18.918080"><ele>1450.546</ele><time>2024-08-01T10:56:50.538Z</time></trkpt><trkpt lat="43.145418" lon="18.917890"><ele>1451.421</ele><time>2024-08-01T10:56:58.797Z</time></trkpt><trkpt lat="43.145298" lon="18.917694"><ele>1452.385</ele><time>2024-08-01T10:57:06.341Z</time></trkpt><trkpt lat="43.145257" lon="18.917485"><ele>1453.099</ele><time>2024-08-01T10:57:12.966Z</time></trkpt><trkpt lat="43.145274" lon="18.917348"><ele>1453.507</ele><time>2024-08-01T10:57:17.213Z</time></trkpt><trkpt lat="43.145459" lon="18.917063"><ele>1454.727</ele><time>2024-08-01T10:57:29.313Z</time></trkpt><trkpt lat="43.145508" lon="18.916923"><ele>1455.209</ele><time>2024-08-01T10:57:34.216Z</time></trkpt><trkpt lat="43.145521" lon="18.916779"><ele>1455.760</ele><time>2024-08-01T10:57:38.864Z</time></trkpt><trkpt lat="43.145505" lon="18.916655"><ele>1456.286</ele><time>2024-08-01T10:57:42.818Z</time></trkpt><trkpt lat="43.145454" lon="18.916522"><ele>1456.898</ele><time>2024-08-01T10:57:47.449Z</time></trkpt><trkpt lat="43.145369" lon="18.916441"><ele>1457.352</ele><time>2024-08-01T10:57:51.920Z</time></trkpt><trkpt lat="43.145224" lon="18.916431"><ele>1458.144</ele><time>2024-08-01T10:57:58.005Z</time></trkpt><trkpt lat="43.145118" lon="18.916500"><ele>1458.773</ele><time>2024-08-01T10:58:02.841Z</time></trkpt><trkpt lat="43.144604" lon="18.917036"><ele>1462.150</ele><time>2024-08-01T10:58:29.701Z</time></trkpt><trkpt lat="43.144428" lon="18.917098"><ele>1463.175</ele><time>2024-08-01T10:58:37.606Z</time></trkpt><trkpt lat="43.144318" lon="18.917071"><ele>1463.679</ele><time>2024-08-01T10:58:42.599Z</time></trkpt><trkpt lat="43.144211" lon="18.916973"><ele>1464.351</ele><time>2024-08-01T10:58:48.379Z</time></trkpt><trkpt lat="43.144111" lon="18.916809"><ele>1465.101</ele><time>2024-08-01T10:58:55.706Z</time></trkpt><trkpt lat="43.143970" lon="18.916666"><ele>1466.111</ele><time>2024-08-01T10:59:03.938Z</time></trkpt><trkpt lat="43.143889" lon="18.916496"><ele>1466.909</ele><time>2024-08-01T10:59:11.097Z</time></trkpt><trkpt lat="43.143877" lon="18.916140"><ele>1468.436</ele><time>2024-08-01T10:59:23.560Z</time></trkpt><trkpt lat="43.143822" lon="18.916004"><ele>1469.022</ele><time>2024-08-01T10:59:28.913Z</time></trkpt><trkpt lat="43.143624" lon="18.915685"><ele>1470.754</ele><time>2024-08-01T10:59:43.056Z</time></trkpt><trkpt lat="43.143297" lon="18.915399"><ele>1472.898</ele><time>2024-08-01T11:00:00.227Z</time></trkpt><trkpt lat="43.143189" lon="18.915280"><ele>1473.630</ele><time>2024-08-01T11:00:06.002Z</time></trkpt><trkpt lat="43.143021" lon="18.915018"><ele>1475.029</ele><time>2024-08-01T11:00:16.400Z</time></trkpt><trkpt lat="43.142853" lon="18.914852"><ele>1475.786</ele><time>2024-08-01T11:00:24.574Z</time></trkpt><trkpt lat="43.142619" lon="18.914793"><ele>1476.441</ele><time>2024-08-01T11:00:33.793Z</time></trkpt><trkpt lat="43.142233" lon="18.914854"><ele>1477.765</ele><time>2024-08-01T11:00:47.481Z</time></trkpt><trkpt lat="43.142131" lon="18.914827"><ele>1478.066</ele><time>2024-08-01T11:00:50.884Z</time></trkpt><trkpt lat="43.142052" lon="18.914765"><ele>1478.329</ele><time>2024-08-01T11:00:53.793Z</time></trkpt><trkpt lat="43.141491" lon="18.913935"><ele>1480.921</ele><time>2024-08-01T11:01:19.446Z</time></trkpt><trkpt lat="43.141339" lon="18.913754"><ele>1481.709</ele><time>2024-08-01T11:01:26.109Z</time></trkpt><trkpt lat="43.140897" lon="18.913412"><ele>1483.697</ele><time>2024-08-01T11:01:44.239Z</time></trkpt><trkpt lat="43.140785" lon="18.913375"><ele>1484.043</ele><time>2024-08-01T11:01:48.377Z</time></trkpt><trkpt lat="43.140671" lon="18.913403"><ele>1484.565</ele><time>2024-08-01T11:01:52.369Z</time></trkpt><trkpt lat="43.140606" lon="18.913479"><ele>1484.889</ele><time>2024-08-01T11:01:55.642Z</time></trkpt><trkpt lat="43.140601" lon="18.913564"><ele>1485.071</ele><time>2024-08-01T11:01:58.377Z</time></trkpt><trkpt lat="43.140625" lon="18.913670"><ele>1485.310</ele><time>2024-08-01T11:02:01.532Z</time></trkpt><trkpt lat="43.141102" lon="18.914265"><ele>1487.937</ele><time>2024-08-01T11:02:27.349Z</time></trkpt><trkpt lat="43.141235" lon="18.914621"><ele>1489.742</ele><time>2024-08-01T11:02:39.680Z</time></trkpt><trkpt lat="43.141359" lon="18.915159"><ele>1492.296</ele><time>2024-08-01T11:02:59.438Z</time></trkpt><trkpt lat="43.141351" lon="18.915280"><ele>1492.739</ele><time>2024-08-01T11:03:04.089Z</time></trkpt><trkpt lat="43.141256" lon="18.915641"><ele>1494.401</ele><time>2024-08-01T11:03:17.828Z</time></trkpt><trkpt lat="43.141242" lon="18.915744"><ele>1494.821</ele><time>2024-08-01T11:03:21.509Z</time></trkpt><trkpt lat="43.141260" lon="18.915831"><ele>1495.209</ele><time>2024-08-01T11:03:24.621Z</time></trkpt><trkpt lat="43.141301" lon="18.915920"><ele>1495.714</ele><time>2024-08-01T11:03:28.285Z</time></trkpt><trkpt lat="43.141376" lon="18.915969"><ele>1496.290</ele><time>2024-08-01T11:03:32.351Z</time></trkpt><trkpt lat="43.141731" lon="18.916132"><ele>1498.562</ele><time>2024-08-01T11:03:50.121Z</time></trkpt><trkpt lat="43.141814" lon="18.916208"><ele>1499.196</ele><time>2024-08-01T11:03:54.900Z</time></trkpt><trkpt lat="43.141904" lon="18.916358"><ele>1499.918</ele><time>2024-08-01T11:04:01.448Z</time></trkpt><trkpt lat="43.141979" lon="18.916716"><ele>1501.557</ele><time>2024-08-01T11:04:14.081Z</time></trkpt><trkpt lat="43.141966" lon="18.916880"><ele>1502.314</ele><time>2024-08-01T11:04:19.463Z</time></trkpt><trkpt lat="43.141582" lon="18.918053"><ele>1507.939</ele><time>2024-08-01T11:05:02.056Z</time></trkpt><trkpt lat="43.141549" lon="18.918202"><ele>1508.623</ele><time>2024-08-01T11:05:07.275Z</time></trkpt><trkpt lat="43.141549" lon="18.918324"><ele>1509.154</ele><time>2024-08-01T11:05:11.481Z</time></trkpt><trkpt lat="43.141586" lon="18.918456"><ele>1509.856</ele><time>2024-08-01T11:05:16.382Z</time></trkpt><trkpt lat="43.142368" lon="18.919892"><ele>1518.211</ele><time>2024-08-01T11:06:19.377Z</time></trkpt><trkpt lat="43.142458" lon="18.920093"><ele>1519.309</ele><time>2024-08-01T11:06:27.658Z</time></trkpt><trkpt lat="43.142492" lon="18.920235"><ele>1520.026</ele><time>2024-08-01T11:06:32.913Z</time></trkpt><trkpt lat="43.142493" lon="18.920419"><ele>1520.972</ele><time>2024-08-01T11:06:39.415Z</time></trkpt><trkpt lat="43.142456" lon="18.920610"><ele>1521.834</ele><time>2024-08-01T11:06:46.408Z</time></trkpt><trkpt lat="43.142109" lon="18.921814"><ele>1528.038</ele><time>2024-08-01T11:07:33.278Z</time></trkpt><trkpt lat="43.142004" lon="18.922097"><ele>1529.590</ele><time>2024-08-01T11:07:44.721Z</time></trkpt><trkpt lat="43.141627" lon="18.922523"><ele>1532.659</ele><time>2024-08-01T11:08:08.047Z</time></trkpt><trkpt lat="43.141547" lon="18.922755"><ele>1533.616</ele><time>2024-08-01T11:08:16.586Z</time></trkpt><trkpt lat="43.141503" lon="18.923009"><ele>1534.531</ele><time>2024-08-01T11:08:25.066Z</time></trkpt><trkpt lat="43.141492" lon="18.923293"><ele>1535.585</ele><time>2024-08-01T11:08:34.055Z</time></trkpt><trkpt lat="43.141528" lon="18.923664"><ele>1536.959</ele><time>2024-08-01T11:08:45.514Z</time></trkpt><trkpt lat="43.141641" lon="18.923881"><ele>1537.803</ele><time>2024-08-01T11:08:53.423Z</time></trkpt><trkpt lat="43.142473" lon="18.924742"><ele>1542.923</ele><time>2024-08-01T11:09:33.859Z</time></trkpt><trkpt lat="43.143171" lon="18.925531"><ele>1547.209</ele><time>2024-08-01T11:10:10.053Z</time></trkpt><trkpt lat="43.143282" lon="18.925797"><ele>1548.356</ele><time>2024-08-01T11:10:19.668Z</time></trkpt><trkpt lat="43.143298" lon="18.926172"><ele>1549.672</ele><time>2024-08-01T11:10:31.879Z</time></trkpt><trkpt lat="43.143287" lon="18.926321"><ele>1550.154</ele><time>2024-08-01T11:10:36.902Z</time></trkpt><trkpt lat="43.143189" lon="18.926614"><ele>1551.438</ele><time>2024-08-01T11:10:47.724Z</time></trkpt><trkpt lat="43.142212" lon="18.927447"><ele>1557.750</ele><time>2024-08-01T11:11:40.453Z</time></trkpt><trkpt lat="43.142109" lon="18.927688"><ele>1558.829</ele><time>2024-08-01T11:11:49.063Z</time></trkpt><trkpt lat="43.142010" lon="18.928808"><ele>1562.356</ele><time>2024-08-01T11:12:20.974Z</time></trkpt><trkpt lat="43.142032" lon="18.928929"><ele>1562.671</ele><time>2024-08-01T11:12:24.300Z</time></trkpt><trkpt lat="43.142077" lon="18.929029"><ele>1563.015</ele><time>2024-08-01T11:12:27.446Z</time></trkpt><trkpt lat="43.142192" lon="18.929148"><ele>1563.588</ele><time>2024-08-01T11:12:32.793Z</time></trkpt><trkpt lat="43.142642" lon="18.929469"><ele>1565.524</ele><time>2024-08-01T11:12:51.602Z</time></trkpt><trkpt lat="43.142753" lon="18.929602"><ele>1566.126</ele><time>2024-08-01T11:12:56.953Z</time></trkpt><trkpt lat="43.142936" lon="18.930128"><ele>1567.809</ele><time>2024-08-01T11:13:12.678Z</time></trkpt><trkpt lat="43.142958" lon="18.930280"><ele>1568.319</ele><time>2024-08-01T11:13:16.905Z</time></trkpt><trkpt lat="43.142945" lon="18.930401"><ele>1568.645</ele><time>2024-08-01T11:13:20.140Z</time></trkpt><trkpt lat="43.142899" lon="18.930496"><ele>1569.027</ele><time>2024-08-01T11:13:23.135Z</time></trkpt><trkpt lat="43.142818" lon="18.930605"><ele>1569.411</ele><time>2024-08-01T11:13:27.306Z</time></trkpt><trkpt lat="43.142534" lon="18.930767"><ele>1570.683</ele><time>2024-08-01T11:13:38.979Z</time></trkpt><trkpt lat="43.142429" lon="18.930790"><ele>1571.192</ele><time>2024-08-01T11:13:43.127Z</time></trkpt><trkpt lat="43.142274" lon="18.930764"><ele>1571.779</ele><time>2024-08-01T11:13:49.257Z</time></trkpt><trkpt lat="43.142151" lon="18.930709"><ele>1572.224</ele><time>2024-08-01T11:13:54.397Z</time></trkpt><trkpt lat="43.142053" lon="18.930583"><ele>1572.898</ele><time>2024-08-01T11:13:59.765Z</time></trkpt><trkpt lat="43.141878" lon="18.930111"><ele>1574.312</ele><time>2024-08-01T11:14:15.226Z</time></trkpt><trkpt lat="43.141802" lon="18.929992"><ele>1574.832</ele><time>2024-08-01T11:14:19.831Z</time></trkpt><trkpt lat="43.141517" lon="18.929835"><ele>1576.105</ele><time>2024-08-01T11:14:32.030Z</time></trkpt><trkpt lat="43.141189" lon="18.929764"><ele>1577.409</ele><time>2024-08-01T11:14:44.889Z</time></trkpt><trkpt lat="43.141013" lon="18.929763"><ele>1578.112</ele><time>2024-08-01T11:14:51.611Z</time></trkpt><trkpt lat="43.140900" lon="18.929801"><ele>1578.638</ele><time>2024-08-01T11:14:56.050Z</time></trkpt><trkpt lat="43.140787" lon="18.929897"><ele>1579.280</ele><time>2024-08-01T11:15:01.099Z</time></trkpt><trkpt lat="43.140576" lon="18.930221"><ele>1580.564</ele><time>2024-08-01T11:15:13.038Z</time></trkpt><trkpt lat="43.140506" lon="18.930441"><ele>1581.286</ele><time>2024-08-01T11:15:19.617Z</time></trkpt><trkpt lat="43.140496" lon="18.930606"><ele>1581.785</ele><time>2024-08-01T11:15:24.083Z</time></trkpt><trkpt lat="43.140507" lon="18.931403"><ele>1584.492</ele><time>2024-08-01T11:15:46.221Z</time></trkpt><trkpt lat="43.140434" lon="18.931753"><ele>1585.787</ele><time>2024-08-01T11:15:56.726Z</time></trkpt><trkpt lat="43.140087" lon="18.932970"><ele>1590.251</ele><time>2024-08-01T11:16:37.711Z</time></trkpt><trkpt lat="43.140053" lon="18.933158"><ele>1591.158</ele><time>2024-08-01T11:16:44.089Z</time></trkpt><trkpt lat="43.140031" lon="18.933357"><ele>1592.052</ele><time>2024-08-01T11:16:50.609Z</time></trkpt><trkpt lat="43.139967" lon="18.935422"><ele>1601.017</ele><time>2024-08-01T11:18:01.625Z</time></trkpt><trkpt lat="43.139929" lon="18.935667"><ele>1602.109</ele><time>2024-08-01T11:18:10.752Z</time></trkpt><trkpt lat="43.139600" lon="18.937056"><ele>1608.396</ele><time>2024-08-01T11:19:01.563Z</time></trkpt><trkpt lat="43.139557" lon="18.937289"><ele>1609.372</ele><time>2024-08-01T11:19:08.821Z</time></trkpt><trkpt lat="43.139530" lon="18.937774"><ele>1611.364</ele><time>2024-08-01T11:19:22.507Z</time></trkpt><trkpt lat="43.139467" lon="18.937999"><ele>1612.368</ele><time>2024-08-01T11:19:29.703Z</time></trkpt><trkpt lat="43.139268" lon="18.938330"><ele>1613.990</ele><time>2024-08-01T11:19:42.106Z</time></trkpt><trkpt lat="43.138744" lon="18.939070"><ele>1617.979</ele><time>2024-08-01T11:20:15.144Z</time></trkpt><trkpt lat="43.138653" lon="18.939402"><ele>1619.346</ele><time>2024-08-01T11:20:26.731Z</time></trkpt><trkpt lat="43.138552" lon="18.940013"><ele>1621.561</ele><time>2024-08-01T11:20:48.525Z</time></trkpt><trkpt lat="43.138563" lon="18.940262"><ele>1622.435</ele><time>2024-08-01T11:20:56.589Z</time></trkpt><trkpt lat="43.138689" lon="18.940711"><ele>1624.023</ele><time>2024-08-01T11:21:12.246Z</time></trkpt><trkpt lat="43.138857" lon="18.941133"><ele>1625.683</ele><time>2024-08-01T11:21:26.773Z</time></trkpt><trkpt lat="43.138866" lon="18.941244"><ele>1626.011</ele><time>2024-08-01T11:21:29.703Z</time></trkpt><trkpt lat="43.138840" lon="18.941400"><ele>1626.509</ele><time>2024-08-01T11:21:34.545Z</time></trkpt><trkpt lat="43.138673" lon="18.941682"><ele>1627.883</ele><time>2024-08-01T11:21:44.811Z</time></trkpt><trkpt lat="43.138552" lon="18.941730"><ele>1628.369</ele><time>2024-08-01T11:21:49.367Z</time></trkpt><trkpt lat="43.138446" lon="18.941675"><ele>1628.911</ele><time>2024-08-01T11:21:53.063Z</time></trkpt><trkpt lat="43.138289" lon="18.941331"><ele>1629.695</ele><time>2024-08-01T11:22:02.650Z</time></trkpt><trkpt lat="43.137857" lon="18.940869"><ele>1631.057</ele><time>2024-08-01T11:22:18.647Z</time></trkpt><trkpt lat="43.137646" lon="18.940733"><ele>1631.526</ele><time>2024-08-01T11:22:25.532Z</time></trkpt><trkpt lat="43.137143" lon="18.940553"><ele>1632.863</ele><time>2024-08-01T11:22:40.285Z</time></trkpt><trkpt lat="43.137053" lon="18.940552"><ele>1633.028</ele><time>2024-08-01T11:22:43.260Z</time></trkpt><trkpt lat="43.136750" lon="18.940738"><ele>1634.732</ele><time>2024-08-01T11:22:54.793Z</time></trkpt><trkpt lat="43.136528" lon="18.940960"><ele>1636.588</ele><time>2024-08-01T11:23:06.530Z</time></trkpt><trkpt lat="43.136423" lon="18.941155"><ele>1637.724</ele><time>2024-08-01T11:23:15.203Z</time></trkpt><trkpt lat="43.136360" lon="18.941366"><ele>1638.826</ele><time>2024-08-01T11:23:23.686Z</time></trkpt><trkpt lat="43.136273" lon="18.941923"><ele>1641.509</ele><time>2024-08-01T11:23:46.599Z</time></trkpt><trkpt lat="43.136285" lon="18.942112"><ele>1642.499</ele><time>2024-08-01T11:23:54.634Z</time></trkpt><trkpt lat="43.136315" lon="18.942180"><ele>1642.865</ele><time>2024-08-01T11:23:57.933Z</time></trkpt><trkpt lat="43.136566" lon="18.942403"><ele>1644.787</ele><time>2024-08-01T11:24:14.415Z</time></trkpt><trkpt lat="43.136632" lon="18.942504"><ele>1645.421</ele><time>2024-08-01T11:24:19.754Z</time></trkpt><trkpt lat="43.136690" lon="18.942750"><ele>1646.733</ele><time>2024-08-01T11:24:29.880Z</time></trkpt><trkpt lat="43.136701" lon="18.942948"><ele>1647.662</ele><time>2024-08-01T11:24:37.599Z</time></trkpt><trkpt lat="43.136680" lon="18.943174"><ele>1648.819</ele><time>2024-08-01T11:24:46.038Z</time></trkpt><trkpt lat="43.136533" lon="18.943577"><ele>1651.074</ele><time>2024-08-01T11:25:02.885Z</time></trkpt><trkpt lat="43.136417" lon="18.943652"><ele>1651.928</ele><time>2024-08-01T11:25:09.515Z</time></trkpt><trkpt lat="43.136224" lon="18.943699"><ele>1653.232</ele><time>2024-08-01T11:25:19.632Z</time></trkpt><trkpt lat="43.135881" lon="18.943929"><ele>1655.892</ele><time>2024-08-01T11:25:37.762Z</time></trkpt><trkpt lat="43.135414" lon="18.944096"><ele>1658.911</ele><time>2024-08-01T11:25:57.443Z</time></trkpt><trkpt lat="43.135309" lon="18.944169"><ele>1659.609</ele><time>2024-08-01T11:26:01.522Z</time></trkpt><trkpt lat="43.134891" lon="18.944592"><ele>1662.974</ele><time>2024-08-01T11:26:22.284Z</time></trkpt><trkpt lat="43.134529" lon="18.944831"><ele>1665.480</ele><time>2024-08-01T11:26:40.742Z</time></trkpt><trkpt lat="43.134124" lon="18.944928"><ele>1667.982</ele><time>2024-08-01T11:27:03.306Z</time></trkpt><trkpt lat="43.134013" lon="18.945048"><ele>1669.146</ele><time>2024-08-01T11:27:11.292Z</time></trkpt><trkpt lat="43.133844" lon="18.945507"><ele>1673.238</ele><time>2024-08-01T11:27:34.790Z</time></trkpt><trkpt lat="43.133462" lon="18.945921"><ele>1678.547</ele><time>2024-08-01T11:28:08.016Z</time></trkpt><trkpt lat="43.133389" lon="18.946056"><ele>1679.944</ele><time>2024-08-01T11:28:16.981Z</time></trkpt><trkpt lat="43.133378" lon="18.946146"><ele>1680.619</ele><time>2024-08-01T11:28:21.533Z</time></trkpt><trkpt lat="43.133423" lon="18.946613"><ele>1684.443</ele><time>2024-08-01T11:28:46.872Z</time></trkpt><trkpt lat="43.133580" lon="18.946830"><ele>1686.835</ele><time>2024-08-01T11:29:03.463Z</time></trkpt><trkpt lat="43.133627" lon="18.946933"><ele>1687.886</ele><time>2024-08-01T11:29:10.066Z</time></trkpt><trkpt lat="43.133622" lon="18.947035"><ele>1688.514</ele><time>2024-08-01T11:29:15.333Z</time></trkpt><trkpt lat="43.133470" lon="18.947298"><ele>1690.509</ele><time>2024-08-01T11:29:30.879Z</time></trkpt><trkpt lat="43.133478" lon="18.947453"><ele>1691.364</ele><time>2024-08-01T11:29:37.675Z</time></trkpt><trkpt lat="43.133605" lon="18.947813"><ele>1693.790</ele><time>2024-08-01T11:29:53.433Z</time></trkpt><trkpt lat="43.133623" lon="18.947905"><ele>1694.222</ele><time>2024-08-01T11:29:57.050Z</time></trkpt><trkpt lat="43.133605" lon="18.948016"><ele>1694.946</ele><time>2024-08-01T11:30:01.017Z</time></trkpt><trkpt lat="43.133495" lon="18.948056"><ele>1695.868</ele><time>2024-08-01T11:30:06.477Z</time></trkpt><trkpt lat="43.133417" lon="18.947995"><ele>1696.567</ele><time>2024-08-01T11:30:10.621Z</time></trkpt><trkpt lat="43.133366" lon="18.947677"><ele>1698.364</ele><time>2024-08-01T11:30:21.229Z</time></trkpt><trkpt lat="43.133277" lon="18.947419"><ele>1700.029</ele><time>2024-08-01T11:30:30.905Z</time></trkpt><trkpt lat="43.133183" lon="18.946898"><ele>1703.113</ele><time>2024-08-01T11:30:50.050Z</time></trkpt><trkpt lat="43.133090" lon="18.946598"><ele>1704.967</ele><time>2024-08-01T11:31:01.979Z</time></trkpt><trkpt lat="43.133041" lon="18.946507"><ele>1705.581</ele><time>2024-08-01T11:31:06.351Z</time></trkpt><trkpt lat="43.132989" lon="18.946452"><ele>1706.019</ele><time>2024-08-01T11:31:09.433Z</time></trkpt><trkpt lat="43.132857" lon="18.946431"><ele>1707.009</ele><time>2024-08-01T11:31:15.923Z</time></trkpt><trkpt lat="43.132715" lon="18.946551"><ele>1708.357</ele><time>2024-08-01T11:31:24.948Z</time></trkpt><trkpt lat="43.132670" lon="18.946677"><ele>1709.153</ele><time>2024-08-01T11:31:29.943Z</time></trkpt><trkpt lat="43.132667" lon="18.946752"><ele>1709.545</ele><time>2024-08-01T11:31:32.811Z</time></trkpt><trkpt lat="43.132692" lon="18.946810"><ele>1709.989</ele><time>2024-08-01T11:31:35.362Z</time></trkpt><trkpt lat="43.132917" lon="18.947070"><ele>1712.111</ele><time>2024-08-01T11:31:50.173Z</time></trkpt><trkpt lat="43.132967" lon="18.947191"><ele>1712.910</ele><time>2024-08-01T11:31:55.635Z</time></trkpt><trkpt lat="43.132973" lon="18.947374"><ele>1713.927</ele><time>2024-08-01T11:32:02.777Z</time></trkpt><trkpt lat="43.132940" lon="18.947597"><ele>1715.232</ele><time>2024-08-01T11:32:12.122Z</time></trkpt><trkpt lat="43.132909" lon="18.947806"><ele>1716.516</ele><time>2024-08-01T11:32:21.795Z</time></trkpt><trkpt lat="43.132958" lon="18.948072"><ele>1718.443</ele><time>2024-08-01T11:32:34.066Z</time></trkpt><trkpt lat="43.133039" lon="18.948183"><ele>1719.564</ele><time>2024-08-01T11:32:41.688Z</time></trkpt><trkpt lat="43.133271" lon="18.948352"><ele>1722.010</ele><time>2024-08-01T11:32:58.714Z</time></trkpt><trkpt lat="43.133319" lon="18.948434"><ele>1722.709</ele><time>2024-08-01T11:33:04.204Z</time></trkpt><trkpt lat="43.133483" lon="18.949010"><ele>1727.035</ele><time>2024-08-01T11:33:33.940Z</time></trkpt><trkpt lat="43.133695" lon="18.949290"><ele>1729.821</ele><time>2024-08-01T11:33:51.463Z</time></trkpt><trkpt lat="43.133770" lon="18.949494"><ele>1731.433</ele><time>2024-08-01T11:34:00.385Z</time></trkpt><trkpt lat="43.133829" lon="18.949688"><ele>1732.927</ele><time>2024-08-01T11:34:08.948Z</time></trkpt><trkpt lat="43.133842" lon="18.949866"><ele>1734.119</ele><time>2024-08-01T11:34:15.423Z</time></trkpt><trkpt lat="43.133819" lon="18.949987"><ele>1735.058</ele><time>2024-08-01T11:34:20.094Z</time></trkpt><trkpt lat="43.133601" lon="18.950641"><ele>1739.985</ele><time>2024-08-01T11:34:48.116Z</time></trkpt><trkpt lat="43.133263" lon="18.951520"><ele>1746.680</ele><time>2024-08-01T11:35:33.084Z</time></trkpt><trkpt lat="43.133116" lon="18.951695"><ele>1748.444</ele><time>2024-08-01T11:35:45.894Z</time></trkpt><trkpt lat="43.132954" lon="18.951803"><ele>1750.145</ele><time>2024-08-01T11:35:58.272Z</time></trkpt><trkpt lat="43.132711" lon="18.952286"><ele>1753.647</ele><time>2024-08-01T11:36:25.724Z</time></trkpt><trkpt lat="43.132320" lon="18.952616"><ele>1757.311</ele><time>2024-08-01T11:36:52.762Z</time></trkpt><trkpt lat="43.131870" lon="18.953038"><ele>1761.809</ele><time>2024-08-01T11:37:21.987Z</time></trkpt><trkpt lat="43.131842" lon="18.953092"><ele>1762.135</ele><time>2024-08-01T11:37:24.410Z</time></trkpt><trkpt lat="43.131820" lon="18.953170"><ele>1762.651</ele><time>2024-08-01T11:37:27.339Z</time></trkpt><trkpt lat="43.131830" lon="18.953299"><ele>1763.473</ele><time>2024-08-01T11:37:31.831Z</time></trkpt><trkpt lat="43.131861" lon="18.953385"><ele>1764.027</ele><time>2024-08-01T11:37:35.066Z</time></trkpt><trkpt lat="43.132004" lon="18.953595"><ele>1764.959</ele><time>2024-08-01T11:37:44.167Z</time></trkpt><trkpt lat="43.132070" lon="18.953780"><ele>1765.138</ele><time>2024-08-01T11:37:50.035Z</time></trkpt><trkpt lat="43.132098" lon="18.953950"><ele>1765.335</ele><time>2024-08-01T11:37:54.734Z</time></trkpt><trkpt lat="43.132150" lon="18.954880"><ele>1766.350</ele><time>2024-08-01T11:38:14.032Z</time></trkpt><trkpt lat="43.132116" lon="18.955004"><ele>1766.484</ele><time>2024-08-01T11:38:15.974Z</time></trkpt><trkpt lat="43.131962" lon="18.955241"><ele>1766.759</ele><time>2024-08-01T11:38:20.433Z</time></trkpt><trkpt lat="43.131888" lon="18.955462"><ele>1767.003</ele><time>2024-08-01T11:38:23.711Z</time></trkpt><trkpt lat="43.131768" lon="18.956284"><ele>1766.923</ele><time>2024-08-01T11:38:34.987Z</time></trkpt><trkpt lat="43.131756" lon="18.956508"><ele>1766.709</ele><time>2024-08-01T11:38:38.089Z</time></trkpt><trkpt lat="43.131886" lon="18.957308"><ele>1766.156</ele><time>2024-08-01T11:38:49.854Z</time></trkpt><trkpt lat="43.131983" lon="18.957649"><ele>1765.832</ele><time>2024-08-01T11:38:55.107Z</time></trkpt><trkpt lat="43.132069" lon="18.957825"><ele>1765.714</ele><time>2024-08-01T11:38:58.042Z</time></trkpt><trkpt lat="43.132325" lon="18.958162"><ele>1765.418</ele><time>2024-08-01T11:39:04.782Z</time></trkpt><trkpt lat="43.132527" lon="18.958675"><ele>1765.350</ele><time>2024-08-01T11:39:13.060Z</time></trkpt><trkpt lat="43.132624" lon="18.958790"><ele>1765.379</ele><time>2024-08-01T11:39:15.617Z</time></trkpt><trkpt lat="43.132879" lon="18.958931"><ele>1765.336</ele><time>2024-08-01T11:39:21.571Z</time></trkpt><trkpt lat="43.133150" lon="18.959410"><ele>1765.251</ele><time>2024-08-01T11:39:32.061Z</time></trkpt><trkpt lat="43.133185" lon="18.959532"><ele>1765.215</ele><time>2024-08-01T11:39:34.275Z</time></trkpt><trkpt lat="43.133198" lon="18.960007"><ele>1765.371</ele><time>2024-08-01T11:39:42.803Z</time></trkpt><trkpt lat="43.133263" lon="18.960689"><ele>1766.741</ele><time>2024-08-01T11:39:55.428Z</time></trkpt><trkpt lat="43.133223" lon="18.961168"><ele>1767.615</ele><time>2024-08-01T11:40:05.298Z</time></trkpt><trkpt lat="43.132884" lon="18.961857"><ele>1769.309</ele><time>2024-08-01T11:40:27.056Z</time></trkpt><trkpt lat="43.132855" lon="18.962000"><ele>1769.668</ele><time>2024-08-01T11:40:31.663Z</time></trkpt><trkpt lat="43.133006" lon="18.962700"><ele>1772.414</ele><time>2024-08-01T11:40:56.583Z</time></trkpt><trkpt lat="43.133044" lon="18.963175"><ele>1774.696</ele><time>2024-08-01T11:41:14.356Z</time></trkpt><trkpt lat="43.133170" lon="18.963430"><ele>1776.010</ele><time>2024-08-01T11:41:26.040Z</time></trkpt><trkpt lat="43.133324" lon="18.963557"><ele>1777.292</ele><time>2024-08-01T11:41:35.091Z</time></trkpt><trkpt lat="43.133836" lon="18.963716"><ele>1780.531</ele><time>2024-08-01T11:42:01.030Z</time></trkpt><trkpt lat="43.133904" lon="18.963763"><ele>1781.098</ele><time>2024-08-01T11:42:04.658Z</time></trkpt><trkpt lat="43.134200" lon="18.964341"><ele>1783.753</ele><time>2024-08-01T11:42:27.862Z</time></trkpt><trkpt lat="43.134308" lon="18.964609"><ele>1784.747</ele><time>2024-08-01T11:42:37.441Z</time></trkpt><trkpt lat="43.134470" lon="18.965146"><ele>1786.863</ele><time>2024-08-01T11:42:54.997Z</time></trkpt><trkpt lat="43.134647" lon="18.966059"><ele>1790.144</ele><time>2024-08-01T11:43:21.647Z</time></trkpt><trkpt lat="43.134653" lon="18.966461"><ele>1791.318</ele><time>2024-08-01T11:43:32.449Z</time></trkpt><trkpt lat="43.134598" lon="18.966829"><ele>1792.309</ele><time>2024-08-01T11:43:42.303Z</time></trkpt><trkpt lat="43.134475" lon="18.967214"><ele>1793.597</ele><time>2024-08-01T11:43:53.522Z</time></trkpt><trkpt lat="43.134470" lon="18.967379"><ele>1794.053</ele><time>2024-08-01T11:43:58.010Z</time></trkpt><trkpt lat="43.134638" lon="18.967804"><ele>1795.485</ele><time>2024-08-01T11:44:11.492Z</time></trkpt><trkpt lat="43.134779" lon="18.968512"><ele>1797.419</ele><time>2024-08-01T11:44:32.788Z</time></trkpt><trkpt lat="43.134979" lon="18.968975"><ele>1798.681</ele><time>2024-08-01T11:44:47.982Z</time></trkpt><trkpt lat="43.135127" lon="18.969496"><ele>1799.870</ele><time>2024-08-01T11:45:02.063Z</time></trkpt><trkpt lat="43.135164" lon="18.970221"><ele>1801.397</ele><time>2024-08-01T11:45:18.578Z</time></trkpt><trkpt lat="43.135169" lon="18.970828"><ele>1802.632</ele><time>2024-08-01T11:45:32.027Z</time></trkpt><trkpt lat="43.135139" lon="18.971025"><ele>1803.036</ele><time>2024-08-01T11:45:36.553Z</time></trkpt><trkpt lat="43.135096" lon="18.971150"><ele>1803.363</ele><time>2024-08-01T11:45:39.928Z</time></trkpt><trkpt lat="43.135019" lon="18.971293"><ele>1803.744</ele><time>2024-08-01T11:45:43.953Z</time></trkpt><trkpt lat="43.134692" lon="18.971717"><ele>1804.918</ele><time>2024-08-01T11:45:58.892Z</time></trkpt><trkpt lat="43.134351" lon="18.972551"><ele>1806.709</ele><time>2024-08-01T11:46:22.818Z</time></trkpt><trkpt lat="43.134323" lon="18.972729"><ele>1807.167</ele><time>2024-08-01T11:46:27.530Z</time></trkpt><trkpt lat="43.134328" lon="18.972915"><ele>1807.423</ele><time>2024-08-01T11:46:32.053Z</time></trkpt><trkpt lat="43.134287" lon="18.973056"><ele>1807.675</ele><time>2024-08-01T11:46:35.576Z</time></trkpt><trkpt lat="43.134048" lon="18.973205"><ele>1808.049</ele><time>2024-08-01T11:46:44.471Z</time></trkpt><trkpt lat="43.133995" lon="18.973281"><ele>1808.291</ele><time>2024-08-01T11:46:46.826Z</time></trkpt><trkpt lat="43.133887" lon="18.973568"><ele>1808.510</ele><time>2024-08-01T11:46:54.635Z</time></trkpt><trkpt lat="43.133470" lon="18.974182"><ele>1809.557</ele><time>2024-08-01T11:47:12.397Z</time></trkpt><trkpt lat="43.133433" lon="18.974270"><ele>1809.682</ele><time>2024-08-01T11:47:14.458Z</time></trkpt><trkpt lat="43.133431" lon="18.974283"><ele>1809.756</ele><time>2024-08-01T11:47:14.722Z</time></trkpt><trkpt lat="43.133418" lon="18.974362"><ele>1809.853</ele><time>2024-08-01T11:47:16.252Z</time></trkpt><trkpt lat="43.133431" lon="18.974510"><ele>1809.904</ele><time>2024-08-01T11:47:18.867Z</time></trkpt><trkpt lat="43.133563" lon="18.974790"><ele>1810.314</ele><time>2024-08-01T11:47:24.726Z</time></trkpt><trkpt lat="43.133610" lon="18.975013"><ele>1810.009</ele><time>2024-08-01T11:47:28.193Z</time></trkpt><trkpt lat="43.133589" lon="18.975876"><ele>1808.816</ele><time>2024-08-01T11:47:39.828Z</time></trkpt><trkpt lat="43.133559" lon="18.976064"><ele>1808.552</ele><time>2024-08-01T11:47:42.224Z</time></trkpt><trkpt lat="43.133343" lon="18.976786"><ele>1807.464</ele><time>2024-08-01T11:47:51.540Z</time></trkpt><trkpt lat="43.132931" lon="18.977779"><ele>1806.138</ele><time>2024-08-01T11:48:05.382Z</time></trkpt><trkpt lat="43.132789" lon="18.978273"><ele>1805.690</ele><time>2024-08-01T11:48:12.032Z</time></trkpt><trkpt lat="43.132737" lon="18.978589"><ele>1805.219</ele><time>2024-08-01T11:48:16.361Z</time></trkpt><trkpt lat="43.132566" lon="18.980129"><ele>1805.836</ele><time>2024-08-01T11:48:43.719Z</time></trkpt><trkpt lat="43.132602" lon="18.980443"><ele>1806.441</ele><time>2024-08-01T11:48:50.668Z</time></trkpt><trkpt lat="43.132791" lon="18.981029"><ele>1807.785</ele><time>2024-08-01T11:49:06.479Z</time></trkpt><trkpt lat="43.132801" lon="18.981171"><ele>1808.012</ele><time>2024-08-01T11:49:10.591Z</time></trkpt><trkpt lat="43.132754" lon="18.981336"><ele>1808.432</ele><time>2024-08-01T11:49:15.583Z</time></trkpt><trkpt lat="43.132607" lon="18.981598"><ele>1809.005</ele><time>2024-08-01T11:49:25.499Z</time></trkpt><trkpt lat="43.132207" lon="18.981992"><ele>1811.009</ele><time>2024-08-01T11:49:47.680Z</time></trkpt><trkpt lat="43.132123" lon="18.982039"><ele>1811.472</ele><time>2024-08-01T11:49:51.964Z</time></trkpt><trkpt lat="43.131821" lon="18.982090"><ele>1812.828</ele><time>2024-08-01T11:50:05.680Z</time></trkpt><trkpt lat="43.131746" lon="18.982130"><ele>1813.110</ele><time>2024-08-01T11:50:09.293Z</time></trkpt><trkpt lat="43.130823" lon="18.982979"><ele>1817.544</ele><time>2024-08-01T11:50:50.573Z</time></trkpt><trkpt lat="43.130611" lon="18.983513"><ele>1818.026</ele><time>2024-08-01T11:51:04.792Z</time></trkpt><trkpt lat="43.130510" lon="18.984135"><ele>1818.595</ele><time>2024-08-01T11:51:18.101Z</time></trkpt><trkpt lat="43.130490" lon="18.984543"><ele>1818.822</ele><time>2024-08-01T11:51:25.558Z</time></trkpt><trkpt lat="43.130459" lon="18.984673"><ele>1818.987</ele><time>2024-08-01T11:51:27.621Z</time></trkpt><trkpt lat="43.130304" lon="18.984865"><ele>1819.251</ele><time>2024-08-01T11:51:31.806Z</time></trkpt><trkpt lat="43.129893" lon="18.985248"><ele>1818.585</ele><time>2024-08-01T11:51:40.354Z</time></trkpt><trkpt lat="43.129812" lon="18.985365"><ele>1818.389</ele><time>2024-08-01T11:51:42.316Z</time></trkpt><trkpt lat="43.129710" lon="18.985560"><ele>1818.017</ele><time>2024-08-01T11:51:45.201Z</time></trkpt><trkpt lat="43.129641" lon="18.985933"><ele>1817.409</ele><time>2024-08-01T11:51:49.867Z</time></trkpt><trkpt lat="43.129510" lon="18.986239"><ele>1816.929</ele><time>2024-08-01T11:51:54.295Z</time></trkpt><trkpt lat="43.129327" lon="18.986411"><ele>1816.555</ele><time>2024-08-01T11:51:58.321Z</time></trkpt><trkpt lat="43.129219" lon="18.986398"><ele>1816.357</ele><time>2024-08-01T11:52:00.328Z</time></trkpt><trkpt lat="43.129141" lon="18.986335"><ele>1816.171</ele><time>2024-08-01T11:52:02.152Z</time></trkpt><trkpt lat="43.129067" lon="18.986314"><ele>1815.953</ele><time>2024-08-01T11:52:03.579Z</time></trkpt><trkpt lat="43.128962" lon="18.986362"><ele>1815.872</ele><time>2024-08-01T11:52:05.627Z</time></trkpt><trkpt lat="43.128632" lon="18.986746"><ele>1815.699</ele><time>2024-08-01T11:52:13.711Z</time></trkpt><trkpt lat="43.128467" lon="18.986903"><ele>1815.514</ele><time>2024-08-01T11:52:17.407Z</time></trkpt><trkpt lat="43.127966" lon="18.987320"><ele>1815.378</ele><time>2024-08-01T11:52:28.813Z</time></trkpt><trkpt lat="43.127719" lon="18.987484"><ele>1815.247</ele><time>2024-08-01T11:52:35.272Z</time></trkpt><trkpt lat="43.127397" lon="18.987665"><ele>1815.329</ele><time>2024-08-01T11:52:44.851Z</time></trkpt><trkpt lat="43.127260" lon="18.987624"><ele>1815.521</ele><time>2024-08-01T11:52:49.086Z</time></trkpt><trkpt lat="43.127040" lon="18.987448"><ele>1816.109</ele><time>2024-08-01T11:52:57.208Z</time></trkpt><trkpt lat="43.126789" lon="18.987445"><ele>1816.665</ele><time>2024-08-01T11:53:05.229Z</time></trkpt><trkpt lat="43.126739" lon="18.987403"><ele>1816.781</ele><time>2024-08-01T11:53:07.142Z</time></trkpt><trkpt lat="43.126615" lon="18.987176"><ele>1817.173</ele><time>2024-08-01T11:53:13.650Z</time></trkpt><trkpt lat="43.126554" lon="18.987125"><ele>1817.287</ele><time>2024-08-01T11:53:15.823Z</time></trkpt><trkpt lat="43.126091" lon="18.987064"><ele>1818.259</ele><time>2024-08-01T11:53:30.083Z</time></trkpt><trkpt lat="43.125920" lon="18.986989"><ele>1818.628</ele><time>2024-08-01T11:53:35.811Z</time></trkpt><trkpt lat="43.125647" lon="18.986819"><ele>1819.255</ele><time>2024-08-01T11:53:45.150Z</time></trkpt><trkpt lat="43.125254" lon="18.986684"><ele>1820.190</ele><time>2024-08-01T11:53:57.415Z</time></trkpt><trkpt lat="43.124610" lon="18.986391"><ele>1821.594</ele><time>2024-08-01T11:54:17.576Z</time></trkpt><trkpt lat="43.124395" lon="18.986323"><ele>1822.082</ele><time>2024-08-01T11:54:24.313Z</time></trkpt><trkpt lat="43.124297" lon="18.986336"><ele>1822.243</ele><time>2024-08-01T11:54:27.527Z</time></trkpt><trkpt lat="43.123718" lon="18.986648"><ele>1824.117</ele><time>2024-08-01T11:54:47.910Z</time></trkpt><trkpt lat="43.123135" lon="18.986833"><ele>1826.309</ele><time>2024-08-01T11:55:07.688Z</time></trkpt><trkpt lat="43.122693" lon="18.987168"><ele>1828.179</ele><time>2024-08-01T11:55:26.114Z</time></trkpt><trkpt lat="43.122501" lon="18.987418"><ele>1829.115</ele><time>2024-08-01T11:55:37.657Z</time></trkpt><trkpt lat="43.122441" lon="18.987598"><ele>1830.087</ele><time>2024-08-01T11:55:44.586Z</time></trkpt><trkpt lat="43.122455" lon="18.987875"><ele>1831.231</ele><time>2024-08-01T11:55:54.793Z</time></trkpt><trkpt lat="43.122437" lon="18.988083"><ele>1832.273</ele><time>2024-08-01T11:56:02.818Z</time></trkpt><trkpt lat="43.122399" lon="18.988196"><ele>1832.882</ele><time>2024-08-01T11:56:07.445Z</time></trkpt><trkpt lat="43.122255" lon="18.988331"><ele>1833.839</ele><time>2024-08-01T11:56:16.701Z</time></trkpt><trkpt lat="43.122043" lon="18.988469"><ele>1835.394</ele><time>2024-08-01T11:56:28.808Z</time></trkpt><trkpt lat="43.121896" lon="18.988505"><ele>1836.348</ele><time>2024-08-01T11:56:36.117Z</time></trkpt><trkpt lat="43.121509" lon="18.988442"><ele>1838.728</ele><time>2024-08-01T11:56:54.145Z</time></trkpt><trkpt lat="43.121273" lon="18.988378"><ele>1840.289</ele><time>2024-08-01T11:57:04.688Z</time></trkpt><trkpt lat="43.121154" lon="18.988299"><ele>1840.917</ele><time>2024-08-01T11:57:10.413Z</time></trkpt><trkpt lat="43.120976" lon="18.988030"><ele>1842.109</ele><time>2024-08-01T11:57:21.852Z</time></trkpt><trkpt lat="43.120946" lon="18.987930"><ele>1842.483</ele><time>2024-08-01T11:57:25.379Z</time></trkpt><trkpt lat="43.120953" lon="18.987767"><ele>1843.019</ele><time>2024-08-01T11:57:30.741Z</time></trkpt><trkpt lat="43.120977" lon="18.987702"><ele>1843.291</ele><time>2024-08-01T11:57:33.099Z</time></trkpt><trkpt lat="43.121511" lon="18.986894"><ele>1846.895</ele><time>2024-08-01T11:58:06.336Z</time></trkpt><trkpt lat="43.121652" lon="18.986854"><ele>1847.567</ele><time>2024-08-01T11:58:11.512Z</time></trkpt><trkpt lat="43.121898" lon="18.986889"><ele>1848.696</ele><time>2024-08-01T11:58:19.510Z</time></trkpt><trkpt lat="43.122367" lon="18.986598"><ele>1851.143</ele><time>2024-08-01T11:58:35.660Z</time></trkpt><trkpt lat="43.122413" lon="18.986480"><ele>1851.578</ele><time>2024-08-01T11:58:39.089Z</time></trkpt><trkpt lat="43.122401" lon="18.986406"><ele>1851.892</ele><time>2024-08-01T11:58:41.022Z</time></trkpt><trkpt lat="43.122339" lon="18.986343"><ele>1852.229</ele><time>2024-08-01T11:58:43.787Z</time></trkpt><trkpt lat="43.122286" lon="18.986343"><ele>1852.400</ele><time>2024-08-01T11:58:45.762Z</time></trkpt><trkpt lat="43.121938" lon="18.986668"><ele>1854.420</ele><time>2024-08-01T11:59:03.714Z</time></trkpt><trkpt lat="43.121805" lon="18.986679"><ele>1855.009</ele><time>2024-08-01T11:59:10.134Z</time></trkpt><trkpt lat="43.121597" lon="18.986626"><ele>1856.023</ele><time>2024-08-01T11:59:20.458Z</time></trkpt><trkpt lat="43.121294" lon="18.986665"><ele>1857.739</ele><time>2024-08-01T11:59:35.847Z</time></trkpt><trkpt lat="43.120949" lon="18.986473"><ele>1860.351</ele><time>2024-08-01T11:59:54.928Z</time></trkpt><trkpt lat="43.120693" lon="18.986185"><ele>1862.645</ele><time>2024-08-01T12:00:12.144Z</time></trkpt><trkpt lat="43.120563" lon="18.986189"><ele>1863.537</ele><time>2024-08-01T12:00:19.045Z</time></trkpt><trkpt lat="43.120383" lon="18.986372"><ele>1865.136</ele><time>2024-08-01T12:00:30.591Z</time></trkpt><trkpt lat="43.120129" lon="18.986475"><ele>1867.053</ele><time>2024-08-01T12:00:44.451Z</time></trkpt><trkpt lat="43.119804" lon="18.986714"><ele>1869.638</ele><time>2024-08-01T12:01:03.326Z</time></trkpt><trkpt lat="43.119493" lon="18.987364"><ele>1871.732</ele><time>2024-08-01T12:01:29.703Z</time></trkpt><trkpt lat="43.119338" lon="18.987583"><ele>1872.573</ele><time>2024-08-01T12:01:38.869Z</time></trkpt><trkpt lat="43.119259" lon="18.987804"><ele>1873.285</ele><time>2024-08-01T12:01:45.757Z</time></trkpt><trkpt lat="43.119158" lon="18.988726"><ele>1875.613</ele><time>2024-08-01T12:02:07.260Z</time></trkpt><trkpt lat="43.119086" lon="18.988955"><ele>1876.209</ele><time>2024-08-01T12:02:11.688Z</time></trkpt><trkpt lat="43.118862" lon="18.989165"><ele>1875.588</ele><time>2024-08-01T12:02:17.408Z</time></trkpt><trkpt lat="43.118492" lon="18.989356"><ele>1874.424</ele><time>2024-08-01T12:02:24.428Z</time></trkpt><trkpt lat="43.118233" lon="18.989581"><ele>1873.676</ele><time>2024-08-01T12:02:29.492Z</time></trkpt><trkpt lat="43.117976" lon="18.989893"><ele>1872.690</ele><time>2024-08-01T12:02:34.892Z</time></trkpt><trkpt lat="43.117825" lon="18.990140"><ele>1872.062</ele><time>2024-08-01T12:02:38.474Z</time></trkpt><trkpt lat="43.117630" lon="18.990535"><ele>1870.741</ele><time>2024-08-01T12:02:43.772Z</time></trkpt><trkpt lat="43.117578" lon="18.990661"><ele>1870.248</ele><time>2024-08-01T12:02:45.367Z</time></trkpt><trkpt lat="43.117577" lon="18.990786"><ele>1869.773</ele><time>2024-08-01T12:02:46.737Z</time></trkpt><trkpt lat="43.117821" lon="18.991456"><ele>1866.637</ele><time>2024-08-01T12:02:54.841Z</time></trkpt><trkpt lat="43.117809" lon="18.991710"><ele>1865.697</ele><time>2024-08-01T12:02:57.573Z</time></trkpt><trkpt lat="43.117746" lon="18.992101"><ele>1864.023</ele><time>2024-08-01T12:03:01.864Z</time></trkpt><trkpt lat="43.117662" lon="18.992450"><ele>1862.525</ele><time>2024-08-01T12:03:05.821Z</time></trkpt><trkpt lat="43.117595" lon="18.992544"><ele>1862.009</ele><time>2024-08-01T12:03:07.224Z</time></trkpt><trkpt lat="43.117521" lon="18.992575"><ele>1861.570</ele><time>2024-08-01T12:03:08.387Z</time></trkpt><trkpt lat="43.117100" lon="18.992401"><ele>1858.816</ele><time>2024-08-01T12:03:14.892Z</time></trkpt><trkpt lat="43.116851" lon="18.992387"><ele>1857.388</ele><time>2024-08-01T12:03:18.556Z</time></trkpt><trkpt lat="43.116774" lon="18.992404"><ele>1856.822</ele><time>2024-08-01T12:03:19.696Z</time></trkpt><trkpt lat="43.116553" lon="18.992664"><ele>1855.074</ele><time>2024-08-01T12:03:23.969Z</time></trkpt><trkpt lat="43.115856" lon="18.992749"><ele>1850.793</ele><time>2024-08-01T12:03:34.107Z</time></trkpt><trkpt lat="43.115409" lon="18.992738"><ele>1847.680</ele><time>2024-08-01T12:03:40.540Z</time></trkpt><trkpt lat="43.115085" lon="18.992573"><ele>1845.125</ele><time>2024-08-01T12:03:45.492Z</time></trkpt><trkpt lat="43.114899" lon="18.992538"><ele>1843.819</ele><time>2024-08-01T12:03:48.172Z</time></trkpt><trkpt lat="43.114435" lon="18.992729"><ele>1840.362</ele><time>2024-08-01T12:03:54.987Z</time></trkpt><trkpt lat="43.113944" lon="18.992841"><ele>1836.883</ele><time>2024-08-01T12:04:02.045Z</time></trkpt><trkpt lat="43.113830" lon="18.992837"><ele>1836.011</ele><time>2024-08-01T12:04:03.688Z</time></trkpt><trkpt lat="43.113569" lon="18.992758"><ele>1834.309</ele><time>2024-08-01T12:04:07.514Z</time></trkpt><trkpt lat="43.113185" lon="18.992497"><ele>1831.417</ele><time>2024-08-01T12:04:13.732Z</time></trkpt><trkpt lat="43.113044" lon="18.992488"><ele>1830.523</ele><time>2024-08-01T12:04:15.721Z</time></trkpt><trkpt lat="43.112280" lon="18.992820"><ele>1825.495</ele><time>2024-08-01T12:04:27.328Z</time></trkpt><trkpt lat="43.112029" lon="18.992886"><ele>1824.739</ele><time>2024-08-01T12:04:31.071Z</time></trkpt><trkpt lat="43.111168" lon="18.992742"><ele>1822.281</ele><time>2024-08-01T12:04:45.073Z</time></trkpt><trkpt lat="43.110883" lon="18.992770"><ele>1821.470</ele><time>2024-08-01T12:04:50.533Z</time></trkpt><trkpt lat="43.110684" lon="18.992894"><ele>1820.797</ele><time>2024-08-01T12:04:55.125Z</time></trkpt><trkpt lat="43.110425" lon="18.993317"><ele>1821.162</ele><time>2024-08-01T12:05:04.846Z</time></trkpt><trkpt lat="43.110249" lon="18.993660"><ele>1821.826</ele><time>2024-08-01T12:05:13.280Z</time></trkpt><trkpt lat="43.110089" lon="18.994030"><ele>1822.563</ele><time>2024-08-01T12:05:23.206Z</time></trkpt><trkpt lat="43.110079" lon="18.994142"><ele>1822.744</ele><time>2024-08-01T12:05:25.984Z</time></trkpt><trkpt lat="43.110151" lon="18.994467"><ele>1823.318</ele><time>2024-08-01T12:05:34.940Z</time></trkpt><trkpt lat="43.110182" lon="18.994878"><ele>1824.009</ele><time>2024-08-01T12:05:46.583Z</time></trkpt><trkpt lat="43.110149" lon="18.995094"><ele>1824.427</ele><time>2024-08-01T12:05:52.826Z</time></trkpt><trkpt lat="43.110058" lon="18.995454"><ele>1825.083</ele><time>2024-08-01T12:06:03.477Z</time></trkpt><trkpt lat="43.109963" lon="18.995721"><ele>1825.435</ele><time>2024-08-01T12:06:11.400Z</time></trkpt><trkpt lat="43.109851" lon="18.995918"><ele>1825.719</ele><time>2024-08-01T12:06:17.612Z</time></trkpt><trkpt lat="43.109744" lon="18.996048"><ele>1826.021</ele><time>2024-08-01T12:06:22.280Z</time></trkpt><trkpt lat="43.109549" lon="18.996202"><ele>1826.540</ele><time>2024-08-01T12:06:29.055Z</time></trkpt><trkpt lat="43.109393" lon="18.996426"><ele>1826.987</ele><time>2024-08-01T12:06:35.453Z</time></trkpt><trkpt lat="43.109272" lon="18.996853"><ele>1827.532</ele><time>2024-08-01T12:06:44.035Z</time></trkpt><trkpt lat="43.109099" lon="18.997895"><ele>1827.516</ele><time>2024-08-01T12:07:01.974Z</time></trkpt><trkpt lat="43.109040" lon="18.998092"><ele>1827.367</ele><time>2024-08-01T12:07:05.102Z</time></trkpt><trkpt lat="43.108977" lon="18.998241"><ele>1827.281</ele><time>2024-08-01T12:07:07.731Z</time></trkpt><trkpt lat="43.108843" lon="18.998426"><ele>1826.919</ele><time>2024-08-01T12:07:11.285Z</time></trkpt><trkpt lat="43.108532" lon="18.998753"><ele>1826.409</ele><time>2024-08-01T12:07:18.292Z</time></trkpt><trkpt lat="43.108472" lon="18.998852"><ele>1826.367</ele><time>2024-08-01T12:07:19.936Z</time></trkpt><trkpt lat="43.108342" lon="18.999153"><ele>1826.083</ele><time>2024-08-01T12:07:24.331Z</time></trkpt><trkpt lat="43.108280" lon="18.999383"><ele>1825.475</ele><time>2024-08-01T12:07:27.285Z</time></trkpt><trkpt lat="43.108259" lon="18.999830"><ele>1823.659</ele><time>2024-08-01T12:07:32.543Z</time></trkpt><trkpt lat="43.108219" lon="19.000047"><ele>1822.741</ele><time>2024-08-01T12:07:35.168Z</time></trkpt><trkpt lat="43.108155" lon="19.000162"><ele>1822.120</ele><time>2024-08-01T12:07:36.772Z</time></trkpt><trkpt lat="43.108001" lon="19.000346"><ele>1821.017</ele><time>2024-08-01T12:07:39.898Z</time></trkpt><trkpt lat="43.107932" lon="19.000538"><ele>1820.132</ele><time>2024-08-01T12:07:42.209Z</time></trkpt><trkpt lat="43.107871" lon="19.000905"><ele>1818.686</ele><time>2024-08-01T12:07:46.231Z</time></trkpt><trkpt lat="43.107688" lon="19.001288"><ele>1816.717</ele><time>2024-08-01T12:07:50.964Z</time></trkpt><trkpt lat="43.107551" lon="19.001442"><ele>1815.687</ele><time>2024-08-01T12:07:53.418Z</time></trkpt><trkpt lat="43.107391" lon="19.001544"><ele>1813.915</ele><time>2024-08-01T12:07:55.859Z</time></trkpt><trkpt lat="43.107324" lon="19.001631"><ele>1813.009</ele><time>2024-08-01T12:07:57.119Z</time></trkpt><trkpt lat="43.106844" lon="19.002473"><ele>1805.532</ele><time>2024-08-01T12:08:07.617Z</time></trkpt><trkpt lat="43.106767" lon="19.002526"><ele>1804.728</ele><time>2024-08-01T12:08:08.780Z</time></trkpt><trkpt lat="43.106536" lon="19.002590"><ele>1802.510</ele><time>2024-08-01T12:08:11.946Z</time></trkpt><trkpt lat="43.106409" lon="19.002672"><ele>1801.184</ele><time>2024-08-01T12:08:13.877Z</time></trkpt><trkpt lat="43.106242" lon="19.003004"><ele>1798.416</ele><time>2024-08-01T12:08:17.958Z</time></trkpt><trkpt lat="43.106031" lon="19.003304"><ele>1796.225</ele><time>2024-08-01T12:08:22.252Z</time></trkpt><trkpt lat="43.105948" lon="19.003597"><ele>1794.682</ele><time>2024-08-01T12:08:25.540Z</time></trkpt><trkpt lat="43.105937" lon="19.004060"><ele>1792.327</ele><time>2024-08-01T12:08:30.412Z</time></trkpt><trkpt lat="43.105994" lon="19.004139"><ele>1791.761</ele><time>2024-08-01T12:08:31.606Z</time></trkpt><trkpt lat="43.106092" lon="19.004138"><ele>1791.049</ele><time>2024-08-01T12:08:33.004Z</time></trkpt><trkpt lat="43.106287" lon="19.003875"><ele>1789.102</ele><time>2024-08-01T12:08:36.992Z</time></trkpt><trkpt lat="43.106527" lon="19.003817"><ele>1787.422</ele><time>2024-08-01T12:08:40.497Z</time></trkpt><trkpt lat="43.106597" lon="19.003769"><ele>1786.809</ele><time>2024-08-01T12:08:41.663Z</time></trkpt><trkpt lat="43.106846" lon="19.003486"><ele>1784.655</ele><time>2024-08-01T12:08:46.372Z</time></trkpt><trkpt lat="43.106968" lon="19.003408"><ele>1783.681</ele><time>2024-08-01T12:08:48.331Z</time></trkpt><trkpt lat="43.107275" lon="19.003469"><ele>1781.493</ele><time>2024-08-01T12:08:52.900Z</time></trkpt><trkpt lat="43.107407" lon="19.003545"><ele>1780.417</ele><time>2024-08-01T12:08:54.989Z</time></trkpt><trkpt lat="43.107545" lon="19.003913"><ele>1778.349</ele><time>2024-08-01T12:08:59.410Z</time></trkpt><trkpt lat="43.107626" lon="19.004472"><ele>1775.368</ele><time>2024-08-01T12:09:05.255Z</time></trkpt><trkpt lat="43.107588" lon="19.005152"><ele>1771.545</ele><time>2024-08-01T12:09:12.130Z</time></trkpt><trkpt lat="43.107626" lon="19.005444"><ele>1769.660</ele><time>2024-08-01T12:09:15.124Z</time></trkpt><trkpt lat="43.107758" lon="19.005753"><ele>1767.424</ele><time>2024-08-01T12:09:18.729Z</time></trkpt><trkpt lat="43.107973" lon="19.005978"><ele>1765.046</ele><time>2024-08-01T12:09:22.464Z</time></trkpt><trkpt lat="43.108067" lon="19.006298"><ele>1762.988</ele><time>2024-08-01T12:09:25.961Z</time></trkpt><trkpt lat="43.108120" lon="19.006836"><ele>1759.416</ele><time>2024-08-01T12:09:31.494Z</time></trkpt><trkpt lat="43.108009" lon="19.007289"><ele>1756.409</ele><time>2024-08-01T12:09:36.379Z</time></trkpt><trkpt lat="43.107999" lon="19.007423"><ele>1755.615</ele><time>2024-08-01T12:09:37.747Z</time></trkpt><trkpt lat="43.108049" lon="19.007827"><ele>1753.071</ele><time>2024-08-01T12:09:41.907Z</time></trkpt><trkpt lat="43.108030" lon="19.007926"><ele>1752.393</ele><time>2024-08-01T12:09:42.941Z</time></trkpt><trkpt lat="43.107896" lon="19.008262"><ele>1749.987</ele><time>2024-08-01T12:09:46.806Z</time></trkpt><trkpt lat="43.107652" lon="19.009074"><ele>1744.439</ele><time>2024-08-01T12:09:55.665Z</time></trkpt><trkpt lat="43.106999" lon="19.010862"><ele>1732.328</ele><time>2024-08-01T12:10:15.905Z</time></trkpt><trkpt lat="43.106525" lon="19.011872"><ele>1725.665</ele><time>2024-08-01T12:10:28.339Z</time></trkpt><trkpt lat="43.106426" lon="19.012307"><ele>1723.340</ele><time>2024-08-01T12:10:33.150Z</time></trkpt><trkpt lat="43.106237" lon="19.012578"><ele>1721.594</ele><time>2024-08-01T12:10:37.129Z</time></trkpt><trkpt lat="43.105879" lon="19.013455"><ele>1716.671</ele><time>2024-08-01T12:10:47.770Z</time></trkpt><trkpt lat="43.105438" lon="19.014366"><ele>1710.741</ele><time>2024-08-01T12:10:59.262Z</time></trkpt><trkpt lat="43.104747" lon="19.015283"><ele>1703.515</ele><time>2024-08-01T12:11:12.793Z</time></trkpt><trkpt lat="43.104608" lon="19.015578"><ele>1701.609</ele><time>2024-08-01T12:11:16.347Z</time></trkpt><trkpt lat="43.104342" lon="19.016278"><ele>1698.358</ele><time>2024-08-01T12:11:24.413Z</time></trkpt><trkpt lat="43.104077" lon="19.017245"><ele>1693.994</ele><time>2024-08-01T12:11:35.563Z</time></trkpt><trkpt lat="43.104019" lon="19.017684"><ele>1692.066</ele><time>2024-08-01T12:11:40.714Z</time></trkpt><trkpt lat="43.103999" lon="19.018522"><ele>1691.250</ele><time>2024-08-01T12:11:51.267Z</time></trkpt><trkpt lat="43.104021" lon="19.018726"><ele>1691.282</ele><time>2024-08-01T12:11:54.124Z</time></trkpt><trkpt lat="43.104068" lon="19.018871"><ele>1691.111</ele><time>2024-08-01T12:11:56.897Z</time></trkpt><trkpt lat="43.104267" lon="19.019177"><ele>1691.068</ele><time>2024-08-01T12:12:03.716Z</time></trkpt><trkpt lat="43.104289" lon="19.019411"><ele>1690.933</ele><time>2024-08-01T12:12:08.288Z</time></trkpt><trkpt lat="43.104241" lon="19.019685"><ele>1690.887</ele><time>2024-08-01T12:12:13.277Z</time></trkpt><trkpt lat="43.104247" lon="19.019791"><ele>1690.866</ele><time>2024-08-01T12:12:15.392Z</time></trkpt><trkpt lat="43.104290" lon="19.019916"><ele>1690.729</ele><time>2024-08-01T12:12:18.316Z</time></trkpt><trkpt lat="43.104370" lon="19.020014"><ele>1690.721</ele><time>2024-08-01T12:12:20.936Z</time></trkpt><trkpt lat="43.104588" lon="19.020097"><ele>1691.209</ele><time>2024-08-01T12:12:27.688Z</time></trkpt><trkpt lat="43.104662" lon="19.020141"><ele>1691.547</ele><time>2024-08-01T12:12:29.806Z</time></trkpt><trkpt lat="43.104716" lon="19.020274"><ele>1691.983</ele><time>2024-08-01T12:12:32.750Z</time></trkpt><trkpt lat="43.104835" lon="19.021097"><ele>1693.985</ele><time>2024-08-01T12:12:52.107Z</time></trkpt><trkpt lat="43.104852" lon="19.021241"><ele>1694.319</ele><time>2024-08-01T12:12:55.417Z</time></trkpt><trkpt lat="43.104840" lon="19.021646"><ele>1695.351</ele><time>2024-08-01T12:13:07.321Z</time></trkpt><trkpt lat="43.104978" lon="19.021911"><ele>1696.130</ele><time>2024-08-01T12:13:18.333Z</time></trkpt><trkpt lat="43.105069" lon="19.022187"><ele>1696.967</ele><time>2024-08-01T12:13:28.071Z</time></trkpt><trkpt lat="43.105146" lon="19.022272"><ele>1697.672</ele><time>2024-08-01T12:13:32.446Z</time></trkpt><trkpt lat="43.105358" lon="19.022405"><ele>1699.286</ele><time>2024-08-01T12:13:43.433Z</time></trkpt><trkpt lat="43.105463" lon="19.022545"><ele>1700.284</ele><time>2024-08-01T12:13:50.788Z</time></trkpt><trkpt lat="43.105654" lon="19.022709"><ele>1701.807</ele><time>2024-08-01T12:14:02.836Z</time></trkpt><trkpt lat="43.105965" lon="19.022850"><ele>1704.017</ele><time>2024-08-01T12:14:21.561Z</time></trkpt><trkpt lat="43.106141" lon="19.023006"><ele>1705.409</ele><time>2024-08-01T12:14:33.704Z</time></trkpt><trkpt lat="43.106324" lon="19.023224"><ele>1707.139</ele><time>2024-08-01T12:14:47.696Z</time></trkpt><trkpt lat="43.106478" lon="19.023563"><ele>1709.055</ele><time>2024-08-01T12:15:01.489Z</time></trkpt><trkpt lat="43.106649" lon="19.024049"><ele>1709.987</ele><time>2024-08-01T12:15:16.283Z</time></trkpt><trkpt lat="43.106808" lon="19.024392"><ele>1710.511</ele><time>2024-08-01T12:15:24.466Z</time></trkpt><trkpt lat="43.106818" lon="19.024488"><ele>1710.643</ele><time>2024-08-01T12:15:26.984Z</time></trkpt><trkpt lat="43.106790" lon="19.024586"><ele>1710.832</ele><time>2024-08-01T12:15:29.015Z</time></trkpt><trkpt lat="43.106542" lon="19.024811"><ele>1711.479</ele><time>2024-08-01T12:15:36.923Z</time></trkpt><trkpt lat="43.106042" lon="19.025336"><ele>1712.754</ele><time>2024-08-01T12:15:51.254Z</time></trkpt><trkpt lat="43.105928" lon="19.025572"><ele>1713.128</ele><time>2024-08-01T12:15:56.418Z</time></trkpt><trkpt lat="43.105857" lon="19.025814"><ele>1713.627</ele><time>2024-08-01T12:16:00.589Z</time></trkpt><trkpt lat="43.105716" lon="19.026479"><ele>1714.768</ele><time>2024-08-01T12:16:12.170Z</time></trkpt><trkpt lat="43.105663" lon="19.027474"><ele>1716.314</ele><time>2024-08-01T12:16:35.854Z</time></trkpt><trkpt lat="43.105518" lon="19.028541"><ele>1720.809</ele><time>2024-08-01T12:17:15.708Z</time></trkpt><trkpt lat="43.105489" lon="19.029106"><ele>1723.653</ele><time>2024-08-01T12:17:37.078Z</time></trkpt><trkpt lat="43.105367" lon="19.030284"><ele>1729.599</ele><time>2024-08-01T12:18:19.976Z</time></trkpt><trkpt lat="43.105208" lon="19.031001"><ele>1733.751</ele><time>2024-08-01T12:18:48.601Z</time></trkpt><trkpt lat="43.105093" lon="19.031315"><ele>1735.715</ele><time>2024-08-01T12:19:02.811Z</time></trkpt><trkpt lat="43.104611" lon="19.032058"><ele>1741.357</ele><time>2024-08-01T12:19:43.048Z</time></trkpt><trkpt lat="43.104331" lon="19.032553"><ele>1744.876</ele><time>2024-08-01T12:20:07.402Z</time></trkpt><trkpt lat="43.104210" lon="19.032701"><ele>1746.013</ele><time>2024-08-01T12:20:15.709Z</time></trkpt><trkpt lat="43.104144" lon="19.032878"><ele>1747.138</ele><time>2024-08-01T12:20:23.078Z</time></trkpt><trkpt lat="43.104133" lon="19.033123"><ele>1748.462</ele><time>2024-08-01T12:20:32.484Z</time></trkpt><trkpt lat="43.104231" lon="19.033445"><ele>1750.365</ele><time>2024-08-01T12:20:45.571Z</time></trkpt><trkpt lat="43.104235" lon="19.033584"><ele>1751.068</ele><time>2024-08-01T12:20:50.877Z</time></trkpt><trkpt lat="43.104063" lon="19.034688"><ele>1757.214</ele><time>2024-08-01T12:21:33.101Z</time></trkpt><trkpt lat="43.104056" lon="19.034930"><ele>1758.509</ele><time>2024-08-01T12:21:41.979Z</time></trkpt><trkpt lat="43.104094" lon="19.035194"><ele>1760.057</ele><time>2024-08-01T12:21:51.703Z</time></trkpt><trkpt lat="43.104088" lon="19.035326"><ele>1760.753</ele><time>2024-08-01T12:21:56.489Z</time></trkpt><trkpt lat="43.103837" lon="19.036023"><ele>1765.125</ele><time>2024-08-01T12:22:26.038Z</time></trkpt><trkpt lat="43.103816" lon="19.036129"><ele>1765.799</ele><time>2024-08-01T12:22:30.303Z</time></trkpt><trkpt lat="43.103820" lon="19.036242"><ele>1766.351</ele><time>2024-08-01T12:22:34.765Z</time></trkpt><trkpt lat="43.103918" lon="19.036548"><ele>1768.220</ele><time>2024-08-01T12:22:48.122Z</time></trkpt><trkpt lat="43.103896" lon="19.036776"><ele>1769.497</ele><time>2024-08-01T12:22:57.543Z</time></trkpt><trkpt lat="43.103854" lon="19.036901"><ele>1770.232</ele><time>2024-08-01T12:23:03.265Z</time></trkpt><trkpt lat="43.103725" lon="19.037123"><ele>1771.856</ele><time>2024-08-01T12:23:15.032Z</time></trkpt><trkpt lat="43.103417" lon="19.037394"><ele>1774.723</ele><time>2024-08-01T12:23:36.065Z</time></trkpt><trkpt lat="43.102816" lon="19.037808"><ele>1780.083</ele><time>2024-08-01T12:24:13.180Z</time></trkpt><trkpt lat="43.102553" lon="19.038165"><ele>1782.911</ele><time>2024-08-01T12:24:31.933Z</time></trkpt><trkpt lat="43.102456" lon="19.038407"><ele>1784.209</ele><time>2024-08-01T12:24:41.754Z</time></trkpt><trkpt lat="43.102440" lon="19.038534"><ele>1784.743</ele><time>2024-08-01T12:24:46.196Z</time></trkpt><trkpt lat="43.102446" lon="19.038946"><ele>1786.189</ele><time>2024-08-01T12:24:59.930Z</time></trkpt><trkpt lat="43.102420" lon="19.039257"><ele>1787.271</ele><time>2024-08-01T12:25:09.926Z</time></trkpt><trkpt lat="43.102303" lon="19.039666"><ele>1788.895</ele><time>2024-08-01T12:25:22.861Z</time></trkpt><trkpt lat="43.102273" lon="19.039846"><ele>1789.437</ele><time>2024-08-01T12:25:28.198Z</time></trkpt><trkpt lat="43.102250" lon="19.040659"><ele>1792.326</ele><time>2024-08-01T12:25:49.997Z</time></trkpt><trkpt lat="43.102295" lon="19.041214"><ele>1794.143</ele><time>2024-08-01T12:26:04.528Z</time></trkpt><trkpt lat="43.102254" lon="19.041456"><ele>1794.948</ele><time>2024-08-01T12:26:10.920Z</time></trkpt><trkpt lat="43.102179" lon="19.041612"><ele>1795.542</ele><time>2024-08-01T12:26:15.928Z</time></trkpt><trkpt lat="43.102029" lon="19.041812"><ele>1796.481</ele><time>2024-08-01T12:26:24.007Z</time></trkpt><trkpt lat="43.101821" lon="19.042389"><ele>1798.461</ele><time>2024-08-01T12:26:42.922Z</time></trkpt><trkpt lat="43.101720" lon="19.042555"><ele>1799.117</ele><time>2024-08-01T12:26:49.412Z</time></trkpt><trkpt lat="43.101421" lon="19.042818"><ele>1800.909</ele><time>2024-08-01T12:27:04.877Z</time></trkpt><trkpt lat="43.101275" lon="19.043055"><ele>1802.529</ele><time>2024-08-01T12:27:15.305Z</time></trkpt><trkpt lat="43.101229" lon="19.043170"><ele>1803.265</ele><time>2024-08-01T12:27:19.805Z</time></trkpt><trkpt lat="43.101042" lon="19.044015"><ele>1808.087</ele><time>2024-08-01T12:27:52.464Z</time></trkpt><trkpt lat="43.100945" lon="19.044304"><ele>1809.761</ele><time>2024-08-01T12:28:05.068Z</time></trkpt><trkpt lat="43.100626" lon="19.045056"><ele>1814.623</ele><time>2024-08-01T12:28:40.879Z</time></trkpt><trkpt lat="43.100449" lon="19.045434"><ele>1817.732</ele><time>2024-08-01T12:29:00.484Z</time></trkpt><trkpt lat="43.100169" lon="19.046558"><ele>1825.939</ele><time>2024-08-01T12:29:55.224Z</time></trkpt><trkpt lat="43.100089" lon="19.046777"><ele>1827.624</ele><time>2024-08-01T12:30:06.522Z</time></trkpt><trkpt lat="43.099930" lon="19.047054"><ele>1830.058</ele><time>2024-08-01T12:30:22.250Z</time></trkpt><trkpt lat="43.099621" lon="19.047474"><ele>1832.716</ele><time>2024-08-01T12:30:46.793Z</time></trkpt><trkpt lat="43.099443" lon="19.047763"><ele>1834.376</ele><time>2024-08-01T12:31:00.635Z</time></trkpt><trkpt lat="43.099335" lon="19.047778"><ele>1834.913</ele><time>2024-08-01T12:31:05.647Z</time></trkpt><trkpt lat="43.099164" lon="19.047729"><ele>1835.909</ele><time>2024-08-01T12:31:13.489Z</time></trkpt><trkpt lat="43.099089" lon="19.047750"><ele>1836.312</ele><time>2024-08-01T12:31:16.744Z</time></trkpt><trkpt lat="43.099036" lon="19.047899"><ele>1837.028</ele><time>2024-08-01T12:31:21.660Z</time></trkpt><trkpt lat="43.099062" lon="19.048016"><ele>1837.520</ele><time>2024-08-01T12:31:25.285Z</time></trkpt><trkpt lat="43.099137" lon="19.048110"><ele>1838.124</ele><time>2024-08-01T12:31:29.400Z</time></trkpt><trkpt lat="43.099299" lon="19.048177"><ele>1839.116</ele><time>2024-08-01T12:31:35.696Z</time></trkpt><trkpt lat="43.099477" lon="19.048099"><ele>1840.115</ele><time>2024-08-01T12:31:42.395Z</time></trkpt><trkpt lat="43.099701" lon="19.047877"><ele>1841.152</ele><time>2024-08-01T12:31:51.265Z</time></trkpt><trkpt lat="43.099899" lon="19.047626"><ele>1841.567</ele><time>2024-08-01T12:31:59.734Z</time></trkpt><trkpt lat="43.100076" lon="19.047348"><ele>1842.071</ele><time>2024-08-01T12:32:07.992Z</time></trkpt><trkpt lat="43.100235" lon="19.047175"><ele>1842.314</ele><time>2024-08-01T12:32:13.739Z</time></trkpt><trkpt lat="43.100874" lon="19.046626"><ele>1843.654</ele><time>2024-08-01T12:32:33.372Z</time></trkpt><trkpt lat="43.101222" lon="19.046103"><ele>1844.909</ele><time>2024-08-01T12:32:46.157Z</time></trkpt><trkpt lat="43.101380" lon="19.045799"><ele>1845.709</ele><time>2024-08-01T12:32:53.311Z</time></trkpt><trkpt lat="43.101437" lon="19.045607"><ele>1846.232</ele><time>2024-08-01T12:32:58.160Z</time></trkpt><trkpt lat="43.101596" lon="19.045319"><ele>1847.088</ele><time>2024-08-01T12:33:07.173Z</time></trkpt><trkpt lat="43.101646" lon="19.045183"><ele>1847.350</ele><time>2024-08-01T12:33:11.356Z</time></trkpt><trkpt lat="43.101744" lon="19.044688"><ele>1848.534</ele><time>2024-08-01T12:33:26.941Z</time></trkpt><trkpt lat="43.101773" lon="19.044485"><ele>1848.976</ele><time>2024-08-01T12:33:33.642Z</time></trkpt><trkpt lat="43.101769" lon="19.044291"><ele>1849.525</ele><time>2024-08-01T12:33:40.247Z</time></trkpt><trkpt lat="43.101796" lon="19.044188"><ele>1850.022</ele><time>2024-08-01T12:33:43.920Z</time></trkpt><trkpt lat="43.101848" lon="19.044167"><ele>1850.387</ele><time>2024-08-01T12:33:46.255Z</time></trkpt><trkpt lat="43.101892" lon="19.044197"><ele>1850.711</ele><time>2024-08-01T12:33:48.308Z</time></trkpt><trkpt lat="43.101897" lon="19.044351"><ele>1851.475</ele><time>2024-08-01T12:33:53.119Z</time></trkpt><trkpt lat="43.101796" lon="19.045089"><ele>1854.928</ele><time>2024-08-01T12:34:17.734Z</time></trkpt><trkpt lat="43.101692" lon="19.045526"><ele>1857.120</ele><time>2024-08-01T12:34:33.275Z</time></trkpt><trkpt lat="43.101619" lon="19.046011"><ele>1859.509</ele><time>2024-08-01T12:34:51.785Z</time></trkpt><trkpt lat="43.101310" lon="19.046872"><ele>1864.968</ele><time>2024-08-01T12:35:32.306Z</time></trkpt><trkpt lat="43.101151" lon="19.047158"><ele>1867.194</ele><time>2024-08-01T12:35:47.316Z</time></trkpt><trkpt lat="43.101025" lon="19.047499"><ele>1869.566</ele><time>2024-08-01T12:36:03.231Z</time></trkpt><trkpt lat="43.100819" lon="19.047858"><ele>1872.350</ele><time>2024-08-01T12:36:21.703Z</time></trkpt><trkpt lat="43.100435" lon="19.048298"><ele>1876.522</ele><time>2024-08-01T12:36:49.137Z</time></trkpt><trkpt lat="43.100367" lon="19.048436"><ele>1877.621</ele><time>2024-08-01T12:36:56.012Z</time></trkpt><trkpt lat="43.100174" lon="19.049048"><ele>1881.878</ele><time>2024-08-01T12:37:23.074Z</time></trkpt><trkpt lat="43.100064" lon="19.049301"><ele>1883.743</ele><time>2024-08-01T12:37:36.382Z</time></trkpt><trkpt lat="43.099703" lon="19.049839"><ele>1888.427</ele><time>2024-08-01T12:38:09.395Z</time></trkpt><trkpt lat="43.099466" lon="19.050080"><ele>1890.993</ele><time>2024-08-01T12:38:26.946Z</time></trkpt><trkpt lat="43.099103" lon="19.050375"><ele>1892.665</ele><time>2024-08-01T12:38:49.007Z</time></trkpt><trkpt lat="43.098835" lon="19.050514"><ele>1893.421</ele><time>2024-08-01T12:39:01.203Z</time></trkpt><trkpt lat="43.098597" lon="19.050533"><ele>1894.009</ele><time>2024-08-01T12:39:09.566Z</time></trkpt><trkpt lat="43.098532" lon="19.050565"><ele>1894.250</ele><time>2024-08-01T12:39:11.744Z</time></trkpt><trkpt lat="43.098478" lon="19.050656"><ele>1894.496</ele><time>2024-08-01T12:39:14.201Z</time></trkpt><trkpt lat="43.098344" lon="19.050981"><ele>1895.188</ele><time>2024-08-01T12:39:21.423Z</time></trkpt><trkpt lat="43.098114" lon="19.051511"><ele>1896.342</ele><time>2024-08-01T12:39:30.214Z</time></trkpt><trkpt lat="43.098060" lon="19.051707"><ele>1895.984</ele><time>2024-08-01T12:39:32.997Z</time></trkpt><trkpt lat="43.098024" lon="19.052132"><ele>1893.993</ele><time>2024-08-01T12:39:38.028Z</time></trkpt><trkpt lat="43.097947" lon="19.052321"><ele>1893.070</ele><time>2024-08-01T12:39:40.435Z</time></trkpt><trkpt lat="43.097789" lon="19.052581"><ele>1891.435</ele><time>2024-08-01T12:39:44.025Z</time></trkpt><trkpt lat="43.097736" lon="19.052786"><ele>1890.499</ele><time>2024-08-01T12:39:46.283Z</time></trkpt><trkpt lat="43.097697" lon="19.053143"><ele>1888.845</ele><time>2024-08-01T12:39:49.984Z</time></trkpt><trkpt lat="43.097433" lon="19.053794"><ele>1885.447</ele><time>2024-08-01T12:39:57.466Z</time></trkpt><trkpt lat="43.097354" lon="19.054063"><ele>1883.911</ele><time>2024-08-01T12:40:00.398Z</time></trkpt><trkpt lat="43.097370" lon="19.054234"><ele>1882.909</ele><time>2024-08-01T12:40:02.144Z</time></trkpt><trkpt lat="43.097435" lon="19.054366"><ele>1882.145</ele><time>2024-08-01T12:40:03.762Z</time></trkpt><trkpt lat="43.097453" lon="19.054469"><ele>1881.561</ele><time>2024-08-01T12:40:04.846Z</time></trkpt><trkpt lat="43.097414" lon="19.054676"><ele>1880.323</ele><time>2024-08-01T12:40:07.022Z</time></trkpt><trkpt lat="43.097356" lon="19.054768"><ele>1879.737</ele><time>2024-08-01T12:40:08.262Z</time></trkpt><trkpt lat="43.096946" lon="19.055158"><ele>1875.999</ele><time>2024-08-01T12:40:15.313Z</time></trkpt><trkpt lat="43.096873" lon="19.055280"><ele>1875.168</ele><time>2024-08-01T12:40:16.964Z</time></trkpt><trkpt lat="43.096764" lon="19.055569"><ele>1873.385</ele><time>2024-08-01T12:40:20.413Z</time></trkpt><trkpt lat="43.096724" lon="19.055746"><ele>1872.330</ele><time>2024-08-01T12:40:22.387Z</time></trkpt><trkpt lat="43.096731" lon="19.055842"><ele>1871.854</ele><time>2024-08-01T12:40:23.441Z</time></trkpt><trkpt lat="43.096790" lon="19.055977"><ele>1871.199</ele><time>2024-08-01T12:40:25.157Z</time></trkpt><trkpt lat="43.096843" lon="19.056000"><ele>1870.807</ele><time>2024-08-01T12:40:25.986Z</time></trkpt><trkpt lat="43.096926" lon="19.055950"><ele>1870.327</ele><time>2024-08-01T12:40:27.341Z</time></trkpt><trkpt lat="43.097160" lon="19.055573"><ele>1868.309</ele><time>2024-08-01T12:40:32.828Z</time></trkpt><trkpt lat="43.097895" lon="19.054658"><ele>1862.620</ele><time>2024-08-01T12:40:47.574Z</time></trkpt><trkpt lat="43.097979" lon="19.054528"><ele>1861.916</ele><time>2024-08-01T12:40:49.420Z</time></trkpt><trkpt lat="43.098092" lon="19.054188"><ele>1859.898</ele><time>2024-08-01T12:40:53.469Z</time></trkpt><trkpt lat="43.098139" lon="19.054104"><ele>1859.252</ele><time>2024-08-01T12:40:54.578Z</time></trkpt><trkpt lat="43.098360" lon="19.053846"><ele>1856.924</ele><time>2024-08-01T12:40:58.806Z</time></trkpt><trkpt lat="43.098588" lon="19.053699"><ele>1854.813</ele><time>2024-08-01T12:41:02.359Z</time></trkpt><trkpt lat="43.098728" lon="19.053691"><ele>1853.730</ele><time>2024-08-01T12:41:04.323Z</time></trkpt><trkpt lat="43.098809" lon="19.053718"><ele>1853.055</ele><time>2024-08-01T12:41:05.474Z</time></trkpt><trkpt lat="43.098961" lon="19.053912"><ele>1851.469</ele><time>2024-08-01T12:41:08.347Z</time></trkpt><trkpt lat="43.099090" lon="19.053997"><ele>1850.245</ele><time>2024-08-01T12:41:10.292Z</time></trkpt><trkpt lat="43.099403" lon="19.053876"><ele>1847.647</ele><time>2024-08-01T12:41:14.706Z</time></trkpt><trkpt lat="43.099500" lon="19.053880"><ele>1846.711</ele><time>2024-08-01T12:41:16.017Z</time></trkpt><trkpt lat="43.099652" lon="19.054021"><ele>1844.909</ele><time>2024-08-01T12:41:18.504Z</time></trkpt><trkpt lat="43.099720" lon="19.054170"><ele>1843.765</ele><time>2024-08-01T12:41:20.241Z</time></trkpt><trkpt lat="43.099790" lon="19.054503"><ele>1841.251</ele><time>2024-08-01T12:41:23.698Z</time></trkpt><trkpt lat="43.099851" lon="19.055095"><ele>1836.963</ele><time>2024-08-01T12:41:29.691Z</time></trkpt><trkpt lat="43.099883" lon="19.055185"><ele>1836.247</ele><time>2024-08-01T12:41:30.696Z</time></trkpt><trkpt lat="43.100387" lon="19.055693"><ele>1830.029</ele><time>2024-08-01T12:41:39.226Z</time></trkpt><trkpt lat="43.100432" lon="19.055797"><ele>1829.258</ele><time>2024-08-01T12:41:40.425Z</time></trkpt><trkpt lat="43.100461" lon="19.055899"><ele>1828.415</ele><time>2024-08-01T12:41:41.504Z</time></trkpt><trkpt lat="43.100496" lon="19.056541"><ele>1824.040</ele><time>2024-08-01T12:41:47.892Z</time></trkpt><trkpt lat="43.100540" lon="19.056698"><ele>1822.864</ele><time>2024-08-01T12:41:49.548Z</time></trkpt><trkpt lat="43.100708" lon="19.057026"><ele>1820.067</ele><time>2024-08-01T12:41:53.565Z</time></trkpt><trkpt lat="43.100719" lon="19.057111"><ele>1819.481</ele><time>2024-08-01T12:41:54.435Z</time></trkpt><trkpt lat="43.100670" lon="19.057383"><ele>1817.519</ele><time>2024-08-01T12:41:57.262Z</time></trkpt><trkpt lat="43.100386" lon="19.058373"><ele>1810.509</ele><time>2024-08-01T12:42:07.966Z</time></trkpt><trkpt lat="43.100337" lon="19.058781"><ele>1808.117</ele><time>2024-08-01T12:42:12.129Z</time></trkpt><trkpt lat="43.100349" lon="19.059399"><ele>1804.543</ele><time>2024-08-01T12:42:18.418Z</time></trkpt><trkpt lat="43.100492" lon="19.059968"><ele>1801.125</ele><time>2024-08-01T12:42:24.650Z</time></trkpt><trkpt lat="43.100450" lon="19.060648"><ele>1797.339</ele><time>2024-08-01T12:42:31.872Z</time></trkpt><trkpt lat="43.100554" lon="19.061361"><ele>1793.721</ele><time>2024-08-01T12:42:39.612Z</time></trkpt><trkpt lat="43.100557" lon="19.061689"><ele>1792.050</ele><time>2024-08-01T12:42:43.073Z</time></trkpt><trkpt lat="43.100527" lon="19.062024"><ele>1790.497</ele><time>2024-08-01T12:42:46.604Z</time></trkpt><trkpt lat="43.100471" lon="19.062222"><ele>1789.392</ele><time>2024-08-01T12:42:48.836Z</time></trkpt><trkpt lat="43.100221" lon="19.063663"><ele>1782.316</ele><time>2024-08-01T12:43:04.226Z</time></trkpt><trkpt lat="43.099938" lon="19.064767"><ele>1776.963</ele><time>2024-08-01T12:43:16.795Z</time></trkpt><trkpt lat="43.099699" lon="19.065349"><ele>1773.944</ele><time>2024-08-01T12:43:24.025Z</time></trkpt><trkpt lat="43.099683" lon="19.065606"><ele>1772.818</ele><time>2024-08-01T12:43:26.811Z</time></trkpt><trkpt lat="43.099459" lon="19.066478"><ele>1768.909</ele><time>2024-08-01T12:43:36.724Z</time></trkpt><trkpt lat="43.098845" lon="19.067532"><ele>1763.457</ele><time>2024-08-01T12:43:51.318Z</time></trkpt><trkpt lat="43.098573" lon="19.067824"><ele>1761.753</ele><time>2024-08-01T12:43:56.425Z</time></trkpt><trkpt lat="43.098282" lon="19.068213"><ele>1759.725</ele><time>2024-08-01T12:44:02.390Z</time></trkpt><trkpt lat="43.098088" lon="19.068635"><ele>1757.929</ele><time>2024-08-01T12:44:07.869Z</time></trkpt><trkpt lat="43.097354" lon="19.070004"><ele>1752.521</ele><time>2024-08-01T12:44:27.941Z</time></trkpt><trkpt lat="43.097293" lon="19.070210"><ele>1751.890</ele><time>2024-08-01T12:44:30.556Z</time></trkpt><trkpt lat="43.097293" lon="19.070210"><ele>1751.887</ele><time>2024-08-01T12:44:30.560Z</time></trkpt><trkpt lat="43.097273" lon="19.070697"><ele>1750.432</ele><time>2024-08-01T12:44:36.282Z</time></trkpt><trkpt lat="43.097152" lon="19.071068"><ele>1749.296</ele><time>2024-08-01T12:44:40.862Z</time></trkpt><trkpt lat="43.097140" lon="19.071303"><ele>1748.582</ele><time>2024-08-01T12:44:43.453Z</time></trkpt><trkpt lat="43.097102" lon="19.071449"><ele>1747.943</ele><time>2024-08-01T12:44:45.137Z</time></trkpt><trkpt lat="43.097034" lon="19.071537"><ele>1747.217</ele><time>2024-08-01T12:44:46.515Z</time></trkpt><trkpt lat="43.096815" lon="19.071803"><ele>1745.109</ele><time>2024-08-01T12:44:50.762Z</time></trkpt><trkpt lat="43.096578" lon="19.072020"><ele>1743.079</ele><time>2024-08-01T12:44:54.844Z</time></trkpt><trkpt lat="43.095796" lon="19.073034"><ele>1735.255</ele><time>2024-08-01T12:45:09.959Z</time></trkpt><trkpt lat="43.095565" lon="19.073667"><ele>1730.877</ele><time>2024-08-01T12:45:17.117Z</time></trkpt><trkpt lat="43.095252" lon="19.074174"><ele>1726.861</ele><time>2024-08-01T12:45:23.834Z</time></trkpt><trkpt lat="43.094440" lon="19.074999"><ele>1718.423</ele><time>2024-08-01T12:45:37.976Z</time></trkpt><trkpt lat="43.094293" lon="19.075301"><ele>1716.292</ele><time>2024-08-01T12:45:41.683Z</time></trkpt><trkpt lat="43.094235" lon="19.075376"><ele>1715.629</ele><time>2024-08-01T12:45:42.806Z</time></trkpt><trkpt lat="43.093583" lon="19.075972"><ele>1709.274</ele><time>2024-08-01T12:45:53.823Z</time></trkpt><trkpt lat="43.093046" lon="19.076593"><ele>1703.568</ele><time>2024-08-01T12:46:03.619Z</time></trkpt><trkpt lat="43.092923" lon="19.076699"><ele>1702.361</ele><time>2024-08-01T12:46:05.652Z</time></trkpt><trkpt lat="43.092552" lon="19.076897"><ele>1699.021</ele><time>2024-08-01T12:46:11.203Z</time></trkpt><trkpt lat="43.092307" lon="19.077099"><ele>1696.613</ele><time>2024-08-01T12:46:15.227Z</time></trkpt><trkpt lat="43.092149" lon="19.077276"><ele>1694.909</ele><time>2024-08-01T12:46:18.079Z</time></trkpt><trkpt lat="43.092030" lon="19.077513"><ele>1693.297</ele><time>2024-08-01T12:46:21.010Z</time></trkpt><trkpt lat="43.091962" lon="19.077767"><ele>1691.613</ele><time>2024-08-01T12:46:23.769Z</time></trkpt><trkpt lat="43.091629" lon="19.078520"><ele>1686.425</ele><time>2024-08-01T12:46:32.703Z</time></trkpt><trkpt lat="43.091557" lon="19.078770"><ele>1684.869</ele><time>2024-08-01T12:46:35.428Z</time></trkpt><trkpt lat="43.091365" lon="19.079254"><ele>1681.661</ele><time>2024-08-01T12:46:40.981Z</time></trkpt><trkpt lat="43.090819" lon="19.081374"><ele>1670.280</ele><time>2024-08-01T12:47:04.565Z</time></trkpt><trkpt lat="43.090823" lon="19.081517"><ele>1669.537</ele><time>2024-08-01T12:47:06.070Z</time></trkpt><trkpt lat="43.090848" lon="19.081597"><ele>1669.132</ele><time>2024-08-01T12:47:07Z</time></trkpt><trkpt lat="43.090991" lon="19.081788"><ele>1667.986</ele><time>2024-08-01T12:47:09.900Z</time></trkpt><trkpt lat="43.091042" lon="19.081893"><ele>1667.386</ele><time>2024-08-01T12:47:11.252Z</time></trkpt><trkpt lat="43.091188" lon="19.082434"><ele>1664.760</ele><time>2024-08-01T12:47:17.472Z</time></trkpt><trkpt lat="43.091290" lon="19.082708"><ele>1663.726</ele><time>2024-08-01T12:47:20.897Z</time></trkpt><trkpt lat="43.091405" lon="19.082894"><ele>1662.809</ele><time>2024-08-01T12:47:23.676Z</time></trkpt><trkpt lat="43.091591" lon="19.083075"><ele>1661.729</ele><time>2024-08-01T12:47:27.336Z</time></trkpt><trkpt lat="43.091634" lon="19.083171"><ele>1661.365</ele><time>2024-08-01T12:47:28.640Z</time></trkpt><trkpt lat="43.091668" lon="19.083361"><ele>1660.647</ele><time>2024-08-01T12:47:30.940Z</time></trkpt><trkpt lat="43.091882" lon="19.083888"><ele>1658.591</ele><time>2024-08-01T12:47:37.844Z</time></trkpt><trkpt lat="43.091968" lon="19.084019"><ele>1657.973</ele><time>2024-08-01T12:47:39.744Z</time></trkpt><trkpt lat="43.092434" lon="19.084244"><ele>1655.662</ele><time>2024-08-01T12:47:46.928Z</time></trkpt><trkpt lat="43.092512" lon="19.084349"><ele>1655.129</ele><time>2024-08-01T12:47:48.537Z</time></trkpt><trkpt lat="43.092787" lon="19.084887"><ele>1652.994</ele><time>2024-08-01T12:47:55.721Z</time></trkpt><trkpt lat="43.092829" lon="19.085062"><ele>1652.398</ele><time>2024-08-01T12:47:57.841Z</time></trkpt><trkpt lat="43.092831" lon="19.085227"><ele>1651.739</ele><time>2024-08-01T12:47:59.813Z</time></trkpt><trkpt lat="43.092822" lon="19.085371"><ele>1651.201</ele><time>2024-08-01T12:48:01.486Z</time></trkpt><trkpt lat="43.092724" lon="19.085831"><ele>1649.621</ele><time>2024-08-01T12:48:07.160Z</time></trkpt><trkpt lat="43.092736" lon="19.085966"><ele>1649.209</ele><time>2024-08-01T12:48:08.716Z</time></trkpt><trkpt lat="43.092772" lon="19.086064"><ele>1648.864</ele><time>2024-08-01T12:48:09.991Z</time></trkpt><trkpt lat="43.092964" lon="19.086330"><ele>1647.740</ele><time>2024-08-01T12:48:14.163Z</time></trkpt><trkpt lat="43.093135" lon="19.086933"><ele>1646.012</ele><time>2024-08-01T12:48:21.371Z</time></trkpt><trkpt lat="43.093149" lon="19.087085"><ele>1645.676</ele><time>2024-08-01T12:48:23.074Z</time></trkpt><trkpt lat="43.093132" lon="19.087189"><ele>1645.388</ele><time>2024-08-01T12:48:24.287Z</time></trkpt><trkpt lat="43.093096" lon="19.087305"><ele>1644.977</ele><time>2024-08-01T12:48:25.764Z</time></trkpt><trkpt lat="43.093018" lon="19.087424"><ele>1644.564</ele><time>2024-08-01T12:48:27.706Z</time></trkpt><trkpt lat="43.092811" lon="19.087688"><ele>1643.569</ele><time>2024-08-01T12:48:32.532Z</time></trkpt><trkpt lat="43.092675" lon="19.087818"><ele>1642.973</ele><time>2024-08-01T12:48:35.489Z</time></trkpt><trkpt lat="43.092462" lon="19.087939"><ele>1642.181</ele><time>2024-08-01T12:48:39.482Z</time></trkpt><trkpt lat="43.092395" lon="19.088025"><ele>1641.761</ele><time>2024-08-01T12:48:41.012Z</time></trkpt><trkpt lat="43.092324" lon="19.088182"><ele>1641.117</ele><time>2024-08-01T12:48:43.255Z</time></trkpt><trkpt lat="43.092227" lon="19.088690"><ele>1638.909</ele><time>2024-08-01T12:48:49.160Z</time></trkpt><trkpt lat="43.092013" lon="19.089164"><ele>1636.689</ele><time>2024-08-01T12:48:55.096Z</time></trkpt><trkpt lat="43.092006" lon="19.089360"><ele>1635.895</ele><time>2024-08-01T12:48:57.135Z</time></trkpt><trkpt lat="43.092057" lon="19.089554"><ele>1635.027</ele><time>2024-08-01T12:48:59.305Z</time></trkpt><trkpt lat="43.092666" lon="19.091186"><ele>1626.771</ele><time>2024-08-01T12:49:18.665Z</time></trkpt><trkpt lat="43.092772" lon="19.091399"><ele>1625.583</ele><time>2024-08-01T12:49:21.375Z</time></trkpt><trkpt lat="43.093181" lon="19.091922"><ele>1621.862</ele><time>2024-08-01T12:49:29.392Z</time></trkpt><trkpt lat="43.093395" lon="19.092350"><ele>1619.379</ele><time>2024-08-01T12:49:34.882Z</time></trkpt><trkpt lat="43.093479" lon="19.092612"><ele>1618.024</ele><time>2024-08-01T12:49:37.918Z</time></trkpt><trkpt lat="43.093515" lon="19.092787"><ele>1617.218</ele><time>2024-08-01T12:49:39.864Z</time></trkpt><trkpt lat="43.093515" lon="19.092963"><ele>1616.421</ele><time>2024-08-01T12:49:41.744Z</time></trkpt><trkpt lat="43.093485" lon="19.093194"><ele>1615.341</ele><time>2024-08-01T12:49:44.272Z</time></trkpt><trkpt lat="43.093377" lon="19.093591"><ele>1613.405</ele><time>2024-08-01T12:49:48.849Z</time></trkpt><trkpt lat="43.093320" lon="19.094044"><ele>1611.309</ele><time>2024-08-01T12:49:53.797Z</time></trkpt><trkpt lat="43.093282" lon="19.094997"><ele>1606.813</ele><time>2024-08-01T12:50:03.869Z</time></trkpt><trkpt lat="43.093317" lon="19.095210"><ele>1605.729</ele><time>2024-08-01T12:50:06.140Z</time></trkpt><trkpt lat="43.093472" lon="19.095482"><ele>1603.911</ele><time>2024-08-01T12:50:09.719Z</time></trkpt><trkpt lat="43.093569" lon="19.095565"><ele>1603.255</ele><time>2024-08-01T12:50:11.351Z</time></trkpt><trkpt lat="43.093613" lon="19.095668"><ele>1602.647</ele><time>2024-08-01T12:50:12.599Z</time></trkpt><trkpt lat="43.093637" lon="19.095825"><ele>1601.836</ele><time>2024-08-01T12:50:14.267Z</time></trkpt><trkpt lat="43.093572" lon="19.096096"><ele>1600.333</ele><time>2024-08-01T12:50:17.247Z</time></trkpt><trkpt lat="43.093142" lon="19.096822"><ele>1595.738</ele><time>2024-08-01T12:50:27.061Z</time></trkpt><trkpt lat="43.092905" lon="19.097520"><ele>1592.022</ele><time>2024-08-01T12:50:35.167Z</time></trkpt><trkpt lat="43.092768" lon="19.097731"><ele>1590.658</ele><time>2024-08-01T12:50:38.140Z</time></trkpt><trkpt lat="43.092589" lon="19.097848"><ele>1589.352</ele><time>2024-08-01T12:50:41Z</time></trkpt><trkpt lat="43.092365" lon="19.097944"><ele>1587.717</ele><time>2024-08-01T12:50:44.400Z</time></trkpt><trkpt lat="43.092234" lon="19.098078"><ele>1586.709</ele><time>2024-08-01T12:50:46.764Z</time></trkpt><trkpt lat="43.092146" lon="19.098226"><ele>1585.716</ele><time>2024-08-01T12:50:48.785Z</time></trkpt><trkpt lat="43.092077" lon="19.098407"><ele>1584.862</ele><time>2024-08-01T12:50:50.949Z</time></trkpt><trkpt lat="43.092020" lon="19.098652"><ele>1583.634</ele><time>2024-08-01T12:50:53.680Z</time></trkpt><trkpt lat="43.091927" lon="19.099542"><ele>1579.828</ele><time>2024-08-01T12:51:03.229Z</time></trkpt><trkpt lat="43.091897" lon="19.100077"><ele>1577.510</ele><time>2024-08-01T12:51:08.987Z</time></trkpt><trkpt lat="43.092033" lon="19.101459"><ele>1571.719</ele><time>2024-08-01T12:51:24.260Z</time></trkpt><trkpt lat="43.092166" lon="19.101874"><ele>1570.046</ele><time>2024-08-01T12:51:29.183Z</time></trkpt><trkpt lat="43.092244" lon="19.101976"><ele>1569.521</ele><time>2024-08-01T12:51:30.785Z</time></trkpt><trkpt lat="43.092355" lon="19.102033"><ele>1568.895</ele><time>2024-08-01T12:51:32.551Z</time></trkpt><trkpt lat="43.092452" lon="19.102030"><ele>1568.364</ele><time>2024-08-01T12:51:33.999Z</time></trkpt><trkpt lat="43.092725" lon="19.101947"><ele>1566.906</ele><time>2024-08-01T12:51:38.193Z</time></trkpt><trkpt lat="43.092774" lon="19.101969"><ele>1566.616</ele><time>2024-08-01T12:51:38.969Z</time></trkpt><trkpt lat="43.092863" lon="19.102099"><ele>1565.909</ele><time>2024-08-01T12:51:40.933Z</time></trkpt><trkpt lat="43.093084" lon="19.102785"><ele>1563.047</ele><time>2024-08-01T12:51:49.303Z</time></trkpt><trkpt lat="43.093140" lon="19.102863"><ele>1562.643</ele><time>2024-08-01T12:51:50.525Z</time></trkpt><trkpt lat="43.093401" lon="19.103045"><ele>1561.015</ele><time>2024-08-01T12:51:55.028Z</time></trkpt><trkpt lat="43.094146" lon="19.103322"><ele>1556.869</ele><time>2024-08-01T12:52:06.542Z</time></trkpt><trkpt lat="43.094245" lon="19.103372"><ele>1556.331</ele><time>2024-08-01T12:52:08.091Z</time></trkpt><trkpt lat="43.094481" lon="19.103584"><ele>1554.760</ele><time>2024-08-01T12:52:12.176Z</time></trkpt><trkpt lat="43.094582" lon="19.103627"><ele>1554.127</ele><time>2024-08-01T12:52:13.721Z</time></trkpt><trkpt lat="43.094986" lon="19.103593"><ele>1551.792</ele><time>2024-08-01T12:52:19.570Z</time></trkpt><trkpt lat="43.095070" lon="19.103668"><ele>1551.186</ele><time>2024-08-01T12:52:21.027Z</time></trkpt><trkpt lat="43.095085" lon="19.103777"><ele>1550.674</ele><time>2024-08-01T12:52:22.208Z</time></trkpt><trkpt lat="43.094840" lon="19.104378"><ele>1547.756</ele><time>2024-08-01T12:52:29.558Z</time></trkpt><trkpt lat="43.094820" lon="19.104653"><ele>1546.421</ele><time>2024-08-01T12:52:32.504Z</time></trkpt><trkpt lat="43.094807" lon="19.104832"><ele>1545.709</ele><time>2024-08-01T12:52:34.441Z</time></trkpt><trkpt lat="43.094807" lon="19.105224"><ele>1544.088</ele><time>2024-08-01T12:52:38.662Z</time></trkpt><trkpt lat="43.094965" lon="19.106651"><ele>1540.434</ele><time>2024-08-01T12:52:54.920Z</time></trkpt><trkpt lat="43.095009" lon="19.106832"><ele>1539.956</ele><time>2024-08-01T12:52:57.270Z</time></trkpt><trkpt lat="43.095135" lon="19.107017"><ele>1539.320</ele><time>2024-08-01T12:53:00.451Z</time></trkpt><trkpt lat="43.095309" lon="19.107081"><ele>1538.742</ele><time>2024-08-01T12:53:03.769Z</time></trkpt><trkpt lat="43.095937" lon="19.107024"><ele>1537.771</ele><time>2024-08-01T12:53:16.027Z</time></trkpt><trkpt lat="43.096106" lon="19.107057"><ele>1537.638</ele><time>2024-08-01T12:53:19.553Z</time></trkpt><trkpt lat="43.096388" lon="19.107228"><ele>1537.583</ele><time>2024-08-01T12:53:26.165Z</time></trkpt><trkpt lat="43.096500" lon="19.107249"><ele>1537.527</ele><time>2024-08-01T12:53:28.663Z</time></trkpt><trkpt lat="43.096626" lon="19.107213"><ele>1537.447</ele><time>2024-08-01T12:53:31.548Z</time></trkpt><trkpt lat="43.097014" lon="19.106983"><ele>1537.229</ele><time>2024-08-01T12:53:40.711Z</time></trkpt><trkpt lat="43.097175" lon="19.106921"><ele>1537.121</ele><time>2024-08-01T12:53:44.379Z</time></trkpt><trkpt lat="43.097875" lon="19.106883"><ele>1537.009</ele><time>2024-08-01T12:53:59.405Z</time></trkpt><trkpt lat="43.098269" lon="19.106898"><ele>1536.935</ele><time>2024-08-01T12:54:07.994Z</time></trkpt><trkpt lat="43.098368" lon="19.106959"><ele>1536.971</ele><time>2024-08-01T12:54:10.356Z</time></trkpt><trkpt lat="43.098426" lon="19.107036"><ele>1536.873</ele><time>2024-08-01T12:54:12.002Z</time></trkpt><trkpt lat="43.098866" lon="19.108382"><ele>1536.387</ele><time>2024-08-01T12:54:35.226Z</time></trkpt><trkpt lat="43.098869" lon="19.108605"><ele>1536.199</ele><time>2024-08-01T12:54:38.537Z</time></trkpt><trkpt lat="43.098833" lon="19.108816"><ele>1536.028</ele><time>2024-08-01T12:54:41.576Z</time></trkpt><trkpt lat="43.098837" lon="19.109268"><ele>1535.775</ele><time>2024-08-01T12:54:47.808Z</time></trkpt><trkpt lat="43.098881" lon="19.109520"><ele>1535.510</ele><time>2024-08-01T12:54:51.295Z</time></trkpt><trkpt lat="43.099153" lon="19.109632"><ele>1535.334</ele><time>2024-08-01T12:54:56.573Z</time></trkpt><trkpt lat="43.099389" lon="19.109679"><ele>1535.039</ele><time>2024-08-01T12:55:00.949Z</time></trkpt><trkpt lat="43.099756" lon="19.109687"><ele>1534.601</ele><time>2024-08-01T12:55:07.749Z</time></trkpt><trkpt lat="43.099894" lon="19.109728"><ele>1534.421</ele><time>2024-08-01T12:55:10.349Z</time></trkpt><trkpt lat="43.100012" lon="19.109811"><ele>1534.209</ele><time>2024-08-01T12:55:12.754Z</time></trkpt><trkpt lat="43.100302" lon="19.110163"><ele>1533.744</ele><time>2024-08-01T12:55:20.081Z</time></trkpt><trkpt lat="43.101221" lon="19.111039"><ele>1532.460</ele><time>2024-08-01T12:55:41.068Z</time></trkpt><trkpt lat="43.101566" lon="19.111189"><ele>1532.142</ele><time>2024-08-01T12:55:48.244Z</time></trkpt><trkpt lat="43.101645" lon="19.111234"><ele>1532.136</ele><time>2024-08-01T12:55:50.055Z</time></trkpt><trkpt lat="43.101726" lon="19.111325"><ele>1532.058</ele><time>2024-08-01T12:55:52.203Z</time></trkpt><trkpt lat="43.102191" lon="19.112212"><ele>1531.417</ele><time>2024-08-01T12:56:08.790Z</time></trkpt><trkpt lat="43.102329" lon="19.112382"><ele>1531.224</ele><time>2024-08-01T12:56:12.734Z</time></trkpt><trkpt lat="43.104119" lon="19.114098"><ele>1527.739</ele><time>2024-08-01T12:56:53.650Z</time></trkpt><trkpt lat="43.104478" lon="19.114402"><ele>1526.373</ele><time>2024-08-01T12:57:00.584Z</time></trkpt><trkpt lat="43.105546" lon="19.114855"><ele>1522.597</ele><time>2024-08-01T12:57:17.994Z</time></trkpt><trkpt lat="43.106292" lon="19.115119"><ele>1519.023</ele><time>2024-08-01T12:57:29.640Z</time></trkpt><trkpt lat="43.106619" lon="19.115200"><ele>1517.525</ele><time>2024-08-01T12:57:34.676Z</time></trkpt><trkpt lat="43.107615" lon="19.115392"><ele>1513.409</ele><time>2024-08-01T12:57:50.351Z</time></trkpt><trkpt lat="43.107969" lon="19.115530"><ele>1512.070</ele><time>2024-08-01T12:57:56.287Z</time></trkpt><trkpt lat="43.108213" lon="19.115684"><ele>1511.156</ele><time>2024-08-01T12:58:00.644Z</time></trkpt><trkpt lat="43.108348" lon="19.115805"><ele>1510.588</ele><time>2024-08-01T12:58:03.255Z</time></trkpt><trkpt lat="43.108440" lon="19.115911"><ele>1510.052</ele><time>2024-08-01T12:58:05.206Z</time></trkpt><trkpt lat="43.108494" lon="19.116064"><ele>1509.644</ele><time>2024-08-01T12:58:07.198Z</time></trkpt><trkpt lat="43.108522" lon="19.116647"><ele>1508.243</ele><time>2024-08-01T12:58:14.086Z</time></trkpt><trkpt lat="43.108577" lon="19.116973"><ele>1507.470</ele><time>2024-08-01T12:58:18.033Z</time></trkpt><trkpt lat="43.108714" lon="19.117362"><ele>1506.485</ele><time>2024-08-01T12:58:23.165Z</time></trkpt><trkpt lat="43.109469" lon="19.118516"><ele>1503.059</ele><time>2024-08-01T12:58:41.879Z</time></trkpt><trkpt lat="43.109810" lon="19.118948"><ele>1501.614</ele><time>2024-08-01T12:58:49.708Z</time></trkpt><trkpt lat="43.110019" lon="19.119153"><ele>1500.854</ele><time>2024-08-01T12:58:54.071Z</time></trkpt><trkpt lat="43.110229" lon="19.119318"><ele>1500.109</ele><time>2024-08-01T12:58:58.079Z</time></trkpt><trkpt lat="43.110390" lon="19.119395"><ele>1499.509</ele><time>2024-08-01T12:59:00.889Z</time></trkpt><trkpt lat="43.110578" lon="19.119440"><ele>1499.042</ele><time>2024-08-01T12:59:03.996Z</time></trkpt><trkpt lat="43.110911" lon="19.119474"><ele>1497.968</ele><time>2024-08-01T12:59:09.384Z</time></trkpt><trkpt lat="43.111202" lon="19.119467"><ele>1496.630</ele><time>2024-08-01T12:59:14.012Z</time></trkpt><trkpt lat="43.111448" lon="19.119419"><ele>1495.494</ele><time>2024-08-01T12:59:17.912Z</time></trkpt><trkpt lat="43.111813" lon="19.119334"><ele>1493.666</ele><time>2024-08-01T12:59:23.591Z</time></trkpt><trkpt lat="43.112054" lon="19.119195"><ele>1492.415</ele><time>2024-08-01T12:59:27.522Z</time></trkpt><trkpt lat="43.112443" lon="19.118845"><ele>1490.162</ele><time>2024-08-01T12:59:34.438Z</time></trkpt><trkpt lat="43.112824" lon="19.118364"><ele>1487.467</ele><time>2024-08-01T12:59:42.020Z</time></trkpt><trkpt lat="43.112896" lon="19.118305"><ele>1486.911</ele><time>2024-08-01T12:59:43.242Z</time></trkpt><trkpt lat="43.113039" lon="19.118254"><ele>1486.011</ele><time>2024-08-01T12:59:45.407Z</time></trkpt><trkpt lat="43.113320" lon="19.118261"><ele>1484.521</ele><time>2024-08-01T12:59:49.563Z</time></trkpt><trkpt lat="43.113439" lon="19.118342"><ele>1483.703</ele><time>2024-08-01T12:59:51.520Z</time></trkpt><trkpt lat="43.113641" lon="19.118549"><ele>1482.309</ele><time>2024-08-01T12:59:55.278Z</time></trkpt><trkpt lat="43.114022" lon="19.119237"><ele>1478.792</ele><time>2024-08-01T13:00:04.678Z</time></trkpt><trkpt lat="43.114171" lon="19.119375"><ele>1477.868</ele><time>2024-08-01T13:00:07.359Z</time></trkpt><trkpt lat="43.114737" lon="19.119710"><ele>1474.580</ele><time>2024-08-01T13:00:16.588Z</time></trkpt><trkpt lat="43.114855" lon="19.119829"><ele>1473.784</ele><time>2024-08-01T13:00:18.780Z</time></trkpt><trkpt lat="43.114923" lon="19.119997"><ele>1473.056</ele><time>2024-08-01T13:00:20.864Z</time></trkpt><trkpt lat="43.114953" lon="19.120193"><ele>1472.255</ele><time>2024-08-01T13:00:23.035Z</time></trkpt><trkpt lat="43.114930" lon="19.120580"><ele>1470.782</ele><time>2024-08-01T13:00:27.249Z</time></trkpt><trkpt lat="43.114945" lon="19.120745"><ele>1470.027</ele><time>2024-08-01T13:00:29.035Z</time></trkpt><trkpt lat="43.115166" lon="19.121419"><ele>1467.871</ele><time>2024-08-01T13:00:37.222Z</time></trkpt><trkpt lat="43.115225" lon="19.121561"><ele>1467.442</ele><time>2024-08-01T13:00:39.040Z</time></trkpt><trkpt lat="43.115322" lon="19.121646"><ele>1467.022</ele><time>2024-08-01T13:00:40.811Z</time></trkpt><trkpt lat="43.115667" lon="19.121758"><ele>1465.714</ele><time>2024-08-01T13:00:46.433Z</time></trkpt><trkpt lat="43.115722" lon="19.121807"><ele>1465.409</ele><time>2024-08-01T13:00:47.510Z</time></trkpt><trkpt lat="43.115767" lon="19.121917"><ele>1465.115</ele><time>2024-08-01T13:00:49.030Z</time></trkpt><trkpt lat="43.115774" lon="19.122133"><ele>1464.551</ele><time>2024-08-01T13:00:51.573Z</time></trkpt><trkpt lat="43.116369" lon="19.122121"><ele>1462.523</ele><time>2024-08-01T13:01:01.749Z</time></trkpt><trkpt lat="43.117135" lon="19.122106"><ele>1460.887</ele><time>2024-08-01T13:01:15.168Z</time></trkpt><trkpt lat="43.117591" lon="19.122140"><ele>1459.959</ele><time>2024-08-01T13:01:23.321Z</time></trkpt><trkpt lat="43.118063" lon="19.122242"><ele>1458.968</ele><time>2024-08-01T13:01:31.696Z</time></trkpt><trkpt lat="43.118508" lon="19.122418"><ele>1457.995</ele><time>2024-08-01T13:01:39.645Z</time></trkpt><trkpt lat="43.118913" lon="19.122655"><ele>1457.040</ele><time>2024-08-01T13:01:47.076Z</time></trkpt><trkpt lat="43.119283" lon="19.122944"><ele>1456.144</ele><time>2024-08-01T13:01:54.288Z</time></trkpt><trkpt lat="43.120382" lon="19.124084"><ele>1454.655</ele><time>2024-08-01T13:02:20.461Z</time></trkpt><trkpt lat="43.120792" lon="19.124452"><ele>1454.307</ele><time>2024-08-01T13:02:31.257Z</time></trkpt><trkpt lat="43.121096" lon="19.124644"><ele>1454.117</ele><time>2024-08-01T13:02:38.729Z</time></trkpt><trkpt lat="43.121272" lon="19.124731"><ele>1454.109</ele><time>2024-08-01T13:02:42.969Z</time></trkpt><trkpt lat="43.121176" lon="19.125080"><ele>1454.256</ele><time>2024-08-01T13:02:49.300Z</time></trkpt><trkpt lat="43.121150" lon="19.125193"><ele>1454.212</ele><time>2024-08-01T13:02:51.275Z</time></trkpt><trkpt lat="43.121294" lon="19.124965"><ele>1454.324</ele><time>2024-08-01T13:02:56.558Z</time></trkpt><trkpt lat="43.121407" lon="19.125082"><ele>1454.378</ele><time>2024-08-01T13:03:00.917Z</time></trkpt><trkpt lat="43.121432" lon="19.125164"><ele>1454.450</ele><time>2024-08-01T13:03:02.928Z</time></trkpt><trkpt lat="43.121407" lon="19.125082"><ele>1454.449</ele><time>2024-08-01T13:03:04.936Z</time></trkpt><trkpt lat="43.121294" lon="19.124965"><ele>1454.486</ele><time>2024-08-01T13:03:09.265Z</time></trkpt><trkpt lat="43.121351" lon="19.124763"><ele>1454.581</ele><time>2024-08-01T13:03:12.941Z</time></trkpt><trkpt lat="43.121597" lon="19.124834"><ele>1454.595</ele><time>2024-08-01T13:03:18.797Z</time></trkpt><trkpt lat="43.121987" lon="19.124869"><ele>1454.664</ele><time>2024-08-01T13:03:27.846Z</time></trkpt><trkpt lat="43.122661" lon="19.124794"><ele>1454.806</ele><time>2024-08-01T13:03:43.680Z</time></trkpt><trkpt lat="43.124176" lon="19.124544"><ele>1455.116</ele><time>2024-08-01T13:04:19.648Z</time></trkpt><trkpt lat="43.124501" lon="19.124514"><ele>1455.009</ele><time>2024-08-01T13:04:26.997Z</time></trkpt><trkpt lat="43.125030" lon="19.124562"><ele>1455.037</ele><time>2024-08-01T13:04:38.441Z</time></trkpt><trkpt lat="43.125560" lon="19.124734"><ele>1454.833</ele><time>2024-08-01T13:04:49.782Z</time></trkpt><trkpt lat="43.127343" lon="19.125501"><ele>1452.395</ele><time>2024-08-01T13:05:24.586Z</time></trkpt><trkpt lat="43.127851" lon="19.125692"><ele>1451.499</ele><time>2024-08-01T13:05:33.698Z</time></trkpt><trkpt lat="43.128222" lon="19.125774"><ele>1450.741</ele><time>2024-08-01T13:05:40.203Z</time></trkpt><trkpt lat="43.128741" lon="19.125780"><ele>1449.760</ele><time>2024-08-01T13:05:49.379Z</time></trkpt><trkpt lat="43.129274" lon="19.125654"><ele>1449.467</ele><time>2024-08-01T13:05:59.410Z</time></trkpt><trkpt lat="43.129725" lon="19.125433"><ele>1449.492</ele><time>2024-08-01T13:06:09.071Z</time></trkpt><trkpt lat="43.130281" lon="19.125020"><ele>1449.356</ele><time>2024-08-01T13:06:24.017Z</time></trkpt><trkpt lat="43.130938" lon="19.124520"><ele>1450.299</ele><time>2024-08-01T13:06:45.303Z</time></trkpt><trkpt lat="43.131341" lon="19.124260"><ele>1451.007</ele><time>2024-08-01T13:06:58.964Z</time></trkpt><trkpt lat="43.131778" lon="19.124043"><ele>1451.927</ele><time>2024-08-01T13:07:13.453Z</time></trkpt><trkpt lat="43.132480" lon="19.123779"><ele>1453.409</ele><time>2024-08-01T13:07:36.191Z</time></trkpt><trkpt lat="43.137703" lon="19.121842"><ele>1465.560</ele><time>2024-08-01T13:10:22.581Z</time></trkpt><trkpt lat="43.138184" lon="19.121707"><ele>1467.246</ele><time>2024-08-01T13:10:39.805Z</time></trkpt><trkpt lat="43.139149" lon="19.121514"><ele>1470.678</ele><time>2024-08-01T13:11:17.436Z</time></trkpt><trkpt lat="43.140462" lon="19.121281"><ele>1476.132</ele><time>2024-08-01T13:12:11.974Z</time></trkpt><trkpt lat="43.141536" lon="19.121151"><ele>1478.544</ele><time>2024-08-01T13:12:49.142Z</time></trkpt><trkpt lat="43.141796" lon="19.121150"><ele>1478.763</ele><time>2024-08-01T13:12:55.981Z</time></trkpt><trkpt lat="43.142443" lon="19.121204"><ele>1479.090</ele><time>2024-08-01T13:13:09.627Z</time></trkpt><trkpt lat="43.142884" lon="19.121287"><ele>1478.965</ele><time>2024-08-01T13:13:17.584Z</time></trkpt><trkpt lat="43.143429" lon="19.121430"><ele>1477.349</ele><time>2024-08-01T13:13:26.719Z</time></trkpt><trkpt lat="43.145059" lon="19.121945"><ele>1473.486</ele><time>2024-08-01T13:13:53.961Z</time></trkpt><trkpt lat="43.145111" lon="19.121962"><ele>1473.360</ele><time>2024-08-01T13:13:54.931Z</time></trkpt><trkpt lat="43.146187" lon="19.122306"><ele>1471.926</ele><time>2024-08-01T13:14:17.341Z</time></trkpt><trkpt lat="43.146260" lon="19.122329"><ele>1471.809</ele><time>2024-08-01T13:14:19.056Z</time></trkpt><trkpt lat="43.146700" lon="19.122487"><ele>1471.729</ele><time>2024-08-01T13:14:30.247Z</time></trkpt><trkpt lat="43.146996" lon="19.122718"><ele>1471.755</ele><time>2024-08-01T13:14:39.147Z</time></trkpt><trkpt lat="43.147413" lon="19.123192"><ele>1471.617</ele><time>2024-08-01T13:14:51.884Z</time></trkpt><trkpt lat="43.147750" lon="19.123558"><ele>1471.521</ele><time>2024-08-01T13:15:00.785Z</time></trkpt><trkpt lat="43.147932" lon="19.123735"><ele>1470.723</ele><time>2024-08-01T13:15:04.769Z</time></trkpt><trkpt lat="43.148152" lon="19.123948"><ele>1469.612</ele><time>2024-08-01T13:15:09.362Z</time></trkpt><trkpt lat="43.149621" lon="19.125368"><ele>1460.769</ele><time>2024-08-01T13:15:36.446Z</time></trkpt><trkpt lat="43.150147" lon="19.126001"><ele>1455.614</ele><time>2024-08-01T13:15:46.180Z</time></trkpt><trkpt lat="43.150425" lon="19.126371"><ele>1452.868</ele><time>2024-08-01T13:15:51.584Z</time></trkpt><trkpt lat="43.150673" lon="19.126802"><ele>1450.294</ele><time>2024-08-01T13:15:57.201Z</time></trkpt><trkpt lat="43.150756" lon="19.126971"><ele>1449.557</ele><time>2024-08-01T13:15:59.303Z</time></trkpt><trkpt lat="43.150831" lon="19.127141"><ele>1448.822</ele><time>2024-08-01T13:16:01.387Z</time></trkpt><trkpt lat="43.150971" lon="19.127459"><ele>1447.509</ele><time>2024-08-01T13:16:05.349Z</time></trkpt><trkpt lat="43.151118" lon="19.127768"><ele>1446.220</ele><time>2024-08-01T13:16:09.377Z</time></trkpt><trkpt lat="43.151296" lon="19.128169"><ele>1444.686</ele><time>2024-08-01T13:16:14.708Z</time></trkpt><trkpt lat="43.151372" lon="19.128340"><ele>1443.988</ele><time>2024-08-01T13:16:17.043Z</time></trkpt><trkpt lat="43.151414" lon="19.128434"><ele>1443.552</ele><time>2024-08-01T13:16:18.405Z</time></trkpt><trkpt lat="43.151449" lon="19.128406"><ele>1443.324</ele><time>2024-08-01T13:16:19.132Z</time></trkpt><trkpt lat="43.151688" lon="19.128208"><ele>1442.453</ele><time>2024-08-01T13:16:23.987Z</time></trkpt><trkpt lat="43.152057" lon="19.127903"><ele>1442.950</ele><time>2024-08-01T13:16:34.173Z</time></trkpt><trkpt lat="43.152129" lon="19.127843"><ele>1443.025</ele><time>2024-08-01T13:16:36.357Z</time></trkpt><trkpt lat="43.152446" lon="19.127581"><ele>1443.469</ele><time>2024-08-01T13:16:46.943Z</time></trkpt><trkpt lat="43.152838" lon="19.127257"><ele>1443.936</ele><time>2024-08-01T13:17:01.629Z</time></trkpt><trkpt lat="43.153164" lon="19.126988"><ele>1444.317</ele><time>2024-08-01T13:17:14.102Z</time></trkpt><trkpt lat="43.153265" lon="19.126904"><ele>1444.418</ele><time>2024-08-01T13:17:17.836Z</time></trkpt><trkpt lat="43.153753" lon="19.126525"><ele>1444.909</ele><time>2024-08-01T13:17:34.395Z</time></trkpt><trkpt lat="43.153847" lon="19.126442"><ele>1445.084</ele><time>2024-08-01T13:17:37.400Z</time></trkpt><trkpt lat="43.154017" lon="19.126255"><ele>1445.240</ele><time>2024-08-01T13:17:43.025Z</time></trkpt><trkpt lat="43.154146" lon="19.126068"><ele>1445.322</ele><time>2024-08-01T13:17:47.599Z</time></trkpt><trkpt lat="43.154343" lon="19.125639"><ele>1445.726</ele><time>2024-08-01T13:17:55.706Z</time></trkpt><trkpt lat="43.154450" lon="19.125176"><ele>1445.848</ele><time>2024-08-01T13:18:02.976Z</time></trkpt><trkpt lat="43.154549" lon="19.124244"><ele>1445.197</ele><time>2024-08-01T13:18:16.514Z</time></trkpt><trkpt lat="43.154569" lon="19.124048"><ele>1444.934</ele><time>2024-08-01T13:18:19.160Z</time></trkpt><trkpt lat="43.154739" lon="19.122573"><ele>1444.029</ele><time>2024-08-01T13:18:39.257Z</time></trkpt><trkpt lat="43.154761" lon="19.122394"><ele>1444.083</ele><time>2024-08-01T13:18:41.908Z</time></trkpt><trkpt lat="43.154782" lon="19.122210"><ele>1443.995</ele><time>2024-08-01T13:18:44.556Z</time></trkpt><trkpt lat="43.154919" lon="19.121132"><ele>1443.849</ele><time>2024-08-01T13:19:02.826Z</time></trkpt><trkpt lat="43.154993" lon="19.120727"><ele>1443.723</ele><time>2024-08-01T13:19:10.101Z</time></trkpt><trkpt lat="43.154999" lon="19.120696"><ele>1443.709</ele><time>2024-08-01T13:19:10.724Z</time></trkpt><trkpt lat="43.155118" lon="19.120088"><ele>1443.710</ele><time>2024-08-01T13:19:21.632Z</time></trkpt><trkpt lat="43.155185" lon="19.119701"><ele>1443.716</ele><time>2024-08-01T13:19:28.287Z</time></trkpt><trkpt lat="43.155192" lon="19.119532"><ele>1443.778</ele><time>2024-08-01T13:19:31.096Z</time></trkpt><trkpt lat="43.155165" lon="19.119162"><ele>1443.722</ele><time>2024-08-01T13:19:37.430Z</time></trkpt><trkpt lat="43.155114" lon="19.118892"><ele>1443.754</ele><time>2024-08-01T13:19:42.173Z</time></trkpt><trkpt lat="43.154673" lon="19.117553"><ele>1442.943</ele><time>2024-08-01T13:20:04.186Z</time></trkpt><trkpt lat="43.154470" lon="19.116840"><ele>1441.910</ele><time>2024-08-01T13:20:14.660Z</time></trkpt><trkpt lat="43.154545" lon="19.116872"><ele>1441.715</ele><time>2024-08-01T13:20:15.907Z</time></trkpt><trkpt lat="43.154580" lon="19.116933"><ele>1441.639</ele><time>2024-08-01T13:20:16.815Z</time></trkpt><trkpt lat="43.154733" lon="19.117311"><ele>1441.139</ele><time>2024-08-01T13:20:21.976Z</time></trkpt><trkpt lat="43.155258" lon="19.118361"><ele>1440.501</ele><time>2024-08-01T13:20:37.699Z</time></trkpt><trkpt lat="43.155610" lon="19.118043"><ele>1440.521</ele><time>2024-08-01T13:20:45.019Z</time></trkpt></trkseg></trk></gpx>