<?xml version="1.0" encoding="UTF-8"?>
<gpx xmlns:gpxdata="http://www.cluetrust.com/XML/GPXDATA/1/0" xmlns:xsi="http://www.w3.org/2001/XMLSchema-instance" xmlns="http://www.topografix.com/GPX/1/1" version="1.1" creator="http://ridewithgps.com/" xsi:schemaLocation="http://www.topografix.com/GPX/1/1 http://www.topografix.com/GPX/1/1/gpx.xsd http://www.cluetrust.com/XML/GPXDATA/1/0 http://www.cluetrust.com/Schemas/gpxdata10.xsd">
  <metadata>
    <name>TransDinarica - Dan 1</name>
    <link href="https://ridewithgps.com/routes/48491346">
      <text>TransDinarica - Dan 1</text>
    </link>
    <time>2024-09-18T13:26:03Z</time>
  </metadata>
  <trk>
    <name>TransDinarica - Dan 1</name>
    <trkseg>
      <trkpt lat="43.34875" lon="18.8488">
        <ele>479.5</ele>
      </trkpt>
      <trkpt lat="43.34888" lon="18.84927">
        <ele>476.4</ele>
      </trkpt>
      <trkpt lat="43.34905" lon="18.85008">
        <ele>478.9</ele>
      </trkpt>
      <trkpt lat="43.34922" lon="18.8509">
        <ele>475.5</ele>
      </trkpt>
      <trkpt lat="43.34942" lon="18.85151">
        <ele>484.2</ele>
      </trkpt>
      <trkpt lat="43.34961" lon="18.85213">
        <ele>485.6</ele>
      </trkpt>
      <trkpt lat="43.3498" lon="18.85292">
        <ele>484.7</ele>
      </trkpt>
      <trkpt lat="43.34994" lon="18.85355">
        <ele>485.0</ele>
      </trkpt>
      <trkpt lat="43.35009" lon="18.85418">
        <ele>491.1</ele>
      </trkpt>
      <trkpt lat="43.35015" lon="18.85475">
        <ele>499.5</ele>
      </trkpt>
      <trkpt lat="43.35014" lon="18.85521">
        <ele>510.8</ele>
      </trkpt>
      <trkpt lat="43.35018" lon="18.85552">
        <ele>515.2</ele>
      </trkpt>
      <trkpt lat="43.35031" lon="18.85603">
        <ele>517.5</ele>
      </trkpt>
      <trkpt lat="43.3503" lon="18.85629">
        <ele>528.0</ele>
      </trkpt>
      <trkpt lat="43.35024" lon="18.85661">
        <ele>548.5</ele>
      </trkpt>
      <trkpt lat="43.35019" lon="18.85696">
        <ele>555.0</ele>
      </trkpt>
      <trkpt lat="43.35012" lon="18.85724">
        <ele>561.6</ele>
      </trkpt>
      <trkpt lat="43.35009" lon="18.8579">
        <ele>551.6</ele>
      </trkpt>
      <trkpt lat="43.35009" lon="18.85846">
        <ele>539.0</ele>
      </trkpt>
      <trkpt lat="43.35003" lon="18.85863">
        <ele>542.5</ele>
      </trkpt>
      <trkpt lat="43.34994" lon="18.85886">
        <ele>546.4</ele>
      </trkpt>
      <trkpt lat="43.34985" lon="18.85899">
        <ele>550.4</ele>
      </trkpt>
      <trkpt lat="43.34976" lon="18.85913">
        <ele>553.3</ele>
      </trkpt>
      <trkpt lat="43.34972" lon="18.85927">
        <ele>555.2</ele>
      </trkpt>
      <trkpt lat="43.34971" lon="18.85939">
        <ele>556.3</ele>
      </trkpt>
      <trkpt lat="43.34974" lon="18.85952">
        <ele>555.3</ele>
      </trkpt>
      <trkpt lat="43.35006" lon="18.86008">
        <ele>545.0</ele>
      </trkpt>
      <trkpt lat="43.35009" lon="18.86019">
        <ele>545.8</ele>
      </trkpt>
      <trkpt lat="43.3501" lon="18.86033">
        <ele>547.9</ele>
      </trkpt>
      <trkpt lat="43.35009" lon="18.86075">
        <ele>556.3</ele>
      </trkpt>
      <trkpt lat="43.35013" lon="18.86106">
        <ele>559.2</ele>
      </trkpt>
      <trkpt lat="43.3502" lon="18.86132">
        <ele>559.7</ele>
      </trkpt>
      <trkpt lat="43.35042" lon="18.86195">
        <ele>558.7</ele>
      </trkpt>
      <trkpt lat="43.35045" lon="18.8623">
        <ele>561.7</ele>
      </trkpt>
      <trkpt lat="43.35038" lon="18.86305">
        <ele>571.9</ele>
      </trkpt>
      <trkpt lat="43.35031" lon="18.86379">
        <ele>584.9</ele>
      </trkpt>
      <trkpt lat="43.35037" lon="18.86426">
        <ele>588.2</ele>
      </trkpt>
      <trkpt lat="43.35041" lon="18.86439">
        <ele>587.1</ele>
      </trkpt>
      <trkpt lat="43.35045" lon="18.86469">
        <ele>587.4</ele>
      </trkpt>
      <trkpt lat="43.35045" lon="18.86488">
        <ele>588.9</ele>
      </trkpt>
      <trkpt lat="43.35042" lon="18.86514">
        <ele>591.0</ele>
      </trkpt>
      <trkpt lat="43.35034" lon="18.8654">
        <ele>594.4</ele>
      </trkpt>
      <trkpt lat="43.35016" lon="18.86568">
        <ele>603.0</ele>
      </trkpt>
      <trkpt lat="43.35007" lon="18.8659">
        <ele>607.4</ele>
      </trkpt>
      <trkpt lat="43.35003" lon="18.8661">
        <ele>609.5</ele>
      </trkpt>
      <trkpt lat="43.35001" lon="18.86638">
        <ele>610.5</ele>
      </trkpt>
      <trkpt lat="43.35007" lon="18.86667">
        <ele>607.4</ele>
      </trkpt>
      <trkpt lat="43.35009" lon="18.86682">
        <ele>605.5</ele>
      </trkpt>
      <trkpt lat="43.35006" lon="18.86706">
        <ele>605.4</ele>
      </trkpt>
      <trkpt lat="43.34985" lon="18.86793">
        <ele>617.6</ele>
      </trkpt>
      <trkpt lat="43.34982" lon="18.86817">
        <ele>621.6</ele>
      </trkpt>
      <trkpt lat="43.34985" lon="18.8684">
        <ele>621.3</ele>
      </trkpt>
      <trkpt lat="43.34985" lon="18.86873">
        <ele>625.3</ele>
      </trkpt>
      <trkpt lat="43.34983" lon="18.86903">
        <ele>630.4</ele>
      </trkpt>
      <trkpt lat="43.34983" lon="18.86919">
        <ele>632.6</ele>
      </trkpt>
      <trkpt lat="43.34987" lon="18.86943">
        <ele>635.7</ele>
      </trkpt>
      <trkpt lat="43.34991" lon="18.86954">
        <ele>635.7</ele>
      </trkpt>
      <trkpt lat="43.35002" lon="18.86965">
        <ele>631.3</ele>
      </trkpt>
      <trkpt lat="43.35025" lon="18.8698">
        <ele>625.0</ele>
      </trkpt>
      <trkpt lat="43.35031" lon="18.86991">
        <ele>625.4</ele>
      </trkpt>
      <trkpt lat="43.35041" lon="18.8701">
        <ele>627.3</ele>
      </trkpt>
      <trkpt lat="43.3506" lon="18.87062">
        <ele>636.4</ele>
      </trkpt>
      <trkpt lat="43.35066" lon="18.87074">
        <ele>637.5</ele>
      </trkpt>
      <trkpt lat="43.35095" lon="18.87104">
        <ele>631.8</ele>
      </trkpt>
      <trkpt lat="43.35108" lon="18.87119">
        <ele>629.4</ele>
      </trkpt>
      <trkpt lat="43.35121" lon="18.87154">
        <ele>635.9</ele>
      </trkpt>
      <trkpt lat="43.35128" lon="18.87179">
        <ele>640.9</ele>
      </trkpt>
      <trkpt lat="43.35136" lon="18.87247">
        <ele>656.2</ele>
      </trkpt>
      <trkpt lat="43.3514" lon="18.87263">
        <ele>658.1</ele>
      </trkpt>
      <trkpt lat="43.35145" lon="18.87275">
        <ele>658.4</ele>
      </trkpt>
      <trkpt lat="43.35151" lon="18.87282">
        <ele>657.1</ele>
      </trkpt>
      <trkpt lat="43.35177" lon="18.87303">
        <ele>649.4</ele>
      </trkpt>
      <trkpt lat="43.3519" lon="18.87319">
        <ele>647.9</ele>
      </trkpt>
      <trkpt lat="43.352" lon="18.87338">
        <ele>648.0</ele>
      </trkpt>
      <trkpt lat="43.35204" lon="18.87353">
        <ele>647.1</ele>
      </trkpt>
      <trkpt lat="43.35205" lon="18.87361">
        <ele>647.0</ele>
      </trkpt>
      <trkpt lat="43.35204" lon="18.87371">
        <ele>647.9</ele>
      </trkpt>
      <trkpt lat="43.352" lon="18.87381">
        <ele>650.0</ele>
      </trkpt>
      <trkpt lat="43.35193" lon="18.87392">
        <ele>653.4</ele>
      </trkpt>
      <trkpt lat="43.35176" lon="18.87412">
        <ele>661.7</ele>
      </trkpt>
      <trkpt lat="43.35168" lon="18.87427">
        <ele>666.0</ele>
      </trkpt>
      <trkpt lat="43.35164" lon="18.87443">
        <ele>669.7</ele>
      </trkpt>
      <trkpt lat="43.35164" lon="18.8746">
        <ele>670.8</ele>
      </trkpt>
      <trkpt lat="43.35168" lon="18.87538">
        <ele>673.7</ele>
      </trkpt>
      <trkpt lat="43.35174" lon="18.8759">
        <ele>675.3</ele>
      </trkpt>
      <trkpt lat="43.35176" lon="18.87624">
        <ele>673.2</ele>
      </trkpt>
      <trkpt lat="43.35176" lon="18.87666">
        <ele>671.5</ele>
      </trkpt>
      <trkpt lat="43.35175" lon="18.87682">
        <ele>670.1</ele>
      </trkpt>
      <trkpt lat="43.35168" lon="18.87696">
        <ele>671.3</ele>
      </trkpt>
      <trkpt lat="43.35148" lon="18.87724">
        <ele>684.4</ele>
      </trkpt>
      <trkpt lat="43.35137" lon="18.8775">
        <ele>690.6</ele>
      </trkpt>
      <trkpt lat="43.35131" lon="18.8777">
        <ele>693.2</ele>
      </trkpt>
      <trkpt lat="43.3513" lon="18.87788">
        <ele>692.0</ele>
      </trkpt>
      <trkpt lat="43.35134" lon="18.87806">
        <ele>686.6</ele>
      </trkpt>
      <trkpt lat="43.35135" lon="18.87823">
        <ele>683.8</ele>
      </trkpt>
      <trkpt lat="43.35134" lon="18.87835">
        <ele>683.2</ele>
      </trkpt>
      <trkpt lat="43.3513" lon="18.87849">
        <ele>684.9</ele>
      </trkpt>
      <trkpt lat="43.35121" lon="18.87864">
        <ele>690.3</ele>
      </trkpt>
      <trkpt lat="43.35114" lon="18.87881">
        <ele>693.5</ele>
      </trkpt>
      <trkpt lat="43.35098" lon="18.87947">
        <ele>694.9</ele>
      </trkpt>
      <trkpt lat="43.35089" lon="18.87975">
        <ele>696.0</ele>
      </trkpt>
      <trkpt lat="43.35057" lon="18.8804">
        <ele>702.5</ele>
      </trkpt>
      <trkpt lat="43.35048" lon="18.88054">
        <ele>704.5</ele>
      </trkpt>
      <trkpt lat="43.35035" lon="18.8809">
        <ele>703.0</ele>
      </trkpt>
      <trkpt lat="43.35031" lon="18.88104">
        <ele>702.8</ele>
      </trkpt>
      <trkpt lat="43.3502" lon="18.88124">
        <ele>705.7</ele>
      </trkpt>
      <trkpt lat="43.34999" lon="18.88157">
        <ele>711.8</ele>
      </trkpt>
      <trkpt lat="43.34992" lon="18.88175">
        <ele>715.3</ele>
      </trkpt>
      <trkpt lat="43.34984" lon="18.88203">
        <ele>721.9</ele>
      </trkpt>
      <trkpt lat="43.34976" lon="18.88244">
        <ele>729.0</ele>
      </trkpt>
      <trkpt lat="43.34973" lon="18.88283">
        <ele>736.3</ele>
      </trkpt>
      <trkpt lat="43.34974" lon="18.88324">
        <ele>741.2</ele>
      </trkpt>
      <trkpt lat="43.3498" lon="18.88363">
        <ele>743.6</ele>
      </trkpt>
      <trkpt lat="43.34998" lon="18.88421">
        <ele>740.2</ele>
      </trkpt>
      <trkpt lat="43.35016" lon="18.8848">
        <ele>746.0</ele>
      </trkpt>
      <trkpt lat="43.35021" lon="18.88504">
        <ele>749.0</ele>
      </trkpt>
      <trkpt lat="43.35024" lon="18.88536">
        <ele>753.8</ele>
      </trkpt>
      <trkpt lat="43.3503" lon="18.88563">
        <ele>754.9</ele>
      </trkpt>
      <trkpt lat="43.35045" lon="18.88615">
        <ele>753.9</ele>
      </trkpt>
      <trkpt lat="43.35063" lon="18.88674">
        <ele>751.0</ele>
      </trkpt>
      <trkpt lat="43.35073" lon="18.88697">
        <ele>743.5</ele>
      </trkpt>
      <trkpt lat="43.35081" lon="18.8871">
        <ele>737.5</ele>
      </trkpt>
      <trkpt lat="43.35091" lon="18.88728">
        <ele>730.7</ele>
      </trkpt>
      <trkpt lat="43.35097" lon="18.88743">
        <ele>726.7</ele>
      </trkpt>
      <trkpt lat="43.35097" lon="18.88757">
        <ele>725.4</ele>
      </trkpt>
      <trkpt lat="43.35095" lon="18.88774">
        <ele>723.5</ele>
      </trkpt>
      <trkpt lat="43.35089" lon="18.88793">
        <ele>724.4</ele>
      </trkpt>
      <trkpt lat="43.35069" lon="18.88821">
        <ele>734.1</ele>
      </trkpt>
      <trkpt lat="43.35052" lon="18.88847">
        <ele>739.1</ele>
      </trkpt>
      <trkpt lat="43.35048" lon="18.8886">
        <ele>736.9</ele>
      </trkpt>
      <trkpt lat="43.35039" lon="18.88891">
        <ele>730.5</ele>
      </trkpt>
      <trkpt lat="43.35037" lon="18.88899">
        <ele>728.5</ele>
      </trkpt>
      <trkpt lat="43.35032" lon="18.88904">
        <ele>729.5</ele>
      </trkpt>
      <trkpt lat="43.35027" lon="18.88907">
        <ele>731.3</ele>
      </trkpt>
      <trkpt lat="43.34995" lon="18.88921">
        <ele>743.6</ele>
      </trkpt>
      <trkpt lat="43.34952" lon="18.88954">
        <ele>748.6</ele>
      </trkpt>
      <trkpt lat="43.34908" lon="18.88988">
        <ele>750.3</ele>
      </trkpt>
      <trkpt lat="43.34891" lon="18.89015">
        <ele>746.9</ele>
      </trkpt>
      <trkpt lat="43.34872" lon="18.8904">
        <ele>745.3</ele>
      </trkpt>
      <trkpt lat="43.34849" lon="18.89068">
        <ele>742.0</ele>
      </trkpt>
      <trkpt lat="43.34834" lon="18.89084">
        <ele>739.7</ele>
      </trkpt>
      <trkpt lat="43.34821" lon="18.89095">
        <ele>744.3</ele>
      </trkpt>
      <trkpt lat="43.34814" lon="18.89107">
        <ele>745.1</ele>
      </trkpt>
      <trkpt lat="43.34794" lon="18.89148">
        <ele>742.8</ele>
      </trkpt>
      <trkpt lat="43.34782" lon="18.89168">
        <ele>741.0</ele>
      </trkpt>
      <trkpt lat="43.34772" lon="18.89181">
        <ele>742.2</ele>
      </trkpt>
      <trkpt lat="43.34761" lon="18.89194">
        <ele>743.9</ele>
      </trkpt>
      <trkpt lat="43.34752" lon="18.89207">
        <ele>745.0</ele>
      </trkpt>
      <trkpt lat="43.34743" lon="18.89222">
        <ele>744.4</ele>
      </trkpt>
      <trkpt lat="43.34739" lon="18.89236">
        <ele>744.0</ele>
      </trkpt>
      <trkpt lat="43.34736" lon="18.89248">
        <ele>743.6</ele>
      </trkpt>
      <trkpt lat="43.34735" lon="18.89258">
        <ele>743.3</ele>
      </trkpt>
      <trkpt lat="43.34737" lon="18.89272">
        <ele>742.9</ele>
      </trkpt>
      <trkpt lat="43.34743" lon="18.89293">
        <ele>742.3</ele>
      </trkpt>
      <trkpt lat="43.34745" lon="18.89309">
        <ele>741.9</ele>
      </trkpt>
      <trkpt lat="43.34743" lon="18.89335">
        <ele>742.7</ele>
      </trkpt>
      <trkpt lat="43.34739" lon="18.8936">
        <ele>742.0</ele>
      </trkpt>
      <trkpt lat="43.34734" lon="18.89374">
        <ele>742.6</ele>
      </trkpt>
      <trkpt lat="43.34721" lon="18.89398">
        <ele>745.0</ele>
      </trkpt>
      <trkpt lat="43.34706" lon="18.89431">
        <ele>747.3</ele>
      </trkpt>
      <trkpt lat="43.34688" lon="18.89478">
        <ele>749.8</ele>
      </trkpt>
      <trkpt lat="43.34683" lon="18.89496">
        <ele>750.0</ele>
      </trkpt>
      <trkpt lat="43.34681" lon="18.89506">
        <ele>750.7</ele>
      </trkpt>
      <trkpt lat="43.34682" lon="18.89518">
        <ele>751.1</ele>
      </trkpt>
      <trkpt lat="43.34689" lon="18.8954">
        <ele>749.8</ele>
      </trkpt>
      <trkpt lat="43.34692" lon="18.89555">
        <ele>749.4</ele>
      </trkpt>
      <trkpt lat="43.34694" lon="18.89571">
        <ele>749.3</ele>
      </trkpt>
      <trkpt lat="43.3469" lon="18.89612">
        <ele>758.3</ele>
      </trkpt>
      <trkpt lat="43.34691" lon="18.89625">
        <ele>760.9</ele>
      </trkpt>
      <trkpt lat="43.34741" lon="18.89716">
        <ele>758.1</ele>
      </trkpt>
      <trkpt lat="43.34751" lon="18.89732">
        <ele>757.3</ele>
      </trkpt>
      <trkpt lat="43.34761" lon="18.89739">
        <ele>756.0</ele>
      </trkpt>
      <trkpt lat="43.34775" lon="18.89744">
        <ele>752.8</ele>
      </trkpt>
      <trkpt lat="43.34806" lon="18.89745">
        <ele>742.6</ele>
      </trkpt>
      <trkpt lat="43.34823" lon="18.89752">
        <ele>739.0</ele>
      </trkpt>
      <trkpt lat="43.34833" lon="18.89762">
        <ele>737.9</ele>
      </trkpt>
      <trkpt lat="43.34846" lon="18.89778">
        <ele>737.8</ele>
      </trkpt>
      <trkpt lat="43.34864" lon="18.89827">
        <ele>742.1</ele>
      </trkpt>
      <trkpt lat="43.34875" lon="18.89878">
        <ele>748.1</ele>
      </trkpt>
      <trkpt lat="43.34876" lon="18.89908">
        <ele>753.4</ele>
      </trkpt>
      <trkpt lat="43.3488" lon="18.89936">
        <ele>756.6</ele>
      </trkpt>
      <trkpt lat="43.34915" lon="18.90017">
        <ele>753.9</ele>
      </trkpt>
      <trkpt lat="43.34924" lon="18.90044">
        <ele>753.7</ele>
      </trkpt>
      <trkpt lat="43.34927" lon="18.9006">
        <ele>754.8</ele>
      </trkpt>
      <trkpt lat="43.34927" lon="18.90078">
        <ele>758.0</ele>
      </trkpt>
      <trkpt lat="43.34922" lon="18.90123">
        <ele>765.9</ele>
      </trkpt>
      <trkpt lat="43.34919" lon="18.90183">
        <ele>774.2</ele>
      </trkpt>
      <trkpt lat="43.34921" lon="18.90204">
        <ele>776.4</ele>
      </trkpt>
      <trkpt lat="43.34926" lon="18.90226">
        <ele>777.5</ele>
      </trkpt>
      <trkpt lat="43.34935" lon="18.90244">
        <ele>776.5</ele>
      </trkpt>
      <trkpt lat="43.34945" lon="18.90256">
        <ele>775.4</ele>
      </trkpt>
      <trkpt lat="43.34957" lon="18.90266">
        <ele>773.6</ele>
      </trkpt>
      <trkpt lat="43.34976" lon="18.90273">
        <ele>767.9</ele>
      </trkpt>
      <trkpt lat="43.34984" lon="18.90277">
        <ele>765.8</ele>
      </trkpt>
      <trkpt lat="43.34991" lon="18.90285">
        <ele>765.3</ele>
      </trkpt>
      <trkpt lat="43.34996" lon="18.90294">
        <ele>765.9</ele>
      </trkpt>
      <trkpt lat="43.35001" lon="18.90313">
        <ele>769.5</ele>
      </trkpt>
      <trkpt lat="43.35006" lon="18.90346">
        <ele>776.5</ele>
      </trkpt>
      <trkpt lat="43.35011" lon="18.90358">
        <ele>777.4</ele>
      </trkpt>
      <trkpt lat="43.35018" lon="18.90368">
        <ele>777.0</ele>
      </trkpt>
      <trkpt lat="43.35037" lon="18.90389">
        <ele>774.9</ele>
      </trkpt>
      <trkpt lat="43.35057" lon="18.90406">
        <ele>771.8</ele>
      </trkpt>
      <trkpt lat="43.35091" lon="18.90433">
        <ele>767.2</ele>
      </trkpt>
      <trkpt lat="43.35108" lon="18.90451">
        <ele>768.0</ele>
      </trkpt>
      <trkpt lat="43.35157" lon="18.9052">
        <ele>767.9</ele>
      </trkpt>
      <trkpt lat="43.35176" lon="18.90553">
        <ele>766.8</ele>
      </trkpt>
      <trkpt lat="43.35177" lon="18.90565">
        <ele>767.5</ele>
      </trkpt>
      <trkpt lat="43.35182" lon="18.90589">
        <ele>768.7</ele>
      </trkpt>
      <trkpt lat="43.35185" lon="18.90646">
        <ele>778.3</ele>
      </trkpt>
      <trkpt lat="43.35187" lon="18.90663">
        <ele>780.5</ele>
      </trkpt>
      <trkpt lat="43.35188" lon="18.90671">
        <ele>781.6</ele>
      </trkpt>
      <trkpt lat="43.35192" lon="18.90679">
        <ele>781.6</ele>
      </trkpt>
      <trkpt lat="43.35202" lon="18.90689">
        <ele>779.4</ele>
      </trkpt>
      <trkpt lat="43.35206" lon="18.90696">
        <ele>779.0</ele>
      </trkpt>
      <trkpt lat="43.3521" lon="18.90711">
        <ele>780.0</ele>
      </trkpt>
      <trkpt lat="43.35215" lon="18.90746">
        <ele>783.9</ele>
      </trkpt>
      <trkpt lat="43.35217" lon="18.90767">
        <ele>787.4</ele>
      </trkpt>
      <trkpt lat="43.35222" lon="18.90787">
        <ele>790.0</ele>
      </trkpt>
      <trkpt lat="43.35236" lon="18.90813">
        <ele>791.6</ele>
      </trkpt>
      <trkpt lat="43.35252" lon="18.9084">
        <ele>792.5</ele>
      </trkpt>
      <trkpt lat="43.35262" lon="18.9086">
        <ele>789.8</ele>
      </trkpt>
      <trkpt lat="43.35264" lon="18.90868">
        <ele>789.4</ele>
      </trkpt>
      <trkpt lat="43.35263" lon="18.90878">
        <ele>790.0</ele>
      </trkpt>
      <trkpt lat="43.35261" lon="18.90885">
        <ele>790.8</ele>
      </trkpt>
      <trkpt lat="43.35256" lon="18.90894">
        <ele>792.6</ele>
      </trkpt>
      <trkpt lat="43.35246" lon="18.90907">
        <ele>795.9</ele>
      </trkpt>
      <trkpt lat="43.35226" lon="18.90928">
        <ele>801.0</ele>
      </trkpt>
      <trkpt lat="43.35217" lon="18.9094">
        <ele>802.9</ele>
      </trkpt>
      <trkpt lat="43.35198" lon="18.90974">
        <ele>806.8</ele>
      </trkpt>
      <trkpt lat="43.35194" lon="18.90984">
        <ele>807.5</ele>
      </trkpt>
      <trkpt lat="43.35193" lon="18.90995">
        <ele>807.3</ele>
      </trkpt>
      <trkpt lat="43.35194" lon="18.91029">
        <ele>805.0</ele>
      </trkpt>
      <trkpt lat="43.35193" lon="18.91041">
        <ele>804.5</ele>
      </trkpt>
      <trkpt lat="43.35186" lon="18.91054">
        <ele>806.2</ele>
      </trkpt>
      <trkpt lat="43.3517" lon="18.91072">
        <ele>811.2</ele>
      </trkpt>
      <trkpt lat="43.35163" lon="18.91082">
        <ele>814.5</ele>
      </trkpt>
      <trkpt lat="43.35157" lon="18.91107">
        <ele>816.0</ele>
      </trkpt>
      <trkpt lat="43.35154" lon="18.91114">
        <ele>817.2</ele>
      </trkpt>
      <trkpt lat="43.35148" lon="18.91122">
        <ele>820.2</ele>
      </trkpt>
      <trkpt lat="43.3514" lon="18.9113">
        <ele>824.4</ele>
      </trkpt>
      <trkpt lat="43.35133" lon="18.91143">
        <ele>827.2</ele>
      </trkpt>
      <trkpt lat="43.35102" lon="18.91234">
        <ele>828.6</ele>
      </trkpt>
      <trkpt lat="43.35093" lon="18.91255">
        <ele>828.9</ele>
      </trkpt>
      <trkpt lat="43.35087" lon="18.91266">
        <ele>828.9</ele>
      </trkpt>
      <trkpt lat="43.35077" lon="18.91277">
        <ele>830.4</ele>
      </trkpt>
      <trkpt lat="43.35051" lon="18.913">
        <ele>833.3</ele>
      </trkpt>
      <trkpt lat="43.3502" lon="18.91319">
        <ele>837.4</ele>
      </trkpt>
      <trkpt lat="43.34982" lon="18.91327">
        <ele>843.5</ele>
      </trkpt>
      <trkpt lat="43.34971" lon="18.91332">
        <ele>842.5</ele>
      </trkpt>
      <trkpt lat="43.3496" lon="18.9134">
        <ele>840.7</ele>
      </trkpt>
      <trkpt lat="43.34948" lon="18.91343">
        <ele>841.1</ele>
      </trkpt>
      <trkpt lat="43.34927" lon="18.9134">
        <ele>845.1</ele>
      </trkpt>
      <trkpt lat="43.3491" lon="18.91341">
        <ele>849.1</ele>
      </trkpt>
      <trkpt lat="43.34869" lon="18.91357">
        <ele>859.6</ele>
      </trkpt>
      <trkpt lat="43.34852" lon="18.91369">
        <ele>860.6</ele>
      </trkpt>
      <trkpt lat="43.34809" lon="18.91408">
        <ele>858.0</ele>
      </trkpt>
      <trkpt lat="43.34781" lon="18.91429">
        <ele>861.7</ele>
      </trkpt>
      <trkpt lat="43.34756" lon="18.91442">
        <ele>868.5</ele>
      </trkpt>
      <trkpt lat="43.34725" lon="18.9145">
        <ele>877.4</ele>
      </trkpt>
      <trkpt lat="43.34709" lon="18.91456">
        <ele>880.7</ele>
      </trkpt>
      <trkpt lat="43.34692" lon="18.91465">
        <ele>883.0</ele>
      </trkpt>
      <trkpt lat="43.34671" lon="18.91484">
        <ele>881.8</ele>
      </trkpt>
      <trkpt lat="43.34649" lon="18.91512">
        <ele>880.0</ele>
      </trkpt>
      <trkpt lat="43.34642" lon="18.91519">
        <ele>880.9</ele>
      </trkpt>
      <trkpt lat="43.34638" lon="18.91521">
        <ele>882.1</ele>
      </trkpt>
      <trkpt lat="43.34634" lon="18.91522">
        <ele>883.5</ele>
      </trkpt>
      <trkpt lat="43.34632" lon="18.91521">
        <ele>884.7</ele>
      </trkpt>
      <trkpt lat="43.3463" lon="18.91517">
        <ele>886.7</ele>
      </trkpt>
      <trkpt lat="43.3463" lon="18.91512">
        <ele>888.2</ele>
      </trkpt>
      <trkpt lat="43.34632" lon="18.91504">
        <ele>889.8</ele>
      </trkpt>
      <trkpt lat="43.34635" lon="18.91496">
        <ele>891.5</ele>
      </trkpt>
      <trkpt lat="43.3466" lon="18.91462">
        <ele>896.3</ele>
      </trkpt>
      <trkpt lat="43.34679" lon="18.91437">
        <ele>900.0</ele>
      </trkpt>
      <trkpt lat="43.34703" lon="18.91419">
        <ele>898.6</ele>
      </trkpt>
      <trkpt lat="43.34747" lon="18.914">
        <ele>890.9</ele>
      </trkpt>
      <trkpt lat="43.34778" lon="18.9138">
        <ele>887.4</ele>
      </trkpt>
      <trkpt lat="43.34804" lon="18.91353">
        <ele>889.8</ele>
      </trkpt>
      <trkpt lat="43.34825" lon="18.91319">
        <ele>899.0</ele>
      </trkpt>
      <trkpt lat="43.34834" lon="18.91302">
        <ele>905.1</ele>
      </trkpt>
      <trkpt lat="43.34839" lon="18.91288">
        <ele>911.2</ele>
      </trkpt>
      <trkpt lat="43.34849" lon="18.91275">
        <ele>914.5</ele>
      </trkpt>
      <trkpt lat="43.34877" lon="18.91255">
        <ele>914.6</ele>
      </trkpt>
      <trkpt lat="43.34893" lon="18.91247">
        <ele>912.7</ele>
      </trkpt>
      <trkpt lat="43.34902" lon="18.91241">
        <ele>912.6</ele>
      </trkpt>
      <trkpt lat="43.34908" lon="18.91235">
        <ele>913.8</ele>
      </trkpt>
      <trkpt lat="43.34912" lon="18.9123">
        <ele>915.3</ele>
      </trkpt>
      <trkpt lat="43.3492" lon="18.91225">
        <ele>915.4</ele>
      </trkpt>
      <trkpt lat="43.34952" lon="18.91212">
        <ele>910.3</ele>
      </trkpt>
      <trkpt lat="43.34967" lon="18.91203">
        <ele>908.3</ele>
      </trkpt>
      <trkpt lat="43.34973" lon="18.91197">
        <ele>908.4</ele>
      </trkpt>
      <trkpt lat="43.34976" lon="18.91189">
        <ele>910.5</ele>
      </trkpt>
      <trkpt lat="43.34978" lon="18.91166">
        <ele>919.2</ele>
      </trkpt>
      <trkpt lat="43.34978" lon="18.91156">
        <ele>919.4</ele>
      </trkpt>
      <trkpt lat="43.34975" lon="18.91148">
        <ele>921.2</ele>
      </trkpt>
      <trkpt lat="43.34957" lon="18.91106">
        <ele>930.2</ele>
      </trkpt>
      <trkpt lat="43.34952" lon="18.91096">
        <ele>932.4</ele>
      </trkpt>
      <trkpt lat="43.34941" lon="18.91085">
        <ele>936.8</ele>
      </trkpt>
      <trkpt lat="43.34915" lon="18.91064">
        <ele>944.4</ele>
      </trkpt>
      <trkpt lat="43.34898" lon="18.91042">
        <ele>949.1</ele>
      </trkpt>
      <trkpt lat="43.3487" lon="18.9101">
        <ele>958.2</ele>
      </trkpt>
      <trkpt lat="43.34864" lon="18.91001">
        <ele>960.0</ele>
      </trkpt>
      <trkpt lat="43.34862" lon="18.90993">
        <ele>961.4</ele>
      </trkpt>
      <trkpt lat="43.34861" lon="18.90981">
        <ele>962.7</ele>
      </trkpt>
      <trkpt lat="43.34862" lon="18.90973">
        <ele>962.9</ele>
      </trkpt>
      <trkpt lat="43.34868" lon="18.90955">
        <ele>961.6</ele>
      </trkpt>
      <trkpt lat="43.34877" lon="18.90935">
        <ele>959.8</ele>
      </trkpt>
      <trkpt lat="43.34889" lon="18.90922">
        <ele>956.9</ele>
      </trkpt>
      <trkpt lat="43.34896" lon="18.90918">
        <ele>955.0</ele>
      </trkpt>
      <trkpt lat="43.34904" lon="18.90916">
        <ele>952.5</ele>
      </trkpt>
      <trkpt lat="43.34917" lon="18.90918">
        <ele>947.6</ele>
      </trkpt>
      <trkpt lat="43.34925" lon="18.9092">
        <ele>944.7</ele>
      </trkpt>
      <trkpt lat="43.34932" lon="18.90918">
        <ele>942.8</ele>
      </trkpt>
      <trkpt lat="43.34935" lon="18.90914">
        <ele>942.1</ele>
      </trkpt>
      <trkpt lat="43.34939" lon="18.90906">
        <ele>940.7</ele>
      </trkpt>
      <trkpt lat="43.34942" lon="18.90893">
        <ele>939.2</ele>
      </trkpt>
      <trkpt lat="43.34943" lon="18.90883">
        <ele>938.4</ele>
      </trkpt>
      <trkpt lat="43.34942" lon="18.90869">
        <ele>938.6</ele>
      </trkpt>
      <trkpt lat="43.34934" lon="18.90846">
        <ele>944.4</ele>
      </trkpt>
      <trkpt lat="43.34922" lon="18.90821">
        <ele>950.8</ele>
      </trkpt>
      <trkpt lat="43.34909" lon="18.90801">
        <ele>951.7</ele>
      </trkpt>
      <trkpt lat="43.34881" lon="18.9076">
        <ele>957.1</ele>
      </trkpt>
      <trkpt lat="43.34863" lon="18.90727">
        <ele>959.1</ele>
      </trkpt>
      <trkpt lat="43.3484" lon="18.90701">
        <ele>966.6</ele>
      </trkpt>
      <trkpt lat="43.34816" lon="18.90684">
        <ele>973.3</ele>
      </trkpt>
      <trkpt lat="43.34805" lon="18.90675">
        <ele>976.1</ele>
      </trkpt>
      <trkpt lat="43.34795" lon="18.90662">
        <ele>977.3</ele>
      </trkpt>
      <trkpt lat="43.34786" lon="18.90654">
        <ele>979.2</ele>
      </trkpt>
      <trkpt lat="43.34773" lon="18.90646">
        <ele>983.9</ele>
      </trkpt>
      <trkpt lat="43.3476" lon="18.90635">
        <ele>988.4</ele>
      </trkpt>
      <trkpt lat="43.34751" lon="18.90624">
        <ele>991.1</ele>
      </trkpt>
      <trkpt lat="43.34738" lon="18.90601">
        <ele>989.7</ele>
      </trkpt>
      <trkpt lat="43.34723" lon="18.90581">
        <ele>991.2</ele>
      </trkpt>
      <trkpt lat="43.34714" lon="18.90564">
        <ele>989.2</ele>
      </trkpt>
      <trkpt lat="43.34697" lon="18.90544">
        <ele>992.1</ele>
      </trkpt>
      <trkpt lat="43.34655" lon="18.90504">
        <ele>1007.3</ele>
      </trkpt>
      <trkpt lat="43.34647" lon="18.90495">
        <ele>1008.9</ele>
      </trkpt>
      <trkpt lat="43.34644" lon="18.90486">
        <ele>1008.8</ele>
      </trkpt>
      <trkpt lat="43.34641" lon="18.90459">
        <ele>1006.8</ele>
      </trkpt>
      <trkpt lat="43.34638" lon="18.9045">
        <ele>1007.2</ele>
      </trkpt>
      <trkpt lat="43.34618" lon="18.90413">
        <ele>1015.0</ele>
      </trkpt>
      <trkpt lat="43.34612" lon="18.90395">
        <ele>1018.1</ele>
      </trkpt>
      <trkpt lat="43.34608" lon="18.90365">
        <ele>1020.0</ele>
      </trkpt>
      <trkpt lat="43.34607" lon="18.9035">
        <ele>1020.3</ele>
      </trkpt>
      <trkpt lat="43.34608" lon="18.90336">
        <ele>1019.5</ele>
      </trkpt>
      <trkpt lat="43.34612" lon="18.9031">
        <ele>1016.1</ele>
      </trkpt>
      <trkpt lat="43.34614" lon="18.90288">
        <ele>1013.9</ele>
      </trkpt>
      <trkpt lat="43.34613" lon="18.9027">
        <ele>1013.7</ele>
      </trkpt>
      <trkpt lat="43.34602" lon="18.90221">
        <ele>1017.2</ele>
      </trkpt>
      <trkpt lat="43.34593" lon="18.90191">
        <ele>1021.2</ele>
      </trkpt>
      <trkpt lat="43.34587" lon="18.90176">
        <ele>1024.7</ele>
      </trkpt>
      <trkpt lat="43.34577" lon="18.90165">
        <ele>1028.7</ele>
      </trkpt>
      <trkpt lat="43.34566" lon="18.90148">
        <ele>1030.0</ele>
      </trkpt>
      <trkpt lat="43.3456" lon="18.90136">
        <ele>1030.4</ele>
      </trkpt>
      <trkpt lat="43.34557" lon="18.90123">
        <ele>1029.7</ele>
      </trkpt>
      <trkpt lat="43.34551" lon="18.90108">
        <ele>1029.5</ele>
      </trkpt>
      <trkpt lat="43.34541" lon="18.90099">
        <ele>1031.2</ele>
      </trkpt>
      <trkpt lat="43.34528" lon="18.90092">
        <ele>1033.7</ele>
      </trkpt>
      <trkpt lat="43.34504" lon="18.9009">
        <ele>1039.9</ele>
      </trkpt>
      <trkpt lat="43.34483" lon="18.90091">
        <ele>1043.3</ele>
      </trkpt>
      <trkpt lat="43.34473" lon="18.90088">
        <ele>1044.2</ele>
      </trkpt>
      <trkpt lat="43.34466" lon="18.90082">
        <ele>1044.4</ele>
      </trkpt>
      <trkpt lat="43.34449" lon="18.90047">
        <ele>1044.8</ele>
      </trkpt>
      <trkpt lat="43.34442" lon="18.90037">
        <ele>1044.7</ele>
      </trkpt>
      <trkpt lat="43.34436" lon="18.90032">
        <ele>1044.8</ele>
      </trkpt>
      <trkpt lat="43.34427" lon="18.90029">
        <ele>1045.1</ele>
      </trkpt>
      <trkpt lat="43.34396" lon="18.90026">
        <ele>1048.5</ele>
      </trkpt>
      <trkpt lat="43.34386" lon="18.90024">
        <ele>1049.8</ele>
      </trkpt>
      <trkpt lat="43.34379" lon="18.90019">
        <ele>1050.4</ele>
      </trkpt>
      <trkpt lat="43.34373" lon="18.9001">
        <ele>1050.3</ele>
      </trkpt>
      <trkpt lat="43.34355" lon="18.89969">
        <ele>1049.1</ele>
      </trkpt>
      <trkpt lat="43.34348" lon="18.89959">
        <ele>1048.8</ele>
      </trkpt>
      <trkpt lat="43.34342" lon="18.89955">
        <ele>1048.9</ele>
      </trkpt>
      <trkpt lat="43.34332" lon="18.89951">
        <ele>1049.3</ele>
      </trkpt>
      <trkpt lat="43.34319" lon="18.8995">
        <ele>1050.4</ele>
      </trkpt>
      <trkpt lat="43.34305" lon="18.89953">
        <ele>1052.1</ele>
      </trkpt>
      <trkpt lat="43.34295" lon="18.89958">
        <ele>1053.6</ele>
      </trkpt>
      <trkpt lat="43.34284" lon="18.8996">
        <ele>1054.9</ele>
      </trkpt>
      <trkpt lat="43.34276" lon="18.89959">
        <ele>1055.6</ele>
      </trkpt>
      <trkpt lat="43.3427" lon="18.89954">
        <ele>1055.6</ele>
      </trkpt>
      <trkpt lat="43.34265" lon="18.89947">
        <ele>1055.4</ele>
      </trkpt>
      <trkpt lat="43.34255" lon="18.89922">
        <ele>1054.0</ele>
      </trkpt>
      <trkpt lat="43.34248" lon="18.89915">
        <ele>1054.0</ele>
      </trkpt>
      <trkpt lat="43.34241" lon="18.8991">
        <ele>1053.8</ele>
      </trkpt>
      <trkpt lat="43.34222" lon="18.89905">
        <ele>1053.7</ele>
      </trkpt>
      <trkpt lat="43.34202" lon="18.89902">
        <ele>1053.6</ele>
      </trkpt>
      <trkpt lat="43.3419" lon="18.89895">
        <ele>1053.5</ele>
      </trkpt>
      <trkpt lat="43.34182" lon="18.89889">
        <ele>1053.3</ele>
      </trkpt>
      <trkpt lat="43.34144" lon="18.89831">
        <ele>1052.6</ele>
      </trkpt>
      <trkpt lat="43.34138" lon="18.89823">
        <ele>1053.0</ele>
      </trkpt>
      <trkpt lat="43.3413" lon="18.89819">
        <ele>1053.3</ele>
      </trkpt>
      <trkpt lat="43.34107" lon="18.89813">
        <ele>1054.1</ele>
      </trkpt>
      <trkpt lat="43.34093" lon="18.89807">
        <ele>1054.7</ele>
      </trkpt>
      <trkpt lat="43.34082" lon="18.89791">
        <ele>1055.6</ele>
      </trkpt>
      <trkpt lat="43.34068" lon="18.89765">
        <ele>1056.7</ele>
      </trkpt>
      <trkpt lat="43.3406" lon="18.89753">
        <ele>1057.0</ele>
      </trkpt>
      <trkpt lat="43.34055" lon="18.89749">
        <ele>1057.0</ele>
      </trkpt>
      <trkpt lat="43.34049" lon="18.89748">
        <ele>1057.0</ele>
      </trkpt>
      <trkpt lat="43.34039" lon="18.8975">
        <ele>1057.0</ele>
      </trkpt>
      <trkpt lat="43.34019" lon="18.8976">
        <ele>1057.2</ele>
      </trkpt>
      <trkpt lat="43.33987" lon="18.8977">
        <ele>1057.8</ele>
      </trkpt>
      <trkpt lat="43.33932" lon="18.89776">
        <ele>1058.2</ele>
      </trkpt>
      <trkpt lat="43.339" lon="18.89774">
        <ele>1057.8</ele>
      </trkpt>
      <trkpt lat="43.33889" lon="18.8977">
        <ele>1057.3</ele>
      </trkpt>
      <trkpt lat="43.33882" lon="18.89764">
        <ele>1056.8</ele>
      </trkpt>
      <trkpt lat="43.3386" lon="18.89739">
        <ele>1056.3</ele>
      </trkpt>
      <trkpt lat="43.33849" lon="18.89732">
        <ele>1056.5</ele>
      </trkpt>
      <trkpt lat="43.33813" lon="18.89721">
        <ele>1058.0</ele>
      </trkpt>
      <trkpt lat="43.33808" lon="18.89717">
        <ele>1058.4</ele>
      </trkpt>
      <trkpt lat="43.33802" lon="18.89709">
        <ele>1058.7</ele>
      </trkpt>
      <trkpt lat="43.33785" lon="18.89682">
        <ele>1058.9</ele>
      </trkpt>
      <trkpt lat="43.33777" lon="18.89675">
        <ele>1058.5</ele>
      </trkpt>
      <trkpt lat="43.33751" lon="18.89662">
        <ele>1056.8</ele>
      </trkpt>
      <trkpt lat="43.33746" lon="18.89657">
        <ele>1057.1</ele>
      </trkpt>
      <trkpt lat="43.33734" lon="18.89638">
        <ele>1057.7</ele>
      </trkpt>
      <trkpt lat="43.33728" lon="18.89631">
        <ele>1058.0</ele>
      </trkpt>
      <trkpt lat="43.3372" lon="18.89626">
        <ele>1058.7</ele>
      </trkpt>
      <trkpt lat="43.33711" lon="18.89623">
        <ele>1059.5</ele>
      </trkpt>
      <trkpt lat="43.33685" lon="18.89621">
        <ele>1062.4</ele>
      </trkpt>
      <trkpt lat="43.33658" lon="18.89628">
        <ele>1066.0</ele>
      </trkpt>
      <trkpt lat="43.33633" lon="18.89641">
        <ele>1069.2</ele>
      </trkpt>
      <trkpt lat="43.33616" lon="18.89646">
        <ele>1070.9</ele>
      </trkpt>
      <trkpt lat="43.33602" lon="18.89646">
        <ele>1071.8</ele>
      </trkpt>
      <trkpt lat="43.33588" lon="18.89645">
        <ele>1072.6</ele>
      </trkpt>
      <trkpt lat="43.33569" lon="18.89639">
        <ele>1073.5</ele>
      </trkpt>
      <trkpt lat="43.33488" lon="18.89604">
        <ele>1076.6</ele>
      </trkpt>
      <trkpt lat="43.33468" lon="18.896">
        <ele>1077.4</ele>
      </trkpt>
      <trkpt lat="43.33411" lon="18.89603">
        <ele>1080.8</ele>
      </trkpt>
      <trkpt lat="43.33403" lon="18.896">
        <ele>1081.1</ele>
      </trkpt>
      <trkpt lat="43.33389" lon="18.89587">
        <ele>1081.7</ele>
      </trkpt>
      <trkpt lat="43.33353" lon="18.89556">
        <ele>1083.3</ele>
      </trkpt>
      <trkpt lat="43.33323" lon="18.89538">
        <ele>1085.1</ele>
      </trkpt>
      <trkpt lat="43.33308" lon="18.89526">
        <ele>1086.1</ele>
      </trkpt>
      <trkpt lat="43.3328" lon="18.89497">
        <ele>1088.6</ele>
      </trkpt>
      <trkpt lat="43.33239" lon="18.89454">
        <ele>1093.1</ele>
      </trkpt>
      <trkpt lat="43.33239" lon="18.89454">
        <ele>1093.1</ele>
      </trkpt>
      <trkpt lat="43.33203" lon="18.89417">
        <ele>1096.2</ele>
      </trkpt>
      <trkpt lat="43.33194" lon="18.89409">
        <ele>1096.8</ele>
      </trkpt>
      <trkpt lat="43.33183" lon="18.89406">
        <ele>1097.4</ele>
      </trkpt>
      <trkpt lat="43.33171" lon="18.89406">
        <ele>1098.0</ele>
      </trkpt>
      <trkpt lat="43.33152" lon="18.89411">
        <ele>1098.7</ele>
      </trkpt>
      <trkpt lat="43.33112" lon="18.89416">
        <ele>1100.0</ele>
      </trkpt>
      <trkpt lat="43.33095" lon="18.8942">
        <ele>1100.3</ele>
      </trkpt>
      <trkpt lat="43.33071" lon="18.89428">
        <ele>1101.4</ele>
      </trkpt>
      <trkpt lat="43.33057" lon="18.8943">
        <ele>1102.7</ele>
      </trkpt>
      <trkpt lat="43.33023" lon="18.8943">
        <ele>1106.2</ele>
      </trkpt>
      <trkpt lat="43.32967" lon="18.89437">
        <ele>1105.8</ele>
      </trkpt>
      <trkpt lat="43.32953" lon="18.89436">
        <ele>1104.8</ele>
      </trkpt>
      <trkpt lat="43.32939" lon="18.89427">
        <ele>1104.1</ele>
      </trkpt>
      <trkpt lat="43.32929" lon="18.89418">
        <ele>1103.8</ele>
      </trkpt>
      <trkpt lat="43.32903" lon="18.89388">
        <ele>1103.7</ele>
      </trkpt>
      <trkpt lat="43.32864" lon="18.89354">
        <ele>1101.0</ele>
      </trkpt>
      <trkpt lat="43.32841" lon="18.89329">
        <ele>1099.6</ele>
      </trkpt>
      <trkpt lat="43.32829" lon="18.89313">
        <ele>1099.7</ele>
      </trkpt>
      <trkpt lat="43.32802" lon="18.89267">
        <ele>1100.4</ele>
      </trkpt>
      <trkpt lat="43.32765" lon="18.89219">
        <ele>1099.5</ele>
      </trkpt>
      <trkpt lat="43.3274" lon="18.89191">
        <ele>1100.2</ele>
      </trkpt>
      <trkpt lat="43.32717" lon="18.8917">
        <ele>1100.2</ele>
      </trkpt>
      <trkpt lat="43.32702" lon="18.89158">
        <ele>1100.4</ele>
      </trkpt>
      <trkpt lat="43.32692" lon="18.89153">
        <ele>1100.2</ele>
      </trkpt>
      <trkpt lat="43.32684" lon="18.89152">
        <ele>1099.5</ele>
      </trkpt>
      <trkpt lat="43.32668" lon="18.89154">
        <ele>1097.4</ele>
      </trkpt>
      <trkpt lat="43.3266" lon="18.89154">
        <ele>1097.2</ele>
      </trkpt>
      <trkpt lat="43.3264" lon="18.89143">
        <ele>1098.5</ele>
      </trkpt>
      <trkpt lat="43.32613" lon="18.89126">
        <ele>1099.2</ele>
      </trkpt>
      <trkpt lat="43.32608" lon="18.89125">
        <ele>1099.0</ele>
      </trkpt>
      <trkpt lat="43.32604" lon="18.89127">
        <ele>1098.6</ele>
      </trkpt>
      <trkpt lat="43.32599" lon="18.89131">
        <ele>1098.1</ele>
      </trkpt>
      <trkpt lat="43.32594" lon="18.89138">
        <ele>1097.4</ele>
      </trkpt>
      <trkpt lat="43.32591" lon="18.89146">
        <ele>1096.9</ele>
      </trkpt>
      <trkpt lat="43.32589" lon="18.89156">
        <ele>1096.4</ele>
      </trkpt>
      <trkpt lat="43.32589" lon="18.8917">
        <ele>1096.2</ele>
      </trkpt>
      <trkpt lat="43.3259" lon="18.89189">
        <ele>1097.7</ele>
      </trkpt>
      <trkpt lat="43.32595" lon="18.89218">
        <ele>1099.8</ele>
      </trkpt>
      <trkpt lat="43.32596" lon="18.89233">
        <ele>1100.9</ele>
      </trkpt>
      <trkpt lat="43.32596" lon="18.8924">
        <ele>1101.5</ele>
      </trkpt>
      <trkpt lat="43.32594" lon="18.89246">
        <ele>1102.0</ele>
      </trkpt>
      <trkpt lat="43.32592" lon="18.89249">
        <ele>1102.4</ele>
      </trkpt>
      <trkpt lat="43.32586" lon="18.89252">
        <ele>1102.9</ele>
      </trkpt>
      <trkpt lat="43.32579" lon="18.89254">
        <ele>1103.5</ele>
      </trkpt>
      <trkpt lat="43.32563" lon="18.89253">
        <ele>1104.8</ele>
      </trkpt>
      <trkpt lat="43.32553" lon="18.89255">
        <ele>1105.7</ele>
      </trkpt>
      <trkpt lat="43.3254" lon="18.89262">
        <ele>1106.8</ele>
      </trkpt>
      <trkpt lat="43.32485" lon="18.89299">
        <ele>1110.8</ele>
      </trkpt>
      <trkpt lat="43.32445" lon="18.89322">
        <ele>1114.8</ele>
      </trkpt>
      <trkpt lat="43.32404" lon="18.89335">
        <ele>1118.5</ele>
      </trkpt>
      <trkpt lat="43.32365" lon="18.89361">
        <ele>1120.3</ele>
      </trkpt>
      <trkpt lat="43.32323" lon="18.89403">
        <ele>1125.0</ele>
      </trkpt>
      <trkpt lat="43.32313" lon="18.89417">
        <ele>1126.4</ele>
      </trkpt>
      <trkpt lat="43.3229" lon="18.8945">
        <ele>1126.4</ele>
      </trkpt>
      <trkpt lat="43.3228" lon="18.89461">
        <ele>1127.4</ele>
      </trkpt>
      <trkpt lat="43.32262" lon="18.89475">
        <ele>1130.2</ele>
      </trkpt>
      <trkpt lat="43.32249" lon="18.89486">
        <ele>1132.8</ele>
      </trkpt>
      <trkpt lat="43.32229" lon="18.89509">
        <ele>1134.9</ele>
      </trkpt>
      <trkpt lat="43.32215" lon="18.89537">
        <ele>1134.9</ele>
      </trkpt>
      <trkpt lat="43.32207" lon="18.89555">
        <ele>1135.1</ele>
      </trkpt>
      <trkpt lat="43.32198" lon="18.89563">
        <ele>1136.5</ele>
      </trkpt>
      <trkpt lat="43.32176" lon="18.8957">
        <ele>1141.1</ele>
      </trkpt>
      <trkpt lat="43.32163" lon="18.89578">
        <ele>1144.1</ele>
      </trkpt>
      <trkpt lat="43.32145" lon="18.89595">
        <ele>1148.1</ele>
      </trkpt>
      <trkpt lat="43.32139" lon="18.89604">
        <ele>1149.1</ele>
      </trkpt>
      <trkpt lat="43.32133" lon="18.89617">
        <ele>1149.7</ele>
      </trkpt>
      <trkpt lat="43.32128" lon="18.89622">
        <ele>1150.7</ele>
      </trkpt>
      <trkpt lat="43.3212" lon="18.89625">
        <ele>1152.6</ele>
      </trkpt>
      <trkpt lat="43.32101" lon="18.89626">
        <ele>1157.6</ele>
      </trkpt>
      <trkpt lat="43.32094" lon="18.89627">
        <ele>1159.5</ele>
      </trkpt>
      <trkpt lat="43.32089" lon="18.89633">
        <ele>1160.3</ele>
      </trkpt>
      <trkpt lat="43.32078" lon="18.89653">
        <ele>1161.9</ele>
      </trkpt>
      <trkpt lat="43.32071" lon="18.89669">
        <ele>1163.3</ele>
      </trkpt>
      <trkpt lat="43.3207" lon="18.89679">
        <ele>1163.7</ele>
      </trkpt>
      <trkpt lat="43.32071" lon="18.89689">
        <ele>1163.5</ele>
      </trkpt>
      <trkpt lat="43.32082" lon="18.89722">
        <ele>1160.7</ele>
      </trkpt>
      <trkpt lat="43.32083" lon="18.89737">
        <ele>1160.8</ele>
      </trkpt>
      <trkpt lat="43.3208" lon="18.89752">
        <ele>1161.6</ele>
      </trkpt>
      <trkpt lat="43.3207" lon="18.8977">
        <ele>1162.6</ele>
      </trkpt>
      <trkpt lat="43.32058" lon="18.89781">
        <ele>1164.8</ele>
      </trkpt>
      <trkpt lat="43.32048" lon="18.89785">
        <ele>1167.1</ele>
      </trkpt>
      <trkpt lat="43.32039" lon="18.89784">
        <ele>1169.4</ele>
      </trkpt>
      <trkpt lat="43.32027" lon="18.89776">
        <ele>1173.0</ele>
      </trkpt>
      <trkpt lat="43.32014" lon="18.89771">
        <ele>1176.5</ele>
      </trkpt>
      <trkpt lat="43.32004" lon="18.89771">
        <ele>1179.0</ele>
      </trkpt>
      <trkpt lat="43.31991" lon="18.89777">
        <ele>1180.8</ele>
      </trkpt>
      <trkpt lat="43.31947" lon="18.89801">
        <ele>1185.3</ele>
      </trkpt>
      <trkpt lat="43.31938" lon="18.89807">
        <ele>1186.2</ele>
      </trkpt>
      <trkpt lat="43.31931" lon="18.89816">
        <ele>1186.8</ele>
      </trkpt>
      <trkpt lat="43.31927" lon="18.89826">
        <ele>1186.9</ele>
      </trkpt>
      <trkpt lat="43.31907" lon="18.89896">
        <ele>1187.6</ele>
      </trkpt>
      <trkpt lat="43.319" lon="18.89915">
        <ele>1187.4</ele>
      </trkpt>
      <trkpt lat="43.31878" lon="18.89957">
        <ele>1187.9</ele>
      </trkpt>
      <trkpt lat="43.3184" lon="18.90055">
        <ele>1193.9</ele>
      </trkpt>
      <trkpt lat="43.31833" lon="18.90068">
        <ele>1195.5</ele>
      </trkpt>
      <trkpt lat="43.31824" lon="18.90077">
        <ele>1196.9</ele>
      </trkpt>
      <trkpt lat="43.3181" lon="18.90085">
        <ele>1198.4</ele>
      </trkpt>
      <trkpt lat="43.31777" lon="18.90098">
        <ele>1201.1</ele>
      </trkpt>
      <trkpt lat="43.31773" lon="18.90101">
        <ele>1201.5</ele>
      </trkpt>
      <trkpt lat="43.31769" lon="18.90107">
        <ele>1202.1</ele>
      </trkpt>
      <trkpt lat="43.31764" lon="18.90116">
        <ele>1202.9</ele>
      </trkpt>
      <trkpt lat="43.31756" lon="18.90148">
        <ele>1205.1</ele>
      </trkpt>
      <trkpt lat="43.31753" lon="18.90155">
        <ele>1205.4</ele>
      </trkpt>
      <trkpt lat="43.31745" lon="18.90166">
        <ele>1205.9</ele>
      </trkpt>
      <trkpt lat="43.31735" lon="18.90172">
        <ele>1205.8</ele>
      </trkpt>
      <trkpt lat="43.31723" lon="18.90175">
        <ele>1205.6</ele>
      </trkpt>
      <trkpt lat="43.31712" lon="18.90174">
        <ele>1205.3</ele>
      </trkpt>
      <trkpt lat="43.31706" lon="18.90171">
        <ele>1205.3</ele>
      </trkpt>
      <trkpt lat="43.317" lon="18.90166">
        <ele>1205.4</ele>
      </trkpt>
      <trkpt lat="43.31692" lon="18.90156">
        <ele>1205.2</ele>
      </trkpt>
      <trkpt lat="43.31687" lon="18.90144">
        <ele>1205.1</ele>
      </trkpt>
      <trkpt lat="43.31683" lon="18.90131">
        <ele>1205.1</ele>
      </trkpt>
      <trkpt lat="43.31677" lon="18.90122">
        <ele>1205.3</ele>
      </trkpt>
      <trkpt lat="43.31666" lon="18.90108">
        <ele>1205.8</ele>
      </trkpt>
      <trkpt lat="43.3163" lon="18.90076">
        <ele>1211.8</ele>
      </trkpt>
      <trkpt lat="43.31618" lon="18.90062">
        <ele>1214.0</ele>
      </trkpt>
      <trkpt lat="43.31609" lon="18.90046">
        <ele>1215.8</ele>
      </trkpt>
      <trkpt lat="43.31601" lon="18.90036">
        <ele>1217.3</ele>
      </trkpt>
      <trkpt lat="43.31594" lon="18.90031">
        <ele>1218.5</ele>
      </trkpt>
      <trkpt lat="43.31584" lon="18.90028">
        <ele>1220.2</ele>
      </trkpt>
      <trkpt lat="43.31576" lon="18.90028">
        <ele>1221.3</ele>
      </trkpt>
      <trkpt lat="43.31567" lon="18.90032">
        <ele>1222.4</ele>
      </trkpt>
      <trkpt lat="43.31559" lon="18.9004">
        <ele>1223.2</ele>
      </trkpt>
      <trkpt lat="43.31549" lon="18.90059">
        <ele>1224.1</ele>
      </trkpt>
      <trkpt lat="43.31518" lon="18.90124">
        <ele>1223.0</ele>
      </trkpt>
      <trkpt lat="43.3151" lon="18.90134">
        <ele>1222.5</ele>
      </trkpt>
      <trkpt lat="43.31504" lon="18.90139">
        <ele>1222.3</ele>
      </trkpt>
      <trkpt lat="43.31496" lon="18.90142">
        <ele>1222.7</ele>
      </trkpt>
      <trkpt lat="43.31486" lon="18.90141">
        <ele>1224.0</ele>
      </trkpt>
      <trkpt lat="43.31478" lon="18.90138">
        <ele>1225.3</ele>
      </trkpt>
      <trkpt lat="43.31469" lon="18.90131">
        <ele>1227.2</ele>
      </trkpt>
      <trkpt lat="43.31448" lon="18.90106">
        <ele>1232.1</ele>
      </trkpt>
      <trkpt lat="43.31438" lon="18.90098">
        <ele>1233.8</ele>
      </trkpt>
      <trkpt lat="43.31431" lon="18.90096">
        <ele>1234.6</ele>
      </trkpt>
      <trkpt lat="43.31423" lon="18.90096">
        <ele>1235.4</ele>
      </trkpt>
      <trkpt lat="43.31413" lon="18.901">
        <ele>1236.2</ele>
      </trkpt>
      <trkpt lat="43.31405" lon="18.90107">
        <ele>1237.1</ele>
      </trkpt>
      <trkpt lat="43.31399" lon="18.90117">
        <ele>1237.7</ele>
      </trkpt>
      <trkpt lat="43.31393" lon="18.90132">
        <ele>1238.1</ele>
      </trkpt>
      <trkpt lat="43.31389" lon="18.9015">
        <ele>1238.3</ele>
      </trkpt>
      <trkpt lat="43.31387" lon="18.90193">
        <ele>1237.7</ele>
      </trkpt>
      <trkpt lat="43.31386" lon="18.90202">
        <ele>1237.8</ele>
      </trkpt>
      <trkpt lat="43.31382" lon="18.90211">
        <ele>1238.7</ele>
      </trkpt>
      <trkpt lat="43.31371" lon="18.90225">
        <ele>1241.6</ele>
      </trkpt>
      <trkpt lat="43.31367" lon="18.90232">
        <ele>1242.6</ele>
      </trkpt>
      <trkpt lat="43.31363" lon="18.90244">
        <ele>1243.5</ele>
      </trkpt>
      <trkpt lat="43.31358" lon="18.90271">
        <ele>1244.3</ele>
      </trkpt>
      <trkpt lat="43.31354" lon="18.90285">
        <ele>1245.0</ele>
      </trkpt>
      <trkpt lat="43.3135" lon="18.9029">
        <ele>1245.9</ele>
      </trkpt>
      <trkpt lat="43.31345" lon="18.90295">
        <ele>1246.9</ele>
      </trkpt>
      <trkpt lat="43.31334" lon="18.90299">
        <ele>1249.5</ele>
      </trkpt>
      <trkpt lat="43.31321" lon="18.90296">
        <ele>1254.0</ele>
      </trkpt>
      <trkpt lat="43.31312" lon="18.90296">
        <ele>1257.0</ele>
      </trkpt>
      <trkpt lat="43.31307" lon="18.90301">
        <ele>1258.4</ele>
      </trkpt>
      <trkpt lat="43.31301" lon="18.90308">
        <ele>1260.0</ele>
      </trkpt>
      <trkpt lat="43.31299" lon="18.9032">
        <ele>1260.0</ele>
      </trkpt>
      <trkpt lat="43.31298" lon="18.90333">
        <ele>1259.5</ele>
      </trkpt>
      <trkpt lat="43.31299" lon="18.90352">
        <ele>1257.8</ele>
      </trkpt>
      <trkpt lat="43.31301" lon="18.90362">
        <ele>1256.5</ele>
      </trkpt>
      <trkpt lat="43.31304" lon="18.90371">
        <ele>1254.8</ele>
      </trkpt>
      <trkpt lat="43.31307" lon="18.90382">
        <ele>1253.0</ele>
      </trkpt>
      <trkpt lat="43.31308" lon="18.9039">
        <ele>1252.1</ele>
      </trkpt>
      <trkpt lat="43.31306" lon="18.90399">
        <ele>1252.1</ele>
      </trkpt>
      <trkpt lat="43.31302" lon="18.90408">
        <ele>1252.9</ele>
      </trkpt>
      <trkpt lat="43.31292" lon="18.90418">
        <ele>1255.9</ele>
      </trkpt>
      <trkpt lat="43.31277" lon="18.90427">
        <ele>1261.3</ele>
      </trkpt>
      <trkpt lat="43.31267" lon="18.90435">
        <ele>1265.0</ele>
      </trkpt>
      <trkpt lat="43.3126" lon="18.90447">
        <ele>1267.6</ele>
      </trkpt>
      <trkpt lat="43.31253" lon="18.90466">
        <ele>1270.4</ele>
      </trkpt>
      <trkpt lat="43.31248" lon="18.90483">
        <ele>1272.7</ele>
      </trkpt>
      <trkpt lat="43.31247" lon="18.90501">
        <ele>1273.6</ele>
      </trkpt>
      <trkpt lat="43.31249" lon="18.90521">
        <ele>1276.7</ele>
      </trkpt>
      <trkpt lat="43.31252" lon="18.90537">
        <ele>1278.8</ele>
      </trkpt>
      <trkpt lat="43.31258" lon="18.90552">
        <ele>1279.4</ele>
      </trkpt>
      <trkpt lat="43.31278" lon="18.90575">
        <ele>1276.2</ele>
      </trkpt>
      <trkpt lat="43.31286" lon="18.90586">
        <ele>1275.1</ele>
      </trkpt>
      <trkpt lat="43.3129" lon="18.90595">
        <ele>1274.7</ele>
      </trkpt>
      <trkpt lat="43.31292" lon="18.90606">
        <ele>1275.4</ele>
      </trkpt>
      <trkpt lat="43.31292" lon="18.90621">
        <ele>1277.3</ele>
      </trkpt>
      <trkpt lat="43.31289" lon="18.90648">
        <ele>1282.0</ele>
      </trkpt>
      <trkpt lat="43.3129" lon="18.90669">
        <ele>1284.4</ele>
      </trkpt>
      <trkpt lat="43.31292" lon="18.90684">
        <ele>1285.7</ele>
      </trkpt>
      <trkpt lat="43.31297" lon="18.90693">
        <ele>1285.2</ele>
      </trkpt>
      <trkpt lat="43.31307" lon="18.90705">
        <ele>1283.4</ele>
      </trkpt>
      <trkpt lat="43.31337" lon="18.90729">
        <ele>1277.3</ele>
      </trkpt>
      <trkpt lat="43.31348" lon="18.90743">
        <ele>1277.3</ele>
      </trkpt>
      <trkpt lat="43.31357" lon="18.9076">
        <ele>1277.7</ele>
      </trkpt>
      <trkpt lat="43.3136" lon="18.90774">
        <ele>1278.4</ele>
      </trkpt>
      <trkpt lat="43.31362" lon="18.90809">
        <ele>1281.3</ele>
      </trkpt>
      <trkpt lat="43.31359" lon="18.90821">
        <ele>1282.9</ele>
      </trkpt>
      <trkpt lat="43.31355" lon="18.90833">
        <ele>1284.8</ele>
      </trkpt>
      <trkpt lat="43.31337" lon="18.90869">
        <ele>1288.8</ele>
      </trkpt>
      <trkpt lat="43.31334" lon="18.90882">
        <ele>1289.5</ele>
      </trkpt>
      <trkpt lat="43.31327" lon="18.90938">
        <ele>1290.9</ele>
      </trkpt>
      <trkpt lat="43.31325" lon="18.90947">
        <ele>1291.1</ele>
      </trkpt>
      <trkpt lat="43.31322" lon="18.90953">
        <ele>1291.5</ele>
      </trkpt>
      <trkpt lat="43.31319" lon="18.90959">
        <ele>1291.8</ele>
      </trkpt>
      <trkpt lat="43.31313" lon="18.90964">
        <ele>1292.6</ele>
      </trkpt>
      <trkpt lat="43.31278" lon="18.90974">
        <ele>1297.4</ele>
      </trkpt>
      <trkpt lat="43.31264" lon="18.90986">
        <ele>1298.5</ele>
      </trkpt>
      <trkpt lat="43.31261" lon="18.90995">
        <ele>1298.1</ele>
      </trkpt>
      <trkpt lat="43.31259" lon="18.91005">
        <ele>1298.6</ele>
      </trkpt>
      <trkpt lat="43.31258" lon="18.91017">
        <ele>1300.5</ele>
      </trkpt>
      <trkpt lat="43.31261" lon="18.91028">
        <ele>1301.7</ele>
      </trkpt>
      <trkpt lat="43.31268" lon="18.9104">
        <ele>1302.6</ele>
      </trkpt>
      <trkpt lat="43.31278" lon="18.91049">
        <ele>1302.7</ele>
      </trkpt>
      <trkpt lat="43.31345" lon="18.91103">
        <ele>1303.4</ele>
      </trkpt>
      <trkpt lat="43.31354" lon="18.91111">
        <ele>1303.8</ele>
      </trkpt>
      <trkpt lat="43.31357" lon="18.91118">
        <ele>1304.7</ele>
      </trkpt>
      <trkpt lat="43.31359" lon="18.91125">
        <ele>1305.8</ele>
      </trkpt>
      <trkpt lat="43.3136" lon="18.91133">
        <ele>1307.2</ele>
      </trkpt>
      <trkpt lat="43.31355" lon="18.91166">
        <ele>1314.5</ele>
      </trkpt>
      <trkpt lat="43.31356" lon="18.91178">
        <ele>1315.2</ele>
      </trkpt>
      <trkpt lat="43.3136" lon="18.91184">
        <ele>1315.0</ele>
      </trkpt>
      <trkpt lat="43.31377" lon="18.91196">
        <ele>1312.9</ele>
      </trkpt>
      <trkpt lat="43.31381" lon="18.91202">
        <ele>1312.6</ele>
      </trkpt>
      <trkpt lat="43.31384" lon="18.91207">
        <ele>1312.4</ele>
      </trkpt>
      <trkpt lat="43.31385" lon="18.91214">
        <ele>1312.6</ele>
      </trkpt>
      <trkpt lat="43.31385" lon="18.91222">
        <ele>1313.1</ele>
      </trkpt>
      <trkpt lat="43.31384" lon="18.91229">
        <ele>1313.7</ele>
      </trkpt>
      <trkpt lat="43.31371" lon="18.91258">
        <ele>1317.5</ele>
      </trkpt>
      <trkpt lat="43.31366" lon="18.91273">
        <ele>1318.8</ele>
      </trkpt>
      <trkpt lat="43.31362" lon="18.91305">
        <ele>1320.2</ele>
      </trkpt>
      <trkpt lat="43.31361" lon="18.91325">
        <ele>1320.8</ele>
      </trkpt>
      <trkpt lat="43.31363" lon="18.91339">
        <ele>1321.0</ele>
      </trkpt>
      <trkpt lat="43.31368" lon="18.91351">
        <ele>1321.1</ele>
      </trkpt>
      <trkpt lat="43.31377" lon="18.9136">
        <ele>1321.0</ele>
      </trkpt>
      <trkpt lat="43.31388" lon="18.91366">
        <ele>1320.9</ele>
      </trkpt>
      <trkpt lat="43.31405" lon="18.91367">
        <ele>1320.3</ele>
      </trkpt>
      <trkpt lat="43.31411" lon="18.91369">
        <ele>1320.2</ele>
      </trkpt>
      <trkpt lat="43.31418" lon="18.91373">
        <ele>1320.3</ele>
      </trkpt>
      <trkpt lat="43.31423" lon="18.91378">
        <ele>1320.7</ele>
      </trkpt>
      <trkpt lat="43.31426" lon="18.91386">
        <ele>1321.4</ele>
      </trkpt>
      <trkpt lat="43.31428" lon="18.91394">
        <ele>1322.1</ele>
      </trkpt>
      <trkpt lat="43.31427" lon="18.91405">
        <ele>1323.0</ele>
      </trkpt>
      <trkpt lat="43.31411" lon="18.91469">
        <ele>1326.1</ele>
      </trkpt>
      <trkpt lat="43.31406" lon="18.91495">
        <ele>1327.4</ele>
      </trkpt>
      <trkpt lat="43.314" lon="18.91559">
        <ele>1332.5</ele>
      </trkpt>
      <trkpt lat="43.31398" lon="18.91572">
        <ele>1333.8</ele>
      </trkpt>
      <trkpt lat="43.31393" lon="18.91584">
        <ele>1335.5</ele>
      </trkpt>
      <trkpt lat="43.31387" lon="18.91592">
        <ele>1337.2</ele>
      </trkpt>
      <trkpt lat="43.31366" lon="18.9161">
        <ele>1342.0</ele>
      </trkpt>
      <trkpt lat="43.31359" lon="18.91621">
        <ele>1344.1</ele>
      </trkpt>
      <trkpt lat="43.31356" lon="18.9164">
        <ele>1346.4</ele>
      </trkpt>
      <trkpt lat="43.31355" lon="18.91652">
        <ele>1347.7</ele>
      </trkpt>
      <trkpt lat="43.31358" lon="18.91668">
        <ele>1348.8</ele>
      </trkpt>
      <trkpt lat="43.31369" lon="18.91694">
        <ele>1348.2</ele>
      </trkpt>
      <trkpt lat="43.31371" lon="18.91703">
        <ele>1348.4</ele>
      </trkpt>
      <trkpt lat="43.31371" lon="18.91714">
        <ele>1348.8</ele>
      </trkpt>
      <trkpt lat="43.3137" lon="18.91733">
        <ele>1349.5</ele>
      </trkpt>
      <trkpt lat="43.31371" lon="18.91744">
        <ele>1349.9</ele>
      </trkpt>
      <trkpt lat="43.31373" lon="18.91754">
        <ele>1350.4</ele>
      </trkpt>
      <trkpt lat="43.31392" lon="18.91785">
        <ele>1352.7</ele>
      </trkpt>
      <trkpt lat="43.31395" lon="18.91796">
        <ele>1353.7</ele>
      </trkpt>
      <trkpt lat="43.314" lon="18.91826">
        <ele>1356.3</ele>
      </trkpt>
      <trkpt lat="43.31403" lon="18.91835">
        <ele>1357.1</ele>
      </trkpt>
      <trkpt lat="43.31418" lon="18.91858">
        <ele>1357.8</ele>
      </trkpt>
      <trkpt lat="43.31422" lon="18.91867">
        <ele>1357.9</ele>
      </trkpt>
      <trkpt lat="43.31423" lon="18.91874">
        <ele>1358.1</ele>
      </trkpt>
      <trkpt lat="43.31421" lon="18.91895">
        <ele>1359.0</ele>
      </trkpt>
      <trkpt lat="43.31419" lon="18.91931">
        <ele>1360.1</ele>
      </trkpt>
      <trkpt lat="43.31419" lon="18.91943">
        <ele>1360.3</ele>
      </trkpt>
      <trkpt lat="43.31418" lon="18.91948">
        <ele>1360.4</ele>
      </trkpt>
      <trkpt lat="43.31415" lon="18.91953">
        <ele>1360.5</ele>
      </trkpt>
      <trkpt lat="43.31411" lon="18.91954">
        <ele>1360.6</ele>
      </trkpt>
      <trkpt lat="43.31401" lon="18.91952">
        <ele>1360.8</ele>
      </trkpt>
      <trkpt lat="43.31394" lon="18.91948">
        <ele>1361.0</ele>
      </trkpt>
      <trkpt lat="43.31378" lon="18.91935">
        <ele>1361.4</ele>
      </trkpt>
      <trkpt lat="43.3137" lon="18.91933">
        <ele>1361.7</ele>
      </trkpt>
      <trkpt lat="43.31361" lon="18.91934">
        <ele>1361.9</ele>
      </trkpt>
      <trkpt lat="43.31353" lon="18.91939">
        <ele>1362.2</ele>
      </trkpt>
      <trkpt lat="43.31345" lon="18.91947">
        <ele>1362.3</ele>
      </trkpt>
      <trkpt lat="43.31339" lon="18.91961">
        <ele>1362.3</ele>
      </trkpt>
      <trkpt lat="43.31337" lon="18.91979">
        <ele>1362.2</ele>
      </trkpt>
      <trkpt lat="43.31339" lon="18.92002">
        <ele>1362.1</ele>
      </trkpt>
      <trkpt lat="43.31342" lon="18.92011">
        <ele>1362.8</ele>
      </trkpt>
      <trkpt lat="43.31342" lon="18.92018">
        <ele>1363.3</ele>
      </trkpt>
      <trkpt lat="43.31341" lon="18.92029">
        <ele>1364.2</ele>
      </trkpt>
      <trkpt lat="43.31336" lon="18.92048">
        <ele>1365.5</ele>
      </trkpt>
      <trkpt lat="43.31313" lon="18.9212">
        <ele>1375.5</ele>
      </trkpt>
      <trkpt lat="43.31306" lon="18.92147">
        <ele>1378.5</ele>
      </trkpt>
      <trkpt lat="43.31301" lon="18.92196">
        <ele>1385.5</ele>
      </trkpt>
      <trkpt lat="43.31297" lon="18.92208">
        <ele>1387.7</ele>
      </trkpt>
      <trkpt lat="43.3129" lon="18.92217">
        <ele>1389.3</ele>
      </trkpt>
      <trkpt lat="43.31281" lon="18.92224">
        <ele>1390.4</ele>
      </trkpt>
      <trkpt lat="43.31268" lon="18.92225">
        <ele>1390.5</ele>
      </trkpt>
      <trkpt lat="43.31258" lon="18.92223">
        <ele>1390.2</ele>
      </trkpt>
      <trkpt lat="43.31233" lon="18.9221">
        <ele>1387.7</ele>
      </trkpt>
      <trkpt lat="43.31222" lon="18.92209">
        <ele>1387.2</ele>
      </trkpt>
      <trkpt lat="43.31214" lon="18.9221">
        <ele>1387.1</ele>
      </trkpt>
      <trkpt lat="43.31203" lon="18.92215">
        <ele>1387.3</ele>
      </trkpt>
      <trkpt lat="43.31183" lon="18.92236">
        <ele>1388.6</ele>
      </trkpt>
      <trkpt lat="43.31175" lon="18.92248">
        <ele>1389.3</ele>
      </trkpt>
      <trkpt lat="43.31171" lon="18.92264">
        <ele>1391.2</ele>
      </trkpt>
      <trkpt lat="43.31161" lon="18.92319">
        <ele>1398.8</ele>
      </trkpt>
      <trkpt lat="43.31147" lon="18.9237">
        <ele>1408.1</ele>
      </trkpt>
      <trkpt lat="43.31138" lon="18.92389">
        <ele>1411.9</ele>
      </trkpt>
      <trkpt lat="43.31131" lon="18.92399">
        <ele>1414.0</ele>
      </trkpt>
      <trkpt lat="43.31125" lon="18.92405">
        <ele>1415.3</ele>
      </trkpt>
      <trkpt lat="43.31119" lon="18.92406">
        <ele>1415.9</ele>
      </trkpt>
      <trkpt lat="43.3111" lon="18.92405">
        <ele>1416.5</ele>
      </trkpt>
      <trkpt lat="43.31105" lon="18.92399">
        <ele>1416.1</ele>
      </trkpt>
      <trkpt lat="43.311" lon="18.92391">
        <ele>1415.5</ele>
      </trkpt>
      <trkpt lat="43.31098" lon="18.9238">
        <ele>1414.2</ele>
      </trkpt>
      <trkpt lat="43.31099" lon="18.92361">
        <ele>1411.7</ele>
      </trkpt>
      <trkpt lat="43.31096" lon="18.92333">
        <ele>1408.4</ele>
      </trkpt>
      <trkpt lat="43.31089" lon="18.92307">
        <ele>1406.4</ele>
      </trkpt>
      <trkpt lat="43.31081" lon="18.92295">
        <ele>1406.3</ele>
      </trkpt>
      <trkpt lat="43.31076" lon="18.92289">
        <ele>1406.7</ele>
      </trkpt>
      <trkpt lat="43.31069" lon="18.92285">
        <ele>1407.6</ele>
      </trkpt>
      <trkpt lat="43.31059" lon="18.92284">
        <ele>1409.5</ele>
      </trkpt>
      <trkpt lat="43.31044" lon="18.92285">
        <ele>1412.7</ele>
      </trkpt>
      <trkpt lat="43.31034" lon="18.92288">
        <ele>1415.1</ele>
      </trkpt>
      <trkpt lat="43.31028" lon="18.92291">
        <ele>1416.7</ele>
      </trkpt>
      <trkpt lat="43.31022" lon="18.92297">
        <ele>1418.8</ele>
      </trkpt>
      <trkpt lat="43.31016" lon="18.92311">
        <ele>1422.1</ele>
      </trkpt>
      <trkpt lat="43.31009" lon="18.9232">
        <ele>1424.9</ele>
      </trkpt>
      <trkpt lat="43.31002" lon="18.92322">
        <ele>1426.8</ele>
      </trkpt>
      <trkpt lat="43.30994" lon="18.92323">
        <ele>1427.8</ele>
      </trkpt>
      <trkpt lat="43.30983" lon="18.9232">
        <ele>1428.0</ele>
      </trkpt>
      <trkpt lat="43.30967" lon="18.923">
        <ele>1425.4</ele>
      </trkpt>
      <trkpt lat="43.30956" lon="18.9229">
        <ele>1424.0</ele>
      </trkpt>
      <trkpt lat="43.30947" lon="18.92287">
        <ele>1423.8</ele>
      </trkpt>
      <trkpt lat="43.30935" lon="18.9229">
        <ele>1424.9</ele>
      </trkpt>
      <trkpt lat="43.30899" lon="18.92308">
        <ele>1429.2</ele>
      </trkpt>
      <trkpt lat="43.30881" lon="18.9232">
        <ele>1431.0</ele>
      </trkpt>
      <trkpt lat="43.30821" lon="18.92373">
        <ele>1437.4</ele>
      </trkpt>
      <trkpt lat="43.308" lon="18.92394">
        <ele>1438.9</ele>
      </trkpt>
      <trkpt lat="43.30774" lon="18.9243">
        <ele>1441.1</ele>
      </trkpt>
      <trkpt lat="43.30763" lon="18.92454">
        <ele>1443.8</ele>
      </trkpt>
      <trkpt lat="43.30752" lon="18.92484">
        <ele>1447.6</ele>
      </trkpt>
      <trkpt lat="43.30743" lon="18.92526">
        <ele>1454.3</ele>
      </trkpt>
      <trkpt lat="43.30735" lon="18.92551">
        <ele>1458.0</ele>
      </trkpt>
      <trkpt lat="43.30726" lon="18.92574">
        <ele>1461.0</ele>
      </trkpt>
      <trkpt lat="43.307" lon="18.9261">
        <ele>1462.6</ele>
      </trkpt>
      <trkpt lat="43.30693" lon="18.92613">
        <ele>1462.3</ele>
      </trkpt>
      <trkpt lat="43.30687" lon="18.92615">
        <ele>1461.9</ele>
      </trkpt>
      <trkpt lat="43.30682" lon="18.92613">
        <ele>1461.4</ele>
      </trkpt>
      <trkpt lat="43.30677" lon="18.92611">
        <ele>1460.8</ele>
      </trkpt>
      <trkpt lat="43.30666" lon="18.92599">
        <ele>1459.1</ele>
      </trkpt>
      <trkpt lat="43.3066" lon="18.92595">
        <ele>1458.9</ele>
      </trkpt>
      <trkpt lat="43.30653" lon="18.92592">
        <ele>1458.8</ele>
      </trkpt>
      <trkpt lat="43.30646" lon="18.92593">
        <ele>1459.0</ele>
      </trkpt>
      <trkpt lat="43.30621" lon="18.92616">
        <ele>1459.9</ele>
      </trkpt>
      <trkpt lat="43.30608" lon="18.92623">
        <ele>1459.9</ele>
      </trkpt>
      <trkpt lat="43.30592" lon="18.92629">
        <ele>1459.6</ele>
      </trkpt>
      <trkpt lat="43.30576" lon="18.92636">
        <ele>1459.5</ele>
      </trkpt>
      <trkpt lat="43.30567" lon="18.92642">
        <ele>1459.7</ele>
      </trkpt>
      <trkpt lat="43.30561" lon="18.92649">
        <ele>1459.7</ele>
      </trkpt>
      <trkpt lat="43.30547" lon="18.92683">
        <ele>1461.0</ele>
      </trkpt>
      <trkpt lat="43.30543" lon="18.92687">
        <ele>1461.4</ele>
      </trkpt>
      <trkpt lat="43.30531" lon="18.92686">
        <ele>1461.8</ele>
      </trkpt>
      <trkpt lat="43.30522" lon="18.92681">
        <ele>1461.7</ele>
      </trkpt>
      <trkpt lat="43.30515" lon="18.92672">
        <ele>1461.1</ele>
      </trkpt>
      <trkpt lat="43.30508" lon="18.92659">
        <ele>1460.9</ele>
      </trkpt>
      <trkpt lat="43.30507" lon="18.92647">
        <ele>1461.1</ele>
      </trkpt>
      <trkpt lat="43.30509" lon="18.92635">
        <ele>1461.2</ele>
      </trkpt>
      <trkpt lat="43.30512" lon="18.92622">
        <ele>1461.2</ele>
      </trkpt>
      <trkpt lat="43.30533" lon="18.92565">
        <ele>1460.8</ele>
      </trkpt>
      <trkpt lat="43.30533" lon="18.92551">
        <ele>1460.4</ele>
      </trkpt>
      <trkpt lat="43.30529" lon="18.92538">
        <ele>1460.2</ele>
      </trkpt>
      <trkpt lat="43.30524" lon="18.92529">
        <ele>1460.1</ele>
      </trkpt>
      <trkpt lat="43.30516" lon="18.92524">
        <ele>1460.2</ele>
      </trkpt>
      <trkpt lat="43.30504" lon="18.92522">
        <ele>1460.4</ele>
      </trkpt>
      <trkpt lat="43.30494" lon="18.92524">
        <ele>1459.8</ele>
      </trkpt>
      <trkpt lat="43.30476" lon="18.92529">
        <ele>1457.7</ele>
      </trkpt>
      <trkpt lat="43.30429" lon="18.92569">
        <ele>1455.0</ele>
      </trkpt>
      <trkpt lat="43.30418" lon="18.92576">
        <ele>1454.5</ele>
      </trkpt>
      <trkpt lat="43.30403" lon="18.92577">
        <ele>1453.0</ele>
      </trkpt>
      <trkpt lat="43.30392" lon="18.92573">
        <ele>1451.4</ele>
      </trkpt>
      <trkpt lat="43.30378" lon="18.92563">
        <ele>1449.0</ele>
      </trkpt>
      <trkpt lat="43.30362" lon="18.92557">
        <ele>1446.7</ele>
      </trkpt>
      <trkpt lat="43.30353" lon="18.92558">
        <ele>1445.8</ele>
      </trkpt>
      <trkpt lat="43.30342" lon="18.92566">
        <ele>1445.3</ele>
      </trkpt>
      <trkpt lat="43.3032" lon="18.92598">
        <ele>1445.1</ele>
      </trkpt>
      <trkpt lat="43.30314" lon="18.92603">
        <ele>1444.6</ele>
      </trkpt>
      <trkpt lat="43.30306" lon="18.92604">
        <ele>1443.4</ele>
      </trkpt>
      <trkpt lat="43.30299" lon="18.92603">
        <ele>1442.2</ele>
      </trkpt>
      <trkpt lat="43.30266" lon="18.92574">
        <ele>1434.8</ele>
      </trkpt>
      <trkpt lat="43.30258" lon="18.9257">
        <ele>1433.3</ele>
      </trkpt>
      <trkpt lat="43.30248" lon="18.92571">
        <ele>1431.8</ele>
      </trkpt>
      <trkpt lat="43.30236" lon="18.92579">
        <ele>1430.5</ele>
      </trkpt>
      <trkpt lat="43.30217" lon="18.92607">
        <ele>1429.1</ele>
      </trkpt>
      <trkpt lat="43.30199" lon="18.92637">
        <ele>1427.3</ele>
      </trkpt>
      <trkpt lat="43.30195" lon="18.92653">
        <ele>1427.2</ele>
      </trkpt>
      <trkpt lat="43.30194" lon="18.9267">
        <ele>1427.5</ele>
      </trkpt>
      <trkpt lat="43.30196" lon="18.92693">
        <ele>1427.6</ele>
      </trkpt>
      <trkpt lat="43.30195" lon="18.92714">
        <ele>1427.0</ele>
      </trkpt>
      <trkpt lat="43.30189" lon="18.92744">
        <ele>1425.2</ele>
      </trkpt>
      <trkpt lat="43.30171" lon="18.92808">
        <ele>1421.7</ele>
      </trkpt>
      <trkpt lat="43.30161" lon="18.92823">
        <ele>1420.2</ele>
      </trkpt>
      <trkpt lat="43.30142" lon="18.92847">
        <ele>1418.6</ele>
      </trkpt>
      <trkpt lat="43.30129" lon="18.92866">
        <ele>1417.5</ele>
      </trkpt>
      <trkpt lat="43.30124" lon="18.92871">
        <ele>1417.1</ele>
      </trkpt>
      <trkpt lat="43.30117" lon="18.92873">
        <ele>1416.3</ele>
      </trkpt>
      <trkpt lat="43.30109" lon="18.92872">
        <ele>1415.4</ele>
      </trkpt>
      <trkpt lat="43.30074" lon="18.9286">
        <ele>1412.3</ele>
      </trkpt>
      <trkpt lat="43.30052" lon="18.92858">
        <ele>1412.3</ele>
      </trkpt>
      <trkpt lat="43.30022" lon="18.92866">
        <ele>1412.3</ele>
      </trkpt>
      <trkpt lat="43.30009" lon="18.92867">
        <ele>1412.2</ele>
      </trkpt>
      <trkpt lat="43.30005" lon="18.92865">
        <ele>1412.2</ele>
      </trkpt>
      <trkpt lat="43.29988" lon="18.92837">
        <ele>1412.3</ele>
      </trkpt>
      <trkpt lat="43.2998" lon="18.92826">
        <ele>1412.0</ele>
      </trkpt>
      <trkpt lat="43.29972" lon="18.92819">
        <ele>1411.7</ele>
      </trkpt>
      <trkpt lat="43.29944" lon="18.928">
        <ele>1410.7</ele>
      </trkpt>
      <trkpt lat="43.29913" lon="18.92783">
        <ele>1410.1</ele>
      </trkpt>
      <trkpt lat="43.29897" lon="18.92776">
        <ele>1409.9</ele>
      </trkpt>
      <trkpt lat="43.29886" lon="18.92776">
        <ele>1409.6</ele>
      </trkpt>
      <trkpt lat="43.29874" lon="18.9278">
        <ele>1409.3</ele>
      </trkpt>
      <trkpt lat="43.29861" lon="18.92789">
        <ele>1408.7</ele>
      </trkpt>
      <trkpt lat="43.29854" lon="18.92799">
        <ele>1408.3</ele>
      </trkpt>
      <trkpt lat="43.29849" lon="18.92818">
        <ele>1407.7</ele>
      </trkpt>
      <trkpt lat="43.29839" lon="18.92879">
        <ele>1407.1</ele>
      </trkpt>
      <trkpt lat="43.29832" lon="18.92898">
        <ele>1407.0</ele>
      </trkpt>
      <trkpt lat="43.29818" lon="18.92916">
        <ele>1407.6</ele>
      </trkpt>
      <trkpt lat="43.29796" lon="18.92938">
        <ele>1407.7</ele>
      </trkpt>
      <trkpt lat="43.29784" lon="18.92957">
        <ele>1407.5</ele>
      </trkpt>
      <trkpt lat="43.29758" lon="18.93013">
        <ele>1405.2</ele>
      </trkpt>
      <trkpt lat="43.29751" lon="18.93023">
        <ele>1404.0</ele>
      </trkpt>
      <trkpt lat="43.29744" lon="18.93028">
        <ele>1403.1</ele>
      </trkpt>
      <trkpt lat="43.29732" lon="18.9303">
        <ele>1402.5</ele>
      </trkpt>
      <trkpt lat="43.29724" lon="18.93026">
        <ele>1402.8</ele>
      </trkpt>
      <trkpt lat="43.29718" lon="18.9302">
        <ele>1403.4</ele>
      </trkpt>
      <trkpt lat="43.29699" lon="18.92999">
        <ele>1405.2</ele>
      </trkpt>
      <trkpt lat="43.29691" lon="18.92991">
        <ele>1405.3</ele>
      </trkpt>
      <trkpt lat="43.29681" lon="18.92989">
        <ele>1405.0</ele>
      </trkpt>
      <trkpt lat="43.29674" lon="18.9299">
        <ele>1404.7</ele>
      </trkpt>
      <trkpt lat="43.29667" lon="18.92995">
        <ele>1404.3</ele>
      </trkpt>
      <trkpt lat="43.29636" lon="18.93038">
        <ele>1403.2</ele>
      </trkpt>
      <trkpt lat="43.29607" lon="18.93075">
        <ele>1402.9</ele>
      </trkpt>
      <trkpt lat="43.29585" lon="18.93094">
        <ele>1403.7</ele>
      </trkpt>
      <trkpt lat="43.29577" lon="18.93099">
        <ele>1403.5</ele>
      </trkpt>
      <trkpt lat="43.29568" lon="18.93099">
        <ele>1403.7</ele>
      </trkpt>
      <trkpt lat="43.29558" lon="18.93098">
        <ele>1404.1</ele>
      </trkpt>
      <trkpt lat="43.29548" lon="18.93094">
        <ele>1404.7</ele>
      </trkpt>
      <trkpt lat="43.29517" lon="18.93074">
        <ele>1407.5</ele>
      </trkpt>
      <trkpt lat="43.29507" lon="18.93072">
        <ele>1407.9</ele>
      </trkpt>
      <trkpt lat="43.295" lon="18.93076">
        <ele>1407.7</ele>
      </trkpt>
      <trkpt lat="43.29494" lon="18.93082">
        <ele>1407.5</ele>
      </trkpt>
      <trkpt lat="43.2949" lon="18.9309">
        <ele>1406.9</ele>
      </trkpt>
      <trkpt lat="43.2948" lon="18.93127">
        <ele>1403.9</ele>
      </trkpt>
      <trkpt lat="43.29477" lon="18.93135">
        <ele>1403.2</ele>
      </trkpt>
      <trkpt lat="43.29473" lon="18.93138">
        <ele>1403.2</ele>
      </trkpt>
      <trkpt lat="43.29469" lon="18.9314">
        <ele>1403.2</ele>
      </trkpt>
      <trkpt lat="43.29465" lon="18.93139">
        <ele>1403.5</ele>
      </trkpt>
      <trkpt lat="43.29443" lon="18.93134">
        <ele>1405.1</ele>
      </trkpt>
      <trkpt lat="43.29431" lon="18.93133">
        <ele>1405.9</ele>
      </trkpt>
      <trkpt lat="43.29423" lon="18.93136">
        <ele>1406.0</ele>
      </trkpt>
      <trkpt lat="43.29414" lon="18.93142">
        <ele>1405.7</ele>
      </trkpt>
      <trkpt lat="43.29399" lon="18.93159">
        <ele>1404.0</ele>
      </trkpt>
      <trkpt lat="43.29389" lon="18.93167">
        <ele>1403.3</ele>
      </trkpt>
      <trkpt lat="43.29381" lon="18.93172">
        <ele>1403.0</ele>
      </trkpt>
      <trkpt lat="43.2936" lon="18.93177">
        <ele>1402.7</ele>
      </trkpt>
      <trkpt lat="43.2935" lon="18.93182">
        <ele>1402.4</ele>
      </trkpt>
      <trkpt lat="43.29327" lon="18.93199">
        <ele>1400.5</ele>
      </trkpt>
      <trkpt lat="43.29317" lon="18.93204">
        <ele>1399.4</ele>
      </trkpt>
      <trkpt lat="43.29308" lon="18.93205">
        <ele>1398.8</ele>
      </trkpt>
      <trkpt lat="43.29299" lon="18.93205">
        <ele>1398.2</ele>
      </trkpt>
      <trkpt lat="43.29287" lon="18.93204">
        <ele>1397.6</ele>
      </trkpt>
      <trkpt lat="43.2928" lon="18.93201">
        <ele>1397.4</ele>
      </trkpt>
      <trkpt lat="43.29232" lon="18.93163">
        <ele>1397.3</ele>
      </trkpt>
      <trkpt lat="43.29221" lon="18.93158">
        <ele>1397.1</ele>
      </trkpt>
      <trkpt lat="43.29212" lon="18.93159">
        <ele>1396.6</ele>
      </trkpt>
      <trkpt lat="43.29204" lon="18.93161">
        <ele>1396.1</ele>
      </trkpt>
      <trkpt lat="43.29195" lon="18.93169">
        <ele>1395.2</ele>
      </trkpt>
      <trkpt lat="43.29183" lon="18.93184">
        <ele>1394.0</ele>
      </trkpt>
      <trkpt lat="43.29165" lon="18.93233">
        <ele>1391.6</ele>
      </trkpt>
      <trkpt lat="43.29158" lon="18.93244">
        <ele>1391.0</ele>
      </trkpt>
      <trkpt lat="43.29148" lon="18.9325">
        <ele>1390.6</ele>
      </trkpt>
      <trkpt lat="43.29141" lon="18.93252">
        <ele>1390.2</ele>
      </trkpt>
      <trkpt lat="43.29129" lon="18.93252">
        <ele>1389.9</ele>
      </trkpt>
      <trkpt lat="43.29119" lon="18.93247">
        <ele>1390.0</ele>
      </trkpt>
      <trkpt lat="43.29107" lon="18.93236">
        <ele>1390.6</ele>
      </trkpt>
      <trkpt lat="43.29099" lon="18.93229">
        <ele>1390.9</ele>
      </trkpt>
      <trkpt lat="43.29094" lon="18.93228">
        <ele>1391.0</ele>
      </trkpt>
      <trkpt lat="43.29085" lon="18.93232">
        <ele>1390.5</ele>
      </trkpt>
      <trkpt lat="43.2908" lon="18.93239">
        <ele>1389.9</ele>
      </trkpt>
      <trkpt lat="43.29075" lon="18.93254">
        <ele>1388.5</ele>
      </trkpt>
      <trkpt lat="43.29066" lon="18.93293">
        <ele>1384.3</ele>
      </trkpt>
      <trkpt lat="43.29061" lon="18.93305">
        <ele>1383.0</ele>
      </trkpt>
      <trkpt lat="43.29058" lon="18.93307">
        <ele>1382.7</ele>
      </trkpt>
      <trkpt lat="43.29053" lon="18.9331">
        <ele>1382.4</ele>
      </trkpt>
      <trkpt lat="43.29047" lon="18.9331">
        <ele>1382.4</ele>
      </trkpt>
      <trkpt lat="43.29034" lon="18.93304">
        <ele>1383.0</ele>
      </trkpt>
      <trkpt lat="43.29026" lon="18.93303">
        <ele>1383.0</ele>
      </trkpt>
      <trkpt lat="43.29016" lon="18.93304">
        <ele>1382.9</ele>
      </trkpt>
      <trkpt lat="43.28992" lon="18.9331">
        <ele>1381.6</ele>
      </trkpt>
      <trkpt lat="43.28977" lon="18.93309">
        <ele>1380.4</ele>
      </trkpt>
      <trkpt lat="43.28965" lon="18.93306">
        <ele>1379.7</ele>
      </trkpt>
      <trkpt lat="43.2892" lon="18.93284">
        <ele>1377.3</ele>
      </trkpt>
      <trkpt lat="43.28909" lon="18.93282">
        <ele>1377.1</ele>
      </trkpt>
      <trkpt lat="43.289" lon="18.93283">
        <ele>1377.0</ele>
      </trkpt>
      <trkpt lat="43.28896" lon="18.93286">
        <ele>1376.9</ele>
      </trkpt>
      <trkpt lat="43.2889" lon="18.93292">
        <ele>1376.6</ele>
      </trkpt>
      <trkpt lat="43.28885" lon="18.93302">
        <ele>1376.3</ele>
      </trkpt>
      <trkpt lat="43.28883" lon="18.93315">
        <ele>1375.9</ele>
      </trkpt>
      <trkpt lat="43.28883" lon="18.93335">
        <ele>1375.1</ele>
      </trkpt>
      <trkpt lat="43.28881" lon="18.93348">
        <ele>1374.7</ele>
      </trkpt>
      <trkpt lat="43.28878" lon="18.93358">
        <ele>1374.3</ele>
      </trkpt>
      <trkpt lat="43.28874" lon="18.93364">
        <ele>1374.3</ele>
      </trkpt>
      <trkpt lat="43.28863" lon="18.93373">
        <ele>1374.3</ele>
      </trkpt>
      <trkpt lat="43.28847" lon="18.93379">
        <ele>1374.8</ele>
      </trkpt>
      <trkpt lat="43.28828" lon="18.93383">
        <ele>1375.4</ele>
      </trkpt>
      <trkpt lat="43.28816" lon="18.93388">
        <ele>1375.6</ele>
      </trkpt>
      <trkpt lat="43.2876" lon="18.93428">
        <ele>1375.9</ele>
      </trkpt>
      <trkpt lat="43.28702" lon="18.93471">
        <ele>1375.0</ele>
      </trkpt>
      <trkpt lat="43.28693" lon="18.93477">
        <ele>1374.9</ele>
      </trkpt>
      <trkpt lat="43.2868" lon="18.93482">
        <ele>1375.0</ele>
      </trkpt>
      <trkpt lat="43.28671" lon="18.93487">
        <ele>1374.9</ele>
      </trkpt>
      <trkpt lat="43.28661" lon="18.93497">
        <ele>1374.2</ele>
      </trkpt>
      <trkpt lat="43.28654" lon="18.93507">
        <ele>1373.9</ele>
      </trkpt>
      <trkpt lat="43.28646" lon="18.93513">
        <ele>1373.8</ele>
      </trkpt>
      <trkpt lat="43.28637" lon="18.93517">
        <ele>1373.8</ele>
      </trkpt>
      <trkpt lat="43.28627" lon="18.93519">
        <ele>1373.8</ele>
      </trkpt>
      <trkpt lat="43.28584" lon="18.93516">
        <ele>1373.8</ele>
      </trkpt>
      <trkpt lat="43.28576" lon="18.93517">
        <ele>1373.7</ele>
      </trkpt>
      <trkpt lat="43.28568" lon="18.93519">
        <ele>1373.6</ele>
      </trkpt>
      <trkpt lat="43.28558" lon="18.93531">
        <ele>1373.3</ele>
      </trkpt>
      <trkpt lat="43.28552" lon="18.93552">
        <ele>1373.0</ele>
      </trkpt>
      <trkpt lat="43.28545" lon="18.93562">
        <ele>1372.8</ele>
      </trkpt>
      <trkpt lat="43.28539" lon="18.93564">
        <ele>1372.7</ele>
      </trkpt>
      <trkpt lat="43.28531" lon="18.93564">
        <ele>1372.6</ele>
      </trkpt>
      <trkpt lat="43.28523" lon="18.93559">
        <ele>1372.6</ele>
      </trkpt>
      <trkpt lat="43.28519" lon="18.93554">
        <ele>1372.6</ele>
      </trkpt>
      <trkpt lat="43.28476" lon="18.93471">
        <ele>1370.5</ele>
      </trkpt>
      <trkpt lat="43.28462" lon="18.93453">
        <ele>1369.2</ele>
      </trkpt>
      <trkpt lat="43.28452" lon="18.93444">
        <ele>1368.2</ele>
      </trkpt>
      <trkpt lat="43.28442" lon="18.9344">
        <ele>1367.2</ele>
      </trkpt>
      <trkpt lat="43.28431" lon="18.93439">
        <ele>1366.2</ele>
      </trkpt>
      <trkpt lat="43.28419" lon="18.93442">
        <ele>1364.9</ele>
      </trkpt>
      <trkpt lat="43.28406" lon="18.93447">
        <ele>1364.2</ele>
      </trkpt>
      <trkpt lat="43.28391" lon="18.93458">
        <ele>1363.7</ele>
      </trkpt>
      <trkpt lat="43.28363" lon="18.93493">
        <ele>1364.3</ele>
      </trkpt>
      <trkpt lat="43.28355" lon="18.93498">
        <ele>1364.6</ele>
      </trkpt>
      <trkpt lat="43.28344" lon="18.93501">
        <ele>1364.9</ele>
      </trkpt>
      <trkpt lat="43.28336" lon="18.93499">
        <ele>1364.9</ele>
      </trkpt>
      <trkpt lat="43.28329" lon="18.93491">
        <ele>1363.9</ele>
      </trkpt>
      <trkpt lat="43.28324" lon="18.93483">
        <ele>1362.8</ele>
      </trkpt>
      <trkpt lat="43.28322" lon="18.93461">
        <ele>1361.3</ele>
      </trkpt>
      <trkpt lat="43.28324" lon="18.93446">
        <ele>1360.5</ele>
      </trkpt>
      <trkpt lat="43.28326" lon="18.93431">
        <ele>1359.7</ele>
      </trkpt>
      <trkpt lat="43.28325" lon="18.93421">
        <ele>1359.0</ele>
      </trkpt>
      <trkpt lat="43.28323" lon="18.93411">
        <ele>1358.9</ele>
      </trkpt>
      <trkpt lat="43.28319" lon="18.93406">
        <ele>1359.0</ele>
      </trkpt>
      <trkpt lat="43.28314" lon="18.93401">
        <ele>1359.0</ele>
      </trkpt>
      <trkpt lat="43.28307" lon="18.93399">
        <ele>1358.8</ele>
      </trkpt>
      <trkpt lat="43.28298" lon="18.93401">
        <ele>1358.3</ele>
      </trkpt>
      <trkpt lat="43.28289" lon="18.93409">
        <ele>1357.6</ele>
      </trkpt>
      <trkpt lat="43.2828" lon="18.93421">
        <ele>1357.2</ele>
      </trkpt>
      <trkpt lat="43.28252" lon="18.93448">
        <ele>1355.8</ele>
      </trkpt>
      <trkpt lat="43.28234" lon="18.93461">
        <ele>1355.2</ele>
      </trkpt>
      <trkpt lat="43.28216" lon="18.93464">
        <ele>1354.8</ele>
      </trkpt>
      <trkpt lat="43.28201" lon="18.93464">
        <ele>1354.6</ele>
      </trkpt>
      <trkpt lat="43.28187" lon="18.93461">
        <ele>1354.4</ele>
      </trkpt>
      <trkpt lat="43.28175" lon="18.93463">
        <ele>1354.1</ele>
      </trkpt>
      <trkpt lat="43.28163" lon="18.93469">
        <ele>1353.8</ele>
      </trkpt>
      <trkpt lat="43.28126" lon="18.93494">
        <ele>1351.9</ele>
      </trkpt>
      <trkpt lat="43.28112" lon="18.935">
        <ele>1351.4</ele>
      </trkpt>
      <trkpt lat="43.28095" lon="18.93499">
        <ele>1350.5</ele>
      </trkpt>
      <trkpt lat="43.28066" lon="18.93492">
        <ele>1348.7</ele>
      </trkpt>
      <trkpt lat="43.28057" lon="18.93493">
        <ele>1348.1</ele>
      </trkpt>
      <trkpt lat="43.28044" lon="18.93499">
        <ele>1347.6</ele>
      </trkpt>
      <trkpt lat="43.27962" lon="18.93548">
        <ele>1345.1</ele>
      </trkpt>
      <trkpt lat="43.2788" lon="18.93597">
        <ele>1341.1</ele>
      </trkpt>
      <trkpt lat="43.27853" lon="18.93612">
        <ele>1339.7</ele>
      </trkpt>
      <trkpt lat="43.27844" lon="18.93621">
        <ele>1339.2</ele>
      </trkpt>
      <trkpt lat="43.27835" lon="18.93639">
        <ele>1338.8</ele>
      </trkpt>
      <trkpt lat="43.2783" lon="18.93646">
        <ele>1338.8</ele>
      </trkpt>
      <trkpt lat="43.27824" lon="18.9365">
        <ele>1339.0</ele>
      </trkpt>
      <trkpt lat="43.27815" lon="18.93653">
        <ele>1339.2</ele>
      </trkpt>
      <trkpt lat="43.27788" lon="18.93646">
        <ele>1340.0</ele>
      </trkpt>
      <trkpt lat="43.27773" lon="18.93647">
        <ele>1340.3</ele>
      </trkpt>
      <trkpt lat="43.27767" lon="18.93649">
        <ele>1340.4</ele>
      </trkpt>
      <trkpt lat="43.27756" lon="18.93657">
        <ele>1340.3</ele>
      </trkpt>
      <trkpt lat="43.27748" lon="18.93671">
        <ele>1340.1</ele>
      </trkpt>
      <trkpt lat="43.27736" lon="18.93712">
        <ele>1340.6</ele>
      </trkpt>
      <trkpt lat="43.27727" lon="18.93729">
        <ele>1340.3</ele>
      </trkpt>
      <trkpt lat="43.27718" lon="18.93744">
        <ele>1339.7</ele>
      </trkpt>
      <trkpt lat="43.27708" lon="18.93766">
        <ele>1339.6</ele>
      </trkpt>
      <trkpt lat="43.27695" lon="18.93815">
        <ele>1340.4</ele>
      </trkpt>
      <trkpt lat="43.27686" lon="18.93831">
        <ele>1340.3</ele>
      </trkpt>
      <trkpt lat="43.27674" lon="18.93849">
        <ele>1339.5</ele>
      </trkpt>
      <trkpt lat="43.2766" lon="18.93863">
        <ele>1338.7</ele>
      </trkpt>
      <trkpt lat="43.27618" lon="18.93903">
        <ele>1337.2</ele>
      </trkpt>
      <trkpt lat="43.27598" lon="18.93918">
        <ele>1336.5</ele>
      </trkpt>
      <trkpt lat="43.27571" lon="18.93934">
        <ele>1335.9</ele>
      </trkpt>
      <trkpt lat="43.27558" lon="18.93945">
        <ele>1335.5</ele>
      </trkpt>
      <trkpt lat="43.2755" lon="18.93955">
        <ele>1335.2</ele>
      </trkpt>
      <trkpt lat="43.27536" lon="18.93978">
        <ele>1334.5</ele>
      </trkpt>
      <trkpt lat="43.27516" lon="18.94006">
        <ele>1333.4</ele>
      </trkpt>
      <trkpt lat="43.27499" lon="18.94032">
        <ele>1333.5</ele>
      </trkpt>
      <trkpt lat="43.27492" lon="18.94037">
        <ele>1333.2</ele>
      </trkpt>
      <trkpt lat="43.27487" lon="18.94038">
        <ele>1332.9</ele>
      </trkpt>
      <trkpt lat="43.27472" lon="18.94036">
        <ele>1331.8</ele>
      </trkpt>
      <trkpt lat="43.27463" lon="18.94036">
        <ele>1331.2</ele>
      </trkpt>
      <trkpt lat="43.27435" lon="18.94048">
        <ele>1330.2</ele>
      </trkpt>
      <trkpt lat="43.27406" lon="18.94068">
        <ele>1330.1</ele>
      </trkpt>
      <trkpt lat="43.27378" lon="18.94095">
        <ele>1330.5</ele>
      </trkpt>
      <trkpt lat="43.27365" lon="18.94105">
        <ele>1330.3</ele>
      </trkpt>
      <trkpt lat="43.27355" lon="18.9411">
        <ele>1330.0</ele>
      </trkpt>
      <trkpt lat="43.27347" lon="18.94112">
        <ele>1329.6</ele>
      </trkpt>
      <trkpt lat="43.27334" lon="18.94111">
        <ele>1328.7</ele>
      </trkpt>
      <trkpt lat="43.27319" lon="18.94105">
        <ele>1328.4</ele>
      </trkpt>
      <trkpt lat="43.27303" lon="18.94091">
        <ele>1328.3</ele>
      </trkpt>
      <trkpt lat="43.2729" lon="18.94075">
        <ele>1328.6</ele>
      </trkpt>
      <trkpt lat="43.27283" lon="18.94063">
        <ele>1329.0</ele>
      </trkpt>
      <trkpt lat="43.27276" lon="18.94055">
        <ele>1329.6</ele>
      </trkpt>
      <trkpt lat="43.27271" lon="18.94052">
        <ele>1330.0</ele>
      </trkpt>
      <trkpt lat="43.27263" lon="18.94051">
        <ele>1330.6</ele>
      </trkpt>
      <trkpt lat="43.27254" lon="18.94053">
        <ele>1331.2</ele>
      </trkpt>
      <trkpt lat="43.27247" lon="18.94057">
        <ele>1331.3</ele>
      </trkpt>
      <trkpt lat="43.27218" lon="18.94093">
        <ele>1330.8</ele>
      </trkpt>
      <trkpt lat="43.27209" lon="18.94113">
        <ele>1330.4</ele>
      </trkpt>
      <trkpt lat="43.27189" lon="18.94168">
        <ele>1329.6</ele>
      </trkpt>
      <trkpt lat="43.27182" lon="18.94181">
        <ele>1329.3</ele>
      </trkpt>
      <trkpt lat="43.27173" lon="18.94189">
        <ele>1329.7</ele>
      </trkpt>
      <trkpt lat="43.27166" lon="18.94193">
        <ele>1330.1</ele>
      </trkpt>
      <trkpt lat="43.27158" lon="18.94195">
        <ele>1331.1</ele>
      </trkpt>
      <trkpt lat="43.27152" lon="18.94198">
        <ele>1331.8</ele>
      </trkpt>
      <trkpt lat="43.27147" lon="18.94204">
        <ele>1332.2</ele>
      </trkpt>
      <trkpt lat="43.27131" lon="18.94227">
        <ele>1333.5</ele>
      </trkpt>
      <trkpt lat="43.27106" lon="18.94275">
        <ele>1334.9</ele>
      </trkpt>
      <trkpt lat="43.27094" lon="18.94295">
        <ele>1335.8</ele>
      </trkpt>
      <trkpt lat="43.27081" lon="18.9431">
        <ele>1337.1</ele>
      </trkpt>
      <trkpt lat="43.27076" lon="18.94316">
        <ele>1337.6</ele>
      </trkpt>
      <trkpt lat="43.27068" lon="18.94321">
        <ele>1338.4</ele>
      </trkpt>
      <trkpt lat="43.27053" lon="18.94327">
        <ele>1340.0</ele>
      </trkpt>
      <trkpt lat="43.27013" lon="18.94359">
        <ele>1341.8</ele>
      </trkpt>
      <trkpt lat="43.27006" lon="18.94366">
        <ele>1341.8</ele>
      </trkpt>
      <trkpt lat="43.26997" lon="18.94379">
        <ele>1341.7</ele>
      </trkpt>
      <trkpt lat="43.26993" lon="18.9439">
        <ele>1341.3</ele>
      </trkpt>
      <trkpt lat="43.26988" lon="18.94414">
        <ele>1339.6</ele>
      </trkpt>
      <trkpt lat="43.26968" lon="18.94466">
        <ele>1341.5</ele>
      </trkpt>
      <trkpt lat="43.26963" lon="18.94492">
        <ele>1340.8</ele>
      </trkpt>
      <trkpt lat="43.26958" lon="18.9451">
        <ele>1339.9</ele>
      </trkpt>
      <trkpt lat="43.26945" lon="18.94549">
        <ele>1337.5</ele>
      </trkpt>
      <trkpt lat="43.26938" lon="18.94577">
        <ele>1335.7</ele>
      </trkpt>
      <trkpt lat="43.26935" lon="18.94595">
        <ele>1334.8</ele>
      </trkpt>
      <trkpt lat="43.26933" lon="18.94602">
        <ele>1334.5</ele>
      </trkpt>
      <trkpt lat="43.26928" lon="18.9461">
        <ele>1334.2</ele>
      </trkpt>
      <trkpt lat="43.26924" lon="18.94613">
        <ele>1334.2</ele>
      </trkpt>
      <trkpt lat="43.26907" lon="18.9462">
        <ele>1335.9</ele>
      </trkpt>
      <trkpt lat="43.26875" lon="18.94638">
        <ele>1340.2</ele>
      </trkpt>
      <trkpt lat="43.26867" lon="18.9464">
        <ele>1341.3</ele>
      </trkpt>
      <trkpt lat="43.26822" lon="18.94639">
        <ele>1348.6</ele>
      </trkpt>
      <trkpt lat="43.26815" lon="18.94642">
        <ele>1349.4</ele>
      </trkpt>
      <trkpt lat="43.2681" lon="18.94648">
        <ele>1349.4</ele>
      </trkpt>
      <trkpt lat="43.26808" lon="18.94653">
        <ele>1349.0</ele>
      </trkpt>
      <trkpt lat="43.26806" lon="18.94664">
        <ele>1347.7</ele>
      </trkpt>
      <trkpt lat="43.26807" lon="18.94674">
        <ele>1346.6</ele>
      </trkpt>
      <trkpt lat="43.2681" lon="18.94687">
        <ele>1345.2</ele>
      </trkpt>
      <trkpt lat="43.2681" lon="18.94697">
        <ele>1344.5</ele>
      </trkpt>
      <trkpt lat="43.26809" lon="18.94708">
        <ele>1343.9</ele>
      </trkpt>
      <trkpt lat="43.26801" lon="18.94724">
        <ele>1343.8</ele>
      </trkpt>
      <trkpt lat="43.26797" lon="18.9473">
        <ele>1343.9</ele>
      </trkpt>
      <trkpt lat="43.26791" lon="18.94734">
        <ele>1344.3</ele>
      </trkpt>
      <trkpt lat="43.26787" lon="18.94735">
        <ele>1344.8</ele>
      </trkpt>
      <trkpt lat="43.26774" lon="18.94733">
        <ele>1346.6</ele>
      </trkpt>
      <trkpt lat="43.26763" lon="18.94727">
        <ele>1348.5</ele>
      </trkpt>
      <trkpt lat="43.26758" lon="18.94722">
        <ele>1349.6</ele>
      </trkpt>
      <trkpt lat="43.26755" lon="18.94715">
        <ele>1350.7</ele>
      </trkpt>
      <trkpt lat="43.26753" lon="18.94708">
        <ele>1351.6</ele>
      </trkpt>
      <trkpt lat="43.2675" lon="18.94682">
        <ele>1354.5</ele>
      </trkpt>
      <trkpt lat="43.26745" lon="18.94654">
        <ele>1359.0</ele>
      </trkpt>
      <trkpt lat="43.26742" lon="18.94648">
        <ele>1360.5</ele>
      </trkpt>
      <trkpt lat="43.26736" lon="18.94642">
        <ele>1362.3</ele>
      </trkpt>
      <trkpt lat="43.26729" lon="18.94639">
        <ele>1363.7</ele>
      </trkpt>
      <trkpt lat="43.26718" lon="18.94639">
        <ele>1365.1</ele>
      </trkpt>
      <trkpt lat="43.26709" lon="18.94643">
        <ele>1365.7</ele>
      </trkpt>
      <trkpt lat="43.267" lon="18.94652">
        <ele>1365.7</ele>
      </trkpt>
      <trkpt lat="43.26688" lon="18.94668">
        <ele>1365.5</ele>
      </trkpt>
      <trkpt lat="43.26681" lon="18.94684">
        <ele>1364.9</ele>
      </trkpt>
      <trkpt lat="43.26667" lon="18.94724">
        <ele>1362.8</ele>
      </trkpt>
      <trkpt lat="43.26661" lon="18.94732">
        <ele>1362.6</ele>
      </trkpt>
      <trkpt lat="43.26655" lon="18.94737">
        <ele>1362.8</ele>
      </trkpt>
      <trkpt lat="43.2665" lon="18.94737">
        <ele>1363.4</ele>
      </trkpt>
      <trkpt lat="43.26645" lon="18.94736">
        <ele>1364.1</ele>
      </trkpt>
      <trkpt lat="43.26633" lon="18.94727">
        <ele>1366.4</ele>
      </trkpt>
      <trkpt lat="43.26626" lon="18.94724">
        <ele>1367.5</ele>
      </trkpt>
      <trkpt lat="43.2662" lon="18.94723">
        <ele>1368.3</ele>
      </trkpt>
      <trkpt lat="43.26612" lon="18.94725">
        <ele>1369.1</ele>
      </trkpt>
      <trkpt lat="43.26604" lon="18.94731">
        <ele>1369.4</ele>
      </trkpt>
      <trkpt lat="43.26598" lon="18.94745">
        <ele>1368.7</ele>
      </trkpt>
      <trkpt lat="43.26591" lon="18.94778">
        <ele>1368.2</ele>
      </trkpt>
      <trkpt lat="43.26587" lon="18.94787">
        <ele>1368.5</ele>
      </trkpt>
      <trkpt lat="43.26581" lon="18.94794">
        <ele>1369.2</ele>
      </trkpt>
      <trkpt lat="43.26571" lon="18.948">
        <ele>1370.2</ele>
      </trkpt>
      <trkpt lat="43.26563" lon="18.94801">
        <ele>1371.2</ele>
      </trkpt>
      <trkpt lat="43.2653" lon="18.948">
        <ele>1375.1</ele>
      </trkpt>
      <trkpt lat="43.26523" lon="18.94802">
        <ele>1375.8</ele>
      </trkpt>
      <trkpt lat="43.26518" lon="18.94805">
        <ele>1376.3</ele>
      </trkpt>
      <trkpt lat="43.2649" lon="18.94829">
        <ele>1377.7</ele>
      </trkpt>
      <trkpt lat="43.26475" lon="18.9484">
        <ele>1377.2</ele>
      </trkpt>
      <trkpt lat="43.26463" lon="18.94847">
        <ele>1376.8</ele>
      </trkpt>
      <trkpt lat="43.26451" lon="18.9485">
        <ele>1377.1</ele>
      </trkpt>
      <trkpt lat="43.2644" lon="18.9485">
        <ele>1377.8</ele>
      </trkpt>
      <trkpt lat="43.26433" lon="18.94849">
        <ele>1378.3</ele>
      </trkpt>
      <trkpt lat="43.26426" lon="18.94843">
        <ele>1379.4</ele>
      </trkpt>
      <trkpt lat="43.26421" lon="18.94835">
        <ele>1380.6</ele>
      </trkpt>
      <trkpt lat="43.26417" lon="18.94825">
        <ele>1381.2</ele>
      </trkpt>
      <trkpt lat="43.26413" lon="18.94806">
        <ele>1381.7</ele>
      </trkpt>
      <trkpt lat="43.26408" lon="18.94793">
        <ele>1382.2</ele>
      </trkpt>
      <trkpt lat="43.26403" lon="18.94779">
        <ele>1382.8</ele>
      </trkpt>
      <trkpt lat="43.26398" lon="18.94772">
        <ele>1383.3</ele>
      </trkpt>
      <trkpt lat="43.26392" lon="18.94769">
        <ele>1383.7</ele>
      </trkpt>
      <trkpt lat="43.26369" lon="18.94766">
        <ele>1384.9</ele>
      </trkpt>
      <trkpt lat="43.26357" lon="18.94767">
        <ele>1385.4</ele>
      </trkpt>
      <trkpt lat="43.26351" lon="18.94771">
        <ele>1385.4</ele>
      </trkpt>
      <trkpt lat="43.26341" lon="18.94789">
        <ele>1384.5</ele>
      </trkpt>
      <trkpt lat="43.26338" lon="18.94792">
        <ele>1384.3</ele>
      </trkpt>
      <trkpt lat="43.26334" lon="18.94795">
        <ele>1384.2</ele>
      </trkpt>
      <trkpt lat="43.26323" lon="18.94794">
        <ele>1384.7</ele>
      </trkpt>
      <trkpt lat="43.26307" lon="18.94786">
        <ele>1386.2</ele>
      </trkpt>
      <trkpt lat="43.26299" lon="18.94784">
        <ele>1386.8</ele>
      </trkpt>
      <trkpt lat="43.26289" lon="18.94786">
        <ele>1387.0</ele>
      </trkpt>
      <trkpt lat="43.26281" lon="18.94789">
        <ele>1387.0</ele>
      </trkpt>
      <trkpt lat="43.26273" lon="18.94791">
        <ele>1387.1</ele>
      </trkpt>
      <trkpt lat="43.26267" lon="18.9479">
        <ele>1387.5</ele>
      </trkpt>
      <trkpt lat="43.26258" lon="18.94785">
        <ele>1388.6</ele>
      </trkpt>
      <trkpt lat="43.26245" lon="18.94773">
        <ele>1390.6</ele>
      </trkpt>
      <trkpt lat="43.26237" lon="18.94767">
        <ele>1391.2</ele>
      </trkpt>
      <trkpt lat="43.26232" lon="18.94765">
        <ele>1391.2</ele>
      </trkpt>
      <trkpt lat="43.26223" lon="18.94765">
        <ele>1390.9</ele>
      </trkpt>
      <trkpt lat="43.26208" lon="18.94772">
        <ele>1389.9</ele>
      </trkpt>
      <trkpt lat="43.26169" lon="18.94785">
        <ele>1389.0</ele>
      </trkpt>
      <trkpt lat="43.26147" lon="18.94786">
        <ele>1387.9</ele>
      </trkpt>
      <trkpt lat="43.26104" lon="18.94798">
        <ele>1385.8</ele>
      </trkpt>
      <trkpt lat="43.26058" lon="18.94828">
        <ele>1382.8</ele>
      </trkpt>
      <trkpt lat="43.2601" lon="18.94856">
        <ele>1377.7</ele>
      </trkpt>
      <trkpt lat="43.25977" lon="18.94871">
        <ele>1375.1</ele>
      </trkpt>
      <trkpt lat="43.25954" lon="18.94875">
        <ele>1373.4</ele>
      </trkpt>
      <trkpt lat="43.25925" lon="18.94878">
        <ele>1371.2</ele>
      </trkpt>
      <trkpt lat="43.25914" lon="18.94878">
        <ele>1370.4</ele>
      </trkpt>
      <trkpt lat="43.25901" lon="18.94877">
        <ele>1369.5</ele>
      </trkpt>
      <trkpt lat="43.25861" lon="18.94863">
        <ele>1367.0</ele>
      </trkpt>
      <trkpt lat="43.25851" lon="18.94857">
        <ele>1366.5</ele>
      </trkpt>
      <trkpt lat="43.25839" lon="18.94846">
        <ele>1366.0</ele>
      </trkpt>
      <trkpt lat="43.25824" lon="18.94816">
        <ele>1367.8</ele>
      </trkpt>
      <trkpt lat="43.25817" lon="18.94804">
        <ele>1369.2</ele>
      </trkpt>
      <trkpt lat="43.2581" lon="18.94798">
        <ele>1370.0</ele>
      </trkpt>
      <trkpt lat="43.258" lon="18.94794">
        <ele>1370.7</ele>
      </trkpt>
      <trkpt lat="43.25788" lon="18.94794">
        <ele>1371.1</ele>
      </trkpt>
      <trkpt lat="43.25772" lon="18.94792">
        <ele>1371.8</ele>
      </trkpt>
      <trkpt lat="43.25756" lon="18.94784">
        <ele>1373.3</ele>
      </trkpt>
      <trkpt lat="43.25742" lon="18.94774">
        <ele>1374.8</ele>
      </trkpt>
      <trkpt lat="43.25732" lon="18.94765">
        <ele>1375.9</ele>
      </trkpt>
      <trkpt lat="43.25723" lon="18.94754">
        <ele>1377.2</ele>
      </trkpt>
      <trkpt lat="43.25696" lon="18.94714">
        <ele>1379.1</ele>
      </trkpt>
      <trkpt lat="43.25689" lon="18.94706">
        <ele>1379.2</ele>
      </trkpt>
      <trkpt lat="43.2568" lon="18.94702">
        <ele>1378.9</ele>
      </trkpt>
      <trkpt lat="43.25673" lon="18.94702">
        <ele>1378.5</ele>
      </trkpt>
      <trkpt lat="43.25666" lon="18.94704">
        <ele>1378.2</ele>
      </trkpt>
      <trkpt lat="43.25641" lon="18.94723">
        <ele>1379.9</ele>
      </trkpt>
      <trkpt lat="43.25629" lon="18.94735">
        <ele>1381.0</ele>
      </trkpt>
      <trkpt lat="43.25615" lon="18.94759">
        <ele>1381.9</ele>
      </trkpt>
      <trkpt lat="43.25608" lon="18.94764">
        <ele>1382.3</ele>
      </trkpt>
      <trkpt lat="43.25601" lon="18.94765">
        <ele>1383.1</ele>
      </trkpt>
      <trkpt lat="43.25594" lon="18.94762">
        <ele>1384.1</ele>
      </trkpt>
      <trkpt lat="43.25569" lon="18.94747">
        <ele>1386.6</ele>
      </trkpt>
      <trkpt lat="43.2556" lon="18.94744">
        <ele>1387.0</ele>
      </trkpt>
      <trkpt lat="43.25536" lon="18.94741">
        <ele>1388.3</ele>
      </trkpt>
      <trkpt lat="43.25486" lon="18.94741">
        <ele>1389.8</ele>
      </trkpt>
      <trkpt lat="43.25464" lon="18.94734">
        <ele>1389.3</ele>
      </trkpt>
      <trkpt lat="43.25458" lon="18.94734">
        <ele>1389.2</ele>
      </trkpt>
      <trkpt lat="43.25453" lon="18.94737">
        <ele>1388.9</ele>
      </trkpt>
      <trkpt lat="43.25442" lon="18.94749">
        <ele>1388.0</ele>
      </trkpt>
      <trkpt lat="43.25436" lon="18.94753">
        <ele>1387.4</ele>
      </trkpt>
      <trkpt lat="43.2543" lon="18.94754">
        <ele>1387.1</ele>
      </trkpt>
      <trkpt lat="43.25416" lon="18.94755">
        <ele>1386.6</ele>
      </trkpt>
      <trkpt lat="43.254" lon="18.94747">
        <ele>1387.2</ele>
      </trkpt>
      <trkpt lat="43.2539" lon="18.94741">
        <ele>1387.6</ele>
      </trkpt>
      <trkpt lat="43.25371" lon="18.94725">
        <ele>1389.0</ele>
      </trkpt>
      <trkpt lat="43.25358" lon="18.94721">
        <ele>1389.5</ele>
      </trkpt>
      <trkpt lat="43.25342" lon="18.9472">
        <ele>1389.8</ele>
      </trkpt>
      <trkpt lat="43.25289" lon="18.94727">
        <ele>1385.8</ele>
      </trkpt>
      <trkpt lat="43.25277" lon="18.94734">
        <ele>1384.5</ele>
      </trkpt>
      <trkpt lat="43.25273" lon="18.94739">
        <ele>1384.0</ele>
      </trkpt>
      <trkpt lat="43.25253" lon="18.94768">
        <ele>1383.2</ele>
      </trkpt>
      <trkpt lat="43.2523" lon="18.94805">
        <ele>1385.8</ele>
      </trkpt>
      <trkpt lat="43.25216" lon="18.94818">
        <ele>1386.9</ele>
      </trkpt>
      <trkpt lat="43.25172" lon="18.9485">
        <ele>1388.5</ele>
      </trkpt>
      <trkpt lat="43.25165" lon="18.94856">
        <ele>1388.5</ele>
      </trkpt>
      <trkpt lat="43.25141" lon="18.94894">
        <ele>1389.6</ele>
      </trkpt>
      <trkpt lat="43.25113" lon="18.94931">
        <ele>1393.1</ele>
      </trkpt>
      <trkpt lat="43.25102" lon="18.94941">
        <ele>1394.9</ele>
      </trkpt>
      <trkpt lat="43.25092" lon="18.94949">
        <ele>1396.5</ele>
      </trkpt>
      <trkpt lat="43.25071" lon="18.94959">
        <ele>1398.1</ele>
      </trkpt>
      <trkpt lat="43.25059" lon="18.94963">
        <ele>1398.5</ele>
      </trkpt>
      <trkpt lat="43.25048" lon="18.94966">
        <ele>1398.7</ele>
      </trkpt>
      <trkpt lat="43.25031" lon="18.94963">
        <ele>1398.6</ele>
      </trkpt>
      <trkpt lat="43.25018" lon="18.94957">
        <ele>1398.3</ele>
      </trkpt>
      <trkpt lat="43.2501" lon="18.9495">
        <ele>1397.9</ele>
      </trkpt>
      <trkpt lat="43.25003" lon="18.9494">
        <ele>1397.4</ele>
      </trkpt>
      <trkpt lat="43.24986" lon="18.94902">
        <ele>1395.4</ele>
      </trkpt>
      <trkpt lat="43.24957" lon="18.94842">
        <ele>1392.9</ele>
      </trkpt>
      <trkpt lat="43.24952" lon="18.94824">
        <ele>1392.7</ele>
      </trkpt>
      <trkpt lat="43.24947" lon="18.94806">
        <ele>1393.4</ele>
      </trkpt>
      <trkpt lat="43.24946" lon="18.94781">
        <ele>1394.4</ele>
      </trkpt>
      <trkpt lat="43.24942" lon="18.94752">
        <ele>1395.7</ele>
      </trkpt>
      <trkpt lat="43.24941" lon="18.94737">
        <ele>1396.7</ele>
      </trkpt>
      <trkpt lat="43.24945" lon="18.9472">
        <ele>1397.7</ele>
      </trkpt>
      <trkpt lat="43.24951" lon="18.94709">
        <ele>1398.0</ele>
      </trkpt>
      <trkpt lat="43.24953" lon="18.94701">
        <ele>1398.3</ele>
      </trkpt>
      <trkpt lat="43.24954" lon="18.94694">
        <ele>1398.7</ele>
      </trkpt>
      <trkpt lat="43.24952" lon="18.94679">
        <ele>1399.8</ele>
      </trkpt>
      <trkpt lat="43.24944" lon="18.94654">
        <ele>1400.9</ele>
      </trkpt>
      <trkpt lat="43.2494" lon="18.94645">
        <ele>1400.9</ele>
      </trkpt>
      <trkpt lat="43.24932" lon="18.94636">
        <ele>1401.4</ele>
      </trkpt>
      <trkpt lat="43.24907" lon="18.94612">
        <ele>1401.9</ele>
      </trkpt>
      <trkpt lat="43.249" lon="18.94605">
        <ele>1401.7</ele>
      </trkpt>
      <trkpt lat="43.24897" lon="18.94595">
        <ele>1401.5</ele>
      </trkpt>
      <trkpt lat="43.24895" lon="18.94584">
        <ele>1401.3</ele>
      </trkpt>
      <trkpt lat="43.24895" lon="18.94548">
        <ele>1402.1</ele>
      </trkpt>
      <trkpt lat="43.24894" lon="18.94525">
        <ele>1402.7</ele>
      </trkpt>
      <trkpt lat="43.2489" lon="18.94509">
        <ele>1403.1</ele>
      </trkpt>
      <trkpt lat="43.24884" lon="18.94495">
        <ele>1403.8</ele>
      </trkpt>
      <trkpt lat="43.24876" lon="18.94483">
        <ele>1404.7</ele>
      </trkpt>
      <trkpt lat="43.24861" lon="18.94468">
        <ele>1405.3</ele>
      </trkpt>
      <trkpt lat="43.24847" lon="18.94457">
        <ele>1405.2</ele>
      </trkpt>
      <trkpt lat="43.24838" lon="18.94451">
        <ele>1404.9</ele>
      </trkpt>
      <trkpt lat="43.2482" lon="18.94446">
        <ele>1406.0</ele>
      </trkpt>
      <trkpt lat="43.2479" lon="18.94442">
        <ele>1409.2</ele>
      </trkpt>
      <trkpt lat="43.24774" lon="18.94437">
        <ele>1411.0</ele>
      </trkpt>
      <trkpt lat="43.24769" lon="18.94432">
        <ele>1411.6</ele>
      </trkpt>
      <trkpt lat="43.24761" lon="18.94411">
        <ele>1412.5</ele>
      </trkpt>
      <trkpt lat="43.24758" lon="18.94405">
        <ele>1412.4</ele>
      </trkpt>
      <trkpt lat="43.24752" lon="18.94399">
        <ele>1412.6</ele>
      </trkpt>
      <trkpt lat="43.24747" lon="18.94397">
        <ele>1412.7</ele>
      </trkpt>
      <trkpt lat="43.24742" lon="18.94397">
        <ele>1412.9</ele>
      </trkpt>
      <trkpt lat="43.2472" lon="18.94409">
        <ele>1414.3</ele>
      </trkpt>
      <trkpt lat="43.24715" lon="18.9441">
        <ele>1414.5</ele>
      </trkpt>
      <trkpt lat="43.24709" lon="18.9441">
        <ele>1414.7</ele>
      </trkpt>
      <trkpt lat="43.24704" lon="18.94407">
        <ele>1414.7</ele>
      </trkpt>
      <trkpt lat="43.24698" lon="18.94401">
        <ele>1414.7</ele>
      </trkpt>
      <trkpt lat="43.24695" lon="18.94395">
        <ele>1414.6</ele>
      </trkpt>
      <trkpt lat="43.24693" lon="18.94386">
        <ele>1414.4</ele>
      </trkpt>
      <trkpt lat="43.24692" lon="18.94363">
        <ele>1413.8</ele>
      </trkpt>
      <trkpt lat="43.24689" lon="18.9434">
        <ele>1413.3</ele>
      </trkpt>
      <trkpt lat="43.24674" lon="18.94272">
        <ele>1416.4</ele>
      </trkpt>
      <trkpt lat="43.24658" lon="18.94203">
        <ele>1418.9</ele>
      </trkpt>
      <trkpt lat="43.24653" lon="18.94194">
        <ele>1419.3</ele>
      </trkpt>
      <trkpt lat="43.24644" lon="18.94183">
        <ele>1419.8</ele>
      </trkpt>
      <trkpt lat="43.24636" lon="18.94176">
        <ele>1420.3</ele>
      </trkpt>
      <trkpt lat="43.24603" lon="18.94164">
        <ele>1422.0</ele>
      </trkpt>
      <trkpt lat="43.24576" lon="18.94152">
        <ele>1423.3</ele>
      </trkpt>
      <trkpt lat="43.24569" lon="18.94146">
        <ele>1423.7</ele>
      </trkpt>
      <trkpt lat="43.24564" lon="18.94139">
        <ele>1424.1</ele>
      </trkpt>
      <trkpt lat="43.24558" lon="18.94126">
        <ele>1424.5</ele>
      </trkpt>
      <trkpt lat="43.24543" lon="18.94059">
        <ele>1426.5</ele>
      </trkpt>
      <trkpt lat="43.24539" lon="18.94046">
        <ele>1427.0</ele>
      </trkpt>
      <trkpt lat="43.24534" lon="18.94038">
        <ele>1427.2</ele>
      </trkpt>
      <trkpt lat="43.24526" lon="18.9403">
        <ele>1427.3</ele>
      </trkpt>
      <trkpt lat="43.24519" lon="18.94027">
        <ele>1427.3</ele>
      </trkpt>
      <trkpt lat="43.24508" lon="18.94026">
        <ele>1427.3</ele>
      </trkpt>
      <trkpt lat="43.24494" lon="18.94029">
        <ele>1427.7</ele>
      </trkpt>
      <trkpt lat="43.24472" lon="18.94036">
        <ele>1429.0</ele>
      </trkpt>
      <trkpt lat="43.244" lon="18.94076">
        <ele>1432.8</ele>
      </trkpt>
      <trkpt lat="43.24389" lon="18.94081">
        <ele>1433.6</ele>
      </trkpt>
      <trkpt lat="43.24378" lon="18.94084">
        <ele>1434.3</ele>
      </trkpt>
      <trkpt lat="43.24367" lon="18.94085">
        <ele>1434.8</ele>
      </trkpt>
      <trkpt lat="43.24356" lon="18.94083">
        <ele>1435.6</ele>
      </trkpt>
      <trkpt lat="43.24289" lon="18.94066">
        <ele>1439.7</ele>
      </trkpt>
      <trkpt lat="43.2428" lon="18.94062">
        <ele>1440.4</ele>
      </trkpt>
      <trkpt lat="43.24272" lon="18.94057">
        <ele>1441.0</ele>
      </trkpt>
      <trkpt lat="43.24231" lon="18.94023">
        <ele>1441.2</ele>
      </trkpt>
      <trkpt lat="43.24226" lon="18.94015">
        <ele>1441.0</ele>
      </trkpt>
      <trkpt lat="43.24216" lon="18.93986">
        <ele>1441.7</ele>
      </trkpt>
      <trkpt lat="43.24212" lon="18.93975">
        <ele>1442.1</ele>
      </trkpt>
      <trkpt lat="43.24204" lon="18.9396">
        <ele>1442.8</ele>
      </trkpt>
      <trkpt lat="43.24178" lon="18.9392">
        <ele>1446.3</ele>
      </trkpt>
      <trkpt lat="43.2417" lon="18.93911">
        <ele>1447.3</ele>
      </trkpt>
      <trkpt lat="43.2416" lon="18.93907">
        <ele>1447.8</ele>
      </trkpt>
      <trkpt lat="43.24143" lon="18.93911">
        <ele>1447.3</ele>
      </trkpt>
      <trkpt lat="43.24125" lon="18.93923">
        <ele>1445.5</ele>
      </trkpt>
      <trkpt lat="43.24109" lon="18.93939">
        <ele>1442.2</ele>
      </trkpt>
      <trkpt lat="43.24102" lon="18.93942">
        <ele>1441.4</ele>
      </trkpt>
      <trkpt lat="43.24094" lon="18.93943">
        <ele>1440.8</ele>
      </trkpt>
      <trkpt lat="43.24089" lon="18.93942">
        <ele>1440.8</ele>
      </trkpt>
      <trkpt lat="43.24082" lon="18.9394">
        <ele>1440.8</ele>
      </trkpt>
      <trkpt lat="43.2407" lon="18.93928">
        <ele>1441.5</ele>
      </trkpt>
      <trkpt lat="43.24049" lon="18.93902">
        <ele>1442.7</ele>
      </trkpt>
      <trkpt lat="43.24024" lon="18.93884">
        <ele>1441.3</ele>
      </trkpt>
      <trkpt lat="43.24016" lon="18.93879">
        <ele>1440.8</ele>
      </trkpt>
      <trkpt lat="43.2401" lon="18.93872">
        <ele>1440.9</ele>
      </trkpt>
      <trkpt lat="43.24006" lon="18.93865">
        <ele>1441.3</ele>
      </trkpt>
      <trkpt lat="43.24" lon="18.93846">
        <ele>1443.2</ele>
      </trkpt>
      <trkpt lat="43.23998" lon="18.93828">
        <ele>1445.4</ele>
      </trkpt>
      <trkpt lat="43.23997" lon="18.93804">
        <ele>1447.3</ele>
      </trkpt>
      <trkpt lat="43.24" lon="18.93753">
        <ele>1451.7</ele>
      </trkpt>
      <trkpt lat="43.23997" lon="18.93745">
        <ele>1452.9</ele>
      </trkpt>
      <trkpt lat="43.23994" lon="18.9374">
        <ele>1453.8</ele>
      </trkpt>
      <trkpt lat="43.23983" lon="18.93733">
        <ele>1454.6</ele>
      </trkpt>
      <trkpt lat="43.23954" lon="18.93728">
        <ele>1453.8</ele>
      </trkpt>
      <trkpt lat="43.2393" lon="18.93726">
        <ele>1452.7</ele>
      </trkpt>
      <trkpt lat="43.23924" lon="18.93729">
        <ele>1451.9</ele>
      </trkpt>
      <trkpt lat="43.2392" lon="18.93732">
        <ele>1451.3</ele>
      </trkpt>
      <trkpt lat="43.23916" lon="18.9374">
        <ele>1450.3</ele>
      </trkpt>
      <trkpt lat="43.23907" lon="18.93763">
        <ele>1448.5</ele>
      </trkpt>
      <trkpt lat="43.23899" lon="18.93783">
        <ele>1447.0</ele>
      </trkpt>
      <trkpt lat="43.23895" lon="18.9379">
        <ele>1446.5</ele>
      </trkpt>
      <trkpt lat="43.23887" lon="18.93795">
        <ele>1446.4</ele>
      </trkpt>
      <trkpt lat="43.23874" lon="18.93796">
        <ele>1447.0</ele>
      </trkpt>
      <trkpt lat="43.23846" lon="18.93785">
        <ele>1450.1</ele>
      </trkpt>
      <trkpt lat="43.23837" lon="18.93785">
        <ele>1450.7</ele>
      </trkpt>
      <trkpt lat="43.23832" lon="18.93787">
        <ele>1450.6</ele>
      </trkpt>
      <trkpt lat="43.23812" lon="18.93801">
        <ele>1447.9</ele>
      </trkpt>
      <trkpt lat="43.23803" lon="18.93811">
        <ele>1446.1</ele>
      </trkpt>
      <trkpt lat="43.23794" lon="18.93815">
        <ele>1445.1</ele>
      </trkpt>
      <trkpt lat="43.23787" lon="18.93814">
        <ele>1444.9</ele>
      </trkpt>
      <trkpt lat="43.23745" lon="18.938">
        <ele>1444.9</ele>
      </trkpt>
      <trkpt lat="43.23736" lon="18.93796">
        <ele>1443.7</ele>
      </trkpt>
      <trkpt lat="43.23729" lon="18.9379">
        <ele>1443.3</ele>
      </trkpt>
      <trkpt lat="43.23723" lon="18.93781">
        <ele>1443.5</ele>
      </trkpt>
      <trkpt lat="43.23697" lon="18.93712">
        <ele>1445.7</ele>
      </trkpt>
      <trkpt lat="43.23693" lon="18.93705">
        <ele>1445.5</ele>
      </trkpt>
      <trkpt lat="43.23685" lon="18.93695">
        <ele>1445.0</ele>
      </trkpt>
      <trkpt lat="43.23674" lon="18.93684">
        <ele>1444.2</ele>
      </trkpt>
      <trkpt lat="43.23667" lon="18.93675">
        <ele>1444.1</ele>
      </trkpt>
      <trkpt lat="43.23641" lon="18.93628">
        <ele>1443.7</ele>
      </trkpt>
      <trkpt lat="43.23583" lon="18.93566">
        <ele>1443.0</ele>
      </trkpt>
      <trkpt lat="43.23576" lon="18.93557">
        <ele>1443.4</ele>
      </trkpt>
      <trkpt lat="43.23563" lon="18.93528">
        <ele>1445.5</ele>
      </trkpt>
      <trkpt lat="43.23558" lon="18.93519">
        <ele>1446.1</ele>
      </trkpt>
      <trkpt lat="43.2355" lon="18.93513">
        <ele>1445.9</ele>
      </trkpt>
      <trkpt lat="43.23492" lon="18.93504">
        <ele>1442.2</ele>
      </trkpt>
      <trkpt lat="43.23472" lon="18.93506">
        <ele>1443.6</ele>
      </trkpt>
      <trkpt lat="43.23464" lon="18.93511">
        <ele>1443.7</ele>
      </trkpt>
      <trkpt lat="43.23458" lon="18.93518">
        <ele>1443.3</ele>
      </trkpt>
      <trkpt lat="43.23421" lon="18.9357">
        <ele>1438.7</ele>
      </trkpt>
      <trkpt lat="43.23417" lon="18.93573">
        <ele>1438.5</ele>
      </trkpt>
      <trkpt lat="43.23411" lon="18.93573">
        <ele>1438.1</ele>
      </trkpt>
      <trkpt lat="43.23406" lon="18.93572">
        <ele>1437.8</ele>
      </trkpt>
      <trkpt lat="43.23401" lon="18.9357">
        <ele>1437.8</ele>
      </trkpt>
      <trkpt lat="43.23399" lon="18.93555">
        <ele>1440.0</ele>
      </trkpt>
      <trkpt lat="43.23408" lon="18.93519">
        <ele>1445.9</ele>
      </trkpt>
      <trkpt lat="43.23408" lon="18.93505">
        <ele>1448.0</ele>
      </trkpt>
      <trkpt lat="43.23405" lon="18.93498">
        <ele>1449.0</ele>
      </trkpt>
      <trkpt lat="43.23399" lon="18.93489">
        <ele>1450.2</ele>
      </trkpt>
      <trkpt lat="43.2339" lon="18.93483">
        <ele>1450.8</ele>
      </trkpt>
      <trkpt lat="43.23378" lon="18.93483">
        <ele>1450.4</ele>
      </trkpt>
      <trkpt lat="43.23363" lon="18.9349">
        <ele>1449.0</ele>
      </trkpt>
      <trkpt lat="43.23349" lon="18.93507">
        <ele>1446.0</ele>
      </trkpt>
      <trkpt lat="43.23343" lon="18.93511">
        <ele>1445.1</ele>
      </trkpt>
      <trkpt lat="43.23331" lon="18.93515">
        <ele>1443.7</ele>
      </trkpt>
      <trkpt lat="43.23292" lon="18.93513">
        <ele>1439.5</ele>
      </trkpt>
      <trkpt lat="43.23279" lon="18.93508">
        <ele>1438.9</ele>
      </trkpt>
      <trkpt lat="43.23267" lon="18.93496">
        <ele>1439.6</ele>
      </trkpt>
      <trkpt lat="43.23245" lon="18.93464">
        <ele>1441.2</ele>
      </trkpt>
      <trkpt lat="43.23232" lon="18.93431">
        <ele>1444.9</ele>
      </trkpt>
      <trkpt lat="43.23228" lon="18.93426">
        <ele>1445.4</ele>
      </trkpt>
      <trkpt lat="43.23221" lon="18.93422">
        <ele>1445.7</ele>
      </trkpt>
      <trkpt lat="43.23216" lon="18.93423">
        <ele>1445.3</ele>
      </trkpt>
      <trkpt lat="43.23204" lon="18.93431">
        <ele>1443.0</ele>
      </trkpt>
      <trkpt lat="43.23196" lon="18.93433">
        <ele>1442.1</ele>
      </trkpt>
      <trkpt lat="43.23169" lon="18.93427">
        <ele>1441.7</ele>
      </trkpt>
      <trkpt lat="43.23125" lon="18.93427">
        <ele>1437.4</ele>
      </trkpt>
      <trkpt lat="43.23113" lon="18.93423">
        <ele>1437.2</ele>
      </trkpt>
      <trkpt lat="43.23107" lon="18.93417">
        <ele>1438.2</ele>
      </trkpt>
      <trkpt lat="43.23096" lon="18.93401">
        <ele>1439.9</ele>
      </trkpt>
      <trkpt lat="43.23088" lon="18.93386">
        <ele>1441.6</ele>
      </trkpt>
      <trkpt lat="43.23075" lon="18.93343">
        <ele>1447.7</ele>
      </trkpt>
      <trkpt lat="43.2307" lon="18.93321">
        <ele>1451.6</ele>
      </trkpt>
      <trkpt lat="43.23066" lon="18.93313">
        <ele>1452.9</ele>
      </trkpt>
      <trkpt lat="43.23062" lon="18.9331">
        <ele>1453.3</ele>
      </trkpt>
      <trkpt lat="43.23059" lon="18.93309">
        <ele>1453.3</ele>
      </trkpt>
      <trkpt lat="43.23054" lon="18.9331">
        <ele>1452.7</ele>
      </trkpt>
      <trkpt lat="43.2305" lon="18.93312">
        <ele>1452.1</ele>
      </trkpt>
      <trkpt lat="43.23037" lon="18.93321">
        <ele>1449.3</ele>
      </trkpt>
      <trkpt lat="43.2303" lon="18.9332">
        <ele>1449.0</ele>
      </trkpt>
      <trkpt lat="43.23025" lon="18.93316">
        <ele>1449.5</ele>
      </trkpt>
      <trkpt lat="43.2302" lon="18.93305">
        <ele>1451.5</ele>
      </trkpt>
      <trkpt lat="43.23016" lon="18.93301">
        <ele>1452.1</ele>
      </trkpt>
      <trkpt lat="43.23011" lon="18.93298">
        <ele>1452.4</ele>
      </trkpt>
      <trkpt lat="43.23001" lon="18.93296">
        <ele>1452.1</ele>
      </trkpt>
      <trkpt lat="43.2298" lon="18.93295">
        <ele>1451.8</ele>
      </trkpt>
      <trkpt lat="43.2297" lon="18.9329">
        <ele>1452.7</ele>
      </trkpt>
      <trkpt lat="43.22964" lon="18.93286">
        <ele>1453.5</ele>
      </trkpt>
      <trkpt lat="43.2296" lon="18.9328">
        <ele>1454.8</ele>
      </trkpt>
      <trkpt lat="43.22954" lon="18.93267">
        <ele>1457.9</ele>
      </trkpt>
      <trkpt lat="43.22949" lon="18.93262">
        <ele>1459.1</ele>
      </trkpt>
      <trkpt lat="43.22945" lon="18.93261">
        <ele>1459.3</ele>
      </trkpt>
      <trkpt lat="43.22938" lon="18.93261">
        <ele>1459.2</ele>
      </trkpt>
      <trkpt lat="43.2292" lon="18.93268">
        <ele>1457.3</ele>
      </trkpt>
      <trkpt lat="43.22894" lon="18.93281">
        <ele>1456.0</ele>
      </trkpt>
      <trkpt lat="43.22885" lon="18.93287">
        <ele>1455.4</ele>
      </trkpt>
      <trkpt lat="43.22849" lon="18.93324">
        <ele>1450.3</ele>
      </trkpt>
      <trkpt lat="43.22843" lon="18.93327">
        <ele>1450.3</ele>
      </trkpt>
      <trkpt lat="43.22836" lon="18.93328">
        <ele>1450.9</ele>
      </trkpt>
      <trkpt lat="43.22803" lon="18.9332">
        <ele>1453.2</ele>
      </trkpt>
      <trkpt lat="43.22794" lon="18.9332">
        <ele>1453.2</ele>
      </trkpt>
      <trkpt lat="43.2279" lon="18.93323">
        <ele>1452.5</ele>
      </trkpt>
      <trkpt lat="43.2278" lon="18.93337">
        <ele>1448.8</ele>
      </trkpt>
      <trkpt lat="43.22776" lon="18.93339">
        <ele>1448.2</ele>
      </trkpt>
      <trkpt lat="43.22766" lon="18.9334">
        <ele>1447.9</ele>
      </trkpt>
      <trkpt lat="43.22705" lon="18.9332">
        <ele>1446.8</ele>
      </trkpt>
      <trkpt lat="43.22691" lon="18.93314">
        <ele>1446.2</ele>
      </trkpt>
      <trkpt lat="43.22683" lon="18.93309">
        <ele>1446.2</ele>
      </trkpt>
      <trkpt lat="43.22678" lon="18.93303">
        <ele>1447.0</ele>
      </trkpt>
      <trkpt lat="43.22675" lon="18.93297">
        <ele>1448.0</ele>
      </trkpt>
      <trkpt lat="43.22666" lon="18.93275">
        <ele>1451.9</ele>
      </trkpt>
      <trkpt lat="43.2266" lon="18.93267">
        <ele>1453.4</ele>
      </trkpt>
      <trkpt lat="43.2264" lon="18.93254">
        <ele>1455.3</ele>
      </trkpt>
      <trkpt lat="43.22629" lon="18.93245">
        <ele>1457.6</ele>
      </trkpt>
      <trkpt lat="43.22623" lon="18.93242">
        <ele>1458.5</ele>
      </trkpt>
      <trkpt lat="43.22615" lon="18.9324">
        <ele>1458.8</ele>
      </trkpt>
      <trkpt lat="43.22608" lon="18.93241">
        <ele>1458.0</ele>
      </trkpt>
      <trkpt lat="43.22601" lon="18.93244">
        <ele>1456.4</ele>
      </trkpt>
      <trkpt lat="43.22581" lon="18.93261">
        <ele>1449.2</ele>
      </trkpt>
      <trkpt lat="43.22575" lon="18.93264">
        <ele>1447.6</ele>
      </trkpt>
      <trkpt lat="43.2256" lon="18.93264">
        <ele>1446.2</ele>
      </trkpt>
      <trkpt lat="43.22548" lon="18.93261">
        <ele>1445.9</ele>
      </trkpt>
      <trkpt lat="43.2254" lon="18.93258">
        <ele>1446.0</ele>
      </trkpt>
      <trkpt lat="43.22518" lon="18.93241">
        <ele>1448.6</ele>
      </trkpt>
      <trkpt lat="43.22463" lon="18.93185">
        <ele>1454.4</ele>
      </trkpt>
      <trkpt lat="43.22456" lon="18.93179">
        <ele>1454.7</ele>
      </trkpt>
      <trkpt lat="43.2245" lon="18.93175">
        <ele>1454.7</ele>
      </trkpt>
      <trkpt lat="43.22442" lon="18.93173">
        <ele>1453.8</ele>
      </trkpt>
      <trkpt lat="43.22428" lon="18.93173">
        <ele>1451.3</ele>
      </trkpt>
      <trkpt lat="43.22417" lon="18.93175">
        <ele>1448.8</ele>
      </trkpt>
      <trkpt lat="43.22406" lon="18.9318">
        <ele>1447.1</ele>
      </trkpt>
      <trkpt lat="43.22377" lon="18.93203">
        <ele>1440.8</ele>
      </trkpt>
      <trkpt lat="43.22367" lon="18.93206">
        <ele>1440.0</ele>
      </trkpt>
      <trkpt lat="43.22362" lon="18.93207">
        <ele>1439.8</ele>
      </trkpt>
      <trkpt lat="43.22356" lon="18.93205">
        <ele>1440.2</ele>
      </trkpt>
      <trkpt lat="43.22322" lon="18.93181">
        <ele>1445.0</ele>
      </trkpt>
      <trkpt lat="43.22308" lon="18.93176">
        <ele>1446.1</ele>
      </trkpt>
      <trkpt lat="43.22301" lon="18.93176">
        <ele>1446.0</ele>
      </trkpt>
      <trkpt lat="43.22294" lon="18.93179">
        <ele>1445.4</ele>
      </trkpt>
      <trkpt lat="43.22288" lon="18.93183">
        <ele>1444.6</ele>
      </trkpt>
      <trkpt lat="43.22272" lon="18.93202">
        <ele>1440.5</ele>
      </trkpt>
      <trkpt lat="43.22265" lon="18.93205">
        <ele>1439.8</ele>
      </trkpt>
      <trkpt lat="43.22259" lon="18.93205">
        <ele>1439.8</ele>
      </trkpt>
      <trkpt lat="43.22253" lon="18.93204">
        <ele>1439.9</ele>
      </trkpt>
      <trkpt lat="43.22237" lon="18.93198">
        <ele>1440.4</ele>
      </trkpt>
      <trkpt lat="43.22212" lon="18.93192">
        <ele>1439.8</ele>
      </trkpt>
      <trkpt lat="43.222" lon="18.93191">
        <ele>1439.1</ele>
      </trkpt>
      <trkpt lat="43.22169" lon="18.93193">
        <ele>1436.6</ele>
      </trkpt>
      <trkpt lat="43.22143" lon="18.93182">
        <ele>1434.1</ele>
      </trkpt>
      <trkpt lat="43.22138" lon="18.93179">
        <ele>1433.7</ele>
      </trkpt>
      <trkpt lat="43.22134" lon="18.93175">
        <ele>1433.5</ele>
      </trkpt>
      <trkpt lat="43.22132" lon="18.93169">
        <ele>1433.8</ele>
      </trkpt>
      <trkpt lat="43.2213" lon="18.93143">
        <ele>1435.2</ele>
      </trkpt>
      <trkpt lat="43.22128" lon="18.93131">
        <ele>1435.6</ele>
      </trkpt>
      <trkpt lat="43.22126" lon="18.93122">
        <ele>1435.8</ele>
      </trkpt>
      <trkpt lat="43.22113" lon="18.93086">
        <ele>1435.8</ele>
      </trkpt>
      <trkpt lat="43.22107" lon="18.93076">
        <ele>1436.0</ele>
      </trkpt>
      <trkpt lat="43.22102" lon="18.9307">
        <ele>1436.0</ele>
      </trkpt>
      <trkpt lat="43.22089" lon="18.93061">
        <ele>1434.9</ele>
      </trkpt>
      <trkpt lat="43.2208" lon="18.93061">
        <ele>1433.8</ele>
      </trkpt>
      <trkpt lat="43.22072" lon="18.93063">
        <ele>1433.4</ele>
      </trkpt>
      <trkpt lat="43.22069" lon="18.93062">
        <ele>1433.4</ele>
      </trkpt>
      <trkpt lat="43.22066" lon="18.93058">
        <ele>1433.8</ele>
      </trkpt>
      <trkpt lat="43.2204" lon="18.93019">
        <ele>1435.9</ele>
      </trkpt>
      <trkpt lat="43.22029" lon="18.93009">
        <ele>1435.6</ele>
      </trkpt>
      <trkpt lat="43.22024" lon="18.93007">
        <ele>1435.2</ele>
      </trkpt>
      <trkpt lat="43.21994" lon="18.93001">
        <ele>1433.3</ele>
      </trkpt>
      <trkpt lat="43.21985" lon="18.93001">
        <ele>1433.9</ele>
      </trkpt>
      <trkpt lat="43.21965" lon="18.93004">
        <ele>1435.1</ele>
      </trkpt>
      <trkpt lat="43.21958" lon="18.93003">
        <ele>1435.6</ele>
      </trkpt>
      <trkpt lat="43.21949" lon="18.93">
        <ele>1436.1</ele>
      </trkpt>
      <trkpt lat="43.21926" lon="18.92976">
        <ele>1442.3</ele>
      </trkpt>
      <trkpt lat="43.2192" lon="18.92972">
        <ele>1443.5</ele>
      </trkpt>
      <trkpt lat="43.2191" lon="18.92967">
        <ele>1445.0</ele>
      </trkpt>
      <trkpt lat="43.21885" lon="18.92958">
        <ele>1447.5</ele>
      </trkpt>
      <trkpt lat="43.21873" lon="18.92955">
        <ele>1448.3</ele>
      </trkpt>
      <trkpt lat="43.21862" lon="18.92956">
        <ele>1448.5</ele>
      </trkpt>
      <trkpt lat="43.21824" lon="18.92959">
        <ele>1448.8</ele>
      </trkpt>
      <trkpt lat="43.21819" lon="18.92958">
        <ele>1448.8</ele>
      </trkpt>
      <trkpt lat="43.21816" lon="18.92955">
        <ele>1449.1</ele>
      </trkpt>
      <trkpt lat="43.21813" lon="18.92952">
        <ele>1449.4</ele>
      </trkpt>
      <trkpt lat="43.21812" lon="18.92945">
        <ele>1450.2</ele>
      </trkpt>
      <trkpt lat="43.21807" lon="18.92889">
        <ele>1458.8</ele>
      </trkpt>
      <trkpt lat="43.21804" lon="18.92879">
        <ele>1460.6</ele>
      </trkpt>
      <trkpt lat="43.21797" lon="18.92867">
        <ele>1462.6</ele>
      </trkpt>
      <trkpt lat="43.21786" lon="18.92856">
        <ele>1463.9</ele>
      </trkpt>
      <trkpt lat="43.2178" lon="18.92854">
        <ele>1463.8</ele>
      </trkpt>
      <trkpt lat="43.21773" lon="18.92855">
        <ele>1463.2</ele>
      </trkpt>
      <trkpt lat="43.2175" lon="18.92877">
        <ele>1458.2</ele>
      </trkpt>
      <trkpt lat="43.21743" lon="18.92883">
        <ele>1457.3</ele>
      </trkpt>
      <trkpt lat="43.21733" lon="18.92888">
        <ele>1456.7</ele>
      </trkpt>
      <trkpt lat="43.21707" lon="18.92889">
        <ele>1457.0</ele>
      </trkpt>
      <trkpt lat="43.21672" lon="18.92883">
        <ele>1458.0</ele>
      </trkpt>
      <trkpt lat="43.21665" lon="18.9288">
        <ele>1458.2</ele>
      </trkpt>
      <trkpt lat="43.21658" lon="18.92875">
        <ele>1458.7</ele>
      </trkpt>
      <trkpt lat="43.2163" lon="18.92846">
        <ele>1460.5</ele>
      </trkpt>
      <trkpt lat="43.21623" lon="18.92841">
        <ele>1460.7</ele>
      </trkpt>
      <trkpt lat="43.21618" lon="18.9284">
        <ele>1460.8</ele>
      </trkpt>
      <trkpt lat="43.21611" lon="18.92842">
        <ele>1460.8</ele>
      </trkpt>
      <trkpt lat="43.21596" lon="18.92849">
        <ele>1460.7</ele>
      </trkpt>
      <trkpt lat="43.21574" lon="18.9287">
        <ele>1460.9</ele>
      </trkpt>
      <trkpt lat="43.21532" lon="18.92911">
        <ele>1464.6</ele>
      </trkpt>
      <trkpt lat="43.21521" lon="18.92925">
        <ele>1465.7</ele>
      </trkpt>
      <trkpt lat="43.21513" lon="18.92941">
        <ele>1466.0</ele>
      </trkpt>
      <trkpt lat="43.21494" lon="18.93">
        <ele>1466.8</ele>
      </trkpt>
      <trkpt lat="43.21486" lon="18.93018">
        <ele>1467.0</ele>
      </trkpt>
      <trkpt lat="43.21477" lon="18.93033">
        <ele>1467.4</ele>
      </trkpt>
      <trkpt lat="43.21449" lon="18.93071">
        <ele>1469.3</ele>
      </trkpt>
      <trkpt lat="43.21441" lon="18.93087">
        <ele>1469.6</ele>
      </trkpt>
      <trkpt lat="43.21416" lon="18.93152">
        <ele>1471.5</ele>
      </trkpt>
      <trkpt lat="43.21413" lon="18.93167">
        <ele>1471.9</ele>
      </trkpt>
      <trkpt lat="43.21412" lon="18.93188">
        <ele>1469.5</ele>
      </trkpt>
      <trkpt lat="43.21413" lon="18.93205">
        <ele>1467.2</ele>
      </trkpt>
      <trkpt lat="43.21413" lon="18.93212">
        <ele>1466.3</ele>
      </trkpt>
      <trkpt lat="43.21412" lon="18.93216">
        <ele>1466.0</ele>
      </trkpt>
      <trkpt lat="43.2141" lon="18.93219">
        <ele>1466.0</ele>
      </trkpt>
      <trkpt lat="43.21408" lon="18.9322">
        <ele>1466.3</ele>
      </trkpt>
      <trkpt lat="43.214" lon="18.93221">
        <ele>1467.8</ele>
      </trkpt>
      <trkpt lat="43.21378" lon="18.93208">
        <ele>1474.2</ele>
      </trkpt>
      <trkpt lat="43.21369" lon="18.93205">
        <ele>1476.6</ele>
      </trkpt>
      <trkpt lat="43.2136" lon="18.93205">
        <ele>1478.5</ele>
      </trkpt>
      <trkpt lat="43.21341" lon="18.93212">
        <ele>1481.2</ele>
      </trkpt>
      <trkpt lat="43.21332" lon="18.93218">
        <ele>1481.9</ele>
      </trkpt>
      <trkpt lat="43.21323" lon="18.93228">
        <ele>1482.8</ele>
      </trkpt>
      <trkpt lat="43.21302" lon="18.93267">
        <ele>1484.6</ele>
      </trkpt>
      <trkpt lat="43.21286" lon="18.93307">
        <ele>1485.6</ele>
      </trkpt>
      <trkpt lat="43.21282" lon="18.93324">
        <ele>1484.9</ele>
      </trkpt>
      <trkpt lat="43.21279" lon="18.93357">
        <ele>1482.0</ele>
      </trkpt>
      <trkpt lat="43.21274" lon="18.93369">
        <ele>1482.0</ele>
      </trkpt>
      <trkpt lat="43.2127" lon="18.93372">
        <ele>1482.8</ele>
      </trkpt>
      <trkpt lat="43.21266" lon="18.93374">
        <ele>1483.7</ele>
      </trkpt>
      <trkpt lat="43.21246" lon="18.9338">
        <ele>1489.1</ele>
      </trkpt>
      <trkpt lat="43.21237" lon="18.93387">
        <ele>1492.2</ele>
      </trkpt>
      <trkpt lat="43.21229" lon="18.93396">
        <ele>1494.6</ele>
      </trkpt>
      <trkpt lat="43.21205" lon="18.93433">
        <ele>1500.2</ele>
      </trkpt>
      <trkpt lat="43.21186" lon="18.9346">
        <ele>1504.4</ele>
      </trkpt>
      <trkpt lat="43.21176" lon="18.93479">
        <ele>1505.6</ele>
      </trkpt>
      <trkpt lat="43.21167" lon="18.93514">
        <ele>1503.5</ele>
      </trkpt>
      <trkpt lat="43.21157" lon="18.93537">
        <ele>1505.1</ele>
      </trkpt>
      <trkpt lat="43.21147" lon="18.93555">
        <ele>1507.1</ele>
      </trkpt>
      <trkpt lat="43.21118" lon="18.93597">
        <ele>1512.5</ele>
      </trkpt>
      <trkpt lat="43.21109" lon="18.93618">
        <ele>1511.6</ele>
      </trkpt>
      <trkpt lat="43.211" lon="18.93633">
        <ele>1512.0</ele>
      </trkpt>
      <trkpt lat="43.21071" lon="18.9367">
        <ele>1514.8</ele>
      </trkpt>
      <trkpt lat="43.21005" lon="18.9374">
        <ele>1521.7</ele>
      </trkpt>
      <trkpt lat="43.21003" lon="18.93738">
        <ele>1523.0</ele>
      </trkpt>
      <trkpt lat="43.21001" lon="18.93738">
        <ele>1523.8</ele>
      </trkpt>
      <trkpt lat="43.20999" lon="18.93739">
        <ele>1524.1</ele>
      </trkpt>
      <trkpt lat="43.20997" lon="18.93743">
        <ele>1523.6</ele>
      </trkpt>
      <trkpt lat="43.20981" lon="18.93783">
        <ele>1519.4</ele>
      </trkpt>
      <trkpt lat="43.20977" lon="18.93791">
        <ele>1518.9</ele>
      </trkpt>
      <trkpt lat="43.20973" lon="18.93797">
        <ele>1518.8</ele>
      </trkpt>
      <trkpt lat="43.20967" lon="18.93802">
        <ele>1519.4</ele>
      </trkpt>
      <trkpt lat="43.20953" lon="18.93809">
        <ele>1521.7</ele>
      </trkpt>
      <trkpt lat="43.20932" lon="18.93828">
        <ele>1523.9</ele>
      </trkpt>
      <trkpt lat="43.20927" lon="18.9383">
        <ele>1524.8</ele>
      </trkpt>
      <trkpt lat="43.20919" lon="18.93831">
        <ele>1526.8</ele>
      </trkpt>
      <trkpt lat="43.20902" lon="18.93831">
        <ele>1528.6</ele>
      </trkpt>
      <trkpt lat="43.20894" lon="18.93832">
        <ele>1529.1</ele>
      </trkpt>
      <trkpt lat="43.20888" lon="18.93835">
        <ele>1529.2</ele>
      </trkpt>
      <trkpt lat="43.2088" lon="18.93844">
        <ele>1529.1</ele>
      </trkpt>
      <trkpt lat="43.20862" lon="18.93874">
        <ele>1528.5</ele>
      </trkpt>
      <trkpt lat="43.2082" lon="18.93921">
        <ele>1533.3</ele>
      </trkpt>
      <trkpt lat="43.20815" lon="18.93928">
        <ele>1534.4</ele>
      </trkpt>
      <trkpt lat="43.20811" lon="18.93936">
        <ele>1535.3</ele>
      </trkpt>
      <trkpt lat="43.20794" lon="18.94025">
        <ele>1537.9</ele>
      </trkpt>
      <trkpt lat="43.20788" lon="18.94043">
        <ele>1538.3</ele>
      </trkpt>
      <trkpt lat="43.20782" lon="18.94052">
        <ele>1539.2</ele>
      </trkpt>
      <trkpt lat="43.20764" lon="18.9408">
        <ele>1541.3</ele>
      </trkpt>
      <trkpt lat="43.20757" lon="18.94096">
        <ele>1541.9</ele>
      </trkpt>
      <trkpt lat="43.2075" lon="18.94118">
        <ele>1542.3</ele>
      </trkpt>
      <trkpt lat="43.20741" lon="18.94139">
        <ele>1542.7</ele>
      </trkpt>
      <trkpt lat="43.20711" lon="18.94173">
        <ele>1545.8</ele>
      </trkpt>
      <trkpt lat="43.20666" lon="18.94244">
        <ele>1547.4</ele>
      </trkpt>
      <trkpt lat="43.20656" lon="18.94255">
        <ele>1546.8</ele>
      </trkpt>
      <trkpt lat="43.20646" lon="18.94264">
        <ele>1546.3</ele>
      </trkpt>
      <trkpt lat="43.20592" lon="18.94303">
        <ele>1546.0</ele>
      </trkpt>
      <trkpt lat="43.20552" lon="18.94325">
        <ele>1544.9</ele>
      </trkpt>
      <trkpt lat="43.20541" lon="18.94333">
        <ele>1544.5</ele>
      </trkpt>
      <trkpt lat="43.2053" lon="18.94343">
        <ele>1544.6</ele>
      </trkpt>
      <trkpt lat="43.20509" lon="18.94366">
        <ele>1545.4</ele>
      </trkpt>
      <trkpt lat="43.20449" lon="18.94439">
        <ele>1547.9</ele>
      </trkpt>
      <trkpt lat="43.20436" lon="18.94449">
        <ele>1548.9</ele>
      </trkpt>
      <trkpt lat="43.20426" lon="18.94454">
        <ele>1549.2</ele>
      </trkpt>
      <trkpt lat="43.20414" lon="18.94456">
        <ele>1549.3</ele>
      </trkpt>
      <trkpt lat="43.20405" lon="18.94455">
        <ele>1549.7</ele>
      </trkpt>
      <trkpt lat="43.20394" lon="18.94447">
        <ele>1548.8</ele>
      </trkpt>
      <trkpt lat="43.20389" lon="18.94437">
        <ele>1547.2</ele>
      </trkpt>
      <trkpt lat="43.20383" lon="18.94418">
        <ele>1543.9</ele>
      </trkpt>
      <trkpt lat="43.20383" lon="18.94395">
        <ele>1541.5</ele>
      </trkpt>
      <trkpt lat="43.20382" lon="18.94389">
        <ele>1541.0</ele>
      </trkpt>
      <trkpt lat="43.20379" lon="18.94382">
        <ele>1540.3</ele>
      </trkpt>
      <trkpt lat="43.20374" lon="18.94374">
        <ele>1539.4</ele>
      </trkpt>
      <trkpt lat="43.20369" lon="18.94372">
        <ele>1539.1</ele>
      </trkpt>
      <trkpt lat="43.2036" lon="18.94371">
        <ele>1538.8</ele>
      </trkpt>
      <trkpt lat="43.20347" lon="18.94374">
        <ele>1539.0</ele>
      </trkpt>
      <trkpt lat="43.20305" lon="18.94406">
        <ele>1545.1</ele>
      </trkpt>
      <trkpt lat="43.20297" lon="18.9441">
        <ele>1546.1</ele>
      </trkpt>
      <trkpt lat="43.2029" lon="18.9441">
        <ele>1546.3</ele>
      </trkpt>
      <trkpt lat="43.20275" lon="18.94405">
        <ele>1545.8</ele>
      </trkpt>
      <trkpt lat="43.20258" lon="18.94395">
        <ele>1544.1</ele>
      </trkpt>
      <trkpt lat="43.20248" lon="18.94382">
        <ele>1541.6</ele>
      </trkpt>
      <trkpt lat="43.20243" lon="18.94372">
        <ele>1539.6</ele>
      </trkpt>
      <trkpt lat="43.20241" lon="18.94363">
        <ele>1537.7</ele>
      </trkpt>
      <trkpt lat="43.20236" lon="18.94332">
        <ele>1531.2</ele>
      </trkpt>
      <trkpt lat="43.20233" lon="18.94318">
        <ele>1529.2</ele>
      </trkpt>
      <trkpt lat="43.20228" lon="18.94304">
        <ele>1527.3</ele>
      </trkpt>
      <trkpt lat="43.20222" lon="18.94293">
        <ele>1525.7</ele>
      </trkpt>
      <trkpt lat="43.20208" lon="18.94275">
        <ele>1522.9</ele>
      </trkpt>
      <trkpt lat="43.20199" lon="18.94268">
        <ele>1521.7</ele>
      </trkpt>
      <trkpt lat="43.2019" lon="18.94266">
        <ele>1521.2</ele>
      </trkpt>
      <trkpt lat="43.20181" lon="18.94267">
        <ele>1521.3</ele>
      </trkpt>
      <trkpt lat="43.20169" lon="18.94272">
        <ele>1522.0</ele>
      </trkpt>
      <trkpt lat="43.20153" lon="18.94286">
        <ele>1522.7</ele>
      </trkpt>
      <trkpt lat="43.20138" lon="18.94303">
        <ele>1523.9</ele>
      </trkpt>
      <trkpt lat="43.2013" lon="18.9431">
        <ele>1524.2</ele>
      </trkpt>
      <trkpt lat="43.20121" lon="18.94313">
        <ele>1523.6</ele>
      </trkpt>
      <trkpt lat="43.20113" lon="18.94311">
        <ele>1522.2</ele>
      </trkpt>
      <trkpt lat="43.20095" lon="18.94296">
        <ele>1516.9</ele>
      </trkpt>
      <trkpt lat="43.20088" lon="18.94291">
        <ele>1515.0</ele>
      </trkpt>
      <trkpt lat="43.20077" lon="18.94288">
        <ele>1512.7</ele>
      </trkpt>
      <trkpt lat="43.20054" lon="18.94288">
        <ele>1508.8</ele>
      </trkpt>
      <trkpt lat="43.20042" lon="18.94291">
        <ele>1507.4</ele>
      </trkpt>
      <trkpt lat="43.20009" lon="18.94304">
        <ele>1504.8</ele>
      </trkpt>
      <trkpt lat="43.20001" lon="18.94311">
        <ele>1505.1</ele>
      </trkpt>
      <trkpt lat="43.19992" lon="18.94319">
        <ele>1505.4</ele>
      </trkpt>
      <trkpt lat="43.19984" lon="18.94326">
        <ele>1505.6</ele>
      </trkpt>
      <trkpt lat="43.19975" lon="18.9433">
        <ele>1505.0</ele>
      </trkpt>
      <trkpt lat="43.19932" lon="18.94344">
        <ele>1501.7</ele>
      </trkpt>
      <trkpt lat="43.19917" lon="18.94352">
        <ele>1501.4</ele>
      </trkpt>
      <trkpt lat="43.19897" lon="18.94365">
        <ele>1500.7</ele>
      </trkpt>
      <trkpt lat="43.19885" lon="18.94374">
        <ele>1500.3</ele>
      </trkpt>
      <trkpt lat="43.19875" lon="18.94378">
        <ele>1499.0</ele>
      </trkpt>
      <trkpt lat="43.19865" lon="18.94381">
        <ele>1497.4</ele>
      </trkpt>
      <trkpt lat="43.19854" lon="18.94387">
        <ele>1496.3</ele>
      </trkpt>
      <trkpt lat="43.19844" lon="18.94394">
        <ele>1495.5</ele>
      </trkpt>
      <trkpt lat="43.19833" lon="18.94406">
        <ele>1495.6</ele>
      </trkpt>
      <trkpt lat="43.19825" lon="18.94412">
        <ele>1496.8</ele>
      </trkpt>
      <trkpt lat="43.19818" lon="18.94415">
        <ele>1497.4</ele>
      </trkpt>
      <trkpt lat="43.19811" lon="18.94415">
        <ele>1497.4</ele>
      </trkpt>
      <trkpt lat="43.19803" lon="18.94409">
        <ele>1495.9</ele>
      </trkpt>
      <trkpt lat="43.1977" lon="18.94376">
        <ele>1488.3</ele>
      </trkpt>
      <trkpt lat="43.19761" lon="18.94368">
        <ele>1486.5</ele>
      </trkpt>
      <trkpt lat="43.19746" lon="18.9436">
        <ele>1485.1</ele>
      </trkpt>
      <trkpt lat="43.1973" lon="18.94355">
        <ele>1485.4</ele>
      </trkpt>
      <trkpt lat="43.19725" lon="18.94351">
        <ele>1485.0</ele>
      </trkpt>
      <trkpt lat="43.1972" lon="18.94344">
        <ele>1483.9</ele>
      </trkpt>
      <trkpt lat="43.19719" lon="18.94338">
        <ele>1482.6</ele>
      </trkpt>
      <trkpt lat="43.19712" lon="18.94289">
        <ele>1473.7</ele>
      </trkpt>
      <trkpt lat="43.19709" lon="18.94276">
        <ele>1471.4</ele>
      </trkpt>
      <trkpt lat="43.19704" lon="18.94265">
        <ele>1469.7</ele>
      </trkpt>
      <trkpt lat="43.19686" lon="18.94228">
        <ele>1466.3</ele>
      </trkpt>
      <trkpt lat="43.19681" lon="18.94212">
        <ele>1465.4</ele>
      </trkpt>
      <trkpt lat="43.19674" lon="18.94173">
        <ele>1463.0</ele>
      </trkpt>
      <trkpt lat="43.19668" lon="18.94151">
        <ele>1462.2</ele>
      </trkpt>
      <trkpt lat="43.19665" lon="18.94142">
        <ele>1461.7</ele>
      </trkpt>
      <trkpt lat="43.19659" lon="18.94133">
        <ele>1460.8</ele>
      </trkpt>
      <trkpt lat="43.19651" lon="18.94125">
        <ele>1459.8</ele>
      </trkpt>
      <trkpt lat="43.19643" lon="18.9412">
        <ele>1458.9</ele>
      </trkpt>
      <trkpt lat="43.19623" lon="18.94115">
        <ele>1457.1</ele>
      </trkpt>
      <trkpt lat="43.19583" lon="18.94114">
        <ele>1453.8</ele>
      </trkpt>
      <trkpt lat="43.19557" lon="18.94118">
        <ele>1449.2</ele>
      </trkpt>
      <trkpt lat="43.19549" lon="18.94118">
        <ele>1447.7</ele>
      </trkpt>
      <trkpt lat="43.19532" lon="18.94114">
        <ele>1444.4</ele>
      </trkpt>
      <trkpt lat="43.19525" lon="18.94113">
        <ele>1443.0</ele>
      </trkpt>
      <trkpt lat="43.19516" lon="18.94114">
        <ele>1441.4</ele>
      </trkpt>
      <trkpt lat="43.19506" lon="18.9412">
        <ele>1439.9</ele>
      </trkpt>
      <trkpt lat="43.19486" lon="18.9414">
        <ele>1437.6</ele>
      </trkpt>
      <trkpt lat="43.19476" lon="18.94155">
        <ele>1436.9</ele>
      </trkpt>
      <trkpt lat="43.19455" lon="18.94201">
        <ele>1439.8</ele>
      </trkpt>
      <trkpt lat="43.19448" lon="18.9421">
        <ele>1440.5</ele>
      </trkpt>
      <trkpt lat="43.19441" lon="18.94214">
        <ele>1440.4</ele>
      </trkpt>
      <trkpt lat="43.19436" lon="18.94214">
        <ele>1440.0</ele>
      </trkpt>
      <trkpt lat="43.19424" lon="18.94211">
        <ele>1438.2</ele>
      </trkpt>
      <trkpt lat="43.19409" lon="18.94204">
        <ele>1435.8</ele>
      </trkpt>
      <trkpt lat="43.19398" lon="18.94191">
        <ele>1433.0</ele>
      </trkpt>
      <trkpt lat="43.19362" lon="18.9414">
        <ele>1426.2</ele>
      </trkpt>
      <trkpt lat="43.19309" lon="18.94069">
        <ele>1424.5</ele>
      </trkpt>
      <trkpt lat="43.19296" lon="18.94056">
        <ele>1425.1</ele>
      </trkpt>
      <trkpt lat="43.19244" lon="18.94006">
        <ele>1426.4</ele>
      </trkpt>
      <trkpt lat="43.19201" lon="18.93958">
        <ele>1428.4</ele>
      </trkpt>
      <trkpt lat="43.19153" lon="18.93906">
        <ele>1431.1</ele>
      </trkpt>
      <trkpt lat="43.1915" lon="18.93899">
        <ele>1431.4</ele>
      </trkpt>
      <trkpt lat="43.19149" lon="18.93893">
        <ele>1431.5</ele>
      </trkpt>
      <trkpt lat="43.19149" lon="18.93888">
        <ele>1431.5</ele>
      </trkpt>
      <trkpt lat="43.19157" lon="18.9386">
        <ele>1431.3</ele>
      </trkpt>
      <trkpt lat="43.19158" lon="18.9385">
        <ele>1431.3</ele>
      </trkpt>
      <trkpt lat="43.19157" lon="18.93837">
        <ele>1431.5</ele>
      </trkpt>
      <trkpt lat="43.19151" lon="18.9381">
        <ele>1431.9</ele>
      </trkpt>
      <trkpt lat="43.19145" lon="18.93788">
        <ele>1432.3</ele>
      </trkpt>
      <trkpt lat="43.19141" lon="18.93781">
        <ele>1432.5</ele>
      </trkpt>
      <trkpt lat="43.19124" lon="18.93757">
        <ele>1433.6</ele>
      </trkpt>
      <trkpt lat="43.19113" lon="18.9374">
        <ele>1434.1</ele>
      </trkpt>
      <trkpt lat="43.19101" lon="18.93725">
        <ele>1434.7</ele>
      </trkpt>
      <trkpt lat="43.19093" lon="18.93718">
        <ele>1435.1</ele>
      </trkpt>
      <trkpt lat="43.19056" lon="18.93711">
        <ele>1437.1</ele>
      </trkpt>
      <trkpt lat="43.19046" lon="18.93707">
        <ele>1437.4</ele>
      </trkpt>
      <trkpt lat="43.19037" lon="18.93701">
        <ele>1437.6</ele>
      </trkpt>
      <trkpt lat="43.1903" lon="18.93694">
        <ele>1437.4</ele>
      </trkpt>
      <trkpt lat="43.1902" lon="18.93677">
        <ele>1436.5</ele>
      </trkpt>
      <trkpt lat="43.18999" lon="18.93631">
        <ele>1436.9</ele>
      </trkpt>
      <trkpt lat="43.18991" lon="18.93612">
        <ele>1437.3</ele>
      </trkpt>
      <trkpt lat="43.1898" lon="18.9359">
        <ele>1437.7</ele>
      </trkpt>
      <trkpt lat="43.18969" lon="18.93571">
        <ele>1437.3</ele>
      </trkpt>
      <trkpt lat="43.18963" lon="18.93557">
        <ele>1436.9</ele>
      </trkpt>
      <trkpt lat="43.18957" lon="18.9354">
        <ele>1436.4</ele>
      </trkpt>
      <trkpt lat="43.18942" lon="18.93476">
        <ele>1435.0</ele>
      </trkpt>
      <trkpt lat="43.18936" lon="18.93459">
        <ele>1434.8</ele>
      </trkpt>
      <trkpt lat="43.18929" lon="18.93446">
        <ele>1434.8</ele>
      </trkpt>
      <trkpt lat="43.18922" lon="18.93439">
        <ele>1434.9</ele>
      </trkpt>
      <trkpt lat="43.18916" lon="18.93434">
        <ele>1435.0</ele>
      </trkpt>
      <trkpt lat="43.18907" lon="18.93431">
        <ele>1435.0</ele>
      </trkpt>
      <trkpt lat="43.18886" lon="18.9343">
        <ele>1435.0</ele>
      </trkpt>
      <trkpt lat="43.18831" lon="18.93438">
        <ele>1435.0</ele>
      </trkpt>
      <trkpt lat="43.188" lon="18.93443">
        <ele>1435.3</ele>
      </trkpt>
      <trkpt lat="43.18793" lon="18.93466">
        <ele>1435.2</ele>
      </trkpt>
      <trkpt lat="43.18784" lon="18.93486">
        <ele>1435.1</ele>
      </trkpt>
      <trkpt lat="43.18759" lon="18.93527">
        <ele>1436.3</ele>
      </trkpt>
      <trkpt lat="43.18742" lon="18.93554">
        <ele>1437.8</ele>
      </trkpt>
      <trkpt lat="43.18738" lon="18.93557">
        <ele>1438.1</ele>
      </trkpt>
      <trkpt lat="43.18732" lon="18.93557">
        <ele>1438.2</ele>
      </trkpt>
      <trkpt lat="43.18729" lon="18.93555">
        <ele>1438.2</ele>
      </trkpt>
      <trkpt lat="43.18727" lon="18.93552">
        <ele>1438.2</ele>
      </trkpt>
      <trkpt lat="43.18725" lon="18.93547">
        <ele>1438.1</ele>
      </trkpt>
      <trkpt lat="43.18714" lon="18.93457">
        <ele>1437.9</ele>
      </trkpt>
      <trkpt lat="43.18705" lon="18.93391">
        <ele>1438.0</ele>
      </trkpt>
      <trkpt lat="43.18705" lon="18.93391">
        <ele>1438.0</ele>
      </trkpt>
      <trkpt lat="43.18701" lon="18.93358">
        <ele>1436.7</ele>
      </trkpt>
      <trkpt lat="43.18698" lon="18.93346">
        <ele>1436.4</ele>
      </trkpt>
      <trkpt lat="43.18691" lon="18.93332">
        <ele>1436.2</ele>
      </trkpt>
      <trkpt lat="43.18683" lon="18.93329">
        <ele>1436.5</ele>
      </trkpt>
      <trkpt lat="43.18675" lon="18.93328">
        <ele>1436.9</ele>
      </trkpt>
      <trkpt lat="43.18659" lon="18.9333">
        <ele>1438.1</ele>
      </trkpt>
      <trkpt lat="43.18649" lon="18.93333">
        <ele>1439.0</ele>
      </trkpt>
      <trkpt lat="43.18571" lon="18.93366">
        <ele>1451.6</ele>
      </trkpt>
      <trkpt lat="43.18559" lon="18.93369">
        <ele>1454.5</ele>
      </trkpt>
      <trkpt lat="43.18552" lon="18.93368">
        <ele>1455.7</ele>
      </trkpt>
      <trkpt lat="43.18543" lon="18.93363">
        <ele>1456.4</ele>
      </trkpt>
      <trkpt lat="43.18537" lon="18.93357">
        <ele>1456.4</ele>
      </trkpt>
      <trkpt lat="43.18515" lon="18.93322">
        <ele>1454.2</ele>
      </trkpt>
      <trkpt lat="43.18507" lon="18.93316">
        <ele>1454.6</ele>
      </trkpt>
      <trkpt lat="43.18497" lon="18.93312">
        <ele>1455.5</ele>
      </trkpt>
      <trkpt lat="43.18486" lon="18.93312">
        <ele>1456.7</ele>
      </trkpt>
      <trkpt lat="43.18478" lon="18.93317">
        <ele>1458.4</ele>
      </trkpt>
      <trkpt lat="43.1846" lon="18.93338">
        <ele>1463.7</ele>
      </trkpt>
      <trkpt lat="43.1845" lon="18.93347">
        <ele>1466.2</ele>
      </trkpt>
      <trkpt lat="43.18445" lon="18.93351">
        <ele>1467.4</ele>
      </trkpt>
      <trkpt lat="43.18441" lon="18.93352">
        <ele>1467.9</ele>
      </trkpt>
      <trkpt lat="43.18436" lon="18.93348">
        <ele>1467.7</ele>
      </trkpt>
      <trkpt lat="43.18429" lon="18.93343">
        <ele>1467.5</ele>
      </trkpt>
      <trkpt lat="43.18416" lon="18.93321">
        <ele>1465.7</ele>
      </trkpt>
      <trkpt lat="43.18408" lon="18.93312">
        <ele>1466.3</ele>
      </trkpt>
      <trkpt lat="43.18388" lon="18.93293">
        <ele>1468.8</ele>
      </trkpt>
      <trkpt lat="43.18384" lon="18.93287">
        <ele>1469.2</ele>
      </trkpt>
      <trkpt lat="43.1838" lon="18.93278">
        <ele>1469.4</ele>
      </trkpt>
      <trkpt lat="43.18376" lon="18.93252">
        <ele>1468.4</ele>
      </trkpt>
      <trkpt lat="43.18372" lon="18.93238">
        <ele>1469.0</ele>
      </trkpt>
      <trkpt lat="43.18362" lon="18.93218">
        <ele>1471.2</ele>
      </trkpt>
      <trkpt lat="43.18357" lon="18.93206">
        <ele>1472.2</ele>
      </trkpt>
      <trkpt lat="43.18357" lon="18.93195">
        <ele>1471.9</ele>
      </trkpt>
      <trkpt lat="43.18358" lon="18.93161">
        <ele>1470.8</ele>
      </trkpt>
      <trkpt lat="43.18356" lon="18.93144">
        <ele>1471.5</ele>
      </trkpt>
      <trkpt lat="43.1835" lon="18.93125">
        <ele>1472.9</ele>
      </trkpt>
      <trkpt lat="43.18342" lon="18.9311">
        <ele>1474.6</ele>
      </trkpt>
      <trkpt lat="43.18334" lon="18.93103">
        <ele>1476.1</ele>
      </trkpt>
      <trkpt lat="43.18316" lon="18.93098">
        <ele>1480.8</ele>
      </trkpt>
      <trkpt lat="43.18311" lon="18.93095">
        <ele>1482.2</ele>
      </trkpt>
      <trkpt lat="43.18298" lon="18.93075">
        <ele>1485.9</ele>
      </trkpt>
      <trkpt lat="43.18294" lon="18.93063">
        <ele>1487.0</ele>
      </trkpt>
      <trkpt lat="43.18295" lon="18.9305">
        <ele>1486.9</ele>
      </trkpt>
      <trkpt lat="43.18299" lon="18.93035">
        <ele>1486.1</ele>
      </trkpt>
      <trkpt lat="43.18307" lon="18.93018">
        <ele>1484.7</ele>
      </trkpt>
      <trkpt lat="43.18308" lon="18.93011">
        <ele>1484.6</ele>
      </trkpt>
      <trkpt lat="43.18307" lon="18.93003">
        <ele>1485.0</ele>
      </trkpt>
      <trkpt lat="43.18306" lon="18.92999">
        <ele>1485.2</ele>
      </trkpt>
      <trkpt lat="43.18302" lon="18.92994">
        <ele>1485.8</ele>
      </trkpt>
      <trkpt lat="43.1828" lon="18.92983">
        <ele>1489.3</ele>
      </trkpt>
      <trkpt lat="43.18277" lon="18.92979">
        <ele>1489.5</ele>
      </trkpt>
      <trkpt lat="43.18273" lon="18.9297">
        <ele>1489.6</ele>
      </trkpt>
      <trkpt lat="43.18271" lon="18.92953">
        <ele>1488.7</ele>
      </trkpt>
      <trkpt lat="43.1827" lon="18.92899">
        <ele>1486.3</ele>
      </trkpt>
      <trkpt lat="43.18267" lon="18.92851">
        <ele>1486.3</ele>
      </trkpt>
      <trkpt lat="43.18262" lon="18.9283">
        <ele>1486.5</ele>
      </trkpt>
      <trkpt lat="43.18252" lon="18.92815">
        <ele>1487.3</ele>
      </trkpt>
      <trkpt lat="43.18241" lon="18.92807">
        <ele>1487.6</ele>
      </trkpt>
      <trkpt lat="43.18232" lon="18.92803">
        <ele>1487.6</ele>
      </trkpt>
      <trkpt lat="43.18219" lon="18.92803">
        <ele>1487.5</ele>
      </trkpt>
      <trkpt lat="43.18206" lon="18.92805">
        <ele>1487.3</ele>
      </trkpt>
      <trkpt lat="43.18187" lon="18.92817">
        <ele>1487.1</ele>
      </trkpt>
      <trkpt lat="43.18147" lon="18.92856">
        <ele>1487.7</ele>
      </trkpt>
      <trkpt lat="43.18137" lon="18.92864">
        <ele>1488.0</ele>
      </trkpt>
      <trkpt lat="43.1811" lon="18.9287">
        <ele>1487.4</ele>
      </trkpt>
      <trkpt lat="43.18091" lon="18.92871">
        <ele>1486.8</ele>
      </trkpt>
      <trkpt lat="43.18083" lon="18.92868">
        <ele>1486.1</ele>
      </trkpt>
      <trkpt lat="43.18076" lon="18.92862">
        <ele>1484.8</ele>
      </trkpt>
      <trkpt lat="43.1807" lon="18.92851">
        <ele>1483.0</ele>
      </trkpt>
      <trkpt lat="43.18058" lon="18.928">
        <ele>1480.0</ele>
      </trkpt>
      <trkpt lat="43.18035" lon="18.92737">
        <ele>1476.3</ele>
      </trkpt>
      <trkpt lat="43.18006" lon="18.92689">
        <ele>1470.7</ele>
      </trkpt>
      <trkpt lat="43.18001" lon="18.92679">
        <ele>1469.6</ele>
      </trkpt>
      <trkpt lat="43.17999" lon="18.92672">
        <ele>1469.0</ele>
      </trkpt>
      <trkpt lat="43.17999" lon="18.92667">
        <ele>1468.8</ele>
      </trkpt>
      <trkpt lat="43.18014" lon="18.92612">
        <ele>1467.7</ele>
      </trkpt>
      <trkpt lat="43.18016" lon="18.92598">
        <ele>1467.1</ele>
      </trkpt>
      <trkpt lat="43.18016" lon="18.92586">
        <ele>1466.3</ele>
      </trkpt>
      <trkpt lat="43.18002" lon="18.92522">
        <ele>1461.9</ele>
      </trkpt>
      <trkpt lat="43.17998" lon="18.92509">
        <ele>1461.3</ele>
      </trkpt>
      <trkpt lat="43.17975" lon="18.92453">
        <ele>1458.3</ele>
      </trkpt>
      <trkpt lat="43.17973" lon="18.92439">
        <ele>1457.7</ele>
      </trkpt>
      <trkpt lat="43.17979" lon="18.92415">
        <ele>1456.2</ele>
      </trkpt>
      <trkpt lat="43.17979" lon="18.92406">
        <ele>1456.1</ele>
      </trkpt>
      <trkpt lat="43.17977" lon="18.92399">
        <ele>1456.1</ele>
      </trkpt>
      <trkpt lat="43.17975" lon="18.92393">
        <ele>1456.1</ele>
      </trkpt>
      <trkpt lat="43.17971" lon="18.92387">
        <ele>1456.1</ele>
      </trkpt>
      <trkpt lat="43.17965" lon="18.92384">
        <ele>1456.2</ele>
      </trkpt>
      <trkpt lat="43.17949" lon="18.92379">
        <ele>1456.3</ele>
      </trkpt>
      <trkpt lat="43.17942" lon="18.92376">
        <ele>1456.3</ele>
      </trkpt>
      <trkpt lat="43.17928" lon="18.92369">
        <ele>1455.9</ele>
      </trkpt>
      <trkpt lat="43.1792" lon="18.92362">
        <ele>1455.4</ele>
      </trkpt>
      <trkpt lat="43.17911" lon="18.92362">
        <ele>1454.5</ele>
      </trkpt>
      <trkpt lat="43.17903" lon="18.92369">
        <ele>1453.9</ele>
      </trkpt>
      <trkpt lat="43.17863" lon="18.9243">
        <ele>1452.0</ele>
      </trkpt>
      <trkpt lat="43.17836" lon="18.92463">
        <ele>1449.6</ele>
      </trkpt>
      <trkpt lat="43.17814" lon="18.92488">
        <ele>1449.7</ele>
      </trkpt>
      <trkpt lat="43.17795" lon="18.925">
        <ele>1450.1</ele>
      </trkpt>
      <trkpt lat="43.17782" lon="18.92507">
        <ele>1450.2</ele>
      </trkpt>
      <trkpt lat="43.17769" lon="18.9251">
        <ele>1450.3</ele>
      </trkpt>
      <trkpt lat="43.17764" lon="18.9251">
        <ele>1450.3</ele>
      </trkpt>
      <trkpt lat="43.17759" lon="18.92507">
        <ele>1449.9</ele>
      </trkpt>
      <trkpt lat="43.1775" lon="18.92498">
        <ele>1448.7</ele>
      </trkpt>
      <trkpt lat="43.17738" lon="18.92474">
        <ele>1447.3</ele>
      </trkpt>
      <trkpt lat="43.17732" lon="18.92468">
        <ele>1447.2</ele>
      </trkpt>
      <trkpt lat="43.17727" lon="18.92465">
        <ele>1447.4</ele>
      </trkpt>
      <trkpt lat="43.17719" lon="18.92464">
        <ele>1448.3</ele>
      </trkpt>
      <trkpt lat="43.17702" lon="18.92463">
        <ele>1450.4</ele>
      </trkpt>
      <trkpt lat="43.1768" lon="18.92466">
        <ele>1453.9</ele>
      </trkpt>
      <trkpt lat="43.17677" lon="18.92466">
        <ele>1454.3</ele>
      </trkpt>
      <trkpt lat="43.17672" lon="18.92461">
        <ele>1453.9</ele>
      </trkpt>
      <trkpt lat="43.17651" lon="18.9243">
        <ele>1448.9</ele>
      </trkpt>
      <trkpt lat="43.17648" lon="18.92426">
        <ele>1448.3</ele>
      </trkpt>
      <trkpt lat="43.17645" lon="18.92424">
        <ele>1448.1</ele>
      </trkpt>
      <trkpt lat="43.17637" lon="18.92423">
        <ele>1448.4</ele>
      </trkpt>
      <trkpt lat="43.17614" lon="18.92433">
        <ele>1452.0</ele>
      </trkpt>
      <trkpt lat="43.17602" lon="18.92436">
        <ele>1453.3</ele>
      </trkpt>
      <trkpt lat="43.17593" lon="18.92436">
        <ele>1453.9</ele>
      </trkpt>
      <trkpt lat="43.17586" lon="18.92435">
        <ele>1454.1</ele>
      </trkpt>
      <trkpt lat="43.17548" lon="18.92411">
        <ele>1451.1</ele>
      </trkpt>
      <trkpt lat="43.17545" lon="18.9241">
        <ele>1451.2</ele>
      </trkpt>
      <trkpt lat="43.17538" lon="18.92409">
        <ele>1451.3</ele>
      </trkpt>
      <trkpt lat="43.17529" lon="18.92411">
        <ele>1451.6</ele>
      </trkpt>
      <trkpt lat="43.17507" lon="18.92425">
        <ele>1452.7</ele>
      </trkpt>
      <trkpt lat="43.17428" lon="18.92481">
        <ele>1448.1</ele>
      </trkpt>
      <trkpt lat="43.17403" lon="18.92498">
        <ele>1444.8</ele>
      </trkpt>
      <trkpt lat="43.17394" lon="18.92502">
        <ele>1444.6</ele>
      </trkpt>
      <trkpt lat="43.17386" lon="18.92504">
        <ele>1444.6</ele>
      </trkpt>
      <trkpt lat="43.17333" lon="18.92504">
        <ele>1443.4</ele>
      </trkpt>
      <trkpt lat="43.17282" lon="18.925">
        <ele>1438.7</ele>
      </trkpt>
      <trkpt lat="43.17268" lon="18.92502">
        <ele>1437.6</ele>
      </trkpt>
      <trkpt lat="43.17259" lon="18.92508">
        <ele>1437.2</ele>
      </trkpt>
      <trkpt lat="43.17251" lon="18.92516">
        <ele>1436.9</ele>
      </trkpt>
      <trkpt lat="43.17241" lon="18.92533">
        <ele>1436.3</ele>
      </trkpt>
      <trkpt lat="43.17228" lon="18.92561">
        <ele>1435.5</ele>
      </trkpt>
      <trkpt lat="43.1722" lon="18.92576">
        <ele>1434.7</ele>
      </trkpt>
      <trkpt lat="43.17212" lon="18.92583">
        <ele>1433.6</ele>
      </trkpt>
      <trkpt lat="43.17204" lon="18.92585">
        <ele>1432.4</ele>
      </trkpt>
      <trkpt lat="43.17187" lon="18.92587">
        <ele>1429.6</ele>
      </trkpt>
      <trkpt lat="43.17182" lon="18.92591">
        <ele>1428.9</ele>
      </trkpt>
      <trkpt lat="43.17178" lon="18.92595">
        <ele>1428.5</ele>
      </trkpt>
      <trkpt lat="43.17176" lon="18.92601">
        <ele>1428.4</ele>
      </trkpt>
      <trkpt lat="43.17175" lon="18.92612">
        <ele>1428.8</ele>
      </trkpt>
      <trkpt lat="43.17176" lon="18.92632">
        <ele>1429.9</ele>
      </trkpt>
      <trkpt lat="43.17181" lon="18.92663">
        <ele>1432.2</ele>
      </trkpt>
      <trkpt lat="43.17181" lon="18.92674">
        <ele>1433.1</ele>
      </trkpt>
      <trkpt lat="43.17178" lon="18.92682">
        <ele>1433.5</ele>
      </trkpt>
      <trkpt lat="43.17175" lon="18.92686">
        <ele>1433.5</ele>
      </trkpt>
      <trkpt lat="43.1717" lon="18.92688">
        <ele>1433.0</ele>
      </trkpt>
      <trkpt lat="43.17166" lon="18.92687">
        <ele>1432.5</ele>
      </trkpt>
      <trkpt lat="43.17157" lon="18.92679">
        <ele>1431.8</ele>
      </trkpt>
      <trkpt lat="43.17144" lon="18.92665">
        <ele>1430.7</ele>
      </trkpt>
      <trkpt lat="43.17134" lon="18.9266">
        <ele>1430.7</ele>
      </trkpt>
      <trkpt lat="43.17093" lon="18.92648">
        <ele>1430.8</ele>
      </trkpt>
      <trkpt lat="43.17084" lon="18.92644">
        <ele>1430.5</ele>
      </trkpt>
      <trkpt lat="43.1708" lon="18.92641">
        <ele>1430.7</ele>
      </trkpt>
      <trkpt lat="43.17075" lon="18.92636">
        <ele>1431.0</ele>
      </trkpt>
      <trkpt lat="43.17071" lon="18.92625">
        <ele>1430.6</ele>
      </trkpt>
      <trkpt lat="43.17067" lon="18.92569">
        <ele>1427.8</ele>
      </trkpt>
      <trkpt lat="43.17066" lon="18.92545">
        <ele>1428.2</ele>
      </trkpt>
      <trkpt lat="43.17068" lon="18.9252">
        <ele>1428.0</ele>
      </trkpt>
      <trkpt lat="43.17075" lon="18.92484">
        <ele>1427.1</ele>
      </trkpt>
      <trkpt lat="43.17076" lon="18.92472">
        <ele>1427.0</ele>
      </trkpt>
      <trkpt lat="43.17074" lon="18.92459">
        <ele>1427.2</ele>
      </trkpt>
      <trkpt lat="43.17059" lon="18.92393">
        <ele>1426.5</ele>
      </trkpt>
      <trkpt lat="43.17045" lon="18.92348">
        <ele>1424.6</ele>
      </trkpt>
      <trkpt lat="43.17037" lon="18.92334">
        <ele>1424.8</ele>
      </trkpt>
      <trkpt lat="43.17031" lon="18.92326">
        <ele>1425.3</ele>
      </trkpt>
      <trkpt lat="43.17022" lon="18.92322">
        <ele>1426.6</ele>
      </trkpt>
      <trkpt lat="43.17016" lon="18.92322">
        <ele>1427.6</ele>
      </trkpt>
      <trkpt lat="43.17" lon="18.92332">
        <ele>1430.9</ele>
      </trkpt>
      <trkpt lat="43.16992" lon="18.92334">
        <ele>1432.8</ele>
      </trkpt>
      <trkpt lat="43.16985" lon="18.92332">
        <ele>1434.3</ele>
      </trkpt>
      <trkpt lat="43.16979" lon="18.92328">
        <ele>1435.5</ele>
      </trkpt>
      <trkpt lat="43.16974" lon="18.92321">
        <ele>1436.3</ele>
      </trkpt>
      <trkpt lat="43.16971" lon="18.92312">
        <ele>1436.6</ele>
      </trkpt>
      <trkpt lat="43.16971" lon="18.92297">
        <ele>1435.9</ele>
      </trkpt>
      <trkpt lat="43.16981" lon="18.92195">
        <ele>1430.2</ele>
      </trkpt>
      <trkpt lat="43.16983" lon="18.92171">
        <ele>1429.3</ele>
      </trkpt>
      <trkpt lat="43.16983" lon="18.92151">
        <ele>1428.6</ele>
      </trkpt>
      <trkpt lat="43.1698" lon="18.92101">
        <ele>1427.1</ele>
      </trkpt>
      <trkpt lat="43.16979" lon="18.92087">
        <ele>1426.7</ele>
      </trkpt>
      <trkpt lat="43.16975" lon="18.92073">
        <ele>1426.8</ele>
      </trkpt>
      <trkpt lat="43.16956" lon="18.92028">
        <ele>1427.4</ele>
      </trkpt>
      <trkpt lat="43.16951" lon="18.92024">
        <ele>1428.1</ele>
      </trkpt>
      <trkpt lat="43.16946" lon="18.92022">
        <ele>1428.8</ele>
      </trkpt>
      <trkpt lat="43.16931" lon="18.92024">
        <ele>1431.7</ele>
      </trkpt>
      <trkpt lat="43.16924" lon="18.92023">
        <ele>1432.9</ele>
      </trkpt>
      <trkpt lat="43.16918" lon="18.92019">
        <ele>1433.6</ele>
      </trkpt>
      <trkpt lat="43.16915" lon="18.92012">
        <ele>1433.4</ele>
      </trkpt>
      <trkpt lat="43.16913" lon="18.92001">
        <ele>1432.6</ele>
      </trkpt>
      <trkpt lat="43.16914" lon="18.91921">
        <ele>1434.1</ele>
      </trkpt>
      <trkpt lat="43.16912" lon="18.91912">
        <ele>1434.2</ele>
      </trkpt>
      <trkpt lat="43.16906" lon="18.91906">
        <ele>1434.4</ele>
      </trkpt>
      <trkpt lat="43.16899" lon="18.91903">
        <ele>1434.8</ele>
      </trkpt>
      <trkpt lat="43.16865" lon="18.919">
        <ele>1437.4</ele>
      </trkpt>
      <trkpt lat="43.16855" lon="18.91898">
        <ele>1438.1</ele>
      </trkpt>
      <trkpt lat="43.16849" lon="18.91893">
        <ele>1438.5</ele>
      </trkpt>
      <trkpt lat="43.16844" lon="18.91884">
        <ele>1438.7</ele>
      </trkpt>
      <trkpt lat="43.16811" lon="18.91777">
        <ele>1439.4</ele>
      </trkpt>
      <trkpt lat="43.16778" lon="18.91671">
        <ele>1441.3</ele>
      </trkpt>
      <trkpt lat="43.16761" lon="18.91611">
        <ele>1443.4</ele>
      </trkpt>
      <trkpt lat="43.16754" lon="18.91595">
        <ele>1444.3</ele>
      </trkpt>
      <trkpt lat="43.16747" lon="18.91586">
        <ele>1444.9</ele>
      </trkpt>
      <trkpt lat="43.16737" lon="18.91579">
        <ele>1445.1</ele>
      </trkpt>
      <trkpt lat="43.16703" lon="18.91563">
        <ele>1445.0</ele>
      </trkpt>
      <trkpt lat="43.16684" lon="18.9155">
        <ele>1444.8</ele>
      </trkpt>
      <trkpt lat="43.1667" lon="18.9153">
        <ele>1444.1</ele>
      </trkpt>
      <trkpt lat="43.16617" lon="18.91465">
        <ele>1437.4</ele>
      </trkpt>
      <trkpt lat="43.16611" lon="18.91455">
        <ele>1436.4</ele>
      </trkpt>
      <trkpt lat="43.16607" lon="18.91444">
        <ele>1435.5</ele>
      </trkpt>
      <trkpt lat="43.16606" lon="18.91431">
        <ele>1435.0</ele>
      </trkpt>
      <trkpt lat="43.16603" lon="18.91328">
        <ele>1431.5</ele>
      </trkpt>
      <trkpt lat="43.16602" lon="18.9132">
        <ele>1431.3</ele>
      </trkpt>
      <trkpt lat="43.16598" lon="18.91312">
        <ele>1430.6</ele>
      </trkpt>
      <trkpt lat="43.16594" lon="18.91307">
        <ele>1430.0</ele>
      </trkpt>
      <trkpt lat="43.16565" lon="18.91289">
        <ele>1425.8</ele>
      </trkpt>
      <trkpt lat="43.16556" lon="18.91282">
        <ele>1424.4</ele>
      </trkpt>
      <trkpt lat="43.16553" lon="18.91275">
        <ele>1423.9</ele>
      </trkpt>
      <trkpt lat="43.16549" lon="18.91263">
        <ele>1423.3</ele>
      </trkpt>
      <trkpt lat="43.16543" lon="18.9117">
        <ele>1423.2</ele>
      </trkpt>
      <trkpt lat="43.16541" lon="18.91162">
        <ele>1423.0</ele>
      </trkpt>
      <trkpt lat="43.16538" lon="18.91156">
        <ele>1422.6</ele>
      </trkpt>
      <trkpt lat="43.1653" lon="18.91147">
        <ele>1421.4</ele>
      </trkpt>
      <trkpt lat="43.16515" lon="18.91136">
        <ele>1419.1</ele>
      </trkpt>
      <trkpt lat="43.16504" lon="18.91131">
        <ele>1417.4</ele>
      </trkpt>
      <trkpt lat="43.16494" lon="18.91129">
        <ele>1415.8</ele>
      </trkpt>
      <trkpt lat="43.1648" lon="18.9113">
        <ele>1413.4</ele>
      </trkpt>
      <trkpt lat="43.16471" lon="18.91133">
        <ele>1411.9</ele>
      </trkpt>
      <trkpt lat="43.16467" lon="18.91136">
        <ele>1411.2</ele>
      </trkpt>
      <trkpt lat="43.16465" lon="18.9114">
        <ele>1410.9</ele>
      </trkpt>
      <trkpt lat="43.16434" lon="18.91219">
        <ele>1407.1</ele>
      </trkpt>
      <trkpt lat="43.1643" lon="18.91225">
        <ele>1406.6</ele>
      </trkpt>
      <trkpt lat="43.16424" lon="18.91229">
        <ele>1405.9</ele>
      </trkpt>
      <trkpt lat="43.1642" lon="18.9123">
        <ele>1405.4</ele>
      </trkpt>
      <trkpt lat="43.16413" lon="18.91229">
        <ele>1404.4</ele>
      </trkpt>
      <trkpt lat="43.16408" lon="18.91226">
        <ele>1403.5</ele>
      </trkpt>
      <trkpt lat="43.16402" lon="18.91221">
        <ele>1402.5</ele>
      </trkpt>
      <trkpt lat="43.16398" lon="18.91212">
        <ele>1401.8</ele>
      </trkpt>
      <trkpt lat="43.16395" lon="18.912">
        <ele>1401.2</ele>
      </trkpt>
      <trkpt lat="43.16391" lon="18.91154">
        <ele>1399.9</ele>
      </trkpt>
      <trkpt lat="43.16393" lon="18.91088">
        <ele>1397.4</ele>
      </trkpt>
      <trkpt lat="43.16392" lon="18.91075">
        <ele>1397.1</ele>
      </trkpt>
      <trkpt lat="43.16387" lon="18.91062">
        <ele>1396.5</ele>
      </trkpt>
      <trkpt lat="43.16382" lon="18.91053">
        <ele>1396.0</ele>
      </trkpt>
      <trkpt lat="43.16374" lon="18.91044">
        <ele>1395.1</ele>
      </trkpt>
      <trkpt lat="43.16365" lon="18.91038">
        <ele>1394.1</ele>
      </trkpt>
      <trkpt lat="43.16325" lon="18.91017">
        <ele>1390.0</ele>
      </trkpt>
      <trkpt lat="43.16317" lon="18.91009">
        <ele>1389.5</ele>
      </trkpt>
      <trkpt lat="43.16312" lon="18.90999">
        <ele>1389.2</ele>
      </trkpt>
      <trkpt lat="43.16304" lon="18.90962">
        <ele>1389.6</ele>
      </trkpt>
      <trkpt lat="43.16299" lon="18.90954">
        <ele>1389.6</ele>
      </trkpt>
      <trkpt lat="43.16289" lon="18.90943">
        <ele>1389.4</ele>
      </trkpt>
      <trkpt lat="43.1628" lon="18.90937">
        <ele>1389.2</ele>
      </trkpt>
      <trkpt lat="43.16276" lon="18.90936">
        <ele>1389.1</ele>
      </trkpt>
      <trkpt lat="43.16268" lon="18.90937">
        <ele>1388.6</ele>
      </trkpt>
      <trkpt lat="43.16259" lon="18.90942">
        <ele>1387.9</ele>
      </trkpt>
      <trkpt lat="43.16228" lon="18.90962">
        <ele>1384.6</ele>
      </trkpt>
      <trkpt lat="43.16165" lon="18.90996">
        <ele>1379.1</ele>
      </trkpt>
      <trkpt lat="43.16117" lon="18.91024">
        <ele>1377.5</ele>
      </trkpt>
      <trkpt lat="43.16107" lon="18.91031">
        <ele>1377.3</ele>
      </trkpt>
      <trkpt lat="43.16095" lon="18.91044">
        <ele>1377.1</ele>
      </trkpt>
      <trkpt lat="43.1605" lon="18.91138">
        <ele>1379.4</ele>
      </trkpt>
      <trkpt lat="43.16033" lon="18.91166">
        <ele>1380.6</ele>
      </trkpt>
      <trkpt lat="43.16013" lon="18.91194">
        <ele>1381.6</ele>
      </trkpt>
      <trkpt lat="43.15957" lon="18.91257">
        <ele>1381.1</ele>
      </trkpt>
      <trkpt lat="43.15901" lon="18.9132">
        <ele>1383.3</ele>
      </trkpt>
      <trkpt lat="43.15844" lon="18.91384">
        <ele>1382.9</ele>
      </trkpt>
      <trkpt lat="43.15788" lon="18.91447">
        <ele>1383.2</ele>
      </trkpt>
      <trkpt lat="43.15732" lon="18.9151">
        <ele>1385.1</ele>
      </trkpt>
      <trkpt lat="43.1572" lon="18.91528">
        <ele>1386.1</ele>
      </trkpt>
      <trkpt lat="43.15677" lon="18.91608">
        <ele>1389.5</ele>
      </trkpt>
      <trkpt lat="43.15636" lon="18.9169">
        <ele>1389.9</ele>
      </trkpt>
      <trkpt lat="43.15623" lon="18.91714">
        <ele>1390.1</ele>
      </trkpt>
      <trkpt lat="43.15614" lon="18.91726">
        <ele>1390.4</ele>
      </trkpt>
      <trkpt lat="43.15605" lon="18.91734">
        <ele>1390.8</ele>
      </trkpt>
      <trkpt lat="43.15594" lon="18.91739">
        <ele>1391.3</ele>
      </trkpt>
      <trkpt lat="43.15539" lon="18.91741">
        <ele>1393.0</ele>
      </trkpt>
      <trkpt lat="43.15484" lon="18.91743">
        <ele>1394.4</ele>
      </trkpt>
      <trkpt lat="43.1541" lon="18.91748">
        <ele>1396.4</ele>
      </trkpt>
      <trkpt lat="43.15337" lon="18.91753">
        <ele>1400.8</ele>
      </trkpt>
      <trkpt lat="43.15264" lon="18.91757">
        <ele>1402.3</ele>
      </trkpt>
      <trkpt lat="43.15191" lon="18.91762">
        <ele>1405.5</ele>
      </trkpt>
      <trkpt lat="43.15117" lon="18.91767">
        <ele>1409.1</ele>
      </trkpt>
      <trkpt lat="43.15101" lon="18.91769">
        <ele>1409.9</ele>
      </trkpt>
      <trkpt lat="43.15088" lon="18.91775">
        <ele>1410.7</ele>
      </trkpt>
      <trkpt lat="43.15077" lon="18.91787">
        <ele>1411.3</ele>
      </trkpt>
      <trkpt lat="43.15018" lon="18.91877">
        <ele>1415.8</ele>
      </trkpt>
      <trkpt lat="43.14959" lon="18.91968">
        <ele>1422.3</ele>
      </trkpt>
      <trkpt lat="43.14948" lon="18.91984">
        <ele>1423.3</ele>
      </trkpt>
      <trkpt lat="43.14941" lon="18.91991">
        <ele>1423.8</ele>
      </trkpt>
      <trkpt lat="43.14933" lon="18.91996">
        <ele>1424.3</ele>
      </trkpt>
      <trkpt lat="43.14923" lon="18.91999">
        <ele>1424.7</ele>
      </trkpt>
      <trkpt lat="43.14909" lon="18.91994">
        <ele>1425.2</ele>
      </trkpt>
      <trkpt lat="43.14851" lon="18.91954">
        <ele>1426.8</ele>
      </trkpt>
      <trkpt lat="43.14838" lon="18.91949">
        <ele>1427.3</ele>
      </trkpt>
      <trkpt lat="43.14829" lon="18.9195">
        <ele>1428.0</ele>
      </trkpt>
      <trkpt lat="43.14815" lon="18.91954">
        <ele>1429.5</ele>
      </trkpt>
      <trkpt lat="43.14773" lon="18.91982">
        <ele>1435.3</ele>
      </trkpt>
      <trkpt lat="43.14759" lon="18.91985">
        <ele>1437.0</ele>
      </trkpt>
      <trkpt lat="43.14745" lon="18.91984">
        <ele>1438.8</ele>
      </trkpt>
      <trkpt lat="43.14731" lon="18.91978">
        <ele>1441.1</ele>
      </trkpt>
      <trkpt lat="43.14713" lon="18.91958">
        <ele>1442.4</ele>
      </trkpt>
      <trkpt lat="43.14702" lon="18.91938">
        <ele>1441.9</ele>
      </trkpt>
      <trkpt lat="43.14699" lon="18.91923">
        <ele>1440.5</ele>
      </trkpt>
      <trkpt lat="43.14699" lon="18.91902">
        <ele>1439.3</ele>
      </trkpt>
      <trkpt lat="43.14698" lon="18.91878">
        <ele>1438.8</ele>
      </trkpt>
      <trkpt lat="43.14691" lon="18.91861">
        <ele>1439.2</ele>
      </trkpt>
      <trkpt lat="43.14678" lon="18.91843">
        <ele>1440.1</ele>
      </trkpt>
      <trkpt lat="43.14654" lon="18.91825">
        <ele>1442.4</ele>
      </trkpt>
      <trkpt lat="43.14639" lon="18.91817">
        <ele>1444.3</ele>
      </trkpt>
      <trkpt lat="43.14621" lon="18.91812">
        <ele>1447.0</ele>
      </trkpt>
      <trkpt lat="43.14578" lon="18.91816">
        <ele>1453.5</ele>
      </trkpt>
      <trkpt lat="43.14567" lon="18.91814">
        <ele>1454.6</ele>
      </trkpt>
      <trkpt lat="43.14558" lon="18.91808">
        <ele>1455.4</ele>
      </trkpt>
      <trkpt lat="43.14542" lon="18.91789">
        <ele>1456.4</ele>
      </trkpt>
      <trkpt lat="43.1453" lon="18.91769">
        <ele>1456.8</ele>
      </trkpt>
      <trkpt lat="43.14526" lon="18.91758">
        <ele>1456.7</ele>
      </trkpt>
      <trkpt lat="43.14526" lon="18.91749">
        <ele>1456.4</ele>
      </trkpt>
      <trkpt lat="43.14527" lon="18.91735">
        <ele>1455.8</ele>
      </trkpt>
      <trkpt lat="43.14537" lon="18.9172">
        <ele>1454.7</ele>
      </trkpt>
      <trkpt lat="43.14546" lon="18.91706">
        <ele>1453.7</ele>
      </trkpt>
      <trkpt lat="43.14551" lon="18.91692">
        <ele>1452.9</ele>
      </trkpt>
      <trkpt lat="43.14552" lon="18.91678">
        <ele>1452.3</ele>
      </trkpt>
      <trkpt lat="43.14551" lon="18.91665">
        <ele>1451.9</ele>
      </trkpt>
      <trkpt lat="43.14546" lon="18.91652">
        <ele>1451.6</ele>
      </trkpt>
      <trkpt lat="43.14537" lon="18.91644">
        <ele>1451.6</ele>
      </trkpt>
      <trkpt lat="43.14531" lon="18.91642">
        <ele>1451.8</ele>
      </trkpt>
      <trkpt lat="43.14522" lon="18.91643">
        <ele>1452.3</ele>
      </trkpt>
      <trkpt lat="43.14512" lon="18.9165">
        <ele>1453.2</ele>
      </trkpt>
      <trkpt lat="43.14476" lon="18.91688">
        <ele>1458.3</ele>
      </trkpt>
      <trkpt lat="43.1446" lon="18.91704">
        <ele>1460.8</ele>
      </trkpt>
      <trkpt lat="43.1445" lon="18.91709">
        <ele>1462.2</ele>
      </trkpt>
      <trkpt lat="43.14443" lon="18.9171">
        <ele>1463.1</ele>
      </trkpt>
      <trkpt lat="43.14432" lon="18.91707">
        <ele>1464.2</ele>
      </trkpt>
      <trkpt lat="43.14421" lon="18.91697">
        <ele>1464.7</ele>
      </trkpt>
      <trkpt lat="43.14411" lon="18.91681">
        <ele>1464.9</ele>
      </trkpt>
      <trkpt lat="43.14397" lon="18.91667">
        <ele>1465.9</ele>
      </trkpt>
      <trkpt lat="43.14389" lon="18.9165">
        <ele>1466.2</ele>
      </trkpt>
      <trkpt lat="43.14388" lon="18.91634">
        <ele>1465.6</ele>
      </trkpt>
      <trkpt lat="43.14388" lon="18.91614">
        <ele>1464.6</ele>
      </trkpt>
      <trkpt lat="43.14382" lon="18.916">
        <ele>1465.0</ele>
      </trkpt>
      <trkpt lat="43.14362" lon="18.91569">
        <ele>1467.2</ele>
      </trkpt>
      <trkpt lat="43.1433" lon="18.9154">
        <ele>1470.9</ele>
      </trkpt>
      <trkpt lat="43.14319" lon="18.91528">
        <ele>1471.6</ele>
      </trkpt>
      <trkpt lat="43.14302" lon="18.91502">
        <ele>1472.3</ele>
      </trkpt>
      <trkpt lat="43.14285" lon="18.91485">
        <ele>1473.1</ele>
      </trkpt>
      <trkpt lat="43.14275" lon="18.91481">
        <ele>1474.0</ele>
      </trkpt>
      <trkpt lat="43.14262" lon="18.91479">
        <ele>1475.5</ele>
      </trkpt>
      <trkpt lat="43.14223" lon="18.91485">
        <ele>1479.1</ele>
      </trkpt>
      <trkpt lat="43.14213" lon="18.91483">
        <ele>1479.5</ele>
      </trkpt>
      <trkpt lat="43.14205" lon="18.91477">
        <ele>1479.5</ele>
      </trkpt>
      <trkpt lat="43.14149" lon="18.91393">
        <ele>1480.4</ele>
      </trkpt>
      <trkpt lat="43.14134" lon="18.91375">
        <ele>1480.9</ele>
      </trkpt>
      <trkpt lat="43.14106" lon="18.91353">
        <ele>1481.2</ele>
      </trkpt>
      <trkpt lat="43.1409" lon="18.91341">
        <ele>1480.7</ele>
      </trkpt>
      <trkpt lat="43.14079" lon="18.91337">
        <ele>1480.2</ele>
      </trkpt>
      <trkpt lat="43.14067" lon="18.9134">
        <ele>1479.9</ele>
      </trkpt>
      <trkpt lat="43.14061" lon="18.91348">
        <ele>1480.6</ele>
      </trkpt>
      <trkpt lat="43.1406" lon="18.91356">
        <ele>1481.6</ele>
      </trkpt>
      <trkpt lat="43.14063" lon="18.91367">
        <ele>1483.2</ele>
      </trkpt>
      <trkpt lat="43.14101" lon="18.91413">
        <ele>1488.1</ele>
      </trkpt>
      <trkpt lat="43.1411" lon="18.91427">
        <ele>1487.8</ele>
      </trkpt>
      <trkpt lat="43.14117" lon="18.91442">
        <ele>1487.7</ele>
      </trkpt>
      <trkpt lat="43.14124" lon="18.91462">
        <ele>1487.9</ele>
      </trkpt>
      <trkpt lat="43.14136" lon="18.91516">
        <ele>1489.2</ele>
      </trkpt>
      <trkpt lat="43.14135" lon="18.91528">
        <ele>1490.2</ele>
      </trkpt>
      <trkpt lat="43.14132" lon="18.91542">
        <ele>1491.5</ele>
      </trkpt>
      <trkpt lat="43.14126" lon="18.91564">
        <ele>1493.7</ele>
      </trkpt>
      <trkpt lat="43.14124" lon="18.91574">
        <ele>1494.6</ele>
      </trkpt>
      <trkpt lat="43.14126" lon="18.91583">
        <ele>1494.9</ele>
      </trkpt>
      <trkpt lat="43.1413" lon="18.91592">
        <ele>1495.4</ele>
      </trkpt>
      <trkpt lat="43.14138" lon="18.91597">
        <ele>1495.1</ele>
      </trkpt>
      <trkpt lat="43.1416" lon="18.91606">
        <ele>1493.5</ele>
      </trkpt>
      <trkpt lat="43.14173" lon="18.91613">
        <ele>1493.0</ele>
      </trkpt>
      <trkpt lat="43.14181" lon="18.91621">
        <ele>1493.2</ele>
      </trkpt>
      <trkpt lat="43.1419" lon="18.91636">
        <ele>1493.9</ele>
      </trkpt>
      <trkpt lat="43.14195" lon="18.91655">
        <ele>1495.1</ele>
      </trkpt>
      <trkpt lat="43.14198" lon="18.91672">
        <ele>1496.1</ele>
      </trkpt>
      <trkpt lat="43.14197" lon="18.91688">
        <ele>1497.0</ele>
      </trkpt>
      <trkpt lat="43.14177" lon="18.91747">
        <ele>1502.5</ele>
      </trkpt>
      <trkpt lat="43.14158" lon="18.91805">
        <ele>1508.7</ele>
      </trkpt>
      <trkpt lat="43.14155" lon="18.9182">
        <ele>1509.9</ele>
      </trkpt>
      <trkpt lat="43.14155" lon="18.91832">
        <ele>1510.8</ele>
      </trkpt>
      <trkpt lat="43.14159" lon="18.91846">
        <ele>1511.7</ele>
      </trkpt>
      <trkpt lat="43.14198" lon="18.91917">
        <ele>1515.4</ele>
      </trkpt>
      <trkpt lat="43.14237" lon="18.91989">
        <ele>1513.8</ele>
      </trkpt>
      <trkpt lat="43.14246" lon="18.92009">
        <ele>1513.1</ele>
      </trkpt>
      <trkpt lat="43.14249" lon="18.92024">
        <ele>1513.3</ele>
      </trkpt>
      <trkpt lat="43.14249" lon="18.92042">
        <ele>1514.2</ele>
      </trkpt>
      <trkpt lat="43.14246" lon="18.92061">
        <ele>1515.6</ele>
      </trkpt>
      <trkpt lat="43.14228" lon="18.92121">
        <ele>1521.6</ele>
      </trkpt>
      <trkpt lat="43.14211" lon="18.92181">
        <ele>1525.6</ele>
      </trkpt>
      <trkpt lat="43.142" lon="18.9221">
        <ele>1526.9</ele>
      </trkpt>
      <trkpt lat="43.14187" lon="18.92226">
        <ele>1528.4</ele>
      </trkpt>
      <trkpt lat="43.14175" lon="18.92237">
        <ele>1529.8</ele>
      </trkpt>
      <trkpt lat="43.14163" lon="18.92252">
        <ele>1531.3</ele>
      </trkpt>
      <trkpt lat="43.14155" lon="18.92275">
        <ele>1531.4</ele>
      </trkpt>
      <trkpt lat="43.1415" lon="18.92301">
        <ele>1531.3</ele>
      </trkpt>
      <trkpt lat="43.14149" lon="18.92329">
        <ele>1530.7</ele>
      </trkpt>
      <trkpt lat="43.14151" lon="18.92351">
        <ele>1532.1</ele>
      </trkpt>
      <trkpt lat="43.14153" lon="18.92366">
        <ele>1533.3</ele>
      </trkpt>
      <trkpt lat="43.14159" lon="18.92379">
        <ele>1533.5</ele>
      </trkpt>
      <trkpt lat="43.14164" lon="18.92388">
        <ele>1533.4</ele>
      </trkpt>
      <trkpt lat="43.14206" lon="18.92431">
        <ele>1537.0</ele>
      </trkpt>
      <trkpt lat="43.14247" lon="18.92474">
        <ele>1540.4</ele>
      </trkpt>
      <trkpt lat="43.14282" lon="18.92514">
        <ele>1542.7</ele>
      </trkpt>
      <trkpt lat="43.14317" lon="18.92553">
        <ele>1543.5</ele>
      </trkpt>
      <trkpt lat="43.14326" lon="18.9257">
        <ele>1543.9</ele>
      </trkpt>
      <trkpt lat="43.14328" lon="18.9258">
        <ele>1544.4</ele>
      </trkpt>
      <trkpt lat="43.1433" lon="18.92602">
        <ele>1544.2</ele>
      </trkpt>
      <trkpt lat="43.1433" lon="18.92617">
        <ele>1544.1</ele>
      </trkpt>
      <trkpt lat="43.14329" lon="18.92632">
        <ele>1544.0</ele>
      </trkpt>
      <trkpt lat="43.14324" lon="18.92648">
        <ele>1544.6</ele>
      </trkpt>
      <trkpt lat="43.14319" lon="18.92661">
        <ele>1545.3</ele>
      </trkpt>
      <trkpt lat="43.14309" lon="18.92672">
        <ele>1546.9</ele>
      </trkpt>
      <trkpt lat="43.1427" lon="18.92704">
        <ele>1552.1</ele>
      </trkpt>
      <trkpt lat="43.14231" lon="18.92736">
        <ele>1555.3</ele>
      </trkpt>
      <trkpt lat="43.14221" lon="18.92745">
        <ele>1556.4</ele>
      </trkpt>
      <trkpt lat="43.14215" lon="18.92756">
        <ele>1557.2</ele>
      </trkpt>
      <trkpt lat="43.14211" lon="18.92769">
        <ele>1558.1</ele>
      </trkpt>
      <trkpt lat="43.14201" lon="18.92881">
        <ele>1565.1</ele>
      </trkpt>
      <trkpt lat="43.14203" lon="18.92893">
        <ele>1566.0</ele>
      </trkpt>
      <trkpt lat="43.14208" lon="18.92903">
        <ele>1566.3</ele>
      </trkpt>
      <trkpt lat="43.14219" lon="18.92915">
        <ele>1565.9</ele>
      </trkpt>
      <trkpt lat="43.14264" lon="18.92947">
        <ele>1562.5</ele>
      </trkpt>
      <trkpt lat="43.14275" lon="18.9296">
        <ele>1562.4</ele>
      </trkpt>
      <trkpt lat="43.14281" lon="18.92973">
        <ele>1562.9</ele>
      </trkpt>
      <trkpt lat="43.14294" lon="18.93013">
        <ele>1564.8</ele>
      </trkpt>
      <trkpt lat="43.14296" lon="18.93028">
        <ele>1565.7</ele>
      </trkpt>
      <trkpt lat="43.14295" lon="18.9304">
        <ele>1566.5</ele>
      </trkpt>
      <trkpt lat="43.1429" lon="18.9305">
        <ele>1567.3</ele>
      </trkpt>
      <trkpt lat="43.14282" lon="18.93061">
        <ele>1568.2</ele>
      </trkpt>
      <trkpt lat="43.14253" lon="18.93077">
        <ele>1569.7</ele>
      </trkpt>
      <trkpt lat="43.14243" lon="18.93079">
        <ele>1570.4</ele>
      </trkpt>
      <trkpt lat="43.14227" lon="18.93076">
        <ele>1571.7</ele>
      </trkpt>
      <trkpt lat="43.14215" lon="18.93071">
        <ele>1572.5</ele>
      </trkpt>
      <trkpt lat="43.14205" lon="18.93058">
        <ele>1573.1</ele>
      </trkpt>
      <trkpt lat="43.14196" lon="18.93035">
        <ele>1573.3</ele>
      </trkpt>
      <trkpt lat="43.14188" lon="18.93011">
        <ele>1573.7</ele>
      </trkpt>
      <trkpt lat="43.1418" lon="18.92999">
        <ele>1574.4</ele>
      </trkpt>
      <trkpt lat="43.14168" lon="18.9299">
        <ele>1575.5</ele>
      </trkpt>
      <trkpt lat="43.14152" lon="18.92984">
        <ele>1576.1</ele>
      </trkpt>
      <trkpt lat="43.14119" lon="18.92976">
        <ele>1577.3</ele>
      </trkpt>
      <trkpt lat="43.14101" lon="18.92976">
        <ele>1578.1</ele>
      </trkpt>
      <trkpt lat="43.1409" lon="18.9298">
        <ele>1578.7</ele>
      </trkpt>
      <trkpt lat="43.14079" lon="18.9299">
        <ele>1579.2</ele>
      </trkpt>
      <trkpt lat="43.14058" lon="18.93022">
        <ele>1580.0</ele>
      </trkpt>
      <trkpt lat="43.14051" lon="18.93044">
        <ele>1581.0</ele>
      </trkpt>
      <trkpt lat="43.1405" lon="18.93061">
        <ele>1582.1</ele>
      </trkpt>
      <trkpt lat="43.14051" lon="18.9314">
        <ele>1586.5</ele>
      </trkpt>
      <trkpt lat="43.14043" lon="18.93175">
        <ele>1587.8</ele>
      </trkpt>
      <trkpt lat="43.14026" lon="18.93236">
        <ele>1591.3</ele>
      </trkpt>
      <trkpt lat="43.14009" lon="18.93297">
        <ele>1594.8</ele>
      </trkpt>
      <trkpt lat="43.14005" lon="18.93316">
        <ele>1596.0</ele>
      </trkpt>
      <trkpt lat="43.14003" lon="18.93336">
        <ele>1597.4</ele>
      </trkpt>
      <trkpt lat="43.14001" lon="18.93449">
        <ele>1601.1</ele>
      </trkpt>
      <trkpt lat="43.13997" lon="18.93542">
        <ele>1606.9</ele>
      </trkpt>
      <trkpt lat="43.13993" lon="18.93567">
        <ele>1608.1</ele>
      </trkpt>
      <trkpt lat="43.13976" lon="18.93636">
        <ele>1611.4</ele>
      </trkpt>
      <trkpt lat="43.1396" lon="18.93706">
        <ele>1614.7</ele>
      </trkpt>
      <trkpt lat="43.13956" lon="18.93729">
        <ele>1616.2</ele>
      </trkpt>
      <trkpt lat="43.13955" lon="18.93752">
        <ele>1618.4</ele>
      </trkpt>
      <trkpt lat="43.13953" lon="18.93777">
        <ele>1620.6</ele>
      </trkpt>
      <trkpt lat="43.13947" lon="18.938">
        <ele>1621.8</ele>
      </trkpt>
      <trkpt lat="43.13927" lon="18.93833">
        <ele>1621.8</ele>
      </trkpt>
      <trkpt lat="43.13882" lon="18.93895">
        <ele>1620.3</ele>
      </trkpt>
      <trkpt lat="43.13874" lon="18.93907">
        <ele>1619.8</ele>
      </trkpt>
      <trkpt lat="43.13871" lon="18.93917">
        <ele>1620.4</ele>
      </trkpt>
      <trkpt lat="43.13865" lon="18.9394">
        <ele>1620.8</ele>
      </trkpt>
      <trkpt lat="43.13855" lon="18.94001">
        <ele>1624.0</ele>
      </trkpt>
      <trkpt lat="43.13856" lon="18.94026">
        <ele>1626.4</ele>
      </trkpt>
      <trkpt lat="43.13869" lon="18.94071">
        <ele>1632.3</ele>
      </trkpt>
      <trkpt lat="43.13881" lon="18.94101">
        <ele>1636.5</ele>
      </trkpt>
      <trkpt lat="43.13886" lon="18.94113">
        <ele>1638.3</ele>
      </trkpt>
      <trkpt lat="43.13887" lon="18.94124">
        <ele>1639.5</ele>
      </trkpt>
      <trkpt lat="43.13886" lon="18.94134">
        <ele>1640.3</ele>
      </trkpt>
      <trkpt lat="43.13884" lon="18.9414">
        <ele>1640.6</ele>
      </trkpt>
      <trkpt lat="43.13877" lon="18.94154">
        <ele>1641.0</ele>
      </trkpt>
      <trkpt lat="43.13867" lon="18.94168">
        <ele>1641.4</ele>
      </trkpt>
      <trkpt lat="43.13861" lon="18.94173">
        <ele>1642.2</ele>
      </trkpt>
      <trkpt lat="43.13855" lon="18.94173">
        <ele>1641.6</ele>
      </trkpt>
      <trkpt lat="43.13849" lon="18.94171">
        <ele>1640.3</ele>
      </trkpt>
      <trkpt lat="43.13845" lon="18.94168">
        <ele>1638.8</ele>
      </trkpt>
      <trkpt lat="43.1384" lon="18.94157">
        <ele>1636.8</ele>
      </trkpt>
      <trkpt lat="43.13836" lon="18.94146">
        <ele>1635.1</ele>
      </trkpt>
      <trkpt lat="43.13829" lon="18.94133">
        <ele>1634.1</ele>
      </trkpt>
      <trkpt lat="43.13807" lon="18.94109">
        <ele>1634.6</ele>
      </trkpt>
      <trkpt lat="43.13786" lon="18.94087">
        <ele>1634.3</ele>
      </trkpt>
      <trkpt lat="43.13765" lon="18.94073">
        <ele>1633.6</ele>
      </trkpt>
      <trkpt lat="43.13723" lon="18.94059">
        <ele>1632.5</ele>
      </trkpt>
      <trkpt lat="43.13714" lon="18.94055">
        <ele>1631.9</ele>
      </trkpt>
      <trkpt lat="43.13705" lon="18.94055">
        <ele>1632.4</ele>
      </trkpt>
      <trkpt lat="43.13699" lon="18.94057">
        <ele>1633.3</ele>
      </trkpt>
      <trkpt lat="43.13675" lon="18.94074">
        <ele>1639.7</ele>
      </trkpt>
      <trkpt lat="43.13663" lon="18.94085">
        <ele>1642.5</ele>
      </trkpt>
      <trkpt lat="43.13653" lon="18.94096">
        <ele>1642.4</ele>
      </trkpt>
      <trkpt lat="43.13642" lon="18.94115">
        <ele>1643.5</ele>
      </trkpt>
      <trkpt lat="43.13636" lon="18.94137">
        <ele>1646.2</ele>
      </trkpt>
      <trkpt lat="43.13627" lon="18.94192">
        <ele>1649.6</ele>
      </trkpt>
      <trkpt lat="43.13629" lon="18.94211">
        <ele>1650.5</ele>
      </trkpt>
      <trkpt lat="43.13632" lon="18.94218">
        <ele>1651.5</ele>
      </trkpt>
      <trkpt lat="43.13634" lon="18.94222">
        <ele>1652.2</ele>
      </trkpt>
      <trkpt lat="43.13646" lon="18.94233">
        <ele>1655.9</ele>
      </trkpt>
      <trkpt lat="43.13657" lon="18.9424">
        <ele>1659.2</ele>
      </trkpt>
      <trkpt lat="43.13663" lon="18.9425">
        <ele>1660.9</ele>
      </trkpt>
      <trkpt lat="43.13666" lon="18.9426">
        <ele>1663.0</ele>
      </trkpt>
      <trkpt lat="43.13669" lon="18.94275">
        <ele>1665.4</ele>
      </trkpt>
      <trkpt lat="43.1367" lon="18.94295">
        <ele>1668.1</ele>
      </trkpt>
      <trkpt lat="43.13668" lon="18.94317">
        <ele>1670.4</ele>
      </trkpt>
      <trkpt lat="43.13659" lon="18.94346">
        <ele>1674.2</ele>
      </trkpt>
      <trkpt lat="43.13653" lon="18.94358">
        <ele>1676.6</ele>
      </trkpt>
      <trkpt lat="43.13648" lon="18.94362">
        <ele>1676.6</ele>
      </trkpt>
      <trkpt lat="43.13642" lon="18.94365">
        <ele>1676.0</ele>
      </trkpt>
      <trkpt lat="43.13631" lon="18.94366">
        <ele>1673.5</ele>
      </trkpt>
      <trkpt lat="43.13622" lon="18.9437">
        <ele>1672.5</ele>
      </trkpt>
      <trkpt lat="43.1361" lon="18.94377">
        <ele>1671.5</ele>
      </trkpt>
      <trkpt lat="43.13598" lon="18.94387">
        <ele>1671.3</ele>
      </trkpt>
      <trkpt lat="43.13588" lon="18.94393">
        <ele>1670.4</ele>
      </trkpt>
      <trkpt lat="43.13541" lon="18.9441">
        <ele>1666.3</ele>
      </trkpt>
      <trkpt lat="43.13531" lon="18.94417">
        <ele>1666.7</ele>
      </trkpt>
      <trkpt lat="43.13489" lon="18.94459">
        <ele>1671.6</ele>
      </trkpt>
      <trkpt lat="43.13465" lon="18.94476">
        <ele>1672.9</ele>
      </trkpt>
      <trkpt lat="43.13453" lon="18.94483">
        <ele>1673.0</ele>
      </trkpt>
      <trkpt lat="43.13441" lon="18.94487">
        <ele>1672.3</ele>
      </trkpt>
      <trkpt lat="43.1342" lon="18.94491">
        <ele>1670.1</ele>
      </trkpt>
      <trkpt lat="43.13412" lon="18.94493">
        <ele>1669.5</ele>
      </trkpt>
      <trkpt lat="43.13407" lon="18.94498">
        <ele>1670.1</ele>
      </trkpt>
      <trkpt lat="43.13401" lon="18.94505">
        <ele>1670.3</ele>
      </trkpt>
      <trkpt lat="43.13384" lon="18.94551">
        <ele>1674.1</ele>
      </trkpt>
      <trkpt lat="43.13377" lon="18.9456">
        <ele>1674.8</ele>
      </trkpt>
      <trkpt lat="43.1337" lon="18.94567">
        <ele>1675.3</ele>
      </trkpt>
      <trkpt lat="43.13346" lon="18.94592">
        <ele>1678.1</ele>
      </trkpt>
      <trkpt lat="43.13339" lon="18.94606">
        <ele>1680.5</ele>
      </trkpt>
      <trkpt lat="43.13338" lon="18.94615">
        <ele>1682.3</ele>
      </trkpt>
      <trkpt lat="43.13341" lon="18.94653">
        <ele>1689.1</ele>
      </trkpt>
      <trkpt lat="43.13342" lon="18.94661">
        <ele>1690.4</ele>
      </trkpt>
      <trkpt lat="43.13345" lon="18.94668">
        <ele>1691.0</ele>
      </trkpt>
      <trkpt lat="43.13358" lon="18.94683">
        <ele>1689.6</ele>
      </trkpt>
      <trkpt lat="43.13361" lon="18.94688">
        <ele>1689.3</ele>
      </trkpt>
      <trkpt lat="43.13363" lon="18.94693">
        <ele>1689.2</ele>
      </trkpt>
      <trkpt lat="43.13363" lon="18.94698">
        <ele>1689.5</ele>
      </trkpt>
      <trkpt lat="43.13362" lon="18.94704">
        <ele>1690.0</ele>
      </trkpt>
      <trkpt lat="43.1336" lon="18.94709">
        <ele>1690.8</ele>
      </trkpt>
      <trkpt lat="43.1335" lon="18.94724">
        <ele>1694.3</ele>
      </trkpt>
      <trkpt lat="43.13347" lon="18.9473">
        <ele>1695.5</ele>
      </trkpt>
      <trkpt lat="43.13347" lon="18.94738">
        <ele>1696.1</ele>
      </trkpt>
      <trkpt lat="43.13348" lon="18.94745">
        <ele>1696.4</ele>
      </trkpt>
      <trkpt lat="43.13361" lon="18.94781">
        <ele>1697.3</ele>
      </trkpt>
      <trkpt lat="43.13362" lon="18.9479">
        <ele>1698.1</ele>
      </trkpt>
      <trkpt lat="43.13362" lon="18.94798">
        <ele>1699.2</ele>
      </trkpt>
      <trkpt lat="43.13361" lon="18.94802">
        <ele>1700.1</ele>
      </trkpt>
      <trkpt lat="43.13354" lon="18.94806">
        <ele>1703.6</ele>
      </trkpt>
      <trkpt lat="43.1335" lon="18.94806">
        <ele>1705.3</ele>
      </trkpt>
      <trkpt lat="43.13345" lon="18.94804">
        <ele>1707.1</ele>
      </trkpt>
      <trkpt lat="43.13342" lon="18.94799">
        <ele>1707.5</ele>
      </trkpt>
      <trkpt lat="43.13339" lon="18.94788">
        <ele>1706.6</ele>
      </trkpt>
      <trkpt lat="43.13337" lon="18.94768">
        <ele>1703.5</ele>
      </trkpt>
      <trkpt lat="43.13328" lon="18.94742">
        <ele>1701.4</ele>
      </trkpt>
      <trkpt lat="43.13318" lon="18.9469">
        <ele>1697.2</ele>
      </trkpt>
      <trkpt lat="43.13309" lon="18.9466">
        <ele>1693.3</ele>
      </trkpt>
      <trkpt lat="43.13304" lon="18.94651">
        <ele>1691.2</ele>
      </trkpt>
      <trkpt lat="43.13299" lon="18.94645">
        <ele>1689.8</ele>
      </trkpt>
      <trkpt lat="43.13293" lon="18.94643">
        <ele>1689.4</ele>
      </trkpt>
      <trkpt lat="43.13286" lon="18.94643">
        <ele>1689.6</ele>
      </trkpt>
      <trkpt lat="43.13278" lon="18.94648">
        <ele>1691.5</ele>
      </trkpt>
      <trkpt lat="43.13272" lon="18.94655">
        <ele>1694.1</ele>
      </trkpt>
      <trkpt lat="43.13267" lon="18.94668">
        <ele>1698.9</ele>
      </trkpt>
      <trkpt lat="43.13267" lon="18.94675">
        <ele>1700.4</ele>
      </trkpt>
      <trkpt lat="43.13273" lon="18.94687">
        <ele>1702.3</ele>
      </trkpt>
      <trkpt lat="43.13292" lon="18.94707">
        <ele>1703.5</ele>
      </trkpt>
      <trkpt lat="43.13295" lon="18.94711">
        <ele>1703.7</ele>
      </trkpt>
      <trkpt lat="43.13297" lon="18.94719">
        <ele>1704.6</ele>
      </trkpt>
      <trkpt lat="43.13297" lon="18.94726">
        <ele>1705.8</ele>
      </trkpt>
      <trkpt lat="43.13297" lon="18.94737">
        <ele>1707.6</ele>
      </trkpt>
      <trkpt lat="43.13291" lon="18.94781">
        <ele>1720.1</ele>
      </trkpt>
      <trkpt lat="43.13292" lon="18.94791">
        <ele>1722.7</ele>
      </trkpt>
      <trkpt lat="43.13296" lon="18.94807">
        <ele>1725.9</ele>
      </trkpt>
      <trkpt lat="43.13299" lon="18.94813">
        <ele>1726.5</ele>
      </trkpt>
      <trkpt lat="43.13304" lon="18.94818">
        <ele>1725.9</ele>
      </trkpt>
      <trkpt lat="43.13321" lon="18.9483">
        <ele>1722.3</ele>
      </trkpt>
      <trkpt lat="43.13327" lon="18.94835">
        <ele>1721.0</ele>
      </trkpt>
      <trkpt lat="43.13332" lon="18.94843">
        <ele>1720.7</ele>
      </trkpt>
      <trkpt lat="43.13344" lon="18.94887">
        <ele>1724.4</ele>
      </trkpt>
      <trkpt lat="43.13348" lon="18.94901">
        <ele>1725.2</ele>
      </trkpt>
      <trkpt lat="43.13356" lon="18.94911">
        <ele>1722.8</ele>
      </trkpt>
      <trkpt lat="43.13363" lon="18.9492">
        <ele>1720.3</ele>
      </trkpt>
      <trkpt lat="43.1337" lon="18.94929">
        <ele>1717.5</ele>
      </trkpt>
      <trkpt lat="43.13377" lon="18.94949">
        <ele>1716.7</ele>
      </trkpt>
      <trkpt lat="43.13383" lon="18.94969">
        <ele>1717.0</ele>
      </trkpt>
      <trkpt lat="43.13385" lon="18.9498">
        <ele>1718.0</ele>
      </trkpt>
      <trkpt lat="43.13384" lon="18.94987">
        <ele>1719.6</ele>
      </trkpt>
      <trkpt lat="43.13382" lon="18.94999">
        <ele>1722.3</ele>
      </trkpt>
      <trkpt lat="43.1336" lon="18.95064">
        <ele>1735.3</ele>
      </trkpt>
      <trkpt lat="43.13326" lon="18.95152">
        <ele>1745.4</ele>
      </trkpt>
      <trkpt lat="43.13321" lon="18.95161">
        <ele>1747.0</ele>
      </trkpt>
      <trkpt lat="43.13312" lon="18.9517">
        <ele>1749.3</ele>
      </trkpt>
      <trkpt lat="43.13304" lon="18.95174">
        <ele>1751.0</ele>
      </trkpt>
      <trkpt lat="43.13295" lon="18.9518">
        <ele>1752.7</ele>
      </trkpt>
      <trkpt lat="43.1329" lon="18.95189">
        <ele>1753.1</ele>
      </trkpt>
      <trkpt lat="43.1328" lon="18.95215">
        <ele>1752.3</ele>
      </trkpt>
      <trkpt lat="43.13271" lon="18.95229">
        <ele>1751.7</ele>
      </trkpt>
      <trkpt lat="43.13259" lon="18.95241">
        <ele>1751.0</ele>
      </trkpt>
      <trkpt lat="43.13232" lon="18.95262">
        <ele>1756.6</ele>
      </trkpt>
      <trkpt lat="43.13211" lon="18.95283">
        <ele>1762.8</ele>
      </trkpt>
      <trkpt lat="43.13187" lon="18.95304">
        <ele>1768.0</ele>
      </trkpt>
      <trkpt lat="43.13184" lon="18.95309">
        <ele>1768.2</ele>
      </trkpt>
      <trkpt lat="43.13182" lon="18.95317">
        <ele>1767.7</ele>
      </trkpt>
      <trkpt lat="43.13182" lon="18.95324">
        <ele>1766.9</ele>
      </trkpt>
      <trkpt lat="43.13183" lon="18.9533">
        <ele>1765.9</ele>
      </trkpt>
      <trkpt lat="43.13186" lon="18.95339">
        <ele>1765.2</ele>
      </trkpt>
      <trkpt lat="43.132" lon="18.9536">
        <ele>1763.8</ele>
      </trkpt>
      <trkpt lat="43.13207" lon="18.95378">
        <ele>1763.7</ele>
      </trkpt>
      <trkpt lat="43.1321" lon="18.95395">
        <ele>1764.5</ele>
      </trkpt>
      <trkpt lat="43.13215" lon="18.95477">
        <ele>1767.1</ele>
      </trkpt>
      <trkpt lat="43.13215" lon="18.95488">
        <ele>1767.5</ele>
      </trkpt>
      <trkpt lat="43.13214" lon="18.95495">
        <ele>1767.7</ele>
      </trkpt>
      <trkpt lat="43.13212" lon="18.955">
        <ele>1767.9</ele>
      </trkpt>
      <trkpt lat="43.13207" lon="18.95509">
        <ele>1768.8</ele>
      </trkpt>
      <trkpt lat="43.13196" lon="18.95524">
        <ele>1769.8</ele>
      </trkpt>
      <trkpt lat="43.13189" lon="18.95546">
        <ele>1770.8</ele>
      </trkpt>
      <trkpt lat="43.13177" lon="18.95628">
        <ele>1771.4</ele>
      </trkpt>
      <trkpt lat="43.13176" lon="18.95651">
        <ele>1771.3</ele>
      </trkpt>
      <trkpt lat="43.13189" lon="18.95731">
        <ele>1769.3</ele>
      </trkpt>
      <trkpt lat="43.13193" lon="18.95749">
        <ele>1769.1</ele>
      </trkpt>
      <trkpt lat="43.13198" lon="18.95765">
        <ele>1769.5</ele>
      </trkpt>
      <trkpt lat="43.13207" lon="18.95783">
        <ele>1770.5</ele>
      </trkpt>
      <trkpt lat="43.13224" lon="18.95803">
        <ele>1772.4</ele>
      </trkpt>
      <trkpt lat="43.13233" lon="18.95816">
        <ele>1772.9</ele>
      </trkpt>
      <trkpt lat="43.13249" lon="18.9586">
        <ele>1772.6</ele>
      </trkpt>
      <trkpt lat="43.13253" lon="18.95868">
        <ele>1772.9</ele>
      </trkpt>
      <trkpt lat="43.13258" lon="18.95875">
        <ele>1773.5</ele>
      </trkpt>
      <trkpt lat="43.13262" lon="18.95879">
        <ele>1774.0</ele>
      </trkpt>
      <trkpt lat="43.13269" lon="18.95883">
        <ele>1775.1</ele>
      </trkpt>
      <trkpt lat="43.13282" lon="18.95888">
        <ele>1777.3</ele>
      </trkpt>
      <trkpt lat="43.13288" lon="18.95893">
        <ele>1778.1</ele>
      </trkpt>
      <trkpt lat="43.13299" lon="18.9591">
        <ele>1779.2</ele>
      </trkpt>
      <trkpt lat="43.13315" lon="18.95941">
        <ele>1781.1</ele>
      </trkpt>
      <trkpt lat="43.13319" lon="18.95953">
        <ele>1781.6</ele>
      </trkpt>
      <trkpt lat="43.1332" lon="18.95962">
        <ele>1781.6</ele>
      </trkpt>
      <trkpt lat="43.1332" lon="18.96001">
        <ele>1780.8</ele>
      </trkpt>
      <trkpt lat="43.13326" lon="18.9605">
        <ele>1781.5</ele>
      </trkpt>
      <trkpt lat="43.13326" lon="18.96069">
        <ele>1781.3</ele>
      </trkpt>
      <trkpt lat="43.13325" lon="18.96098">
        <ele>1782.2</ele>
      </trkpt>
      <trkpt lat="43.13322" lon="18.96117">
        <ele>1783.2</ele>
      </trkpt>
      <trkpt lat="43.13318" lon="18.9613">
        <ele>1783.2</ele>
      </trkpt>
      <trkpt lat="43.13288" lon="18.96186">
        <ele>1775.9</ele>
      </trkpt>
      <trkpt lat="43.13286" lon="18.96193">
        <ele>1775.3</ele>
      </trkpt>
      <trkpt lat="43.13286" lon="18.962">
        <ele>1775.4</ele>
      </trkpt>
      <trkpt lat="43.1329" lon="18.96225">
        <ele>1776.9</ele>
      </trkpt>
      <trkpt lat="43.13296" lon="18.96248">
        <ele>1778.6</ele>
      </trkpt>
      <trkpt lat="43.13301" lon="18.9627">
        <ele>1779.3</ele>
      </trkpt>
      <trkpt lat="43.13302" lon="18.96286">
        <ele>1779.1</ele>
      </trkpt>
      <trkpt lat="43.13302" lon="18.96304">
        <ele>1778.6</ele>
      </trkpt>
      <trkpt lat="43.13304" lon="18.96318">
        <ele>1778.5</ele>
      </trkpt>
      <trkpt lat="43.13317" lon="18.96343">
        <ele>1780.5</ele>
      </trkpt>
      <trkpt lat="43.13332" lon="18.96356">
        <ele>1783.3</ele>
      </trkpt>
      <trkpt lat="43.13384" lon="18.96372">
        <ele>1792.3</ele>
      </trkpt>
      <trkpt lat="43.1339" lon="18.96376">
        <ele>1793.1</ele>
      </trkpt>
      <trkpt lat="43.13396" lon="18.96385">
        <ele>1793.6</ele>
      </trkpt>
      <trkpt lat="43.1342" lon="18.96434">
        <ele>1794.4</ele>
      </trkpt>
      <trkpt lat="43.13431" lon="18.96461">
        <ele>1796.6</ele>
      </trkpt>
      <trkpt lat="43.13447" lon="18.96515">
        <ele>1797.8</ele>
      </trkpt>
      <trkpt lat="43.13452" lon="18.96535">
        <ele>1798.1</ele>
      </trkpt>
      <trkpt lat="43.13465" lon="18.96606">
        <ele>1799.4</ele>
      </trkpt>
      <trkpt lat="43.13465" lon="18.96646">
        <ele>1800.3</ele>
      </trkpt>
      <trkpt lat="43.13464" lon="18.96662">
        <ele>1800.4</ele>
      </trkpt>
      <trkpt lat="43.1346" lon="18.96683">
        <ele>1800.6</ele>
      </trkpt>
      <trkpt lat="43.13448" lon="18.96721">
        <ele>1800.7</ele>
      </trkpt>
      <trkpt lat="43.13447" lon="18.9673">
        <ele>1801.1</ele>
      </trkpt>
      <trkpt lat="43.13447" lon="18.96738">
        <ele>1801.6</ele>
      </trkpt>
      <trkpt lat="43.13449" lon="18.96745">
        <ele>1802.2</ele>
      </trkpt>
      <trkpt lat="43.13464" lon="18.9678">
        <ele>1803.0</ele>
      </trkpt>
      <trkpt lat="43.13471" lon="18.96808">
        <ele>1802.6</ele>
      </trkpt>
      <trkpt lat="43.13474" lon="18.96836">
        <ele>1801.8</ele>
      </trkpt>
      <trkpt lat="43.13478" lon="18.96851">
        <ele>1802.2</ele>
      </trkpt>
      <trkpt lat="43.13484" lon="18.96867">
        <ele>1802.7</ele>
      </trkpt>
      <trkpt lat="43.13498" lon="18.96898">
        <ele>1803.8</ele>
      </trkpt>
      <trkpt lat="43.13513" lon="18.9695">
        <ele>1807.7</ele>
      </trkpt>
      <trkpt lat="43.13514" lon="18.96962">
        <ele>1808.4</ele>
      </trkpt>
      <trkpt lat="43.13516" lon="18.97022">
        <ele>1810.7</ele>
      </trkpt>
      <trkpt lat="43.13517" lon="18.97083">
        <ele>1811.3</ele>
      </trkpt>
      <trkpt lat="43.13514" lon="18.97103">
        <ele>1811.9</ele>
      </trkpt>
      <trkpt lat="43.1351" lon="18.97115">
        <ele>1811.8</ele>
      </trkpt>
      <trkpt lat="43.13502" lon="18.97129">
        <ele>1810.9</ele>
      </trkpt>
      <trkpt lat="43.13477" lon="18.9716">
        <ele>1808.6</ele>
      </trkpt>
      <trkpt lat="43.13469" lon="18.97172">
        <ele>1807.8</ele>
      </trkpt>
      <trkpt lat="43.13435" lon="18.97255">
        <ele>1808.9</ele>
      </trkpt>
      <trkpt lat="43.13433" lon="18.97264">
        <ele>1809.7</ele>
      </trkpt>
      <trkpt lat="43.13432" lon="18.97273">
        <ele>1810.6</ele>
      </trkpt>
      <trkpt lat="43.13433" lon="18.97292">
        <ele>1813.1</ele>
      </trkpt>
      <trkpt lat="43.13432" lon="18.97299">
        <ele>1813.8</ele>
      </trkpt>
      <trkpt lat="43.13429" lon="18.97306">
        <ele>1814.4</ele>
      </trkpt>
      <trkpt lat="43.13424" lon="18.9731">
        <ele>1814.4</ele>
      </trkpt>
      <trkpt lat="43.1341" lon="18.97317">
        <ele>1813.8</ele>
      </trkpt>
      <trkpt lat="43.13405" lon="18.97321">
        <ele>1813.8</ele>
      </trkpt>
      <trkpt lat="43.134" lon="18.97328">
        <ele>1814.2</ele>
      </trkpt>
      <trkpt lat="43.13389" lon="18.97357">
        <ele>1816.6</ele>
      </trkpt>
      <trkpt lat="43.13383" lon="18.97367">
        <ele>1817.2</ele>
      </trkpt>
      <trkpt lat="43.13347" lon="18.97418">
        <ele>1819.4</ele>
      </trkpt>
      <trkpt lat="43.13343" lon="18.97427">
        <ele>1818.3</ele>
      </trkpt>
      <trkpt lat="43.13342" lon="18.97436">
        <ele>1817.6</ele>
      </trkpt>
      <trkpt lat="43.13342" lon="18.97445">
        <ele>1816.9</ele>
      </trkpt>
      <trkpt lat="43.13343" lon="18.97451">
        <ele>1816.6</ele>
      </trkpt>
      <trkpt lat="43.13352" lon="18.97467">
        <ele>1816.5</ele>
      </trkpt>
      <trkpt lat="43.13356" lon="18.97479">
        <ele>1816.2</ele>
      </trkpt>
      <trkpt lat="43.13361" lon="18.97501">
        <ele>1815.3</ele>
      </trkpt>
      <trkpt lat="43.13362" lon="18.97514">
        <ele>1814.5</ele>
      </trkpt>
      <trkpt lat="43.13359" lon="18.97588">
        <ele>1809.9</ele>
      </trkpt>
      <trkpt lat="43.13356" lon="18.97606">
        <ele>1810.1</ele>
      </trkpt>
      <trkpt lat="43.13343" lon="18.97652">
        <ele>1810.3</ele>
      </trkpt>
      <trkpt lat="43.13334" lon="18.97679">
        <ele>1810.5</ele>
      </trkpt>
      <trkpt lat="43.13307" lon="18.97742">
        <ele>1810.3</ele>
      </trkpt>
      <trkpt lat="43.13293" lon="18.97778">
        <ele>1809.3</ele>
      </trkpt>
      <trkpt lat="43.13279" lon="18.97827">
        <ele>1807.8</ele>
      </trkpt>
      <trkpt lat="43.13274" lon="18.97859">
        <ele>1807.0</ele>
      </trkpt>
      <trkpt lat="43.13267" lon="18.97924">
        <ele>1806.0</ele>
      </trkpt>
      <trkpt lat="43.1326" lon="18.9799">
        <ele>1807.1</ele>
      </trkpt>
      <trkpt lat="43.13257" lon="18.98013">
        <ele>1806.7</ele>
      </trkpt>
      <trkpt lat="43.13257" lon="18.98029">
        <ele>1806.7</ele>
      </trkpt>
      <trkpt lat="43.1326" lon="18.98044">
        <ele>1807.5</ele>
      </trkpt>
      <trkpt lat="43.13273" lon="18.98089">
        <ele>1811.7</ele>
      </trkpt>
      <trkpt lat="43.13279" lon="18.98103">
        <ele>1814.9</ele>
      </trkpt>
      <trkpt lat="43.1328" lon="18.98117">
        <ele>1816.7</ele>
      </trkpt>
      <trkpt lat="43.13275" lon="18.98134">
        <ele>1817.3</ele>
      </trkpt>
      <trkpt lat="43.13268" lon="18.98149">
        <ele>1817.3</ele>
      </trkpt>
      <trkpt lat="43.13261" lon="18.9816">
        <ele>1816.9</ele>
      </trkpt>
      <trkpt lat="43.1325" lon="18.9817">
        <ele>1815.9</ele>
      </trkpt>
      <trkpt lat="43.1323" lon="18.98191">
        <ele>1818.8</ele>
      </trkpt>
      <trkpt lat="43.13221" lon="18.98199">
        <ele>1819.7</ele>
      </trkpt>
      <trkpt lat="43.13212" lon="18.98204">
        <ele>1819.7</ele>
      </trkpt>
      <trkpt lat="43.13204" lon="18.98206">
        <ele>1819.1</ele>
      </trkpt>
      <trkpt lat="43.13182" lon="18.98209">
        <ele>1816.8</ele>
      </trkpt>
      <trkpt lat="43.13175" lon="18.98213">
        <ele>1816.7</ele>
      </trkpt>
      <trkpt lat="43.13118" lon="18.98265">
        <ele>1826.0</ele>
      </trkpt>
      <trkpt lat="43.13098" lon="18.98282">
        <ele>1827.7</ele>
      </trkpt>
      <trkpt lat="43.13082" lon="18.98298">
        <ele>1828.6</ele>
      </trkpt>
      <trkpt lat="43.1307" lon="18.98325">
        <ele>1830.1</ele>
      </trkpt>
      <trkpt lat="43.13061" lon="18.98351">
        <ele>1829.7</ele>
      </trkpt>
      <trkpt lat="43.13058" lon="18.98365">
        <ele>1829.3</ele>
      </trkpt>
      <trkpt lat="43.13051" lon="18.98413">
        <ele>1827.7</ele>
      </trkpt>
      <trkpt lat="43.13049" lon="18.98454">
        <ele>1828.8</ele>
      </trkpt>
      <trkpt lat="43.13046" lon="18.98467">
        <ele>1828.6</ele>
      </trkpt>
      <trkpt lat="43.13042" lon="18.98473">
        <ele>1827.8</ele>
      </trkpt>
      <trkpt lat="43.1303" lon="18.98487">
        <ele>1825.3</ele>
      </trkpt>
      <trkpt lat="43.13006" lon="18.98508">
        <ele>1821.0</ele>
      </trkpt>
      <trkpt lat="43.12989" lon="18.98525">
        <ele>1820.4</ele>
      </trkpt>
      <trkpt lat="43.12981" lon="18.98537">
        <ele>1820.9</ele>
      </trkpt>
      <trkpt lat="43.12975" lon="18.98547">
        <ele>1821.3</ele>
      </trkpt>
      <trkpt lat="43.12971" lon="18.98556">
        <ele>1821.8</ele>
      </trkpt>
      <trkpt lat="43.12964" lon="18.98593">
        <ele>1826.6</ele>
      </trkpt>
      <trkpt lat="43.12961" lon="18.98605">
        <ele>1828.8</ele>
      </trkpt>
      <trkpt lat="43.12951" lon="18.98624">
        <ele>1830.3</ele>
      </trkpt>
      <trkpt lat="43.12937" lon="18.98638">
        <ele>1828.7</ele>
      </trkpt>
      <trkpt lat="43.12933" lon="18.98641">
        <ele>1827.9</ele>
      </trkpt>
      <trkpt lat="43.12928" lon="18.98642">
        <ele>1826.3</ele>
      </trkpt>
      <trkpt lat="43.12922" lon="18.9864">
        <ele>1824.0</ele>
      </trkpt>
      <trkpt lat="43.12914" lon="18.98634">
        <ele>1820.8</ele>
      </trkpt>
      <trkpt lat="43.12907" lon="18.98631">
        <ele>1819.0</ele>
      </trkpt>
      <trkpt lat="43.12903" lon="18.98632">
        <ele>1818.4</ele>
      </trkpt>
      <trkpt lat="43.12896" lon="18.98636">
        <ele>1817.8</ele>
      </trkpt>
      <trkpt lat="43.12888" lon="18.98645">
        <ele>1817.7</ele>
      </trkpt>
      <trkpt lat="43.12863" lon="18.98675">
        <ele>1818.2</ele>
      </trkpt>
      <trkpt lat="43.12847" lon="18.9869">
        <ele>1817.7</ele>
      </trkpt>
      <trkpt lat="43.12797" lon="18.98732">
        <ele>1817.8</ele>
      </trkpt>
      <trkpt lat="43.12747" lon="18.98764">
        <ele>1814.2</ele>
      </trkpt>
      <trkpt lat="43.1274" lon="18.98767">
        <ele>1814.2</ele>
      </trkpt>
      <trkpt lat="43.12733" lon="18.98766">
        <ele>1814.2</ele>
      </trkpt>
      <trkpt lat="43.12726" lon="18.98762">
        <ele>1814.2</ele>
      </trkpt>
      <trkpt lat="43.12709" lon="18.98747">
        <ele>1814.6</ele>
      </trkpt>
      <trkpt lat="43.12704" lon="18.98745">
        <ele>1814.7</ele>
      </trkpt>
      <trkpt lat="43.12686" lon="18.98746">
        <ele>1815.0</ele>
      </trkpt>
      <trkpt lat="43.12679" lon="18.98745">
        <ele>1815.2</ele>
      </trkpt>
      <trkpt lat="43.12674" lon="18.9874">
        <ele>1815.7</ele>
      </trkpt>
      <trkpt lat="43.12668" lon="18.98731">
        <ele>1816.8</ele>
      </trkpt>
      <trkpt lat="43.12662" lon="18.98718">
        <ele>1818.2</ele>
      </trkpt>
      <trkpt lat="43.12655" lon="18.98713">
        <ele>1818.9</ele>
      </trkpt>
      <trkpt lat="43.12648" lon="18.98711">
        <ele>1819.3</ele>
      </trkpt>
      <trkpt lat="43.12625" lon="18.9871">
        <ele>1820.1</ele>
      </trkpt>
      <trkpt lat="43.12609" lon="18.98706">
        <ele>1821.0</ele>
      </trkpt>
      <trkpt lat="43.12601" lon="18.98703">
        <ele>1821.5</ele>
      </trkpt>
      <trkpt lat="43.12592" lon="18.98699">
        <ele>1822.2</ele>
      </trkpt>
      <trkpt lat="43.12575" lon="18.98687">
        <ele>1823.8</ele>
      </trkpt>
      <trkpt lat="43.12565" lon="18.98682">
        <ele>1824.4</ele>
      </trkpt>
      <trkpt lat="43.12549" lon="18.98678">
        <ele>1824.9</ele>
      </trkpt>
      <trkpt lat="43.12525" lon="18.98668">
        <ele>1826.5</ele>
      </trkpt>
      <trkpt lat="43.12487" lon="18.9865">
        <ele>1826.1</ele>
      </trkpt>
      <trkpt lat="43.12461" lon="18.98639">
        <ele>1824.9</ele>
      </trkpt>
      <trkpt lat="43.1245" lon="18.98635">
        <ele>1824.5</ele>
      </trkpt>
      <trkpt lat="43.1244" lon="18.98632">
        <ele>1824.2</ele>
      </trkpt>
      <trkpt lat="43.1243" lon="18.98634">
        <ele>1823.8</ele>
      </trkpt>
      <trkpt lat="43.12392" lon="18.98655">
        <ele>1823.1</ele>
      </trkpt>
      <trkpt lat="43.12372" lon="18.98665">
        <ele>1822.5</ele>
      </trkpt>
      <trkpt lat="43.12335" lon="18.98676">
        <ele>1821.1</ele>
      </trkpt>
      <trkpt lat="43.12314" lon="18.98683">
        <ele>1825.1</ele>
      </trkpt>
      <trkpt lat="43.12283" lon="18.98705">
        <ele>1829.9</ele>
      </trkpt>
      <trkpt lat="43.12269" lon="18.98717">
        <ele>1831.5</ele>
      </trkpt>
      <trkpt lat="43.12257" lon="18.98731">
        <ele>1832.2</ele>
      </trkpt>
      <trkpt lat="43.1225" lon="18.98742">
        <ele>1832.1</ele>
      </trkpt>
      <trkpt lat="43.12244" lon="18.9876">
        <ele>1830.6</ele>
      </trkpt>
      <trkpt lat="43.12244" lon="18.98776">
        <ele>1828.7</ele>
      </trkpt>
      <trkpt lat="43.12246" lon="18.98788">
        <ele>1827.0</ele>
      </trkpt>
      <trkpt lat="43.12245" lon="18.988">
        <ele>1825.8</ele>
      </trkpt>
      <trkpt lat="43.12244" lon="18.98808">
        <ele>1825.0</ele>
      </trkpt>
      <trkpt lat="43.1224" lon="18.9882">
        <ele>1824.3</ele>
      </trkpt>
      <trkpt lat="43.12233" lon="18.98827">
        <ele>1824.7</ele>
      </trkpt>
      <trkpt lat="43.12226" lon="18.98833">
        <ele>1825.4</ele>
      </trkpt>
      <trkpt lat="43.12204" lon="18.98847">
        <ele>1829.0</ele>
      </trkpt>
      <trkpt lat="43.12198" lon="18.98849">
        <ele>1830.0</ele>
      </trkpt>
      <trkpt lat="43.1219" lon="18.98851">
        <ele>1831.5</ele>
      </trkpt>
      <trkpt lat="43.12176" lon="18.98849">
        <ele>1834.1</ele>
      </trkpt>
      <trkpt lat="43.12151" lon="18.98844">
        <ele>1838.5</ele>
      </trkpt>
      <trkpt lat="43.12127" lon="18.98838">
        <ele>1842.6</ele>
      </trkpt>
      <trkpt lat="43.12115" lon="18.9883">
        <ele>1844.8</ele>
      </trkpt>
      <trkpt lat="43.12107" lon="18.98818">
        <ele>1846.4</ele>
      </trkpt>
      <trkpt lat="43.12098" lon="18.98803">
        <ele>1848.2</ele>
      </trkpt>
      <trkpt lat="43.12095" lon="18.98793">
        <ele>1848.8</ele>
      </trkpt>
      <trkpt lat="43.12095" lon="18.98777">
        <ele>1849.1</ele>
      </trkpt>
      <trkpt lat="43.12098" lon="18.9877">
        <ele>1848.8</ele>
      </trkpt>
      <trkpt lat="43.12139" lon="18.98706">
        <ele>1851.4</ele>
      </trkpt>
      <trkpt lat="43.12151" lon="18.98689">
        <ele>1853.2</ele>
      </trkpt>
      <trkpt lat="43.12159" lon="18.98686">
        <ele>1853.1</ele>
      </trkpt>
      <trkpt lat="43.12165" lon="18.98685">
        <ele>1852.8</ele>
      </trkpt>
      <trkpt lat="43.12182" lon="18.9869">
        <ele>1849.6</ele>
      </trkpt>
      <trkpt lat="43.1219" lon="18.98689">
        <ele>1848.6</ele>
      </trkpt>
      <trkpt lat="43.1222" lon="18.98671">
        <ele>1847.0</ele>
      </trkpt>
      <trkpt lat="43.12237" lon="18.9866">
        <ele>1845.6</ele>
      </trkpt>
      <trkpt lat="43.1224" lon="18.98654">
        <ele>1845.6</ele>
      </trkpt>
      <trkpt lat="43.12241" lon="18.98648">
        <ele>1845.8</ele>
      </trkpt>
      <trkpt lat="43.1224" lon="18.98641">
        <ele>1846.6</ele>
      </trkpt>
      <trkpt lat="43.12237" lon="18.98637">
        <ele>1847.5</ele>
      </trkpt>
      <trkpt lat="43.12234" lon="18.98634">
        <ele>1848.4</ele>
      </trkpt>
      <trkpt lat="43.12229" lon="18.98634">
        <ele>1849.5</ele>
      </trkpt>
      <trkpt lat="43.12224" lon="18.98638">
        <ele>1850.2</ele>
      </trkpt>
      <trkpt lat="43.12204" lon="18.98659">
        <ele>1851.3</ele>
      </trkpt>
      <trkpt lat="43.12194" lon="18.98667">
        <ele>1851.7</ele>
      </trkpt>
      <trkpt lat="43.12187" lon="18.98668">
        <ele>1852.6</ele>
      </trkpt>
      <trkpt lat="43.12181" lon="18.98668">
        <ele>1853.5</ele>
      </trkpt>
      <trkpt lat="43.12173" lon="18.98666">
        <ele>1855.1</ele>
      </trkpt>
      <trkpt lat="43.12164" lon="18.98663">
        <ele>1856.9</ele>
      </trkpt>
      <trkpt lat="43.1216" lon="18.98663">
        <ele>1857.2</ele>
      </trkpt>
      <trkpt lat="43.12152" lon="18.98664">
        <ele>1857.4</ele>
      </trkpt>
      <trkpt lat="43.12139" lon="18.98667">
        <ele>1857.6</ele>
      </trkpt>
      <trkpt lat="43.12129" lon="18.98666">
        <ele>1858.4</ele>
      </trkpt>
      <trkpt lat="43.12119" lon="18.98662">
        <ele>1859.7</ele>
      </trkpt>
      <trkpt lat="43.12107" lon="18.98654">
        <ele>1861.8</ele>
      </trkpt>
      <trkpt lat="43.12095" lon="18.98647">
        <ele>1863.5</ele>
      </trkpt>
      <trkpt lat="43.12085" lon="18.98637">
        <ele>1865.6</ele>
      </trkpt>
      <trkpt lat="43.12079" lon="18.98628">
        <ele>1867.4</ele>
      </trkpt>
      <trkpt lat="43.12074" lon="18.98622">
        <ele>1868.9</ele>
      </trkpt>
      <trkpt lat="43.12069" lon="18.98619">
        <ele>1869.8</ele>
      </trkpt>
      <trkpt lat="43.12061" lon="18.98617">
        <ele>1870.8</ele>
      </trkpt>
      <trkpt lat="43.12056" lon="18.98619">
        <ele>1871.0</ele>
      </trkpt>
      <trkpt lat="43.12038" lon="18.98637">
        <ele>1870.1</ele>
      </trkpt>
      <trkpt lat="43.12029" lon="18.98642">
        <ele>1870.3</ele>
      </trkpt>
      <trkpt lat="43.12013" lon="18.98647">
        <ele>1871.3</ele>
      </trkpt>
      <trkpt lat="43.11997" lon="18.98658">
        <ele>1871.7</ele>
      </trkpt>
      <trkpt lat="43.1198" lon="18.98671">
        <ele>1873.4</ele>
      </trkpt>
      <trkpt lat="43.11974" lon="18.98683">
        <ele>1873.8</ele>
      </trkpt>
      <trkpt lat="43.1196" lon="18.98716">
        <ele>1874.5</ele>
      </trkpt>
      <trkpt lat="43.11949" lon="18.98736">
        <ele>1875.3</ele>
      </trkpt>
      <trkpt lat="43.11946" lon="18.98742">
        <ele>1875.5</ele>
      </trkpt>
      <trkpt lat="43.11938" lon="18.98751">
        <ele>1876.4</ele>
      </trkpt>
      <trkpt lat="43.11934" lon="18.98758">
        <ele>1876.9</ele>
      </trkpt>
      <trkpt lat="43.11926" lon="18.9878">
        <ele>1877.3</ele>
      </trkpt>
      <trkpt lat="43.11922" lon="18.98802">
        <ele>1876.9</ele>
      </trkpt>
      <trkpt lat="43.1192" lon="18.98822">
        <ele>1876.3</ele>
      </trkpt>
      <trkpt lat="43.11918" lon="18.98853">
        <ele>1876.4</ele>
      </trkpt>
      <trkpt lat="43.11916" lon="18.98873">
        <ele>1877.0</ele>
      </trkpt>
      <trkpt lat="43.11913" lon="18.98885">
        <ele>1877.5</ele>
      </trkpt>
      <trkpt lat="43.11909" lon="18.98896">
        <ele>1878.1</ele>
      </trkpt>
      <trkpt lat="43.11896" lon="18.98909">
        <ele>1879.1</ele>
      </trkpt>
      <trkpt lat="43.11886" lon="18.98917">
        <ele>1879.9</ele>
      </trkpt>
      <trkpt lat="43.11863" lon="18.98928">
        <ele>1881.8</ele>
      </trkpt>
      <trkpt lat="43.11849" lon="18.98936">
        <ele>1882.7</ele>
      </trkpt>
      <trkpt lat="43.11823" lon="18.98958">
        <ele>1883.0</ele>
      </trkpt>
      <trkpt lat="43.11808" lon="18.98975">
        <ele>1882.1</ele>
      </trkpt>
      <trkpt lat="43.11798" lon="18.98989">
        <ele>1881.2</ele>
      </trkpt>
      <trkpt lat="43.11783" lon="18.99014">
        <ele>1879.3</ele>
      </trkpt>
      <trkpt lat="43.11763" lon="18.99054">
        <ele>1875.0</ele>
      </trkpt>
      <trkpt lat="43.11758" lon="18.99066">
        <ele>1873.5</ele>
      </trkpt>
      <trkpt lat="43.11757" lon="18.99074">
        <ele>1872.9</ele>
      </trkpt>
      <trkpt lat="43.11758" lon="18.99079">
        <ele>1872.7</ele>
      </trkpt>
      <trkpt lat="43.1176" lon="18.99087">
        <ele>1872.5</ele>
      </trkpt>
      <trkpt lat="43.1178" lon="18.99136">
        <ele>1872.5</ele>
      </trkpt>
      <trkpt lat="43.11782" lon="18.99146">
        <ele>1872.2</ele>
      </trkpt>
      <trkpt lat="43.11781" lon="18.99171">
        <ele>1870.3</ele>
      </trkpt>
      <trkpt lat="43.11778" lon="18.99187">
        <ele>1869.2</ele>
      </trkpt>
      <trkpt lat="43.11775" lon="18.9921">
        <ele>1868.1</ele>
      </trkpt>
      <trkpt lat="43.11771" lon="18.99229">
        <ele>1866.9</ele>
      </trkpt>
      <trkpt lat="43.11766" lon="18.99245">
        <ele>1865.8</ele>
      </trkpt>
      <trkpt lat="43.1176" lon="18.99254">
        <ele>1865.5</ele>
      </trkpt>
      <trkpt lat="43.11752" lon="18.99257">
        <ele>1864.9</ele>
      </trkpt>
      <trkpt lat="43.11746" lon="18.99256">
        <ele>1864.1</ele>
      </trkpt>
      <trkpt lat="43.11722" lon="18.99244">
        <ele>1860.9</ele>
      </trkpt>
      <trkpt lat="43.1171" lon="18.9924">
        <ele>1859.9</ele>
      </trkpt>
      <trkpt lat="43.11698" lon="18.99239">
        <ele>1858.9</ele>
      </trkpt>
      <trkpt lat="43.11685" lon="18.99239">
        <ele>1857.9</ele>
      </trkpt>
      <trkpt lat="43.11678" lon="18.9924">
        <ele>1857.4</ele>
      </trkpt>
      <trkpt lat="43.11671" lon="18.99248">
        <ele>1857.2</ele>
      </trkpt>
      <trkpt lat="43.11662" lon="18.99261">
        <ele>1859.2</ele>
      </trkpt>
      <trkpt lat="43.11655" lon="18.99266">
        <ele>1859.8</ele>
      </trkpt>
      <trkpt lat="43.11647" lon="18.99269">
        <ele>1859.8</ele>
      </trkpt>
      <trkpt lat="43.11625" lon="18.9927">
        <ele>1858.1</ele>
      </trkpt>
      <trkpt lat="43.11586" lon="18.99275">
        <ele>1856.3</ele>
      </trkpt>
      <trkpt lat="43.11541" lon="18.99274">
        <ele>1853.7</ele>
      </trkpt>
      <trkpt lat="43.11535" lon="18.99272">
        <ele>1852.8</ele>
      </trkpt>
      <trkpt lat="43.11522" lon="18.99264">
        <ele>1849.8</ele>
      </trkpt>
      <trkpt lat="43.11509" lon="18.99257">
        <ele>1847.3</ele>
      </trkpt>
      <trkpt lat="43.1149" lon="18.99254">
        <ele>1845.4</ele>
      </trkpt>
      <trkpt lat="43.11479" lon="18.99257">
        <ele>1845.5</ele>
      </trkpt>
      <trkpt lat="43.11456" lon="18.99269">
        <ele>1847.4</ele>
      </trkpt>
      <trkpt lat="43.11444" lon="18.99273">
        <ele>1847.9</ele>
      </trkpt>
      <trkpt lat="43.11422" lon="18.99277">
        <ele>1847.8</ele>
      </trkpt>
      <trkpt lat="43.11394" lon="18.99284">
        <ele>1847.3</ele>
      </trkpt>
      <trkpt lat="43.11383" lon="18.99284">
        <ele>1846.2</ele>
      </trkpt>
      <trkpt lat="43.11372" lon="18.99282">
        <ele>1844.5</ele>
      </trkpt>
      <trkpt lat="43.11357" lon="18.99276">
        <ele>1841.5</ele>
      </trkpt>
      <trkpt lat="43.11342" lon="18.99267">
        <ele>1837.8</ele>
      </trkpt>
      <trkpt lat="43.11327" lon="18.99254">
        <ele>1833.4</ele>
      </trkpt>
      <trkpt lat="43.11319" lon="18.9925">
        <ele>1831.8</ele>
      </trkpt>
      <trkpt lat="43.11304" lon="18.99249">
        <ele>1830.4</ele>
      </trkpt>
      <trkpt lat="43.11228" lon="18.99282">
        <ele>1832.4</ele>
      </trkpt>
      <trkpt lat="43.11216" lon="18.99286">
        <ele>1832.2</ele>
      </trkpt>
      <trkpt lat="43.11203" lon="18.99289">
        <ele>1831.6</ele>
      </trkpt>
      <trkpt lat="43.11117" lon="18.99274">
        <ele>1820.8</ele>
      </trkpt>
      <trkpt lat="43.11099" lon="18.99275">
        <ele>1819.3</ele>
      </trkpt>
      <trkpt lat="43.11088" lon="18.99277">
        <ele>1818.4</ele>
      </trkpt>
      <trkpt lat="43.11076" lon="18.99282">
        <ele>1818.2</ele>
      </trkpt>
      <trkpt lat="43.11068" lon="18.99289">
        <ele>1818.6</ele>
      </trkpt>
      <trkpt lat="43.11059" lon="18.99304">
        <ele>1819.6</ele>
      </trkpt>
      <trkpt lat="43.11043" lon="18.99332">
        <ele>1821.4</ele>
      </trkpt>
      <trkpt lat="43.11025" lon="18.99366">
        <ele>1820.8</ele>
      </trkpt>
      <trkpt lat="43.11009" lon="18.99403">
        <ele>1820.7</ele>
      </trkpt>
      <trkpt lat="43.11008" lon="18.99414">
        <ele>1820.7</ele>
      </trkpt>
      <trkpt lat="43.11009" lon="18.99426">
        <ele>1821.3</ele>
      </trkpt>
      <trkpt lat="43.11015" lon="18.99447">
        <ele>1822.4</ele>
      </trkpt>
      <trkpt lat="43.11017" lon="18.99462">
        <ele>1823.3</ele>
      </trkpt>
      <trkpt lat="43.11018" lon="18.99488">
        <ele>1825.0</ele>
      </trkpt>
      <trkpt lat="43.11015" lon="18.99509">
        <ele>1825.9</ele>
      </trkpt>
      <trkpt lat="43.11006" lon="18.99545">
        <ele>1826.1</ele>
      </trkpt>
      <trkpt lat="43.10996" lon="18.99572">
        <ele>1826.7</ele>
      </trkpt>
      <trkpt lat="43.10985" lon="18.99592">
        <ele>1827.7</ele>
      </trkpt>
      <trkpt lat="43.10974" lon="18.99605">
        <ele>1828.3</ele>
      </trkpt>
      <trkpt lat="43.10955" lon="18.9962">
        <ele>1830.0</ele>
      </trkpt>
      <trkpt lat="43.10947" lon="18.99629">
        <ele>1830.5</ele>
      </trkpt>
      <trkpt lat="43.10939" lon="18.99643">
        <ele>1830.5</ele>
      </trkpt>
      <trkpt lat="43.10933" lon="18.99662">
        <ele>1829.7</ele>
      </trkpt>
      <trkpt lat="43.10927" lon="18.99685">
        <ele>1829.2</ele>
      </trkpt>
      <trkpt lat="43.1091" lon="18.9979">
        <ele>1824.9</ele>
      </trkpt>
      <trkpt lat="43.10904" lon="18.99809">
        <ele>1824.6</ele>
      </trkpt>
      <trkpt lat="43.10898" lon="18.99824">
        <ele>1824.4</ele>
      </trkpt>
      <trkpt lat="43.10884" lon="18.99843">
        <ele>1825.5</ele>
      </trkpt>
      <trkpt lat="43.10853" lon="18.99875">
        <ele>1828.4</ele>
      </trkpt>
      <trkpt lat="43.10847" lon="18.99885">
        <ele>1828.2</ele>
      </trkpt>
      <trkpt lat="43.10834" lon="18.99915">
        <ele>1826.1</ele>
      </trkpt>
      <trkpt lat="43.10828" lon="18.99938">
        <ele>1825.5</ele>
      </trkpt>
      <trkpt lat="43.10826" lon="18.9996">
        <ele>1823.8</ele>
      </trkpt>
      <trkpt lat="43.10826" lon="18.99983">
        <ele>1821.5</ele>
      </trkpt>
      <trkpt lat="43.10822" lon="19.00005">
        <ele>1820.8</ele>
      </trkpt>
      <trkpt lat="43.10816" lon="19.00016">
        <ele>1822.1</ele>
      </trkpt>
      <trkpt lat="43.108" lon="19.00035">
        <ele>1825.2</ele>
      </trkpt>
      <trkpt lat="43.10796" lon="19.00043">
        <ele>1825.7</ele>
      </trkpt>
      <trkpt lat="43.10793" lon="19.00054">
        <ele>1825.8</ele>
      </trkpt>
      <trkpt lat="43.10791" lon="19.00074">
        <ele>1825.4</ele>
      </trkpt>
      <trkpt lat="43.1079" lon="19.00083">
        <ele>1825.2</ele>
      </trkpt>
      <trkpt lat="43.10787" lon="19.00091">
        <ele>1824.9</ele>
      </trkpt>
      <trkpt lat="43.10769" lon="19.00129">
        <ele>1822.6</ele>
      </trkpt>
      <trkpt lat="43.10761" lon="19.0014">
        <ele>1821.6</ele>
      </trkpt>
      <trkpt lat="43.10745" lon="19.00149">
        <ele>1820.8</ele>
      </trkpt>
      <trkpt lat="43.10739" lon="19.00154">
        <ele>1820.5</ele>
      </trkpt>
      <trkpt lat="43.10732" lon="19.00163">
        <ele>1819.6</ele>
      </trkpt>
      <trkpt lat="43.10684" lon="19.00247">
        <ele>1809.6</ele>
      </trkpt>
      <trkpt lat="43.10681" lon="19.00251">
        <ele>1809.2</ele>
      </trkpt>
      <trkpt lat="43.10677" lon="19.00253">
        <ele>1809.0</ele>
      </trkpt>
      <trkpt lat="43.10654" lon="19.00259">
        <ele>1807.2</ele>
      </trkpt>
      <trkpt lat="43.10646" lon="19.00263">
        <ele>1805.9</ele>
      </trkpt>
      <trkpt lat="43.10641" lon="19.00267">
        <ele>1804.9</ele>
      </trkpt>
      <trkpt lat="43.10636" lon="19.00274">
        <ele>1803.6</ele>
      </trkpt>
      <trkpt lat="43.1063" lon="19.0029">
        <ele>1801.5</ele>
      </trkpt>
      <trkpt lat="43.10624" lon="19.003">
        <ele>1800.2</ele>
      </trkpt>
      <trkpt lat="43.10603" lon="19.0033">
        <ele>1797.2</ele>
      </trkpt>
      <trkpt lat="43.10599" lon="19.0034">
        <ele>1796.3</ele>
      </trkpt>
      <trkpt lat="43.10595" lon="19.0036">
        <ele>1794.2</ele>
      </trkpt>
      <trkpt lat="43.10593" lon="19.004">
        <ele>1790.0</ele>
      </trkpt>
      <trkpt lat="43.10594" lon="19.00406">
        <ele>1789.4</ele>
      </trkpt>
      <trkpt lat="43.10596" lon="19.00411">
        <ele>1788.7</ele>
      </trkpt>
      <trkpt lat="43.10599" lon="19.00414">
        <ele>1788.2</ele>
      </trkpt>
      <trkpt lat="43.10604" lon="19.00415">
        <ele>1787.7</ele>
      </trkpt>
      <trkpt lat="43.10609" lon="19.00414">
        <ele>1787.5</ele>
      </trkpt>
      <trkpt lat="43.10613" lon="19.0041">
        <ele>1787.7</ele>
      </trkpt>
      <trkpt lat="43.10629" lon="19.00388">
        <ele>1789.6</ele>
      </trkpt>
      <trkpt lat="43.10635" lon="19.00384">
        <ele>1789.9</ele>
      </trkpt>
      <trkpt lat="43.10653" lon="19.00382">
        <ele>1789.4</ele>
      </trkpt>
      <trkpt lat="43.1066" lon="19.00377">
        <ele>1789.9</ele>
      </trkpt>
      <trkpt lat="43.10685" lon="19.00349">
        <ele>1794.0</ele>
      </trkpt>
      <trkpt lat="43.10692" lon="19.00342">
        <ele>1795.0</ele>
      </trkpt>
      <trkpt lat="43.10697" lon="19.00341">
        <ele>1795.0</ele>
      </trkpt>
      <trkpt lat="43.10705" lon="19.00341">
        <ele>1794.8</ele>
      </trkpt>
      <trkpt lat="43.10728" lon="19.00347">
        <ele>1793.3</ele>
      </trkpt>
      <trkpt lat="43.10736" lon="19.00351">
        <ele>1792.5</ele>
      </trkpt>
      <trkpt lat="43.10741" lon="19.00355">
        <ele>1791.8</ele>
      </trkpt>
      <trkpt lat="43.10745" lon="19.00362">
        <ele>1790.6</ele>
      </trkpt>
      <trkpt lat="43.10755" lon="19.00391">
        <ele>1787.0</ele>
      </trkpt>
      <trkpt lat="43.10763" lon="19.00447">
        <ele>1781.7</ele>
      </trkpt>
      <trkpt lat="43.10763" lon="19.00459">
        <ele>1780.4</ele>
      </trkpt>
      <trkpt lat="43.1076" lon="19.0049">
        <ele>1776.7</ele>
      </trkpt>
      <trkpt lat="43.10759" lon="19.00515">
        <ele>1774.5</ele>
      </trkpt>
      <trkpt lat="43.1076" lon="19.00527">
        <ele>1773.9</ele>
      </trkpt>
      <trkpt lat="43.10763" lon="19.00544">
        <ele>1773.1</ele>
      </trkpt>
      <trkpt lat="43.10776" lon="19.00575">
        <ele>1772.5</ele>
      </trkpt>
      <trkpt lat="43.10781" lon="19.00583">
        <ele>1772.4</ele>
      </trkpt>
      <trkpt lat="43.10793" lon="19.00593">
        <ele>1772.8</ele>
      </trkpt>
      <trkpt lat="43.10797" lon="19.00598">
        <ele>1772.8</ele>
      </trkpt>
      <trkpt lat="43.10801" lon="19.00607">
        <ele>1772.5</ele>
      </trkpt>
      <trkpt lat="43.10807" lon="19.0063">
        <ele>1771.5</ele>
      </trkpt>
      <trkpt lat="43.10811" lon="19.00669">
        <ele>1769.3</ele>
      </trkpt>
      <trkpt lat="43.10812" lon="19.00684">
        <ele>1769.7</ele>
      </trkpt>
      <trkpt lat="43.1081" lon="19.00697">
        <ele>1769.5</ele>
      </trkpt>
      <trkpt lat="43.10804" lon="19.00716">
        <ele>1768.4</ele>
      </trkpt>
      <trkpt lat="43.10801" lon="19.00729">
        <ele>1767.7</ele>
      </trkpt>
      <trkpt lat="43.108" lon="19.00742">
        <ele>1767.4</ele>
      </trkpt>
      <trkpt lat="43.10805" lon="19.00783">
        <ele>1772.1</ele>
      </trkpt>
      <trkpt lat="43.10803" lon="19.00793">
        <ele>1772.3</ele>
      </trkpt>
      <trkpt lat="43.108" lon="19.00801">
        <ele>1771.7</ele>
      </trkpt>
      <trkpt lat="43.10795" lon="19.00812">
        <ele>1770.3</ele>
      </trkpt>
      <trkpt lat="43.1079" lon="19.00826">
        <ele>1768.7</ele>
      </trkpt>
      <trkpt lat="43.10781" lon="19.00858">
        <ele>1765.3</ele>
      </trkpt>
      <trkpt lat="43.10765" lon="19.00907">
        <ele>1758.2</ele>
      </trkpt>
      <trkpt lat="43.10733" lon="19.00997">
        <ele>1753.1</ele>
      </trkpt>
      <trkpt lat="43.107" lon="19.01086">
        <ele>1743.0</ele>
      </trkpt>
      <trkpt lat="43.10656" lon="19.01178">
        <ele>1734.8</ele>
      </trkpt>
      <trkpt lat="43.10653" lon="19.01187">
        <ele>1734.3</ele>
      </trkpt>
      <trkpt lat="43.10649" lon="19.01199">
        <ele>1733.6</ele>
      </trkpt>
      <trkpt lat="43.10646" lon="19.01222">
        <ele>1733.5</ele>
      </trkpt>
      <trkpt lat="43.10643" lon="19.01231">
        <ele>1732.8</ele>
      </trkpt>
      <trkpt lat="43.10632" lon="19.01245">
        <ele>1729.7</ele>
      </trkpt>
      <trkpt lat="43.10624" lon="19.01258">
        <ele>1728.4</ele>
      </trkpt>
      <trkpt lat="43.10588" lon="19.01346">
        <ele>1727.1</ele>
      </trkpt>
      <trkpt lat="43.10557" lon="19.01412">
        <ele>1725.0</ele>
      </trkpt>
      <trkpt lat="43.10544" lon="19.01437">
        <ele>1723.6</ele>
      </trkpt>
      <trkpt lat="43.10533" lon="19.01453">
        <ele>1721.8</ele>
      </trkpt>
      <trkpt lat="43.10514" lon="19.01477">
        <ele>1718.4</ele>
      </trkpt>
      <trkpt lat="43.10485" lon="19.01513">
        <ele>1713.8</ele>
      </trkpt>
      <trkpt lat="43.10475" lon="19.01528">
        <ele>1712.7</ele>
      </trkpt>
      <trkpt lat="43.10461" lon="19.01558">
        <ele>1711.3</ele>
      </trkpt>
      <trkpt lat="43.10434" lon="19.01628">
        <ele>1708.0</ele>
      </trkpt>
      <trkpt lat="43.10415" lon="19.01693">
        <ele>1704.9</ele>
      </trkpt>
      <trkpt lat="43.10408" lon="19.01725">
        <ele>1703.2</ele>
      </trkpt>
      <trkpt lat="43.10402" lon="19.01768">
        <ele>1701.7</ele>
      </trkpt>
      <trkpt lat="43.104" lon="19.01852">
        <ele>1700.5</ele>
      </trkpt>
      <trkpt lat="43.10402" lon="19.01873">
        <ele>1699.8</ele>
      </trkpt>
      <trkpt lat="43.10407" lon="19.01887">
        <ele>1700.4</ele>
      </trkpt>
      <trkpt lat="43.10413" lon="19.01897">
        <ele>1701.4</ele>
      </trkpt>
      <trkpt lat="43.10422" lon="19.01909">
        <ele>1703.5</ele>
      </trkpt>
      <trkpt lat="43.10427" lon="19.01918">
        <ele>1704.7</ele>
      </trkpt>
      <trkpt lat="43.10429" lon="19.01929">
        <ele>1704.3</ele>
      </trkpt>
      <trkpt lat="43.10429" lon="19.01941">
        <ele>1703.1</ele>
      </trkpt>
      <trkpt lat="43.10424" lon="19.01969">
        <ele>1698.5</ele>
      </trkpt>
      <trkpt lat="43.10425" lon="19.01979">
        <ele>1697.8</ele>
      </trkpt>
      <trkpt lat="43.10429" lon="19.01992">
        <ele>1697.8</ele>
      </trkpt>
      <trkpt lat="43.10437" lon="19.02001">
        <ele>1699.5</ele>
      </trkpt>
      <trkpt lat="43.10448" lon="19.02007">
        <ele>1702.5</ele>
      </trkpt>
      <trkpt lat="43.10461" lon="19.0201">
        <ele>1706.6</ele>
      </trkpt>
      <trkpt lat="43.10466" lon="19.02014">
        <ele>1708.0</ele>
      </trkpt>
      <trkpt lat="43.1047" lon="19.02021">
        <ele>1709.0</ele>
      </trkpt>
      <trkpt lat="43.10472" lon="19.02027">
        <ele>1709.3</ele>
      </trkpt>
      <trkpt lat="43.10474" lon="19.02049">
        <ele>1708.8</ele>
      </trkpt>
      <trkpt lat="43.10484" lon="19.0211">
        <ele>1709.0</ele>
      </trkpt>
      <trkpt lat="43.10485" lon="19.02124">
        <ele>1708.3</ele>
      </trkpt>
      <trkpt lat="43.10485" lon="19.02143">
        <ele>1706.8</ele>
      </trkpt>
      <trkpt lat="43.10484" lon="19.02157">
        <ele>1705.2</ele>
      </trkpt>
      <trkpt lat="43.10484" lon="19.02165">
        <ele>1704.6</ele>
      </trkpt>
      <trkpt lat="43.10487" lon="19.02171">
        <ele>1705.0</ele>
      </trkpt>
      <trkpt lat="43.10493" lon="19.02182">
        <ele>1705.4</ele>
      </trkpt>
      <trkpt lat="43.10498" lon="19.02191">
        <ele>1705.6</ele>
      </trkpt>
      <trkpt lat="43.10507" lon="19.02219">
        <ele>1704.1</ele>
      </trkpt>
      <trkpt lat="43.10515" lon="19.02227">
        <ele>1706.0</ele>
      </trkpt>
      <trkpt lat="43.10523" lon="19.02233">
        <ele>1708.3</ele>
      </trkpt>
      <trkpt lat="43.10536" lon="19.02241">
        <ele>1712.1</ele>
      </trkpt>
      <trkpt lat="43.10541" lon="19.02246">
        <ele>1713.1</ele>
      </trkpt>
      <trkpt lat="43.10546" lon="19.02255">
        <ele>1713.2</ele>
      </trkpt>
      <trkpt lat="43.10556" lon="19.02264">
        <ele>1715.3</ele>
      </trkpt>
      <trkpt lat="43.10566" lon="19.02271">
        <ele>1717.6</ele>
      </trkpt>
      <trkpt lat="43.10597" lon="19.02285">
        <ele>1725.2</ele>
      </trkpt>
      <trkpt lat="43.10614" lon="19.02301">
        <ele>1726.0</ele>
      </trkpt>
      <trkpt lat="43.10632" lon="19.02322">
        <ele>1725.0</ele>
      </trkpt>
      <trkpt lat="43.10648" lon="19.02356">
        <ele>1724.6</ele>
      </trkpt>
      <trkpt lat="43.10665" lon="19.02405">
        <ele>1726.3</ele>
      </trkpt>
      <trkpt lat="43.10681" lon="19.02439">
        <ele>1729.9</ele>
      </trkpt>
      <trkpt lat="43.10682" lon="19.02445">
        <ele>1730.3</ele>
      </trkpt>
      <trkpt lat="43.10681" lon="19.02454">
        <ele>1730.4</ele>
      </trkpt>
      <trkpt lat="43.10679" lon="19.02459">
        <ele>1730.1</ele>
      </trkpt>
      <trkpt lat="43.10668" lon="19.02468">
        <ele>1728.1</ele>
      </trkpt>
      <trkpt lat="43.10631" lon="19.02504">
        <ele>1722.8</ele>
      </trkpt>
      <trkpt lat="43.10604" lon="19.02534">
        <ele>1720.2</ele>
      </trkpt>
      <trkpt lat="43.10593" lon="19.02557">
        <ele>1718.9</ele>
      </trkpt>
      <trkpt lat="43.10586" lon="19.02581">
        <ele>1717.9</ele>
      </trkpt>
      <trkpt lat="43.10572" lon="19.02648">
        <ele>1722.0</ele>
      </trkpt>
      <trkpt lat="43.10569" lon="19.0268">
        <ele>1725.5</ele>
      </trkpt>
      <trkpt lat="43.10568" lon="19.02715">
        <ele>1730.8</ele>
      </trkpt>
      <trkpt lat="43.10566" lon="19.02747">
        <ele>1734.8</ele>
      </trkpt>
      <trkpt lat="43.10552" lon="19.02854">
        <ele>1737.1</ele>
      </trkpt>
      <trkpt lat="43.10549" lon="19.02911">
        <ele>1742.3</ele>
      </trkpt>
      <trkpt lat="43.1054" lon="19.02991">
        <ele>1745.1</ele>
      </trkpt>
      <trkpt lat="43.10537" lon="19.03028">
        <ele>1748.7</ele>
      </trkpt>
      <trkpt lat="43.10531" lon="19.03056">
        <ele>1749.5</ele>
      </trkpt>
      <trkpt lat="43.10521" lon="19.031">
        <ele>1753.4</ele>
      </trkpt>
      <trkpt lat="43.10509" lon="19.03132">
        <ele>1756.4</ele>
      </trkpt>
      <trkpt lat="43.10488" lon="19.03166">
        <ele>1757.5</ele>
      </trkpt>
      <trkpt lat="43.10461" lon="19.03206">
        <ele>1760.9</ele>
      </trkpt>
      <trkpt lat="43.1044" lon="19.03244">
        <ele>1762.6</ele>
      </trkpt>
      <trkpt lat="43.10433" lon="19.03255">
        <ele>1761.2</ele>
      </trkpt>
      <trkpt lat="43.10421" lon="19.0327">
        <ele>1756.3</ele>
      </trkpt>
      <trkpt lat="43.10417" lon="19.03279">
        <ele>1755.0</ele>
      </trkpt>
      <trkpt lat="43.10414" lon="19.03288">
        <ele>1755.3</ele>
      </trkpt>
      <trkpt lat="43.10413" lon="19.03297">
        <ele>1756.1</ele>
      </trkpt>
      <trkpt lat="43.10413" lon="19.03312">
        <ele>1757.5</ele>
      </trkpt>
      <trkpt lat="43.10423" lon="19.03345">
        <ele>1765.5</ele>
      </trkpt>
      <trkpt lat="43.10424" lon="19.03358">
        <ele>1767.9</ele>
      </trkpt>
      <trkpt lat="43.1042" lon="19.03386">
        <ele>1769.5</ele>
      </trkpt>
      <trkpt lat="43.10406" lon="19.03469">
        <ele>1772.3</ele>
      </trkpt>
      <trkpt lat="43.10405" lon="19.03483">
        <ele>1772.8</ele>
      </trkpt>
      <trkpt lat="43.10406" lon="19.03493">
        <ele>1773.7</ele>
      </trkpt>
      <trkpt lat="43.10409" lon="19.03519">
        <ele>1777.4</ele>
      </trkpt>
      <trkpt lat="43.10409" lon="19.03533">
        <ele>1779.0</ele>
      </trkpt>
      <trkpt lat="43.10405" lon="19.03545">
        <ele>1778.7</ele>
      </trkpt>
      <trkpt lat="43.10397" lon="19.03563">
        <ele>1777.2</ele>
      </trkpt>
      <trkpt lat="43.10384" lon="19.03602">
        <ele>1775.2</ele>
      </trkpt>
      <trkpt lat="43.10382" lon="19.03613">
        <ele>1775.2</ele>
      </trkpt>
      <trkpt lat="43.10382" lon="19.03624">
        <ele>1776.2</ele>
      </trkpt>
      <trkpt lat="43.1039" lon="19.03645">
        <ele>1781.9</ele>
      </trkpt>
      <trkpt lat="43.10392" lon="19.03655">
        <ele>1783.8</ele>
      </trkpt>
      <trkpt lat="43.10392" lon="19.03667">
        <ele>1785.0</ele>
      </trkpt>
      <trkpt lat="43.1039" lon="19.03678">
        <ele>1787.6</ele>
      </trkpt>
      <trkpt lat="43.10385" lon="19.0369">
        <ele>1789.3</ele>
      </trkpt>
      <trkpt lat="43.1038" lon="19.037">
        <ele>1790.5</ele>
      </trkpt>
      <trkpt lat="43.10373" lon="19.03712">
        <ele>1791.7</ele>
      </trkpt>
      <trkpt lat="43.10361" lon="19.03724">
        <ele>1791.4</ele>
      </trkpt>
      <trkpt lat="43.10342" lon="19.03739">
        <ele>1790.3</ele>
      </trkpt>
      <trkpt lat="43.10282" lon="19.03781">
        <ele>1791.1</ele>
      </trkpt>
      <trkpt lat="43.10267" lon="19.03798">
        <ele>1791.0</ele>
      </trkpt>
      <trkpt lat="43.10255" lon="19.03817">
        <ele>1790.8</ele>
      </trkpt>
      <trkpt lat="43.10249" lon="19.03829">
        <ele>1791.1</ele>
      </trkpt>
      <trkpt lat="43.10246" lon="19.03841">
        <ele>1792.5</ele>
      </trkpt>
      <trkpt lat="43.10244" lon="19.03853">
        <ele>1793.5</ele>
      </trkpt>
      <trkpt lat="43.10245" lon="19.03895">
        <ele>1797.9</ele>
      </trkpt>
      <trkpt lat="43.10244" lon="19.03913">
        <ele>1799.6</ele>
      </trkpt>
      <trkpt lat="43.10242" lon="19.03926">
        <ele>1800.1</ele>
      </trkpt>
      <trkpt lat="43.1023" lon="19.03967">
        <ele>1800.0</ele>
      </trkpt>
      <trkpt lat="43.10227" lon="19.03985">
        <ele>1800.3</ele>
      </trkpt>
      <trkpt lat="43.10226" lon="19.04007">
        <ele>1801.2</ele>
      </trkpt>
      <trkpt lat="43.10225" lon="19.04066">
        <ele>1803.9</ele>
      </trkpt>
      <trkpt lat="43.10227" lon="19.04094">
        <ele>1806.6</ele>
      </trkpt>
      <trkpt lat="43.10229" lon="19.04107">
        <ele>1808.7</ele>
      </trkpt>
      <trkpt lat="43.1023" lon="19.04121">
        <ele>1810.6</ele>
      </trkpt>
      <trkpt lat="43.10228" lon="19.04137">
        <ele>1811.7</ele>
      </trkpt>
      <trkpt lat="43.10225" lon="19.04146">
        <ele>1811.6</ele>
      </trkpt>
      <trkpt lat="43.10218" lon="19.04161">
        <ele>1810.4</ele>
      </trkpt>
      <trkpt lat="43.10209" lon="19.04172">
        <ele>1808.1</ele>
      </trkpt>
      <trkpt lat="43.10203" lon="19.04181">
        <ele>1807.0</ele>
      </trkpt>
      <trkpt lat="43.10192" lon="19.04215">
        <ele>1807.7</ele>
      </trkpt>
      <trkpt lat="43.10182" lon="19.04239">
        <ele>1807.0</ele>
      </trkpt>
      <trkpt lat="43.10172" lon="19.04256">
        <ele>1806.5</ele>
      </trkpt>
      <trkpt lat="43.10164" lon="19.04264">
        <ele>1806.6</ele>
      </trkpt>
      <trkpt lat="43.10142" lon="19.04282">
        <ele>1807.5</ele>
      </trkpt>
      <trkpt lat="43.10133" lon="19.04294">
        <ele>1808.7</ele>
      </trkpt>
      <trkpt lat="43.10128" lon="19.04306">
        <ele>1810.7</ele>
      </trkpt>
      <trkpt lat="43.10123" lon="19.04317">
        <ele>1812.2</ele>
      </trkpt>
      <trkpt lat="43.10104" lon="19.04402">
        <ele>1821.2</ele>
      </trkpt>
      <trkpt lat="43.10095" lon="19.0443">
        <ele>1820.9</ele>
      </trkpt>
      <trkpt lat="43.10079" lon="19.04468">
        <ele>1820.0</ele>
      </trkpt>
      <trkpt lat="43.10054" lon="19.04526">
        <ele>1825.8</ele>
      </trkpt>
      <trkpt lat="43.10045" lon="19.04543">
        <ele>1826.6</ele>
      </trkpt>
      <trkpt lat="43.10039" lon="19.04564">
        <ele>1827.9</ele>
      </trkpt>
      <trkpt lat="43.10017" lon="19.04656">
        <ele>1831.1</ele>
      </trkpt>
      <trkpt lat="43.10009" lon="19.04678">
        <ele>1832.6</ele>
      </trkpt>
      <trkpt lat="43.09993" lon="19.04705">
        <ele>1836.1</ele>
      </trkpt>
      <trkpt lat="43.09962" lon="19.04747">
        <ele>1842.8</ele>
      </trkpt>
      <trkpt lat="43.09949" lon="19.04771">
        <ele>1846.4</ele>
      </trkpt>
      <trkpt lat="43.09944" lon="19.04776">
        <ele>1846.8</ele>
      </trkpt>
      <trkpt lat="43.09938" lon="19.04778">
        <ele>1846.3</ele>
      </trkpt>
      <trkpt lat="43.09934" lon="19.04778">
        <ele>1845.7</ele>
      </trkpt>
      <trkpt lat="43.09916" lon="19.04773">
        <ele>1842.2</ele>
      </trkpt>
      <trkpt lat="43.09909" lon="19.04775">
        <ele>1843.4</ele>
      </trkpt>
      <trkpt lat="43.09906" lon="19.0478">
        <ele>1844.6</ele>
      </trkpt>
      <trkpt lat="43.09904" lon="19.0479">
        <ele>1846.6</ele>
      </trkpt>
      <trkpt lat="43.09906" lon="19.04802">
        <ele>1848.5</ele>
      </trkpt>
      <trkpt lat="43.09914" lon="19.04811">
        <ele>1849.3</ele>
      </trkpt>
      <trkpt lat="43.09919" lon="19.04815">
        <ele>1850.2</ele>
      </trkpt>
      <trkpt lat="43.0993" lon="19.04818">
        <ele>1852.9</ele>
      </trkpt>
      <trkpt lat="43.09939" lon="19.04816">
        <ele>1854.3</ele>
      </trkpt>
      <trkpt lat="43.09948" lon="19.0481">
        <ele>1854.7</ele>
      </trkpt>
      <trkpt lat="43.0997" lon="19.04788">
        <ele>1853.6</ele>
      </trkpt>
      <trkpt lat="43.0999" lon="19.04763">
        <ele>1850.2</ele>
      </trkpt>
      <trkpt lat="43.10008" lon="19.04735">
        <ele>1846.7</ele>
      </trkpt>
      <trkpt lat="43.10024" lon="19.04718">
        <ele>1847.3</ele>
      </trkpt>
      <trkpt lat="43.10044" lon="19.04698">
        <ele>1848.3</ele>
      </trkpt>
      <trkpt lat="43.10067" lon="19.04682">
        <ele>1851.1</ele>
      </trkpt>
      <trkpt lat="43.10087" lon="19.04663">
        <ele>1853.7</ele>
      </trkpt>
      <trkpt lat="43.1011" lon="19.04627">
        <ele>1861.4</ele>
      </trkpt>
      <trkpt lat="43.10122" lon="19.0461">
        <ele>1864.7</ele>
      </trkpt>
      <trkpt lat="43.10138" lon="19.0458">
        <ele>1866.7</ele>
      </trkpt>
      <trkpt lat="43.10144" lon="19.04561">
        <ele>1865.9</ele>
      </trkpt>
      <trkpt lat="43.10152" lon="19.04544">
        <ele>1866.6</ele>
      </trkpt>
      <trkpt lat="43.1016" lon="19.04532">
        <ele>1868.2</ele>
      </trkpt>
      <trkpt lat="43.10165" lon="19.04518">
        <ele>1868.2</ele>
      </trkpt>
      <trkpt lat="43.10174" lon="19.04469">
        <ele>1865.7</ele>
      </trkpt>
      <trkpt lat="43.10177" lon="19.04449">
        <ele>1864.6</ele>
      </trkpt>
      <trkpt lat="43.10177" lon="19.04429">
        <ele>1862.1</ele>
      </trkpt>
      <trkpt lat="43.10178" lon="19.04422">
        <ele>1861.7</ele>
      </trkpt>
      <trkpt lat="43.1018" lon="19.04419">
        <ele>1862.2</ele>
      </trkpt>
      <trkpt lat="43.10182" lon="19.04417">
        <ele>1862.9</ele>
      </trkpt>
      <trkpt lat="43.10187" lon="19.04417">
        <ele>1865.1</ele>
      </trkpt>
      <trkpt lat="43.10189" lon="19.0442">
        <ele>1866.4</ele>
      </trkpt>
      <trkpt lat="43.10191" lon="19.04425">
        <ele>1867.9</ele>
      </trkpt>
      <trkpt lat="43.1019" lon="19.04435">
        <ele>1868.8</ele>
      </trkpt>
      <trkpt lat="43.10183" lon="19.0448">
        <ele>1871.3</ele>
      </trkpt>
      <trkpt lat="43.1018" lon="19.04509">
        <ele>1873.7</ele>
      </trkpt>
      <trkpt lat="43.10175" lon="19.04531">
        <ele>1874.8</ele>
      </trkpt>
      <trkpt lat="43.10169" lon="19.04553">
        <ele>1875.9</ele>
      </trkpt>
      <trkpt lat="43.10162" lon="19.04601">
        <ele>1882.0</ele>
      </trkpt>
      <trkpt lat="43.10155" lon="19.0462">
        <ele>1883.0</ele>
      </trkpt>
      <trkpt lat="43.10145" lon="19.04651">
        <ele>1884.3</ele>
      </trkpt>
      <trkpt lat="43.10131" lon="19.04687">
        <ele>1883.7</ele>
      </trkpt>
      <trkpt lat="43.10125" lon="19.047">
        <ele>1883.2</ele>
      </trkpt>
      <trkpt lat="43.10115" lon="19.04716">
        <ele>1881.5</ele>
      </trkpt>
      <trkpt lat="43.10109" lon="19.0473">
        <ele>1881.6</ele>
      </trkpt>
      <trkpt lat="43.10103" lon="19.0475">
        <ele>1883.5</ele>
      </trkpt>
      <trkpt lat="43.10093" lon="19.04769">
        <ele>1884.7</ele>
      </trkpt>
      <trkpt lat="43.10082" lon="19.04786">
        <ele>1885.7</ele>
      </trkpt>
      <trkpt lat="43.10073" lon="19.04799">
        <ele>1886.9</ele>
      </trkpt>
      <trkpt lat="43.10053" lon="19.04817">
        <ele>1885.6</ele>
      </trkpt>
      <trkpt lat="43.10044" lon="19.0483">
        <ele>1886.4</ele>
      </trkpt>
      <trkpt lat="43.10037" lon="19.04844">
        <ele>1887.1</ele>
      </trkpt>
      <trkpt lat="43.10027" lon="19.04874">
        <ele>1889.8</ele>
      </trkpt>
      <trkpt lat="43.10017" lon="19.04905">
        <ele>1892.8</ele>
      </trkpt>
      <trkpt lat="43.10006" lon="19.0493">
        <ele>1894.8</ele>
      </trkpt>
      <trkpt lat="43.0999" lon="19.04956">
        <ele>1898.0</ele>
      </trkpt>
      <trkpt lat="43.0997" lon="19.04984">
        <ele>1901.9</ele>
      </trkpt>
      <trkpt lat="43.09947" lon="19.05008">
        <ele>1903.4</ele>
      </trkpt>
      <trkpt lat="43.0991" lon="19.05038">
        <ele>1902.5</ele>
      </trkpt>
      <trkpt lat="43.09898" lon="19.05045">
        <ele>1902.9</ele>
      </trkpt>
      <trkpt lat="43.09884" lon="19.05051">
        <ele>1902.9</ele>
      </trkpt>
      <trkpt lat="43.09857" lon="19.05048">
        <ele>1900.6</ele>
      </trkpt>
      <trkpt lat="43.09852" lon="19.05054">
        <ele>1900.9</ele>
      </trkpt>
      <trkpt lat="43.09834" lon="19.05098">
        <ele>1901.4</ele>
      </trkpt>
      <trkpt lat="43.09811" lon="19.05151">
        <ele>1905.6</ele>
      </trkpt>
      <trkpt lat="43.09806" lon="19.05171">
        <ele>1905.0</ele>
      </trkpt>
      <trkpt lat="43.09805" lon="19.05192">
        <ele>1900.9</ele>
      </trkpt>
      <trkpt lat="43.09802" lon="19.05213">
        <ele>1897.4</ele>
      </trkpt>
      <trkpt lat="43.09795" lon="19.05232">
        <ele>1895.3</ele>
      </trkpt>
      <trkpt lat="43.09784" lon="19.05247">
        <ele>1895.2</ele>
      </trkpt>
      <trkpt lat="43.09779" lon="19.05258">
        <ele>1894.8</ele>
      </trkpt>
      <trkpt lat="43.09774" lon="19.05279">
        <ele>1892.9</ele>
      </trkpt>
      <trkpt lat="43.0977" lon="19.05314">
        <ele>1888.7</ele>
      </trkpt>
      <trkpt lat="43.09763" lon="19.05332">
        <ele>1887.8</ele>
      </trkpt>
      <trkpt lat="43.09753" lon="19.05353">
        <ele>1887.4</ele>
      </trkpt>
      <trkpt lat="43.09738" lon="19.05395">
        <ele>1885.0</ele>
      </trkpt>
      <trkpt lat="43.09735" lon="19.05406">
        <ele>1883.8</ele>
      </trkpt>
      <trkpt lat="43.09735" lon="19.05414">
        <ele>1882.3</ele>
      </trkpt>
      <trkpt lat="43.09737" lon="19.05423">
        <ele>1880.5</ele>
      </trkpt>
      <trkpt lat="43.09744" lon="19.05437">
        <ele>1877.2</ele>
      </trkpt>
      <trkpt lat="43.09745" lon="19.05447">
        <ele>1875.5</ele>
      </trkpt>
      <trkpt lat="43.09744" lon="19.05458">
        <ele>1874.1</ele>
      </trkpt>
      <trkpt lat="43.09741" lon="19.05468">
        <ele>1873.1</ele>
      </trkpt>
      <trkpt lat="43.09736" lon="19.05477">
        <ele>1872.6</ele>
      </trkpt>
      <trkpt lat="43.09708" lon="19.05502">
        <ele>1873.3</ele>
      </trkpt>
      <trkpt lat="43.09695" lon="19.05516">
        <ele>1873.8</ele>
      </trkpt>
      <trkpt lat="43.09687" lon="19.05528">
        <ele>1873.7</ele>
      </trkpt>
      <trkpt lat="43.09676" lon="19.05557">
        <ele>1872.3</ele>
      </trkpt>
      <trkpt lat="43.09672" lon="19.05575">
        <ele>1871.0</ele>
      </trkpt>
      <trkpt lat="43.09673" lon="19.05584">
        <ele>1869.8</ele>
      </trkpt>
      <trkpt lat="43.09676" lon="19.05592">
        <ele>1868.3</ele>
      </trkpt>
      <trkpt lat="43.09679" lon="19.05598">
        <ele>1866.9</ele>
      </trkpt>
      <trkpt lat="43.09684" lon="19.056">
        <ele>1865.8</ele>
      </trkpt>
      <trkpt lat="43.09688" lon="19.05599">
        <ele>1865.2</ele>
      </trkpt>
      <trkpt lat="43.09693" lon="19.05595">
        <ele>1864.9</ele>
      </trkpt>
      <trkpt lat="43.097" lon="19.05584">
        <ele>1865.3</ele>
      </trkpt>
      <trkpt lat="43.09716" lon="19.05557">
        <ele>1865.7</ele>
      </trkpt>
      <trkpt lat="43.09749" lon="19.05515">
        <ele>1865.4</ele>
      </trkpt>
      <trkpt lat="43.09776" lon="19.05484">
        <ele>1862.6</ele>
      </trkpt>
      <trkpt lat="43.0979" lon="19.05466">
        <ele>1861.4</ele>
      </trkpt>
      <trkpt lat="43.09798" lon="19.05453">
        <ele>1861.0</ele>
      </trkpt>
      <trkpt lat="43.09809" lon="19.05419">
        <ele>1862.4</ele>
      </trkpt>
      <trkpt lat="43.09814" lon="19.0541">
        <ele>1862.4</ele>
      </trkpt>
      <trkpt lat="43.09836" lon="19.05385">
        <ele>1860.8</ele>
      </trkpt>
      <trkpt lat="43.09848" lon="19.05375">
        <ele>1861.4</ele>
      </trkpt>
      <trkpt lat="43.09859" lon="19.0537">
        <ele>1861.4</ele>
      </trkpt>
      <trkpt lat="43.09873" lon="19.05369">
        <ele>1860.5</ele>
      </trkpt>
      <trkpt lat="43.09881" lon="19.05372">
        <ele>1859.5</ele>
      </trkpt>
      <trkpt lat="43.09888" lon="19.05379">
        <ele>1858.0</ele>
      </trkpt>
      <trkpt lat="43.09896" lon="19.05391">
        <ele>1855.8</ele>
      </trkpt>
      <trkpt lat="43.09903" lon="19.05397">
        <ele>1854.5</ele>
      </trkpt>
      <trkpt lat="43.09909" lon="19.054">
        <ele>1853.7</ele>
      </trkpt>
      <trkpt lat="43.09915" lon="19.05399">
        <ele>1853.4</ele>
      </trkpt>
      <trkpt lat="43.09929" lon="19.05391">
        <ele>1857.8</ele>
      </trkpt>
      <trkpt lat="43.0994" lon="19.05388">
        <ele>1861.3</ele>
      </trkpt>
      <trkpt lat="43.0995" lon="19.05388">
        <ele>1864.0</ele>
      </trkpt>
      <trkpt lat="43.09958" lon="19.05394">
        <ele>1865.1</ele>
      </trkpt>
      <trkpt lat="43.09965" lon="19.05402">
        <ele>1865.5</ele>
      </trkpt>
      <trkpt lat="43.09972" lon="19.05417">
        <ele>1864.2</ele>
      </trkpt>
      <trkpt lat="43.09979" lon="19.0545">
        <ele>1858.5</ele>
      </trkpt>
      <trkpt lat="43.09985" lon="19.0551">
        <ele>1846.0</ele>
      </trkpt>
      <trkpt lat="43.09988" lon="19.05519">
        <ele>1844.3</ele>
      </trkpt>
      <trkpt lat="43.09993" lon="19.05524">
        <ele>1844.0</ele>
      </trkpt>
      <trkpt lat="43.10013" lon="19.05541">
        <ele>1845.4</ele>
      </trkpt>
      <trkpt lat="43.10039" lon="19.05569">
        <ele>1847.3</ele>
      </trkpt>
      <trkpt lat="43.10043" lon="19.0558">
        <ele>1845.9</ele>
      </trkpt>
      <trkpt lat="43.10046" lon="19.0559">
        <ele>1845.1</ele>
      </trkpt>
      <trkpt lat="43.10048" lon="19.05642">
        <ele>1837.7</ele>
      </trkpt>
      <trkpt lat="43.1005" lon="19.05654">
        <ele>1836.6</ele>
      </trkpt>
      <trkpt lat="43.10054" lon="19.0567">
        <ele>1835.7</ele>
      </trkpt>
      <trkpt lat="43.10061" lon="19.05683">
        <ele>1837.0</ele>
      </trkpt>
      <trkpt lat="43.10067" lon="19.05692">
        <ele>1838.3</ele>
      </trkpt>
      <trkpt lat="43.10071" lon="19.05703">
        <ele>1838.6</ele>
      </trkpt>
      <trkpt lat="43.10072" lon="19.05711">
        <ele>1838.1</ele>
      </trkpt>
      <trkpt lat="43.10071" lon="19.05721">
        <ele>1836.6</ele>
      </trkpt>
      <trkpt lat="43.10067" lon="19.05738">
        <ele>1833.4</ele>
      </trkpt>
      <trkpt lat="43.10039" lon="19.05837">
        <ele>1819.4</ele>
      </trkpt>
      <trkpt lat="43.10034" lon="19.05861">
        <ele>1816.7</ele>
      </trkpt>
      <trkpt lat="43.10034" lon="19.05878">
        <ele>1816.3</ele>
      </trkpt>
      <trkpt lat="43.10035" lon="19.0594">
        <ele>1814.8</ele>
      </trkpt>
      <trkpt lat="43.10039" lon="19.05958">
        <ele>1816.0</ele>
      </trkpt>
      <trkpt lat="43.10048" lon="19.05988">
        <ele>1819.5</ele>
      </trkpt>
      <trkpt lat="43.10049" lon="19.05997">
        <ele>1819.8</ele>
      </trkpt>
      <trkpt lat="43.10049" lon="19.06009">
        <ele>1819.3</ele>
      </trkpt>
      <trkpt lat="43.10046" lon="19.06029">
        <ele>1816.7</ele>
      </trkpt>
      <trkpt lat="43.10045" lon="19.06045">
        <ele>1815.2</ele>
      </trkpt>
      <trkpt lat="43.10045" lon="19.06065">
        <ele>1814.2</ele>
      </trkpt>
      <trkpt lat="43.10046" lon="19.06082">
        <ele>1813.9</ele>
      </trkpt>
      <trkpt lat="43.10055" lon="19.06136">
        <ele>1816.9</ele>
      </trkpt>
      <trkpt lat="43.10056" lon="19.06169">
        <ele>1816.1</ele>
      </trkpt>
      <trkpt lat="43.10055" lon="19.06187">
        <ele>1816.3</ele>
      </trkpt>
      <trkpt lat="43.10053" lon="19.06202">
        <ele>1815.5</ele>
      </trkpt>
      <trkpt lat="43.10047" lon="19.06222">
        <ele>1812.0</ele>
      </trkpt>
      <trkpt lat="43.10038" lon="19.06285">
        <ele>1810.2</ele>
      </trkpt>
      <trkpt lat="43.10022" lon="19.06366">
        <ele>1806.7</ele>
      </trkpt>
      <trkpt lat="43.09994" lon="19.06477">
        <ele>1802.3</ele>
      </trkpt>
      <trkpt lat="43.09977" lon="19.06516">
        <ele>1796.8</ele>
      </trkpt>
      <trkpt lat="43.09977" lon="19.06516">
        <ele>1796.8</ele>
      </trkpt>
      <trkpt lat="43.0997" lon="19.06535">
        <ele>1794.6</ele>
      </trkpt>
      <trkpt lat="43.09968" lon="19.06546">
        <ele>1794.8</ele>
      </trkpt>
      <trkpt lat="43.09968" lon="19.06561">
        <ele>1797.2</ele>
      </trkpt>
      <trkpt lat="43.09966" lon="19.06572">
        <ele>1797.3</ele>
      </trkpt>
      <trkpt lat="43.09957" lon="19.06601">
        <ele>1794.6</ele>
      </trkpt>
      <trkpt lat="43.09951" lon="19.06632">
        <ele>1795.2</ele>
      </trkpt>
      <trkpt lat="43.09946" lon="19.06648">
        <ele>1794.4</ele>
      </trkpt>
      <trkpt lat="43.09941" lon="19.06658">
        <ele>1792.9</ele>
      </trkpt>
      <trkpt lat="43.09895" lon="19.06738">
        <ele>1787.5</ele>
      </trkpt>
      <trkpt lat="43.09885" lon="19.06753">
        <ele>1786.0</ele>
      </trkpt>
      <trkpt lat="43.09857" lon="19.06782">
        <ele>1777.9</ele>
      </trkpt>
      <trkpt lat="43.09828" lon="19.06821">
        <ele>1771.8</ele>
      </trkpt>
      <trkpt lat="43.09809" lon="19.06864">
        <ele>1772.7</ele>
      </trkpt>
      <trkpt lat="43.09772" lon="19.06932">
        <ele>1768.1</ele>
      </trkpt>
      <trkpt lat="43.09735" lon="19.07">
        <ele>1760.6</ele>
      </trkpt>
      <trkpt lat="43.09729" lon="19.07021">
        <ele>1761.0</ele>
      </trkpt>
      <trkpt lat="43.09727" lon="19.0707">
        <ele>1764.5</ele>
      </trkpt>
      <trkpt lat="43.09715" lon="19.07107">
        <ele>1764.1</ele>
      </trkpt>
      <trkpt lat="43.09715" lon="19.07118">
        <ele>1765.3</ele>
      </trkpt>
      <trkpt lat="43.09713" lon="19.07139">
        <ele>1766.7</ele>
      </trkpt>
      <trkpt lat="43.0971" lon="19.07145">
        <ele>1766.1</ele>
      </trkpt>
      <trkpt lat="43.09682" lon="19.0718">
        <ele>1760.0</ele>
      </trkpt>
      <trkpt lat="43.09658" lon="19.07202">
        <ele>1755.8</ele>
      </trkpt>
      <trkpt lat="43.09619" lon="19.07253">
        <ele>1751.6</ele>
      </trkpt>
      <trkpt lat="43.0958" lon="19.07303">
        <ele>1745.6</ele>
      </trkpt>
      <trkpt lat="43.09576" lon="19.07312">
        <ele>1745.9</ele>
      </trkpt>
      <trkpt lat="43.09567" lon="19.07341">
        <ele>1748.0</ele>
      </trkpt>
      <trkpt lat="43.09557" lon="19.07367">
        <ele>1749.2</ele>
      </trkpt>
      <trkpt lat="43.09525" lon="19.07417">
        <ele>1742.4</ele>
      </trkpt>
      <trkpt lat="43.09516" lon="19.07428">
        <ele>1741.0</ele>
      </trkpt>
      <trkpt lat="43.09494" lon="19.07447">
        <ele>1735.8</ele>
      </trkpt>
      <trkpt lat="43.09444" lon="19.075">
        <ele>1726.8</ele>
      </trkpt>
      <trkpt lat="43.09438" lon="19.0751">
        <ele>1727.0</ele>
      </trkpt>
      <trkpt lat="43.09429" lon="19.0753">
        <ele>1728.7</ele>
      </trkpt>
      <trkpt lat="43.09424" lon="19.07538">
        <ele>1728.7</ele>
      </trkpt>
      <trkpt lat="43.09399" lon="19.07562">
        <ele>1726.3</ele>
      </trkpt>
      <trkpt lat="43.09358" lon="19.07597">
        <ele>1720.5</ele>
      </trkpt>
      <trkpt lat="43.09331" lon="19.07631">
        <ele>1718.4</ele>
      </trkpt>
      <trkpt lat="43.09305" lon="19.07659">
        <ele>1717.5</ele>
      </trkpt>
      <trkpt lat="43.09292" lon="19.0767">
        <ele>1716.2</ele>
      </trkpt>
      <trkpt lat="43.09255" lon="19.0769">
        <ele>1709.4</ele>
      </trkpt>
      <trkpt lat="43.09231" lon="19.0771">
        <ele>1706.1</ele>
      </trkpt>
      <trkpt lat="43.09215" lon="19.07728">
        <ele>1703.9</ele>
      </trkpt>
      <trkpt lat="43.09203" lon="19.07751">
        <ele>1703.0</ele>
      </trkpt>
      <trkpt lat="43.09196" lon="19.07777">
        <ele>1705.0</ele>
      </trkpt>
      <trkpt lat="43.09183" lon="19.07804">
        <ele>1703.2</ele>
      </trkpt>
      <trkpt lat="43.09163" lon="19.07852">
        <ele>1699.6</ele>
      </trkpt>
      <trkpt lat="43.09156" lon="19.07877">
        <ele>1700.5</ele>
      </trkpt>
      <trkpt lat="43.09149" lon="19.07897">
        <ele>1700.3</ele>
      </trkpt>
      <trkpt lat="43.09137" lon="19.07925">
        <ele>1698.3</ele>
      </trkpt>
      <trkpt lat="43.09112" lon="19.08017">
        <ele>1695.6</ele>
      </trkpt>
      <trkpt lat="43.09088" lon="19.08108">
        <ele>1683.6</ele>
      </trkpt>
      <trkpt lat="43.09082" lon="19.08137">
        <ele>1678.9</ele>
      </trkpt>
      <trkpt lat="43.09082" lon="19.08152">
        <ele>1678.2</ele>
      </trkpt>
      <trkpt lat="43.09085" lon="19.0816">
        <ele>1679.2</ele>
      </trkpt>
      <trkpt lat="43.09099" lon="19.08179">
        <ele>1684.4</ele>
      </trkpt>
      <trkpt lat="43.09104" lon="19.08189">
        <ele>1685.4</ele>
      </trkpt>
      <trkpt lat="43.09119" lon="19.08243">
        <ele>1683.8</ele>
      </trkpt>
      <trkpt lat="43.09129" lon="19.08271">
        <ele>1681.7</ele>
      </trkpt>
      <trkpt lat="43.09141" lon="19.08289">
        <ele>1681.9</ele>
      </trkpt>
      <trkpt lat="43.09159" lon="19.08308">
        <ele>1683.4</ele>
      </trkpt>
      <trkpt lat="43.09163" lon="19.08317">
        <ele>1682.1</ele>
      </trkpt>
      <trkpt lat="43.09167" lon="19.08336">
        <ele>1677.3</ele>
      </trkpt>
      <trkpt lat="43.09172" lon="19.0835">
        <ele>1675.1</ele>
      </trkpt>
      <trkpt lat="43.09181" lon="19.08368">
        <ele>1673.0</ele>
      </trkpt>
      <trkpt lat="43.09188" lon="19.08389">
        <ele>1668.9</ele>
      </trkpt>
      <trkpt lat="43.09197" lon="19.08402">
        <ele>1667.7</ele>
      </trkpt>
      <trkpt lat="43.09243" lon="19.08424">
        <ele>1675.9</ele>
      </trkpt>
      <trkpt lat="43.09251" lon="19.08435">
        <ele>1676.0</ele>
      </trkpt>
      <trkpt lat="43.09279" lon="19.08489">
        <ele>1676.0</ele>
      </trkpt>
      <trkpt lat="43.09283" lon="19.08506">
        <ele>1674.3</ele>
      </trkpt>
      <trkpt lat="43.09283" lon="19.08523">
        <ele>1671.2</ele>
      </trkpt>
      <trkpt lat="43.09282" lon="19.08537">
        <ele>1668.1</ele>
      </trkpt>
      <trkpt lat="43.09274" lon="19.08568">
        <ele>1658.8</ele>
      </trkpt>
      <trkpt lat="43.09272" lon="19.08583">
        <ele>1655.1</ele>
      </trkpt>
      <trkpt lat="43.09274" lon="19.08597">
        <ele>1654.6</ele>
      </trkpt>
      <trkpt lat="43.09277" lon="19.08606">
        <ele>1655.1</ele>
      </trkpt>
      <trkpt lat="43.09296" lon="19.08633">
        <ele>1660.5</ele>
      </trkpt>
      <trkpt lat="43.09305" lon="19.0866">
        <ele>1661.2</ele>
      </trkpt>
      <trkpt lat="43.09314" lon="19.08693">
        <ele>1665.3</ele>
      </trkpt>
      <trkpt lat="43.09315" lon="19.08708">
        <ele>1666.3</ele>
      </trkpt>
      <trkpt lat="43.09313" lon="19.08719">
        <ele>1666.1</ele>
      </trkpt>
      <trkpt lat="43.0931" lon="19.08731">
        <ele>1665.4</ele>
      </trkpt>
      <trkpt lat="43.09302" lon="19.08742">
        <ele>1663.0</ele>
      </trkpt>
      <trkpt lat="43.09281" lon="19.08769">
        <ele>1658.7</ele>
      </trkpt>
      <trkpt lat="43.09268" lon="19.08782">
        <ele>1655.7</ele>
      </trkpt>
      <trkpt lat="43.09246" lon="19.08794">
        <ele>1649.1</ele>
      </trkpt>
      <trkpt lat="43.0924" lon="19.08802">
        <ele>1648.4</ele>
      </trkpt>
      <trkpt lat="43.09232" lon="19.08818">
        <ele>1648.4</ele>
      </trkpt>
      <trkpt lat="43.09227" lon="19.08842">
        <ele>1649.9</ele>
      </trkpt>
      <trkpt lat="43.09223" lon="19.08869">
        <ele>1650.6</ele>
      </trkpt>
      <trkpt lat="43.09215" lon="19.08889">
        <ele>1650.0</ele>
      </trkpt>
      <trkpt lat="43.09201" lon="19.08916">
        <ele>1648.8</ele>
      </trkpt>
      <trkpt lat="43.09201" lon="19.08936">
        <ele>1647.6</ele>
      </trkpt>
      <trkpt lat="43.09206" lon="19.08955">
        <ele>1647.3</ele>
      </trkpt>
      <trkpt lat="43.0922" lon="19.0899">
        <ele>1647.1</ele>
      </trkpt>
      <trkpt lat="43.09243" lon="19.09054">
        <ele>1640.8</ele>
      </trkpt>
      <trkpt lat="43.09267" lon="19.09119">
        <ele>1634.3</ele>
      </trkpt>
      <trkpt lat="43.09277" lon="19.0914">
        <ele>1632.6</ele>
      </trkpt>
      <trkpt lat="43.09318" lon="19.09192">
        <ele>1634.3</ele>
      </trkpt>
      <trkpt lat="43.0934" lon="19.09235">
        <ele>1634.0</ele>
      </trkpt>
      <trkpt lat="43.09348" lon="19.09261">
        <ele>1634.0</ele>
      </trkpt>
      <trkpt lat="43.09352" lon="19.09279">
        <ele>1634.3</ele>
      </trkpt>
      <trkpt lat="43.09352" lon="19.09296">
        <ele>1632.8</ele>
      </trkpt>
      <trkpt lat="43.09349" lon="19.09319">
        <ele>1629.6</ele>
      </trkpt>
      <trkpt lat="43.09338" lon="19.09359">
        <ele>1624.1</ele>
      </trkpt>
      <trkpt lat="43.09332" lon="19.09404">
        <ele>1622.5</ele>
      </trkpt>
      <trkpt lat="43.09329" lon="19.09465">
        <ele>1616.6</ele>
      </trkpt>
      <trkpt lat="43.09328" lon="19.095">
        <ele>1612.7</ele>
      </trkpt>
      <trkpt lat="43.09332" lon="19.09521">
        <ele>1611.4</ele>
      </trkpt>
      <trkpt lat="43.09339" lon="19.09536">
        <ele>1612.0</ele>
      </trkpt>
      <trkpt lat="43.09347" lon="19.09548">
        <ele>1613.5</ele>
      </trkpt>
      <trkpt lat="43.09357" lon="19.09557">
        <ele>1616.0</ele>
      </trkpt>
      <trkpt lat="43.09361" lon="19.09567">
        <ele>1616.5</ele>
      </trkpt>
      <trkpt lat="43.09364" lon="19.09583">
        <ele>1616.1</ele>
      </trkpt>
      <trkpt lat="43.09361" lon="19.09595">
        <ele>1615.3</ele>
      </trkpt>
      <trkpt lat="43.09357" lon="19.0961">
        <ele>1614.4</ele>
      </trkpt>
      <trkpt lat="43.09314" lon="19.09682">
        <ele>1603.7</ele>
      </trkpt>
      <trkpt lat="43.09291" lon="19.09752">
        <ele>1601.8</ele>
      </trkpt>
      <trkpt lat="43.09277" lon="19.09773">
        <ele>1598.3</ele>
      </trkpt>
      <trkpt lat="43.09259" lon="19.09785">
        <ele>1594.6</ele>
      </trkpt>
      <trkpt lat="43.09237" lon="19.09794">
        <ele>1591.2</ele>
      </trkpt>
      <trkpt lat="43.09223" lon="19.09808">
        <ele>1589.6</ele>
      </trkpt>
      <trkpt lat="43.09215" lon="19.09823">
        <ele>1589.0</ele>
      </trkpt>
      <trkpt lat="43.09208" lon="19.09841">
        <ele>1588.5</ele>
      </trkpt>
      <trkpt lat="43.09202" lon="19.09865">
        <ele>1587.7</ele>
      </trkpt>
      <trkpt lat="43.09193" lon="19.09954">
        <ele>1586.4</ele>
      </trkpt>
      <trkpt lat="43.0919" lon="19.10008">
        <ele>1585.3</ele>
      </trkpt>
      <trkpt lat="43.09192" lon="19.10042">
        <ele>1584.0</ele>
      </trkpt>
      <trkpt lat="43.09199" lon="19.10115">
        <ele>1579.5</ele>
      </trkpt>
      <trkpt lat="43.09203" lon="19.10146">
        <ele>1576.4</ele>
      </trkpt>
      <trkpt lat="43.09211" lon="19.10173">
        <ele>1574.0</ele>
      </trkpt>
      <trkpt lat="43.09217" lon="19.10187">
        <ele>1572.9</ele>
      </trkpt>
      <trkpt lat="43.09224" lon="19.10198">
        <ele>1572.1</ele>
      </trkpt>
      <trkpt lat="43.09236" lon="19.10203">
        <ele>1572.6</ele>
      </trkpt>
      <trkpt lat="43.09245" lon="19.10203">
        <ele>1573.4</ele>
      </trkpt>
      <trkpt lat="43.09273" lon="19.10195">
        <ele>1577.4</ele>
      </trkpt>
      <trkpt lat="43.09277" lon="19.10197">
        <ele>1577.5</ele>
      </trkpt>
      <trkpt lat="43.09281" lon="19.10201">
        <ele>1577.2</ele>
      </trkpt>
      <trkpt lat="43.09286" lon="19.1021">
        <ele>1576.2</ele>
      </trkpt>
      <trkpt lat="43.09304" lon="19.10262">
        <ele>1569.2</ele>
      </trkpt>
      <trkpt lat="43.09308" lon="19.10279">
        <ele>1566.7</ele>
      </trkpt>
      <trkpt lat="43.09314" lon="19.10286">
        <ele>1566.1</ele>
      </trkpt>
      <trkpt lat="43.0934" lon="19.10305">
        <ele>1565.2</ele>
      </trkpt>
      <trkpt lat="43.09356" lon="19.10312">
        <ele>1565.1</ele>
      </trkpt>
      <trkpt lat="43.09415" lon="19.10332">
        <ele>1565.2</ele>
      </trkpt>
      <trkpt lat="43.09425" lon="19.10337">
        <ele>1564.8</ele>
      </trkpt>
      <trkpt lat="43.09448" lon="19.10358">
        <ele>1562.5</ele>
      </trkpt>
      <trkpt lat="43.09458" lon="19.10363">
        <ele>1562.4</ele>
      </trkpt>
      <trkpt lat="43.09499" lon="19.10359">
        <ele>1566.9</ele>
      </trkpt>
      <trkpt lat="43.09504" lon="19.10362">
        <ele>1567.2</ele>
      </trkpt>
      <trkpt lat="43.09507" lon="19.10367">
        <ele>1567.0</ele>
      </trkpt>
      <trkpt lat="43.09509" lon="19.10371">
        <ele>1566.7</ele>
      </trkpt>
      <trkpt lat="43.09509" lon="19.10378">
        <ele>1565.6</ele>
      </trkpt>
      <trkpt lat="43.095" lon="19.10398">
        <ele>1560.9</ele>
      </trkpt>
      <trkpt lat="43.09489" lon="19.10423">
        <ele>1556.0</ele>
      </trkpt>
      <trkpt lat="43.09484" lon="19.10438">
        <ele>1553.9</ele>
      </trkpt>
      <trkpt lat="43.09481" lon="19.10483">
        <ele>1549.4</ele>
      </trkpt>
      <trkpt lat="43.09481" lon="19.10522">
        <ele>1546.1</ele>
      </trkpt>
      <trkpt lat="43.09489" lon="19.10594">
        <ele>1542.7</ele>
      </trkpt>
      <trkpt lat="43.09497" lon="19.10665">
        <ele>1542.7</ele>
      </trkpt>
      <trkpt lat="43.09501" lon="19.10683">
        <ele>1542.3</ele>
      </trkpt>
      <trkpt lat="43.09514" lon="19.10702">
        <ele>1541.8</ele>
      </trkpt>
      <trkpt lat="43.09522" lon="19.10706">
        <ele>1541.8</ele>
      </trkpt>
      <trkpt lat="43.09531" lon="19.10708">
        <ele>1542.0</ele>
      </trkpt>
      <trkpt lat="43.09594" lon="19.10702">
        <ele>1544.6</ele>
      </trkpt>
      <trkpt lat="43.09611" lon="19.10706">
        <ele>1544.2</ele>
      </trkpt>
      <trkpt lat="43.09639" lon="19.10723">
        <ele>1541.9</ele>
      </trkpt>
      <trkpt lat="43.0965" lon="19.10725">
        <ele>1541.7</ele>
      </trkpt>
      <trkpt lat="43.09663" lon="19.10721">
        <ele>1542.5</ele>
      </trkpt>
      <trkpt lat="43.09701" lon="19.10698">
        <ele>1545.4</ele>
      </trkpt>
      <trkpt lat="43.09718" lon="19.10692">
        <ele>1546.0</ele>
      </trkpt>
      <trkpt lat="43.09743" lon="19.10689">
        <ele>1545.9</ele>
      </trkpt>
      <trkpt lat="43.09779" lon="19.10688">
        <ele>1545.8</ele>
      </trkpt>
      <trkpt lat="43.09779" lon="19.10688">
        <ele>1545.8</ele>
      </trkpt>
      <trkpt lat="43.09827" lon="19.1069">
        <ele>1545.5</ele>
      </trkpt>
      <trkpt lat="43.09837" lon="19.10696">
        <ele>1545.0</ele>
      </trkpt>
      <trkpt lat="43.09857" lon="19.10695">
        <ele>1546.2</ele>
      </trkpt>
      <trkpt lat="43.09887" lon="19.107">
        <ele>1547.2</ele>
      </trkpt>
      <trkpt lat="43.09951" lon="19.10717">
        <ele>1547.4</ele>
      </trkpt>
      <trkpt lat="43.09987" lon="19.10718">
        <ele>1547.7</ele>
      </trkpt>
      <trkpt lat="43.10043" lon="19.10712">
        <ele>1548.3</ele>
      </trkpt>
      <trkpt lat="43.10077" lon="19.10707">
        <ele>1548.4</ele>
      </trkpt>
      <trkpt lat="43.10112" lon="19.10695">
        <ele>1547.4</ele>
      </trkpt>
      <trkpt lat="43.1015" lon="19.10677">
        <ele>1545.3</ele>
      </trkpt>
      <trkpt lat="43.10198" lon="19.10648">
        <ele>1542.6</ele>
      </trkpt>
      <trkpt lat="43.10245" lon="19.10619">
        <ele>1541.7</ele>
      </trkpt>
      <trkpt lat="43.10276" lon="19.10618">
        <ele>1542.5</ele>
      </trkpt>
      <trkpt lat="43.10291" lon="19.10625">
        <ele>1542.7</ele>
      </trkpt>
      <trkpt lat="43.10343" lon="19.10657">
        <ele>1539.5</ele>
      </trkpt>
      <trkpt lat="43.10388" lon="19.10688">
        <ele>1537.2</ele>
      </trkpt>
      <trkpt lat="43.1041" lon="19.10701">
        <ele>1536.6</ele>
      </trkpt>
      <trkpt lat="43.10457" lon="19.10727">
        <ele>1537.0</ele>
      </trkpt>
      <trkpt lat="43.10472" lon="19.10733">
        <ele>1536.9</ele>
      </trkpt>
      <trkpt lat="43.10509" lon="19.10737">
        <ele>1536.9</ele>
      </trkpt>
      <trkpt lat="43.10546" lon="19.10739">
        <ele>1538.6</ele>
      </trkpt>
      <trkpt lat="43.10576" lon="19.10736">
        <ele>1540.2</ele>
      </trkpt>
      <trkpt lat="43.10603" lon="19.10735">
        <ele>1539.7</ele>
      </trkpt>
      <trkpt lat="43.10657" lon="19.10724">
        <ele>1537.7</ele>
      </trkpt>
      <trkpt lat="43.10678" lon="19.10723">
        <ele>1536.2</ele>
      </trkpt>
      <trkpt lat="43.10695" lon="19.10725">
        <ele>1534.6</ele>
      </trkpt>
      <trkpt lat="43.10748" lon="19.10737">
        <ele>1529.3</ele>
      </trkpt>
      <trkpt lat="43.10801" lon="19.10749">
        <ele>1526.6</ele>
      </trkpt>
      <trkpt lat="43.10873" lon="19.10762">
        <ele>1526.1</ele>
      </trkpt>
      <trkpt lat="43.10946" lon="19.10774">
        <ele>1529.0</ele>
      </trkpt>
      <trkpt lat="43.10987" lon="19.10778">
        <ele>1532.7</ele>
      </trkpt>
      <trkpt lat="43.11056" lon="19.10787">
        <ele>1533.5</ele>
      </trkpt>
      <trkpt lat="43.11126" lon="19.10796">
        <ele>1533.7</ele>
      </trkpt>
      <trkpt lat="43.1118" lon="19.10796">
        <ele>1534.3</ele>
      </trkpt>
      <trkpt lat="43.11234" lon="19.10796">
        <ele>1534.5</ele>
      </trkpt>
      <trkpt lat="43.11283" lon="19.10788">
        <ele>1533.8</ele>
      </trkpt>
      <trkpt lat="43.11362" lon="19.10773">
        <ele>1534.4</ele>
      </trkpt>
      <trkpt lat="43.11397" lon="19.10763">
        <ele>1535.5</ele>
      </trkpt>
      <trkpt lat="43.11421" lon="19.10752">
        <ele>1535.6</ele>
      </trkpt>
      <trkpt lat="43.1145" lon="19.10736">
        <ele>1537.3</ele>
      </trkpt>
      <trkpt lat="43.11492" lon="19.10717">
        <ele>1539.7</ele>
      </trkpt>
      <trkpt lat="43.1155" lon="19.10693">
        <ele>1543.2</ele>
      </trkpt>
      <trkpt lat="43.11583" lon="19.10686">
        <ele>1545.1</ele>
      </trkpt>
      <trkpt lat="43.1162" lon="19.10682">
        <ele>1545.0</ele>
      </trkpt>
      <trkpt lat="43.11647" lon="19.10682">
        <ele>1545.1</ele>
      </trkpt>
      <trkpt lat="43.11682" lon="19.10688">
        <ele>1544.7</ele>
      </trkpt>
      <trkpt lat="43.11718" lon="19.10699">
        <ele>1542.8</ele>
      </trkpt>
      <trkpt lat="43.11729" lon="19.10705">
        <ele>1542.1</ele>
      </trkpt>
      <trkpt lat="43.11763" lon="19.10725">
        <ele>1540.1</ele>
      </trkpt>
      <trkpt lat="43.11809" lon="19.10742">
        <ele>1539.8</ele>
      </trkpt>
      <trkpt lat="43.11863" lon="19.10759">
        <ele>1537.7</ele>
      </trkpt>
      <trkpt lat="43.11885" lon="19.10764">
        <ele>1536.1</ele>
      </trkpt>
      <trkpt lat="43.11921" lon="19.10769">
        <ele>1533.4</ele>
      </trkpt>
      <trkpt lat="43.11943" lon="19.10775">
        <ele>1530.1</ele>
      </trkpt>
      <trkpt lat="43.11996" lon="19.1081">
        <ele>1522.2</ele>
      </trkpt>
      <trkpt lat="43.12047" lon="19.10848">
        <ele>1518.2</ele>
      </trkpt>
      <trkpt lat="43.12065" lon="19.10858">
        <ele>1517.0</ele>
      </trkpt>
      <trkpt lat="43.1208" lon="19.10869">
        <ele>1515.9</ele>
      </trkpt>
      <trkpt lat="43.1216" lon="19.10903">
        <ele>1514.0</ele>
      </trkpt>
      <trkpt lat="43.1219" lon="19.10913">
        <ele>1513.7</ele>
      </trkpt>
      <trkpt lat="43.12239" lon="19.10941">
        <ele>1511.0</ele>
      </trkpt>
      <trkpt lat="43.12268" lon="19.10951">
        <ele>1509.5</ele>
      </trkpt>
      <trkpt lat="43.12334" lon="19.10967">
        <ele>1506.8</ele>
      </trkpt>
      <trkpt lat="43.124" lon="19.10984">
        <ele>1503.8</ele>
      </trkpt>
      <trkpt lat="43.12416" lon="19.10985">
        <ele>1503.2</ele>
      </trkpt>
      <trkpt lat="43.12462" lon="19.10983">
        <ele>1502.4</ele>
      </trkpt>
      <trkpt lat="43.12475" lon="19.10973">
        <ele>1502.2</ele>
      </trkpt>
      <trkpt lat="43.12492" lon="19.10962">
        <ele>1501.7</ele>
      </trkpt>
      <trkpt lat="43.12511" lon="19.10946">
        <ele>1501.1</ele>
      </trkpt>
      <trkpt lat="43.1254" lon="19.1091">
        <ele>1500.5</ele>
      </trkpt>
      <trkpt lat="43.12577" lon="19.10844">
        <ele>1501.6</ele>
      </trkpt>
      <trkpt lat="43.12599" lon="19.10803">
        <ele>1503.1</ele>
      </trkpt>
      <trkpt lat="43.12616" lon="19.10773">
        <ele>1503.8</ele>
      </trkpt>
      <trkpt lat="43.12641" lon="19.10736">
        <ele>1504.6</ele>
      </trkpt>
      <trkpt lat="43.12662" lon="19.10715">
        <ele>1505.3</ele>
      </trkpt>
      <trkpt lat="43.12684" lon="19.10707">
        <ele>1507.6</ele>
      </trkpt>
      <trkpt lat="43.12708" lon="19.10705">
        <ele>1510.7</ele>
      </trkpt>
      <trkpt lat="43.12723" lon="19.10706">
        <ele>1512.4</ele>
      </trkpt>
      <trkpt lat="43.12746" lon="19.10708">
        <ele>1515.1</ele>
      </trkpt>
      <trkpt lat="43.12784" lon="19.10725">
        <ele>1521.5</ele>
      </trkpt>
      <trkpt lat="43.12793" lon="19.10734">
        <ele>1522.2</ele>
      </trkpt>
      <trkpt lat="43.12802" lon="19.10745">
        <ele>1522.4</ele>
      </trkpt>
      <trkpt lat="43.12813" lon="19.10772">
        <ele>1521.5</ele>
      </trkpt>
      <trkpt lat="43.12824" lon="19.10799">
        <ele>1520.2</ele>
      </trkpt>
      <trkpt lat="43.12837" lon="19.10844">
        <ele>1516.9</ele>
      </trkpt>
      <trkpt lat="43.12852" lon="19.1088">
        <ele>1517.0</ele>
      </trkpt>
      <trkpt lat="43.12872" lon="19.10916">
        <ele>1518.5</ele>
      </trkpt>
      <trkpt lat="43.12895" lon="19.10949">
        <ele>1520.9</ele>
      </trkpt>
      <trkpt lat="43.12924" lon="19.10992">
        <ele>1523.8</ele>
      </trkpt>
      <trkpt lat="43.12948" lon="19.11023">
        <ele>1523.2</ele>
      </trkpt>
      <trkpt lat="43.1297" lon="19.11042">
        <ele>1523.1</ele>
      </trkpt>
      <trkpt lat="43.12992" lon="19.11051">
        <ele>1524.1</ele>
      </trkpt>
      <trkpt lat="43.12992" lon="19.11051">
        <ele>1524.1</ele>
      </trkpt>
      <trkpt lat="43.13044" lon="19.11062">
        <ele>1521.9</ele>
      </trkpt>
      <trkpt lat="43.13067" lon="19.11063">
        <ele>1520.9</ele>
      </trkpt>
      <trkpt lat="43.13112" lon="19.11082">
        <ele>1519.7</ele>
      </trkpt>
      <trkpt lat="43.13158" lon="19.11101">
        <ele>1518.8</ele>
      </trkpt>
      <trkpt lat="43.13172" lon="19.11109">
        <ele>1518.9</ele>
      </trkpt>
      <trkpt lat="43.13183" lon="19.11116">
        <ele>1519.3</ele>
      </trkpt>
      <trkpt lat="43.13207" lon="19.11136">
        <ele>1520.0</ele>
      </trkpt>
      <trkpt lat="43.13238" lon="19.11165">
        <ele>1520.6</ele>
      </trkpt>
      <trkpt lat="43.13292" lon="19.11223">
        <ele>1514.9</ele>
      </trkpt>
      <trkpt lat="43.13346" lon="19.1128">
        <ele>1510.9</ele>
      </trkpt>
      <trkpt lat="43.13412" lon="19.1134">
        <ele>1507.7</ele>
      </trkpt>
      <trkpt lat="43.13428" lon="19.11354">
        <ele>1507.7</ele>
      </trkpt>
      <trkpt lat="43.1347" lon="19.11387">
        <ele>1508.2</ele>
      </trkpt>
      <trkpt lat="43.13511" lon="19.1142">
        <ele>1508.2</ele>
      </trkpt>
      <trkpt lat="43.1358" lon="19.11477">
        <ele>1506.8</ele>
      </trkpt>
      <trkpt lat="43.13599" lon="19.11492">
        <ele>1505.4</ele>
      </trkpt>
      <trkpt lat="43.13635" lon="19.1153">
        <ele>1501.7</ele>
      </trkpt>
      <trkpt lat="43.1367" lon="19.11568">
        <ele>1498.2</ele>
      </trkpt>
      <trkpt lat="43.13731" lon="19.11624">
        <ele>1496.5</ele>
      </trkpt>
      <trkpt lat="43.13792" lon="19.11681">
        <ele>1495.7</ele>
      </trkpt>
      <trkpt lat="43.13853" lon="19.11737">
        <ele>1495.3</ele>
      </trkpt>
      <trkpt lat="43.13866" lon="19.11752">
        <ele>1495.1</ele>
      </trkpt>
      <trkpt lat="43.13911" lon="19.11811">
        <ele>1494.6</ele>
      </trkpt>
      <trkpt lat="43.13956" lon="19.11871">
        <ele>1492.7</ele>
      </trkpt>
      <trkpt lat="43.1401" lon="19.11927">
        <ele>1492.0</ele>
      </trkpt>
      <trkpt lat="43.14064" lon="19.11983">
        <ele>1490.7</ele>
      </trkpt>
      <trkpt lat="43.14118" lon="19.1204">
        <ele>1488.0</ele>
      </trkpt>
      <trkpt lat="43.14172" lon="19.12096">
        <ele>1485.0</ele>
      </trkpt>
      <trkpt lat="43.14178" lon="19.12105">
        <ele>1485.0</ele>
      </trkpt>
      <trkpt lat="43.1418" lon="19.12115">
        <ele>1485.0</ele>
      </trkpt>
      <trkpt lat="43.14244" lon="19.1212">
        <ele>1484.7</ele>
      </trkpt>
      <trkpt lat="43.14268" lon="19.12124">
        <ele>1484.0</ele>
      </trkpt>
      <trkpt lat="43.14288" lon="19.12129">
        <ele>1483.1</ele>
      </trkpt>
      <trkpt lat="43.14343" lon="19.12143">
        <ele>1480.4</ele>
      </trkpt>
      <trkpt lat="43.14421" lon="19.12168">
        <ele>1476.9</ele>
      </trkpt>
      <trkpt lat="43.14499" lon="19.12193">
        <ele>1474.4</ele>
      </trkpt>
      <trkpt lat="43.14577" lon="19.12217">
        <ele>1472.3</ele>
      </trkpt>
      <trkpt lat="43.14656" lon="19.12242">
        <ele>1476.1</ele>
      </trkpt>
      <trkpt lat="43.1467" lon="19.12249">
        <ele>1476.7</ele>
      </trkpt>
      <trkpt lat="43.14685" lon="19.12259">
        <ele>1479.5</ele>
      </trkpt>
      <trkpt lat="43.147" lon="19.12272">
        <ele>1481.7</ele>
      </trkpt>
      <trkpt lat="43.14741" lon="19.12319">
        <ele>1481.1</ele>
      </trkpt>
      <trkpt lat="43.14775" lon="19.12356">
        <ele>1483.3</ele>
      </trkpt>
      <trkpt lat="43.14837" lon="19.12416">
        <ele>1477.4</ele>
      </trkpt>
      <trkpt lat="43.149" lon="19.12476">
        <ele>1475.8</ele>
      </trkpt>
      <trkpt lat="43.14962" lon="19.12537">
        <ele>1472.5</ele>
      </trkpt>
      <trkpt lat="43.14976" lon="19.12552">
        <ele>1471.4</ele>
      </trkpt>
      <trkpt lat="43.15031" lon="19.12621">
        <ele>1463.9</ele>
      </trkpt>
      <trkpt lat="43.15043" lon="19.12637">
        <ele>1461.9</ele>
      </trkpt>
      <trkpt lat="43.15054" lon="19.12656">
        <ele>1459.2</ele>
      </trkpt>
      <trkpt lat="43.15076" lon="19.12697">
        <ele>1453.0</ele>
      </trkpt>
      <trkpt lat="43.15109" lon="19.1277">
        <ele>1444.3</ele>
      </trkpt>
      <trkpt lat="43.15141" lon="19.12843">
        <ele>1440.8</ele>
      </trkpt>
      <trkpt lat="43.15203" lon="19.12792">
        <ele>1443.3</ele>
      </trkpt>
      <trkpt lat="43.15265" lon="19.12741">
        <ele>1447.1</ele>
      </trkpt>
      <trkpt lat="43.15327" lon="19.1269">
        <ele>1447.4</ele>
      </trkpt>
      <trkpt lat="43.15375" lon="19.12653">
        <ele>1449.0</ele>
      </trkpt>
      <trkpt lat="43.15385" lon="19.12644">
        <ele>1449.3</ele>
      </trkpt>
      <trkpt lat="43.15402" lon="19.12626">
        <ele>1449.7</ele>
      </trkpt>
      <trkpt lat="43.15415" lon="19.12607">
        <ele>1449.8</ele>
      </trkpt>
      <trkpt lat="43.15427" lon="19.12584">
        <ele>1449.5</ele>
      </trkpt>
      <trkpt lat="43.15434" lon="19.12564">
        <ele>1449.6</ele>
      </trkpt>
      <trkpt lat="43.15441" lon="19.12538">
        <ele>1449.7</ele>
      </trkpt>
      <trkpt lat="43.15445" lon="19.12518">
        <ele>1449.7</ele>
      </trkpt>
      <trkpt lat="43.15457" lon="19.12405">
        <ele>1446.0</ele>
      </trkpt>
      <trkpt lat="43.15467" lon="19.12322">
        <ele>1445.4</ele>
      </trkpt>
      <trkpt lat="43.15476" lon="19.12239">
        <ele>1447.7</ele>
      </trkpt>
      <trkpt lat="43.15484" lon="19.12162">
        <ele>1448.6</ele>
      </trkpt>
      <trkpt lat="43.15496" lon="19.12092">
        <ele>1445.5</ele>
      </trkpt>
      <trkpt lat="43.15496" lon="19.12092">
        <ele>1445.5</ele>
      </trkpt>
      <trkpt lat="43.15484" lon="19.12162">
        <ele>1448.6</ele>
      </trkpt>
      <trkpt lat="43.15476" lon="19.12239">
        <ele>1447.7</ele>
      </trkpt>
      <trkpt lat="43.15467" lon="19.12322">
        <ele>1445.4</ele>
      </trkpt>
      <trkpt lat="43.15457" lon="19.12405">
        <ele>1446.0</ele>
      </trkpt>
      <trkpt lat="43.15445" lon="19.12518">
        <ele>1449.7</ele>
      </trkpt>
      <trkpt lat="43.15441" lon="19.12538">
        <ele>1449.7</ele>
      </trkpt>
      <trkpt lat="43.15434" lon="19.12564">
        <ele>1449.6</ele>
      </trkpt>
      <trkpt lat="43.15427" lon="19.12584">
        <ele>1449.5</ele>
      </trkpt>
      <trkpt lat="43.15415" lon="19.12607">
        <ele>1449.8</ele>
      </trkpt>
      <trkpt lat="43.15402" lon="19.12626">
        <ele>1449.7</ele>
      </trkpt>
      <trkpt lat="43.15385" lon="19.12644">
        <ele>1449.3</ele>
      </trkpt>
      <trkpt lat="43.15375" lon="19.12653">
        <ele>1449.0</ele>
      </trkpt>
      <trkpt lat="43.15327" lon="19.1269">
        <ele>1447.4</ele>
      </trkpt>
      <trkpt lat="43.15265" lon="19.12741">
        <ele>1447.1</ele>
      </trkpt>
      <trkpt lat="43.15203" lon="19.12792">
        <ele>1443.3</ele>
      </trkpt>
      <trkpt lat="43.15141" lon="19.12843">
        <ele>1440.8</ele>
      </trkpt>
      <trkpt lat="43.15109" lon="19.1277">
        <ele>1444.3</ele>
      </trkpt>
      <trkpt lat="43.15076" lon="19.12697">
        <ele>1453.0</ele>
      </trkpt>
      <trkpt lat="43.15054" lon="19.12656">
        <ele>1459.2</ele>
      </trkpt>
      <trkpt lat="43.15043" lon="19.12637">
        <ele>1461.9</ele>
      </trkpt>
      <trkpt lat="43.15031" lon="19.12621">
        <ele>1463.9</ele>
      </trkpt>
      <trkpt lat="43.14976" lon="19.12552">
        <ele>1471.4</ele>
      </trkpt>
      <trkpt lat="43.14962" lon="19.12537">
        <ele>1472.5</ele>
      </trkpt>
      <trkpt lat="43.149" lon="19.12476">
        <ele>1475.8</ele>
      </trkpt>
      <trkpt lat="43.14837" lon="19.12416">
        <ele>1477.4</ele>
      </trkpt>
      <trkpt lat="43.14775" lon="19.12356">
        <ele>1483.3</ele>
      </trkpt>
      <trkpt lat="43.14741" lon="19.12319">
        <ele>1481.1</ele>
      </trkpt>
      <trkpt lat="43.147" lon="19.12272">
        <ele>1481.7</ele>
      </trkpt>
      <trkpt lat="43.14685" lon="19.12259">
        <ele>1479.5</ele>
      </trkpt>
      <trkpt lat="43.1467" lon="19.12249">
        <ele>1476.7</ele>
      </trkpt>
      <trkpt lat="43.14656" lon="19.12242">
        <ele>1476.1</ele>
      </trkpt>
      <trkpt lat="43.14577" lon="19.12217">
        <ele>1472.3</ele>
      </trkpt>
      <trkpt lat="43.14499" lon="19.12193">
        <ele>1474.4</ele>
      </trkpt>
      <trkpt lat="43.14421" lon="19.12168">
        <ele>1476.9</ele>
      </trkpt>
      <trkpt lat="43.14343" lon="19.12143">
        <ele>1480.4</ele>
      </trkpt>
      <trkpt lat="43.14288" lon="19.12129">
        <ele>1483.1</ele>
      </trkpt>
      <trkpt lat="43.14268" lon="19.12124">
        <ele>1484.0</ele>
      </trkpt>
      <trkpt lat="43.14244" lon="19.1212">
        <ele>1484.7</ele>
      </trkpt>
      <trkpt lat="43.1418" lon="19.12115">
        <ele>1485.0</ele>
      </trkpt>
      <trkpt lat="43.14154" lon="19.12115">
        <ele>1484.8</ele>
      </trkpt>
      <trkpt lat="43.14083" lon="19.12122">
        <ele>1483.6</ele>
      </trkpt>
      <trkpt lat="43.14008" lon="19.12135">
        <ele>1479.0</ele>
      </trkpt>
      <trkpt lat="43.13933" lon="19.12149">
        <ele>1473.7</ele>
      </trkpt>
      <trkpt lat="43.13858" lon="19.12162">
        <ele>1470.0</ele>
      </trkpt>
      <trkpt lat="43.13818" lon="19.12171">
        <ele>1468.4</ele>
      </trkpt>
      <trkpt lat="43.13794" lon="19.12177">
        <ele>1467.5</ele>
      </trkpt>
      <trkpt lat="43.1377" lon="19.12184">
        <ele>1466.7</ele>
      </trkpt>
      <trkpt lat="43.13686" lon="19.12216">
        <ele>1464.3</ele>
      </trkpt>
      <trkpt lat="43.13601" lon="19.12247">
        <ele>1459.9</ele>
      </trkpt>
      <trkpt lat="43.13516" lon="19.12279">
        <ele>1458.7</ele>
      </trkpt>
      <trkpt lat="43.13432" lon="19.1231">
        <ele>1457.0</ele>
      </trkpt>
      <trkpt lat="43.13347" lon="19.12341">
        <ele>1458.9</ele>
      </trkpt>
      <trkpt lat="43.13262" lon="19.12373">
        <ele>1457.0</ele>
      </trkpt>
      <trkpt lat="43.13178" lon="19.12404">
        <ele>1454.4</ele>
      </trkpt>
      <trkpt lat="43.13156" lon="19.12414">
        <ele>1453.7</ele>
      </trkpt>
      <trkpt lat="43.13134" lon="19.12426">
        <ele>1453.3</ele>
      </trkpt>
      <trkpt lat="43.13112" lon="19.1244">
        <ele>1453.0</ele>
      </trkpt>
      <trkpt lat="43.13094" lon="19.12452">
        <ele>1452.7</ele>
      </trkpt>
      <trkpt lat="43.13042" lon="19.12492">
        <ele>1451.5</ele>
      </trkpt>
      <trkpt lat="43.12991" lon="19.12531">
        <ele>1449.6</ele>
      </trkpt>
      <trkpt lat="43.12973" lon="19.12543">
        <ele>1449.3</ele>
      </trkpt>
      <trkpt lat="43.12949" lon="19.12556">
        <ele>1449.1</ele>
      </trkpt>
      <trkpt lat="43.12927" lon="19.12565">
        <ele>1449.0</ele>
      </trkpt>
      <trkpt lat="43.12899" lon="19.12574">
        <ele>1449.6</ele>
      </trkpt>
      <trkpt lat="43.12874" lon="19.12578">
        <ele>1450.5</ele>
      </trkpt>
      <trkpt lat="43.1285" lon="19.12579">
        <ele>1451.3</ele>
      </trkpt>
      <trkpt lat="43.12822" lon="19.12577">
        <ele>1452.4</ele>
      </trkpt>
      <trkpt lat="43.12803" lon="19.12574">
        <ele>1453.3</ele>
      </trkpt>
      <trkpt lat="43.12785" lon="19.12569">
        <ele>1454.1</ele>
      </trkpt>
      <trkpt lat="43.12734" lon="19.1255">
        <ele>1455.9</ele>
      </trkpt>
      <trkpt lat="43.12675" lon="19.12525">
        <ele>1456.1</ele>
      </trkpt>
      <trkpt lat="43.12615" lon="19.12499">
        <ele>1456.8</ele>
      </trkpt>
      <trkpt lat="43.12556" lon="19.12473">
        <ele>1457.7</ele>
      </trkpt>
      <trkpt lat="43.12527" lon="19.12463">
        <ele>1457.8</ele>
      </trkpt>
      <trkpt lat="43.12503" lon="19.12456">
        <ele>1457.9</ele>
      </trkpt>
      <trkpt lat="43.12474" lon="19.12452">
        <ele>1457.6</ele>
      </trkpt>
      <trkpt lat="43.1245" lon="19.12451">
        <ele>1457.3</ele>
      </trkpt>
      <trkpt lat="43.12418" lon="19.12454">
        <ele>1457.0</ele>
      </trkpt>
      <trkpt lat="43.12342" lon="19.12467">
        <ele>1457.4</ele>
      </trkpt>
      <trkpt lat="43.12266" lon="19.12479">
        <ele>1457.0</ele>
      </trkpt>
      <trkpt lat="43.12215" lon="19.12486">
        <ele>1456.2</ele>
      </trkpt>
      <trkpt lat="43.12199" lon="19.12487">
        <ele>1455.9</ele>
      </trkpt>
      <trkpt lat="43.12179" lon="19.12486">
        <ele>1455.4</ele>
      </trkpt>
      <trkpt lat="43.1216" lon="19.12483">
        <ele>1455.3</ele>
      </trkpt>
      <trkpt lat="43.12135" lon="19.12476">
        <ele>1455.6</ele>
      </trkpt>
      <trkpt lat="43.12127" lon="19.12473">
        <ele>1455.6</ele>
      </trkpt>
      <trkpt lat="43.12115" lon="19.12519">
        <ele>1455.8</ele>
      </trkpt>
      <trkpt lat="43.12095" lon="19.12577">
        <ele>1456.7</ele>
      </trkpt>
      <trkpt lat="43.12058" lon="19.12671">
        <ele>1451.6</ele>
      </trkpt>
      <trkpt lat="43.12021" lon="19.12766">
        <ele>1449.0</ele>
      </trkpt>
      <trkpt lat="43.12015" lon="19.12776">
        <ele>1449.1</ele>
      </trkpt>
      <trkpt lat="43.1201" lon="19.12781">
        <ele>1449.0</ele>
      </trkpt>
      <trkpt lat="43.12003" lon="19.12787">
        <ele>1449.0</ele>
      </trkpt>
      <trkpt lat="43.11994" lon="19.12791">
        <ele>1449.1</ele>
      </trkpt>
      <trkpt lat="43.11989" lon="19.12792">
        <ele>1449.1</ele>
      </trkpt>
      <trkpt lat="43.11928" lon="19.12787">
        <ele>1449.8</ele>
      </trkpt>
      <trkpt lat="43.11867" lon="19.12782">
        <ele>1451.6</ele>
      </trkpt>
      <trkpt lat="43.11806" lon="19.12778">
        <ele>1453.4</ele>
      </trkpt>
      <trkpt lat="43.11746" lon="19.12773">
        <ele>1455.2</ele>
      </trkpt>
      <trkpt lat="43.11734" lon="19.12773">
        <ele>1455.7</ele>
      </trkpt>
      <trkpt lat="43.11734" lon="19.12773">
        <ele>1455.7</ele>
      </trkpt>
      <trkpt lat="43.11705" lon="19.12773">
        <ele>1457.0</ele>
      </trkpt>
      <trkpt lat="43.11631" lon="19.12774">
        <ele>1457.7</ele>
      </trkpt>
      <trkpt lat="43.11557" lon="19.12775">
        <ele>1456.7</ele>
      </trkpt>
      <trkpt lat="43.11544" lon="19.12773">
        <ele>1456.9</ele>
      </trkpt>
      <trkpt lat="43.11531" lon="19.12769">
        <ele>1457.0</ele>
      </trkpt>
      <trkpt lat="43.11466" lon="19.12734">
        <ele>1454.3</ele>
      </trkpt>
      <trkpt lat="43.114" lon="19.12699">
        <ele>1449.5</ele>
      </trkpt>
      <trkpt lat="43.11382" lon="19.12691">
        <ele>1448.6</ele>
      </trkpt>
      <trkpt lat="43.11363" lon="19.12687">
        <ele>1447.9</ele>
      </trkpt>
      <trkpt lat="43.11309" lon="19.12683">
        <ele>1446.6</ele>
      </trkpt>
      <trkpt lat="43.11255" lon="19.12679">
        <ele>1445.5</ele>
      </trkpt>
      <trkpt lat="43.11243" lon="19.12677">
        <ele>1445.2</ele>
      </trkpt>
      <trkpt lat="43.11232" lon="19.12672">
        <ele>1444.9</ele>
      </trkpt>
      <trkpt lat="43.11222" lon="19.12665">
        <ele>1444.7</ele>
      </trkpt>
      <trkpt lat="43.11209" lon="19.12654">
        <ele>1444.6</ele>
      </trkpt>
      <trkpt lat="43.11188" lon="19.12629">
        <ele>1444.6</ele>
      </trkpt>
      <trkpt lat="43.11177" lon="19.12618">
        <ele>1444.6</ele>
      </trkpt>
      <trkpt lat="43.11164" lon="19.12607">
        <ele>1444.6</ele>
      </trkpt>
      <trkpt lat="43.11148" lon="19.12597">
        <ele>1443.9</ele>
      </trkpt>
      <trkpt lat="43.11085" lon="19.12568">
        <ele>1442.0</ele>
      </trkpt>
      <trkpt lat="43.11029" lon="19.12542">
        <ele>1443.8</ele>
      </trkpt>
      <trkpt lat="43.10974" lon="19.12516">
        <ele>1444.6</ele>
      </trkpt>
      <trkpt lat="43.1092" lon="19.12494">
        <ele>1445.2</ele>
      </trkpt>
      <trkpt lat="43.10866" lon="19.12473">
        <ele>1444.8</ele>
      </trkpt>
      <trkpt lat="43.1083" lon="19.12461">
        <ele>1444.4</ele>
      </trkpt>
      <trkpt lat="43.10777" lon="19.12448">
        <ele>1444.6</ele>
      </trkpt>
      <trkpt lat="43.1071" lon="19.12425">
        <ele>1446.7</ele>
      </trkpt>
      <trkpt lat="43.10672" lon="19.1242">
        <ele>1447.8</ele>
      </trkpt>
      <trkpt lat="43.10646" lon="19.12419">
        <ele>1448.4</ele>
      </trkpt>
      <trkpt lat="43.10629" lon="19.12417">
        <ele>1448.9</ele>
      </trkpt>
      <trkpt lat="43.10597" lon="19.12403">
        <ele>1451.1</ele>
      </trkpt>
      <trkpt lat="43.10588" lon="19.12404">
        <ele>1451.2</ele>
      </trkpt>
      <trkpt lat="43.10581" lon="19.12414">
        <ele>1450.3</ele>
      </trkpt>
      <trkpt lat="43.10576" lon="19.12427">
        <ele>1449.1</ele>
      </trkpt>
      <trkpt lat="43.10572" lon="19.12447">
        <ele>1447.2</ele>
      </trkpt>
      <trkpt lat="43.10559" lon="19.12496">
        <ele>1441.9</ele>
      </trkpt>
      <trkpt lat="43.10554" lon="19.12507">
        <ele>1440.8</ele>
      </trkpt>
      <trkpt lat="43.10544" lon="19.12519">
        <ele>1439.8</ele>
      </trkpt>
      <trkpt lat="43.1048" lon="19.1254">
        <ele>1436.5</ele>
      </trkpt>
      <trkpt lat="43.10451" lon="19.12551">
        <ele>1434.7</ele>
      </trkpt>
      <trkpt lat="43.10439" lon="19.12561">
        <ele>1433.3</ele>
      </trkpt>
      <trkpt lat="43.10431" lon="19.12576">
        <ele>1431.4</ele>
      </trkpt>
      <trkpt lat="43.10415" lon="19.12622">
        <ele>1428.6</ele>
      </trkpt>
      <trkpt lat="43.104" lon="19.12676">
        <ele>1426.6</ele>
      </trkpt>
      <trkpt lat="43.10367" lon="19.12785">
        <ele>1424.5</ele>
      </trkpt>
      <trkpt lat="43.10358" lon="19.12807">
        <ele>1423.9</ele>
      </trkpt>
      <trkpt lat="43.10323" lon="19.12869">
        <ele>1422.3</ele>
      </trkpt>
      <trkpt lat="43.10287" lon="19.12931">
        <ele>1422.7</ele>
      </trkpt>
      <trkpt lat="43.10271" lon="19.12951">
        <ele>1423.3</ele>
      </trkpt>
      <trkpt lat="43.10254" lon="19.12966">
        <ele>1423.9</ele>
      </trkpt>
      <trkpt lat="43.1024" lon="19.12977">
        <ele>1424.2</ele>
      </trkpt>
      <trkpt lat="43.10203" lon="19.13003">
        <ele>1424.5</ele>
      </trkpt>
      <trkpt lat="43.10203" lon="19.13003">
        <ele>1424.5</ele>
      </trkpt>
      <trkpt lat="43.10175" lon="19.13022">
        <ele>1424.6</ele>
      </trkpt>
      <trkpt lat="43.10148" lon="19.13036">
        <ele>1425.0</ele>
      </trkpt>
      <trkpt lat="43.10131" lon="19.13042">
        <ele>1425.4</ele>
      </trkpt>
      <trkpt lat="43.10061" lon="19.13042">
        <ele>1427.7</ele>
      </trkpt>
      <trkpt lat="43.0999" lon="19.13042">
        <ele>1431.6</ele>
      </trkpt>
      <trkpt lat="43.09968" lon="19.13044">
        <ele>1432.8</ele>
      </trkpt>
      <trkpt lat="43.0992" lon="19.13067">
        <ele>1435.7</ele>
      </trkpt>
      <trkpt lat="43.09872" lon="19.1309">
        <ele>1436.6</ele>
      </trkpt>
      <trkpt lat="43.09855" lon="19.13093">
        <ele>1436.8</ele>
      </trkpt>
      <trkpt lat="43.0979" lon="19.13086">
        <ele>1435.4</ele>
      </trkpt>
      <trkpt lat="43.09724" lon="19.13079">
        <ele>1433.0</ele>
      </trkpt>
      <trkpt lat="43.09682" lon="19.13073">
        <ele>1431.5</ele>
      </trkpt>
      <trkpt lat="43.0967" lon="19.13068">
        <ele>1431.1</ele>
      </trkpt>
      <trkpt lat="43.09641" lon="19.13044">
        <ele>1431.4</ele>
      </trkpt>
      <trkpt lat="43.09617" lon="19.13021">
        <ele>1432.3</ele>
      </trkpt>
      <trkpt lat="43.09605" lon="19.13016">
        <ele>1432.8</ele>
      </trkpt>
      <trkpt lat="43.09585" lon="19.13003">
        <ele>1433.8</ele>
      </trkpt>
      <trkpt lat="43.09539" lon="19.1299">
        <ele>1436.4</ele>
      </trkpt>
      <trkpt lat="43.095" lon="19.12977">
        <ele>1440.0</ele>
      </trkpt>
      <trkpt lat="43.09473" lon="19.12975">
        <ele>1441.3</ele>
      </trkpt>
      <trkpt lat="43.09396" lon="19.12987">
        <ele>1441.3</ele>
      </trkpt>
      <trkpt lat="43.09375" lon="19.12994">
        <ele>1440.1</ele>
      </trkpt>
      <trkpt lat="43.09348" lon="19.13">
        <ele>1439.2</ele>
      </trkpt>
      <trkpt lat="43.09333" lon="19.13008">
        <ele>1439.0</ele>
      </trkpt>
      <trkpt lat="43.0932" lon="19.13027">
        <ele>1439.7</ele>
      </trkpt>
      <trkpt lat="43.09307" lon="19.13053">
        <ele>1440.4</ele>
      </trkpt>
      <trkpt lat="43.09282" lon="19.13113">
        <ele>1440.0</ele>
      </trkpt>
      <trkpt lat="43.09266" lon="19.13137">
        <ele>1439.3</ele>
      </trkpt>
      <trkpt lat="43.09242" lon="19.13159">
        <ele>1438.7</ele>
      </trkpt>
      <trkpt lat="43.09195" lon="19.13195">
        <ele>1437.6</ele>
      </trkpt>
      <trkpt lat="43.09149" lon="19.13231">
        <ele>1437.1</ele>
      </trkpt>
      <trkpt lat="43.09126" lon="19.13251">
        <ele>1436.0</ele>
      </trkpt>
      <trkpt lat="43.09057" lon="19.13305">
        <ele>1434.8</ele>
      </trkpt>
      <trkpt lat="43.08989" lon="19.1336">
        <ele>1433.1</ele>
      </trkpt>
      <trkpt lat="43.08921" lon="19.13415">
        <ele>1431.1</ele>
      </trkpt>
      <trkpt lat="43.08844" lon="19.13476">
        <ele>1430.8</ele>
      </trkpt>
      <trkpt lat="43.08766" lon="19.13538">
        <ele>1430.6</ele>
      </trkpt>
      <trkpt lat="43.08688" lon="19.13599">
        <ele>1430.1</ele>
      </trkpt>
      <trkpt lat="43.08611" lon="19.1366">
        <ele>1429.9</ele>
      </trkpt>
      <trkpt lat="43.08574" lon="19.13677">
        <ele>1429.1</ele>
      </trkpt>
      <trkpt lat="43.08502" lon="19.13709">
        <ele>1426.9</ele>
      </trkpt>
      <trkpt lat="43.08429" lon="19.1374">
        <ele>1425.8</ele>
      </trkpt>
      <trkpt lat="43.08384" lon="19.13776">
        <ele>1425.3</ele>
      </trkpt>
      <trkpt lat="43.0833" lon="19.13829">
        <ele>1425.2</ele>
      </trkpt>
      <trkpt lat="43.08271" lon="19.13889">
        <ele>1425.6</ele>
      </trkpt>
      <trkpt lat="43.08213" lon="19.13949">
        <ele>1427.6</ele>
      </trkpt>
      <trkpt lat="43.08154" lon="19.14009">
        <ele>1430.7</ele>
      </trkpt>
      <trkpt lat="43.08096" lon="19.14068">
        <ele>1432.0</ele>
      </trkpt>
      <trkpt lat="43.08037" lon="19.14128">
        <ele>1432.9</ele>
      </trkpt>
      <trkpt lat="43.07999" lon="19.14162">
        <ele>1435.6</ele>
      </trkpt>
      <trkpt lat="43.07937" lon="19.14179">
        <ele>1433.9</ele>
      </trkpt>
      <trkpt lat="43.07891" lon="19.14187">
        <ele>1433.2</ele>
      </trkpt>
      <trkpt lat="43.07844" lon="19.14196">
        <ele>1433.4</ele>
      </trkpt>
      <trkpt lat="43.07818" lon="19.14193">
        <ele>1433.6</ele>
      </trkpt>
      <trkpt lat="43.07756" lon="19.14178">
        <ele>1434.0</ele>
      </trkpt>
      <trkpt lat="43.07702" lon="19.14177">
        <ele>1435.6</ele>
      </trkpt>
      <trkpt lat="43.07649" lon="19.14176">
        <ele>1435.9</ele>
      </trkpt>
      <trkpt lat="43.07584" lon="19.14206">
        <ele>1438.2</ele>
      </trkpt>
      <trkpt lat="43.07519" lon="19.14236">
        <ele>1436.7</ele>
      </trkpt>
      <trkpt lat="43.07433" lon="19.14247">
        <ele>1431.8</ele>
      </trkpt>
      <trkpt lat="43.07347" lon="19.14258">
        <ele>1426.7</ele>
      </trkpt>
      <trkpt lat="43.07314" lon="19.14265">
        <ele>1426.5</ele>
      </trkpt>
      <trkpt lat="43.07275" lon="19.14268">
        <ele>1427.7</ele>
      </trkpt>
      <trkpt lat="43.07263" lon="19.14266">
        <ele>1428.2</ele>
      </trkpt>
      <trkpt lat="43.07232" lon="19.14248">
        <ele>1431.2</ele>
      </trkpt>
      <trkpt lat="43.07183" lon="19.14233">
        <ele>1437.2</ele>
      </trkpt>
      <trkpt lat="43.07178" lon="19.14229">
        <ele>1437.7</ele>
      </trkpt>
      <trkpt lat="43.07142" lon="19.14182">
        <ele>1437.8</ele>
      </trkpt>
      <trkpt lat="43.07101" lon="19.14126">
        <ele>1437.0</ele>
      </trkpt>
      <trkpt lat="43.07078" lon="19.14101">
        <ele>1436.7</ele>
      </trkpt>
      <trkpt lat="43.07055" lon="19.1408">
        <ele>1435.7</ele>
      </trkpt>
      <trkpt lat="43.07032" lon="19.14074">
        <ele>1434.0</ele>
      </trkpt>
      <trkpt lat="43.0696" lon="19.14073">
        <ele>1429.0</ele>
      </trkpt>
      <trkpt lat="43.06939" lon="19.14066">
        <ele>1428.1</ele>
      </trkpt>
      <trkpt lat="43.0692" lon="19.14051">
        <ele>1427.7</ele>
      </trkpt>
      <trkpt lat="43.06864" lon="19.1399">
        <ele>1429.9</ele>
      </trkpt>
      <trkpt lat="43.06808" lon="19.13929">
        <ele>1428.2</ele>
      </trkpt>
      <trkpt lat="43.06752" lon="19.13868">
        <ele>1424.7</ele>
      </trkpt>
      <trkpt lat="43.06712" lon="19.13824">
        <ele>1423.6</ele>
      </trkpt>
      <trkpt lat="43.06671" lon="19.13781">
        <ele>1426.6</ele>
      </trkpt>
      <trkpt lat="43.06665" lon="19.13776">
        <ele>1426.6</ele>
      </trkpt>
      <trkpt lat="43.06607" lon="19.13687">
        <ele>1427.2</ele>
      </trkpt>
      <trkpt lat="43.06599" lon="19.13671">
        <ele>1427.0</ele>
      </trkpt>
      <trkpt lat="43.06571" lon="19.13598">
        <ele>1429.6</ele>
      </trkpt>
      <trkpt lat="43.06555" lon="19.13564">
        <ele>1431.7</ele>
      </trkpt>
      <trkpt lat="43.06552" lon="19.13558">
        <ele>1432.0</ele>
      </trkpt>
      <trkpt lat="43.0653" lon="19.13546">
        <ele>1431.9</ele>
      </trkpt>
      <trkpt lat="43.06486" lon="19.13528">
        <ele>1431.0</ele>
      </trkpt>
      <trkpt lat="43.06439" lon="19.13512">
        <ele>1430.4</ele>
      </trkpt>
      <trkpt lat="43.06393" lon="19.13497">
        <ele>1429.0</ele>
      </trkpt>
      <trkpt lat="43.06348" lon="19.13478">
        <ele>1427.2</ele>
      </trkpt>
      <trkpt lat="43.06338" lon="19.13464">
        <ele>1426.8</ele>
      </trkpt>
      <trkpt lat="43.06314" lon="19.13422">
        <ele>1425.3</ele>
      </trkpt>
      <trkpt lat="43.06287" lon="19.13388">
        <ele>1424.7</ele>
      </trkpt>
      <trkpt lat="43.0628" lon="19.13375">
        <ele>1424.5</ele>
      </trkpt>
      <trkpt lat="43.06277" lon="19.13364">
        <ele>1424.5</ele>
      </trkpt>
      <trkpt lat="43.06275" lon="19.13336">
        <ele>1425.4</ele>
      </trkpt>
      <trkpt lat="43.06274" lon="19.13326">
        <ele>1425.7</ele>
      </trkpt>
      <trkpt lat="43.06262" lon="19.13309">
        <ele>1424.5</ele>
      </trkpt>
      <trkpt lat="43.06223" lon="19.13276">
        <ele>1421.7</ele>
      </trkpt>
      <trkpt lat="43.06184" lon="19.13244">
        <ele>1419.2</ele>
      </trkpt>
      <trkpt lat="43.06126" lon="19.13216">
        <ele>1416.4</ele>
      </trkpt>
      <trkpt lat="43.06088" lon="19.13203">
        <ele>1413.5</ele>
      </trkpt>
      <trkpt lat="43.06076" lon="19.13202">
        <ele>1412.5</ele>
      </trkpt>
      <trkpt lat="43.06068" lon="19.13206">
        <ele>1412.2</ele>
      </trkpt>
      <trkpt lat="43.06049" lon="19.13226">
        <ele>1412.1</ele>
      </trkpt>
      <trkpt lat="43.0604" lon="19.13237">
        <ele>1412.4</ele>
      </trkpt>
      <trkpt lat="43.05984" lon="19.13253">
        <ele>1409.3</ele>
      </trkpt>
      <trkpt lat="43.05929" lon="19.1327">
        <ele>1403.9</ele>
      </trkpt>
      <trkpt lat="43.05929" lon="19.1327">
        <ele>1403.9</ele>
      </trkpt>
      <trkpt lat="43.05909" lon="19.13274">
        <ele>1402.3</ele>
      </trkpt>
      <trkpt lat="43.0586" lon="19.13264">
        <ele>1398.9</ele>
      </trkpt>
      <trkpt lat="43.0581" lon="19.13255">
        <ele>1396.6</ele>
      </trkpt>
      <trkpt lat="43.05786" lon="19.13256">
        <ele>1396.0</ele>
      </trkpt>
      <trkpt lat="43.05736" lon="19.13263">
        <ele>1395.8</ele>
      </trkpt>
      <trkpt lat="43.05686" lon="19.1327">
        <ele>1397.1</ele>
      </trkpt>
      <trkpt lat="43.05627" lon="19.13302">
        <ele>1396.6</ele>
      </trkpt>
      <trkpt lat="43.05568" lon="19.13334">
        <ele>1393.8</ele>
      </trkpt>
      <trkpt lat="43.05504" lon="19.13352">
        <ele>1392.4</ele>
      </trkpt>
      <trkpt lat="43.0544" lon="19.1337">
        <ele>1392.5</ele>
      </trkpt>
      <trkpt lat="43.05418" lon="19.13378">
        <ele>1392.3</ele>
      </trkpt>
      <trkpt lat="43.05385" lon="19.13386">
        <ele>1390.2</ele>
      </trkpt>
      <trkpt lat="43.05328" lon="19.13386">
        <ele>1387.3</ele>
      </trkpt>
      <trkpt lat="43.05279" lon="19.13396">
        <ele>1385.2</ele>
      </trkpt>
      <trkpt lat="43.05242" lon="19.13405">
        <ele>1383.6</ele>
      </trkpt>
      <trkpt lat="43.0522" lon="19.13405">
        <ele>1383.3</ele>
      </trkpt>
      <trkpt lat="43.05209" lon="19.13408">
        <ele>1383.0</ele>
      </trkpt>
      <trkpt lat="43.0519" lon="19.13422">
        <ele>1381.9</ele>
      </trkpt>
      <trkpt lat="43.0516" lon="19.13427">
        <ele>1381.4</ele>
      </trkpt>
      <trkpt lat="43.05121" lon="19.13436">
        <ele>1381.7</ele>
      </trkpt>
      <trkpt lat="43.0511" lon="19.1344">
        <ele>1381.7</ele>
      </trkpt>
      <trkpt lat="43.05105" lon="19.13444">
        <ele>1381.5</ele>
      </trkpt>
      <trkpt lat="43.05097" lon="19.13461">
        <ele>1380.5</ele>
      </trkpt>
      <trkpt lat="43.05089" lon="19.13487">
        <ele>1378.8</ele>
      </trkpt>
      <trkpt lat="43.05084" lon="19.13509">
        <ele>1378.5</ele>
      </trkpt>
      <trkpt lat="43.05079" lon="19.13514">
        <ele>1378.9</ele>
      </trkpt>
      <trkpt lat="43.05066" lon="19.13519">
        <ele>1379.7</ele>
      </trkpt>
      <trkpt lat="43.05014" lon="19.13499">
        <ele>1378.1</ele>
      </trkpt>
      <trkpt lat="43.04962" lon="19.1348">
        <ele>1377.4</ele>
      </trkpt>
      <trkpt lat="43.0491" lon="19.13478">
        <ele>1375.0</ele>
      </trkpt>
      <trkpt lat="43.04867" lon="19.13493">
        <ele>1372.6</ele>
      </trkpt>
      <trkpt lat="43.04855" lon="19.13492">
        <ele>1372.4</ele>
      </trkpt>
      <trkpt lat="43.04787" lon="19.13474">
        <ele>1372.2</ele>
      </trkpt>
      <trkpt lat="43.04701" lon="19.13468">
        <ele>1368.6</ele>
      </trkpt>
      <trkpt lat="43.04692" lon="19.1347">
        <ele>1367.7</ele>
      </trkpt>
      <trkpt lat="43.04662" lon="19.13491">
        <ele>1362.6</ele>
      </trkpt>
      <trkpt lat="43.04652" lon="19.13504">
        <ele>1361.1</ele>
      </trkpt>
      <trkpt lat="43.04614" lon="19.13579">
        <ele>1356.7</ele>
      </trkpt>
      <trkpt lat="43.046" lon="19.13595">
        <ele>1357.2</ele>
      </trkpt>
      <trkpt lat="43.04561" lon="19.13629">
        <ele>1357.1</ele>
      </trkpt>
      <trkpt lat="43.04561" lon="19.13629">
        <ele>1357.1</ele>
      </trkpt>
      <trkpt lat="43.04509" lon="19.13666">
        <ele>1351.1</ele>
      </trkpt>
      <trkpt lat="43.04463" lon="19.1369">
        <ele>1352.7</ele>
      </trkpt>
      <trkpt lat="43.04417" lon="19.13715">
        <ele>1350.1</ele>
      </trkpt>
      <trkpt lat="43.044" lon="19.1373">
        <ele>1347.7</ele>
      </trkpt>
      <trkpt lat="43.04381" lon="19.13756">
        <ele>1345.1</ele>
      </trkpt>
      <trkpt lat="43.04365" lon="19.13781">
        <ele>1345.2</ele>
      </trkpt>
      <trkpt lat="43.04345" lon="19.13796">
        <ele>1343.0</ele>
      </trkpt>
      <trkpt lat="43.04297" lon="19.13821">
        <ele>1341.9</ele>
      </trkpt>
      <trkpt lat="43.04285" lon="19.13821">
        <ele>1341.9</ele>
      </trkpt>
      <trkpt lat="43.04271" lon="19.1382">
        <ele>1341.9</ele>
      </trkpt>
      <trkpt lat="43.04218" lon="19.13791">
        <ele>1337.4</ele>
      </trkpt>
      <trkpt lat="43.04207" lon="19.1379">
        <ele>1337.2</ele>
      </trkpt>
      <trkpt lat="43.04143" lon="19.13777">
        <ele>1332.7</ele>
      </trkpt>
      <trkpt lat="43.0411" lon="19.13764">
        <ele>1328.3</ele>
      </trkpt>
      <trkpt lat="43.04092" lon="19.13759">
        <ele>1326.6</ele>
      </trkpt>
      <trkpt lat="43.04075" lon="19.1376">
        <ele>1325.2</ele>
      </trkpt>
      <trkpt lat="43.04041" lon="19.13777">
        <ele>1323.3</ele>
      </trkpt>
      <trkpt lat="43.04005" lon="19.13801">
        <ele>1322.3</ele>
      </trkpt>
      <trkpt lat="43.03971" lon="19.13831">
        <ele>1323.3</ele>
      </trkpt>
      <trkpt lat="43.03929" lon="19.13869">
        <ele>1325.5</ele>
      </trkpt>
      <trkpt lat="43.03888" lon="19.13907">
        <ele>1325.8</ele>
      </trkpt>
      <trkpt lat="43.03853" lon="19.13934">
        <ele>1323.6</ele>
      </trkpt>
      <trkpt lat="43.03806" lon="19.13962">
        <ele>1322.1</ele>
      </trkpt>
      <trkpt lat="43.03756" lon="19.13993">
        <ele>1320.3</ele>
      </trkpt>
      <trkpt lat="43.03707" lon="19.14025">
        <ele>1319.9</ele>
      </trkpt>
      <trkpt lat="43.03652" lon="19.14059">
        <ele>1319.5</ele>
      </trkpt>
      <trkpt lat="43.03575" lon="19.1411">
        <ele>1318.9</ele>
      </trkpt>
      <trkpt lat="43.0351" lon="19.14155">
        <ele>1318.3</ele>
      </trkpt>
      <trkpt lat="43.03469" lon="19.14182">
        <ele>1319.0</ele>
      </trkpt>
      <trkpt lat="43.0341" lon="19.1422">
        <ele>1318.9</ele>
      </trkpt>
      <trkpt lat="43.0341" lon="19.1422">
        <ele>1318.9</ele>
      </trkpt>
      <trkpt lat="43.03363" lon="19.14253">
        <ele>1318.4</ele>
      </trkpt>
      <trkpt lat="43.03306" lon="19.14303">
        <ele>1318.3</ele>
      </trkpt>
      <trkpt lat="43.03293" lon="19.14312">
        <ele>1318.3</ele>
      </trkpt>
      <trkpt lat="43.03254" lon="19.1431">
        <ele>1315.2</ele>
      </trkpt>
      <trkpt lat="43.03236" lon="19.14317">
        <ele>1312.6</ele>
      </trkpt>
      <trkpt lat="43.03225" lon="19.14327">
        <ele>1311.2</ele>
      </trkpt>
      <trkpt lat="43.03211" lon="19.14355">
        <ele>1311.9</ele>
      </trkpt>
      <trkpt lat="43.03204" lon="19.14378">
        <ele>1313.6</ele>
      </trkpt>
      <trkpt lat="43.032" lon="19.14419">
        <ele>1318.6</ele>
      </trkpt>
      <trkpt lat="43.03193" lon="19.14453">
        <ele>1319.3</ele>
      </trkpt>
      <trkpt lat="43.03164" lon="19.14548">
        <ele>1315.3</ele>
      </trkpt>
      <trkpt lat="43.03157" lon="19.14561">
        <ele>1315.7</ele>
      </trkpt>
      <trkpt lat="43.03148" lon="19.14569">
        <ele>1315.7</ele>
      </trkpt>
      <trkpt lat="43.03131" lon="19.14569">
        <ele>1314.6</ele>
      </trkpt>
      <trkpt lat="43.03116" lon="19.14573">
        <ele>1314.0</ele>
      </trkpt>
      <trkpt lat="43.03078" lon="19.14608">
        <ele>1315.8</ele>
      </trkpt>
      <trkpt lat="43.03054" lon="19.14624">
        <ele>1319.8</ele>
      </trkpt>
      <trkpt lat="43.03036" lon="19.14634">
        <ele>1322.0</ele>
      </trkpt>
      <trkpt lat="43.03023" lon="19.14655">
        <ele>1323.0</ele>
      </trkpt>
      <trkpt lat="43.03015" lon="19.14682">
        <ele>1322.9</ele>
      </trkpt>
      <trkpt lat="43.03013" lon="19.14706">
        <ele>1322.2</ele>
      </trkpt>
      <trkpt lat="43.03006" lon="19.14745">
        <ele>1320.1</ele>
      </trkpt>
      <trkpt lat="43.02994" lon="19.14783">
        <ele>1318.9</ele>
      </trkpt>
      <trkpt lat="43.02987" lon="19.14795">
        <ele>1318.7</ele>
      </trkpt>
      <trkpt lat="43.02968" lon="19.14818">
        <ele>1316.8</ele>
      </trkpt>
      <trkpt lat="43.02959" lon="19.14825">
        <ele>1315.6</ele>
      </trkpt>
      <trkpt lat="43.02949" lon="19.14835">
        <ele>1313.8</ele>
      </trkpt>
      <trkpt lat="43.02939" lon="19.1485">
        <ele>1313.2</ele>
      </trkpt>
      <trkpt lat="43.02916" lon="19.14907">
        <ele>1310.1</ele>
      </trkpt>
      <trkpt lat="43.02908" lon="19.14919">
        <ele>1309.3</ele>
      </trkpt>
      <trkpt lat="43.02899" lon="19.1493">
        <ele>1309.2</ele>
      </trkpt>
      <trkpt lat="43.02856" lon="19.14961">
        <ele>1306.8</ele>
      </trkpt>
      <trkpt lat="43.02813" lon="19.14992">
        <ele>1303.3</ele>
      </trkpt>
      <trkpt lat="43.02797" lon="19.15">
        <ele>1301.3</ele>
      </trkpt>
      <trkpt lat="43.02764" lon="19.15005">
        <ele>1297.8</ele>
      </trkpt>
      <trkpt lat="43.02729" lon="19.15007">
        <ele>1291.0</ele>
      </trkpt>
      <trkpt lat="43.02725" lon="19.1501">
        <ele>1290.8</ele>
      </trkpt>
      <trkpt lat="43.02714" lon="19.15022">
        <ele>1291.0</ele>
      </trkpt>
      <trkpt lat="43.02677" lon="19.15087">
        <ele>1292.3</ele>
      </trkpt>
      <trkpt lat="43.02663" lon="19.15109">
        <ele>1292.4</ele>
      </trkpt>
      <trkpt lat="43.02628" lon="19.15154">
        <ele>1290.0</ele>
      </trkpt>
      <trkpt lat="43.02611" lon="19.15177">
        <ele>1287.7</ele>
      </trkpt>
      <trkpt lat="43.02563" lon="19.15279">
        <ele>1283.9</ele>
      </trkpt>
      <trkpt lat="43.0256" lon="19.15291">
        <ele>1283.6</ele>
      </trkpt>
      <trkpt lat="43.02558" lon="19.15363">
        <ele>1285.9</ele>
      </trkpt>
      <trkpt lat="43.02558" lon="19.15372">
        <ele>1286.1</ele>
      </trkpt>
      <trkpt lat="43.02554" lon="19.15382">
        <ele>1285.0</ele>
      </trkpt>
      <trkpt lat="43.02541" lon="19.15403">
        <ele>1281.5</ele>
      </trkpt>
      <trkpt lat="43.02495" lon="19.15465">
        <ele>1273.4</ele>
      </trkpt>
      <trkpt lat="43.02475" lon="19.15481">
        <ele>1272.1</ele>
      </trkpt>
      <trkpt lat="43.02462" lon="19.15483">
        <ele>1270.6</ele>
      </trkpt>
      <trkpt lat="43.02409" lon="19.15489">
        <ele>1264.3</ele>
      </trkpt>
      <trkpt lat="43.02394" lon="19.15488">
        <ele>1262.7</ele>
      </trkpt>
      <trkpt lat="43.02382" lon="19.15481">
        <ele>1261.2</ele>
      </trkpt>
      <trkpt lat="43.02365" lon="19.1547">
        <ele>1259.5</ele>
      </trkpt>
      <trkpt lat="43.02353" lon="19.15467">
        <ele>1258.6</ele>
      </trkpt>
      <trkpt lat="43.02346" lon="19.15471">
        <ele>1258.0</ele>
      </trkpt>
      <trkpt lat="43.02341" lon="19.15476">
        <ele>1257.5</ele>
      </trkpt>
      <trkpt lat="43.02338" lon="19.15489">
        <ele>1256.9</ele>
      </trkpt>
      <trkpt lat="43.02335" lon="19.15524">
        <ele>1256.6</ele>
      </trkpt>
      <trkpt lat="43.02329" lon="19.15563">
        <ele>1257.4</ele>
      </trkpt>
      <trkpt lat="43.02327" lon="19.15591">
        <ele>1257.6</ele>
      </trkpt>
      <trkpt lat="43.02328" lon="19.15645">
        <ele>1256.4</ele>
      </trkpt>
      <trkpt lat="43.02327" lon="19.1567">
        <ele>1256.0</ele>
      </trkpt>
      <trkpt lat="43.02326" lon="19.15686">
        <ele>1256.6</ele>
      </trkpt>
      <trkpt lat="43.02307" lon="19.15738">
        <ele>1255.9</ele>
      </trkpt>
      <trkpt lat="43.02302" lon="19.15766">
        <ele>1255.6</ele>
      </trkpt>
      <trkpt lat="43.02298" lon="19.15808">
        <ele>1256.2</ele>
      </trkpt>
      <trkpt lat="43.02292" lon="19.15857">
        <ele>1255.3</ele>
      </trkpt>
      <trkpt lat="43.02292" lon="19.15857">
        <ele>1255.3</ele>
      </trkpt>
      <trkpt lat="43.02283" lon="19.1592">
        <ele>1252.1</ele>
      </trkpt>
      <trkpt lat="43.0228" lon="19.15929">
        <ele>1251.8</ele>
      </trkpt>
      <trkpt lat="43.02275" lon="19.15938">
        <ele>1250.9</ele>
      </trkpt>
      <trkpt lat="43.02263" lon="19.15952">
        <ele>1248.5</ele>
      </trkpt>
      <trkpt lat="43.02245" lon="19.15966">
        <ele>1245.9</ele>
      </trkpt>
      <trkpt lat="43.02225" lon="19.15986">
        <ele>1245.8</ele>
      </trkpt>
      <trkpt lat="43.02218" lon="19.16006">
        <ele>1246.0</ele>
      </trkpt>
      <trkpt lat="43.02209" lon="19.16037">
        <ele>1245.3</ele>
      </trkpt>
      <trkpt lat="43.02207" lon="19.16059">
        <ele>1245.1</ele>
      </trkpt>
      <trkpt lat="43.02198" lon="19.16092">
        <ele>1244.6</ele>
      </trkpt>
      <trkpt lat="43.02184" lon="19.16116">
        <ele>1244.7</ele>
      </trkpt>
      <trkpt lat="43.02144" lon="19.16176">
        <ele>1246.8</ele>
      </trkpt>
      <trkpt lat="43.02124" lon="19.16189">
        <ele>1247.1</ele>
      </trkpt>
      <trkpt lat="43.02102" lon="19.16198">
        <ele>1246.7</ele>
      </trkpt>
      <trkpt lat="43.02066" lon="19.16195">
        <ele>1244.1</ele>
      </trkpt>
      <trkpt lat="43.02053" lon="19.16199">
        <ele>1244.1</ele>
      </trkpt>
      <trkpt lat="43.02028" lon="19.16229">
        <ele>1247.6</ele>
      </trkpt>
      <trkpt lat="43.02023" lon="19.16232">
        <ele>1247.9</ele>
      </trkpt>
      <trkpt lat="43.02007" lon="19.16237">
        <ele>1248.2</ele>
      </trkpt>
      <trkpt lat="43.01989" lon="19.16235">
        <ele>1246.7</ele>
      </trkpt>
      <trkpt lat="43.01959" lon="19.16238">
        <ele>1244.3</ele>
      </trkpt>
      <trkpt lat="43.01945" lon="19.16242">
        <ele>1243.3</ele>
      </trkpt>
      <trkpt lat="43.01906" lon="19.16274">
        <ele>1241.7</ele>
      </trkpt>
      <trkpt lat="43.01867" lon="19.16307">
        <ele>1238.8</ele>
      </trkpt>
      <trkpt lat="43.01826" lon="19.16365">
        <ele>1238.0</ele>
      </trkpt>
      <trkpt lat="43.01818" lon="19.16378">
        <ele>1238.3</ele>
      </trkpt>
      <trkpt lat="43.01784" lon="19.16456">
        <ele>1236.0</ele>
      </trkpt>
      <trkpt lat="43.01779" lon="19.16467">
        <ele>1235.6</ele>
      </trkpt>
      <trkpt lat="43.01765" lon="19.16487">
        <ele>1234.4</ele>
      </trkpt>
      <trkpt lat="43.01755" lon="19.16496">
        <ele>1233.5</ele>
      </trkpt>
      <trkpt lat="43.01726" lon="19.16511">
        <ele>1232.8</ele>
      </trkpt>
      <trkpt lat="43.01705" lon="19.1652">
        <ele>1232.2</ele>
      </trkpt>
      <trkpt lat="43.01656" lon="19.16552">
        <ele>1230.1</ele>
      </trkpt>
      <trkpt lat="43.01621" lon="19.1658">
        <ele>1227.4</ele>
      </trkpt>
      <trkpt lat="43.0161" lon="19.16593">
        <ele>1226.9</ele>
      </trkpt>
      <trkpt lat="43.01599" lon="19.1661">
        <ele>1226.5</ele>
      </trkpt>
      <trkpt lat="43.01579" lon="19.16685">
        <ele>1228.5</ele>
      </trkpt>
      <trkpt lat="43.01572" lon="19.16703">
        <ele>1229.5</ele>
      </trkpt>
      <trkpt lat="43.01537" lon="19.1675">
        <ele>1228.2</ele>
      </trkpt>
      <trkpt lat="43.01523" lon="19.16765">
        <ele>1231.2</ele>
      </trkpt>
      <trkpt lat="43.01494" lon="19.16791">
        <ele>1234.8</ele>
      </trkpt>
      <trkpt lat="43.01478" lon="19.16803">
        <ele>1235.3</ele>
      </trkpt>
      <trkpt lat="43.01463" lon="19.16812">
        <ele>1234.3</ele>
      </trkpt>
      <trkpt lat="43.01428" lon="19.16821">
        <ele>1227.6</ele>
      </trkpt>
      <trkpt lat="43.01415" lon="19.16827">
        <ele>1225.1</ele>
      </trkpt>
      <trkpt lat="43.01362" lon="19.1687">
        <ele>1224.4</ele>
      </trkpt>
      <trkpt lat="43.01348" lon="19.16884">
        <ele>1222.6</ele>
      </trkpt>
      <trkpt lat="43.01317" lon="19.16944">
        <ele>1222.2</ele>
      </trkpt>
      <trkpt lat="43.01303" lon="19.16965">
        <ele>1222.5</ele>
      </trkpt>
      <trkpt lat="43.01295" lon="19.16975">
        <ele>1222.4</ele>
      </trkpt>
      <trkpt lat="43.01236" lon="19.17016">
        <ele>1218.1</ele>
      </trkpt>
      <trkpt lat="43.01177" lon="19.17057">
        <ele>1219.1</ele>
      </trkpt>
      <trkpt lat="43.01118" lon="19.17098">
        <ele>1216.6</ele>
      </trkpt>
      <trkpt lat="43.01104" lon="19.17114">
        <ele>1215.0</ele>
      </trkpt>
      <trkpt lat="43.01096" lon="19.17133">
        <ele>1213.9</ele>
      </trkpt>
      <trkpt lat="43.01092" lon="19.17151">
        <ele>1213.3</ele>
      </trkpt>
      <trkpt lat="43.01086" lon="19.17256">
        <ele>1219.9</ele>
      </trkpt>
      <trkpt lat="43.01081" lon="19.17275">
        <ele>1222.6</ele>
      </trkpt>
      <trkpt lat="43.01073" lon="19.17289">
        <ele>1224.3</ele>
      </trkpt>
      <trkpt lat="43.01045" lon="19.17322">
        <ele>1227.0</ele>
      </trkpt>
      <trkpt lat="43.01029" lon="19.1733">
        <ele>1226.3</ele>
      </trkpt>
      <trkpt lat="43.00989" lon="19.17342">
        <ele>1224.1</ele>
      </trkpt>
      <trkpt lat="43.00962" lon="19.17356">
        <ele>1224.1</ele>
      </trkpt>
      <trkpt lat="43.00947" lon="19.17372">
        <ele>1224.2</ele>
      </trkpt>
      <trkpt lat="43.00903" lon="19.1743">
        <ele>1224.0</ele>
      </trkpt>
      <trkpt lat="43.00856" lon="19.17499">
        <ele>1229.8</ele>
      </trkpt>
      <trkpt lat="43.00845" lon="19.17506">
        <ele>1228.9</ele>
      </trkpt>
      <trkpt lat="43.00815" lon="19.17503">
        <ele>1223.3</ele>
      </trkpt>
      <trkpt lat="43.00741" lon="19.17519">
        <ele>1222.7</ele>
      </trkpt>
      <trkpt lat="43.00724" lon="19.17526">
        <ele>1223.1</ele>
      </trkpt>
      <trkpt lat="43.0069" lon="19.17544">
        <ele>1223.2</ele>
      </trkpt>
      <trkpt lat="43.00622" lon="19.17575">
        <ele>1215.0</ele>
      </trkpt>
      <trkpt lat="43.00567" lon="19.17604">
        <ele>1211.0</ele>
      </trkpt>
      <trkpt lat="43.005" lon="19.17622">
        <ele>1208.0</ele>
      </trkpt>
      <trkpt lat="43.00457" lon="19.1764">
        <ele>1207.9</ele>
      </trkpt>
      <trkpt lat="43.00414" lon="19.17658">
        <ele>1203.2</ele>
      </trkpt>
      <trkpt lat="43.00372" lon="19.17684">
        <ele>1203.2</ele>
      </trkpt>
      <trkpt lat="43.00331" lon="19.17709">
        <ele>1203.1</ele>
      </trkpt>
      <trkpt lat="43.00271" lon="19.17739">
        <ele>1203.6</ele>
      </trkpt>
      <trkpt lat="43.00211" lon="19.17769">
        <ele>1202.0</ele>
      </trkpt>
      <trkpt lat="43.00136" lon="19.17801">
        <ele>1196.0</ele>
      </trkpt>
      <trkpt lat="43.0011" lon="19.17825">
        <ele>1194.7</ele>
      </trkpt>
      <trkpt lat="43.00076" lon="19.17839">
        <ele>1189.8</ele>
      </trkpt>
      <trkpt lat="43.00063" lon="19.17858">
        <ele>1189.6</ele>
      </trkpt>
      <trkpt lat="43.0006" lon="19.17868">
        <ele>1189.7</ele>
      </trkpt>
      <trkpt lat="43.00058" lon="19.1788">
        <ele>1190.0</ele>
      </trkpt>
      <trkpt lat="43.00057" lon="19.17937">
        <ele>1196.4</ele>
      </trkpt>
      <trkpt lat="43.00055" lon="19.1795">
        <ele>1199.1</ele>
      </trkpt>
      <trkpt lat="43.00045" lon="19.17967">
        <ele>1200.9</ele>
      </trkpt>
      <trkpt lat="43.00038" lon="19.17973">
        <ele>1200.7</ele>
      </trkpt>
      <trkpt lat="43.00026" lon="19.17974">
        <ele>1198.2</ele>
      </trkpt>
      <trkpt lat="43.00003" lon="19.17972">
        <ele>1192.6</ele>
      </trkpt>
      <trkpt lat="42.99984" lon="19.17973">
        <ele>1190.3</ele>
      </trkpt>
      <trkpt lat="42.99973" lon="19.17974">
        <ele>1189.2</ele>
      </trkpt>
      <trkpt lat="42.99963" lon="19.1798">
        <ele>1188.8</ele>
      </trkpt>
      <trkpt lat="42.99936" lon="19.18007">
        <ele>1189.1</ele>
      </trkpt>
      <trkpt lat="42.99922" lon="19.18019">
        <ele>1190.3</ele>
      </trkpt>
      <trkpt lat="42.99871" lon="19.18034">
        <ele>1187.4</ele>
      </trkpt>
      <trkpt lat="42.99837" lon="19.18061">
        <ele>1190.8</ele>
      </trkpt>
      <trkpt lat="42.99789" lon="19.18085">
        <ele>1191.6</ele>
      </trkpt>
      <trkpt lat="42.99771" lon="19.18091">
        <ele>1191.0</ele>
      </trkpt>
      <trkpt lat="42.9974" lon="19.18089">
        <ele>1186.8</ele>
      </trkpt>
      <trkpt lat="42.9973" lon="19.18089">
        <ele>1186.1</ele>
      </trkpt>
      <trkpt lat="42.99701" lon="19.181">
        <ele>1186.8</ele>
      </trkpt>
      <trkpt lat="42.99691" lon="19.181">
        <ele>1186.1</ele>
      </trkpt>
      <trkpt lat="42.9966" lon="19.18092">
        <ele>1181.7</ele>
      </trkpt>
      <trkpt lat="42.99622" lon="19.18091">
        <ele>1178.4</ele>
      </trkpt>
      <trkpt lat="42.99597" lon="19.18111">
        <ele>1180.0</ele>
      </trkpt>
      <trkpt lat="42.99572" lon="19.18141">
        <ele>1182.1</ele>
      </trkpt>
      <trkpt lat="42.99531" lon="19.18176">
        <ele>1180.5</ele>
      </trkpt>
      <trkpt lat="42.9949" lon="19.18212">
        <ele>1180.1</ele>
      </trkpt>
      <trkpt lat="42.99456" lon="19.18255">
        <ele>1184.4</ele>
      </trkpt>
      <trkpt lat="42.99448" lon="19.18262">
        <ele>1185.3</ele>
      </trkpt>
      <trkpt lat="42.99415" lon="19.18274">
        <ele>1184.9</ele>
      </trkpt>
      <trkpt lat="42.99408" lon="19.18274">
        <ele>1184.6</ele>
      </trkpt>
      <trkpt lat="42.99382" lon="19.18269">
        <ele>1182.3</ele>
      </trkpt>
      <trkpt lat="42.99372" lon="19.18269">
        <ele>1181.8</ele>
      </trkpt>
      <trkpt lat="42.99332" lon="19.18282">
        <ele>1181.5</ele>
      </trkpt>
      <trkpt lat="42.99301" lon="19.18291">
        <ele>1179.8</ele>
      </trkpt>
      <trkpt lat="42.99251" lon="19.18297">
        <ele>1175.7</ele>
      </trkpt>
      <trkpt lat="42.99227" lon="19.1831">
        <ele>1173.8</ele>
      </trkpt>
      <trkpt lat="42.9922" lon="19.18316">
        <ele>1173.5</ele>
      </trkpt>
      <trkpt lat="42.992" lon="19.1835">
        <ele>1175.6</ele>
      </trkpt>
      <trkpt lat="42.99193" lon="19.18368">
        <ele>1178.2</ele>
      </trkpt>
      <trkpt lat="42.99172" lon="19.18385">
        <ele>1178.9</ele>
      </trkpt>
      <trkpt lat="42.99134" lon="19.1839">
        <ele>1174.1</ele>
      </trkpt>
      <trkpt lat="42.99118" lon="19.184">
        <ele>1173.6</ele>
      </trkpt>
      <trkpt lat="42.9908" lon="19.18437">
        <ele>1174.1</ele>
      </trkpt>
      <trkpt lat="42.99042" lon="19.18474">
        <ele>1174.2</ele>
      </trkpt>
      <trkpt lat="42.99037" lon="19.18475">
        <ele>1173.5</ele>
      </trkpt>
      <trkpt lat="42.99016" lon="19.18476">
        <ele>1170.0</ele>
      </trkpt>
      <trkpt lat="42.99007" lon="19.18481">
        <ele>1169.3</ele>
      </trkpt>
      <trkpt lat="42.99" lon="19.18491">
        <ele>1169.6</ele>
      </trkpt>
      <trkpt lat="42.98996" lon="19.18503">
        <ele>1170.8</ele>
      </trkpt>
      <trkpt lat="42.98995" lon="19.18518">
        <ele>1173.0</ele>
      </trkpt>
      <trkpt lat="42.98992" lon="19.1854">
        <ele>1175.8</ele>
      </trkpt>
      <trkpt lat="42.98984" lon="19.18554">
        <ele>1176.3</ele>
      </trkpt>
      <trkpt lat="42.98962" lon="19.1857">
        <ele>1174.1</ele>
      </trkpt>
      <trkpt lat="42.98936" lon="19.18586">
        <ele>1170.8</ele>
      </trkpt>
      <trkpt lat="42.98899" lon="19.18613">
        <ele>1169.6</ele>
      </trkpt>
      <trkpt lat="42.98885" lon="19.18639">
        <ele>1171.7</ele>
      </trkpt>
      <trkpt lat="42.9888" lon="19.18653">
        <ele>1173.0</ele>
      </trkpt>
      <trkpt lat="42.98869" lon="19.18679">
        <ele>1176.3</ele>
      </trkpt>
      <trkpt lat="42.98854" lon="19.18703">
        <ele>1180.2</ele>
      </trkpt>
      <trkpt lat="42.98837" lon="19.18719">
        <ele>1181.4</ele>
      </trkpt>
      <trkpt lat="42.98812" lon="19.18736">
        <ele>1181.1</ele>
      </trkpt>
      <trkpt lat="42.98787" lon="19.18759">
        <ele>1182.4</ele>
      </trkpt>
      <trkpt lat="42.98756" lon="19.18783">
        <ele>1184.1</ele>
      </trkpt>
      <trkpt lat="42.987" lon="19.18815">
        <ele>1183.1</ele>
      </trkpt>
      <trkpt lat="42.98644" lon="19.18847">
        <ele>1185.8</ele>
      </trkpt>
      <trkpt lat="42.98629" lon="19.18849">
        <ele>1185.4</ele>
      </trkpt>
      <trkpt lat="42.98602" lon="19.18863">
        <ele>1188.6</ele>
      </trkpt>
      <trkpt lat="42.98592" lon="19.18853">
        <ele>1183.9</ele>
      </trkpt>
      <trkpt lat="42.9855" lon="19.18856">
        <ele>1178.7</ele>
      </trkpt>
      <trkpt lat="42.98538" lon="19.18871">
        <ele>1182.2</ele>
      </trkpt>
      <trkpt lat="42.98483" lon="19.18909">
        <ele>1186.5</ele>
      </trkpt>
      <trkpt lat="42.9844" lon="19.18923">
        <ele>1182.9</ele>
      </trkpt>
      <trkpt lat="42.984" lon="19.18938">
        <ele>1183.2</ele>
      </trkpt>
      <trkpt lat="42.98381" lon="19.18951">
        <ele>1187.1</ele>
      </trkpt>
      <trkpt lat="42.9836" lon="19.18963">
        <ele>1189.9</ele>
      </trkpt>
      <trkpt lat="42.98325" lon="19.1897">
        <ele>1190.0</ele>
      </trkpt>
      <trkpt lat="42.98305" lon="19.18975">
        <ele>1192.0</ele>
      </trkpt>
      <trkpt lat="42.98271" lon="19.18978">
        <ele>1193.4</ele>
      </trkpt>
      <trkpt lat="42.9826" lon="19.18975">
        <ele>1192.5</ele>
      </trkpt>
      <trkpt lat="42.98243" lon="19.18966">
        <ele>1189.8</ele>
      </trkpt>
      <trkpt lat="42.98227" lon="19.18951">
        <ele>1185.4</ele>
      </trkpt>
      <trkpt lat="42.98215" lon="19.18946">
        <ele>1184.2</ele>
      </trkpt>
      <trkpt lat="42.98207" lon="19.18946">
        <ele>1184.6</ele>
      </trkpt>
      <trkpt lat="42.98171" lon="19.1896">
        <ele>1190.4</ele>
      </trkpt>
      <trkpt lat="42.9814" lon="19.18963">
        <ele>1189.0</ele>
      </trkpt>
      <trkpt lat="42.9814" lon="19.18963">
        <ele>1189.0</ele>
      </trkpt>
      <trkpt lat="42.9812" lon="19.18964">
        <ele>1187.6</ele>
      </trkpt>
      <trkpt lat="42.98078" lon="19.18978">
        <ele>1188.8</ele>
      </trkpt>
      <trkpt lat="42.98013" lon="19.19004">
        <ele>1182.7</ele>
      </trkpt>
      <trkpt lat="42.97984" lon="19.19022">
        <ele>1184.0</ele>
      </trkpt>
      <trkpt lat="42.9796" lon="19.19033">
        <ele>1184.8</ele>
      </trkpt>
      <trkpt lat="42.97958" lon="19.19038">
        <ele>1186.2</ele>
      </trkpt>
      <trkpt lat="42.97943" lon="19.19042">
        <ele>1185.6</ele>
      </trkpt>
      <trkpt lat="42.9792" lon="19.1904">
        <ele>1181.9</ele>
      </trkpt>
      <trkpt lat="42.97903" lon="19.19042">
        <ele>1180.6</ele>
      </trkpt>
      <trkpt lat="42.97893" lon="19.1905">
        <ele>1181.7</ele>
      </trkpt>
      <trkpt lat="42.9788" lon="19.19077">
        <ele>1186.8</ele>
      </trkpt>
      <trkpt lat="42.9787" lon="19.19085">
        <ele>1187.1</ele>
      </trkpt>
      <trkpt lat="42.97855" lon="19.19091">
        <ele>1186.2</ele>
      </trkpt>
      <trkpt lat="42.97827" lon="19.19094">
        <ele>1183.0</ele>
      </trkpt>
      <trkpt lat="42.97803" lon="19.19098">
        <ele>1183.5</ele>
      </trkpt>
      <trkpt lat="42.97762" lon="19.19102">
        <ele>1183.3</ele>
      </trkpt>
      <trkpt lat="42.97734" lon="19.19099">
        <ele>1182.4</ele>
      </trkpt>
      <trkpt lat="42.97712" lon="19.19099">
        <ele>1182.7</ele>
      </trkpt>
      <trkpt lat="42.9769" lon="19.19097">
        <ele>1182.6</ele>
      </trkpt>
      <trkpt lat="42.97686" lon="19.19095">
        <ele>1182.2</ele>
      </trkpt>
      <trkpt lat="42.97668" lon="19.19081">
        <ele>1179.6</ele>
      </trkpt>
      <trkpt lat="42.97638" lon="19.19048">
        <ele>1174.5</ele>
      </trkpt>
      <trkpt lat="42.97626" lon="19.19038">
        <ele>1172.5</ele>
      </trkpt>
      <trkpt lat="42.97608" lon="19.19034">
        <ele>1171.5</ele>
      </trkpt>
      <trkpt lat="42.97586" lon="19.19034">
        <ele>1171.2</ele>
      </trkpt>
      <trkpt lat="42.9758" lon="19.19036">
        <ele>1172.1</ele>
      </trkpt>
      <trkpt lat="42.97551" lon="19.19059">
        <ele>1180.3</ele>
      </trkpt>
      <trkpt lat="42.97537" lon="19.19076">
        <ele>1184.2</ele>
      </trkpt>
      <trkpt lat="42.97527" lon="19.1908">
        <ele>1185.3</ele>
      </trkpt>
      <trkpt lat="42.97522" lon="19.19078">
        <ele>1185.3</ele>
      </trkpt>
      <trkpt lat="42.97517" lon="19.19071">
        <ele>1184.9</ele>
      </trkpt>
      <trkpt lat="42.97517" lon="19.19063">
        <ele>1184.0</ele>
      </trkpt>
      <trkpt lat="42.97519" lon="19.19055">
        <ele>1183.0</ele>
      </trkpt>
      <trkpt lat="42.97525" lon="19.19044">
        <ele>1181.0</ele>
      </trkpt>
      <trkpt lat="42.97531" lon="19.19028">
        <ele>1178.1</ele>
      </trkpt>
      <trkpt lat="42.97533" lon="19.19012">
        <ele>1175.5</ele>
      </trkpt>
      <trkpt lat="42.97531" lon="19.18988">
        <ele>1170.5</ele>
      </trkpt>
      <trkpt lat="42.97517" lon="19.18957">
        <ele>1163.1</ele>
      </trkpt>
      <trkpt lat="42.97506" lon="19.18952">
        <ele>1163.3</ele>
      </trkpt>
      <trkpt lat="42.97472" lon="19.18955">
        <ele>1169.8</ele>
      </trkpt>
      <trkpt lat="42.97432" lon="19.18948">
        <ele>1173.0</ele>
      </trkpt>
      <trkpt lat="42.97365" lon="19.18952">
        <ele>1177.2</ele>
      </trkpt>
      <trkpt lat="42.97324" lon="19.18968">
        <ele>1184.3</ele>
      </trkpt>
      <trkpt lat="42.97314" lon="19.1897">
        <ele>1185.3</ele>
      </trkpt>
      <trkpt lat="42.973" lon="19.18968">
        <ele>1184.6</ele>
      </trkpt>
      <trkpt lat="42.97272" lon="19.18959">
        <ele>1181.4</ele>
      </trkpt>
      <trkpt lat="42.97227" lon="19.18942">
        <ele>1179.5</ele>
      </trkpt>
      <trkpt lat="42.97193" lon="19.1892">
        <ele>1176.1</ele>
      </trkpt>
      <trkpt lat="42.97143" lon="19.18886">
        <ele>1179.8</ele>
      </trkpt>
      <trkpt lat="42.97126" lon="19.18868">
        <ele>1180.6</ele>
      </trkpt>
      <trkpt lat="42.97084" lon="19.18811">
        <ele>1173.9</ele>
      </trkpt>
      <trkpt lat="42.9707" lon="19.18798">
        <ele>1173.7</ele>
      </trkpt>
      <trkpt lat="42.97039" lon="19.18785">
        <ele>1178.6</ele>
      </trkpt>
      <trkpt lat="42.96985" lon="19.18756">
        <ele>1176.5</ele>
      </trkpt>
      <trkpt lat="42.96955" lon="19.18746">
        <ele>1171.7</ele>
      </trkpt>
      <trkpt lat="42.9691" lon="19.18748">
        <ele>1173.1</ele>
      </trkpt>
      <trkpt lat="42.96879" lon="19.18743">
        <ele>1167.1</ele>
      </trkpt>
      <trkpt lat="42.96864" lon="19.18745">
        <ele>1166.4</ele>
      </trkpt>
      <trkpt lat="42.96851" lon="19.1875">
        <ele>1167.1</ele>
      </trkpt>
      <trkpt lat="42.96832" lon="19.18772">
        <ele>1170.3</ele>
      </trkpt>
      <trkpt lat="42.96809" lon="19.18812">
        <ele>1175.3</ele>
      </trkpt>
      <trkpt lat="42.96786" lon="19.18837">
        <ele>1174.7</ele>
      </trkpt>
      <trkpt lat="42.96738" lon="19.18869">
        <ele>1168.2</ele>
      </trkpt>
      <trkpt lat="42.96691" lon="19.189">
        <ele>1164.8</ele>
      </trkpt>
      <trkpt lat="42.96648" lon="19.18918">
        <ele>1161.2</ele>
      </trkpt>
      <trkpt lat="42.9662" lon="19.18953">
        <ele>1162.4</ele>
      </trkpt>
      <trkpt lat="42.96581" lon="19.18981">
        <ele>1159.9</ele>
      </trkpt>
      <trkpt lat="42.9656" lon="19.18992">
        <ele>1158.6</ele>
      </trkpt>
      <trkpt lat="42.96542" lon="19.18997">
        <ele>1156.9</ele>
      </trkpt>
      <trkpt lat="42.96493" lon="19.18999">
        <ele>1150.7</ele>
      </trkpt>
      <trkpt lat="42.96487" lon="19.19">
        <ele>1149.7</ele>
      </trkpt>
      <trkpt lat="42.96478" lon="19.19006">
        <ele>1149.7</ele>
      </trkpt>
      <trkpt lat="42.9646" lon="19.19025">
        <ele>1151.9</ele>
      </trkpt>
      <trkpt lat="42.96443" lon="19.19038">
        <ele>1152.5</ele>
      </trkpt>
      <trkpt lat="42.96433" lon="19.19044">
        <ele>1152.5</ele>
      </trkpt>
      <trkpt lat="42.96422" lon="19.19044">
        <ele>1150.6</ele>
      </trkpt>
      <trkpt lat="42.96409" lon="19.19043">
        <ele>1148.5</ele>
      </trkpt>
      <trkpt lat="42.96367" lon="19.19021">
        <ele>1138.3</ele>
      </trkpt>
      <trkpt lat="42.96343" lon="19.19011">
        <ele>1133.9</ele>
      </trkpt>
      <trkpt lat="42.96336" lon="19.19011">
        <ele>1133.3</ele>
      </trkpt>
      <trkpt lat="42.96328" lon="19.19014">
        <ele>1133.3</ele>
      </trkpt>
      <trkpt lat="42.9632" lon="19.1902">
        <ele>1133.8</ele>
      </trkpt>
      <trkpt lat="42.96313" lon="19.19035">
        <ele>1136.2</ele>
      </trkpt>
      <trkpt lat="42.9631" lon="19.19045">
        <ele>1137.8</ele>
      </trkpt>
      <trkpt lat="42.96308" lon="19.19066">
        <ele>1141.6</ele>
      </trkpt>
      <trkpt lat="42.96308" lon="19.1908">
        <ele>1144.2</ele>
      </trkpt>
      <trkpt lat="42.96303" lon="19.19091">
        <ele>1145.5</ele>
      </trkpt>
      <trkpt lat="42.96297" lon="19.19094">
        <ele>1145.5</ele>
      </trkpt>
      <trkpt lat="42.96289" lon="19.19093">
        <ele>1144.7</ele>
      </trkpt>
      <trkpt lat="42.96277" lon="19.19077">
        <ele>1141.1</ele>
      </trkpt>
      <trkpt lat="42.96268" lon="19.19056">
        <ele>1136.5</ele>
      </trkpt>
      <trkpt lat="42.96251" lon="19.19013">
        <ele>1127.4</ele>
      </trkpt>
      <trkpt lat="42.96244" lon="19.19007">
        <ele>1125.9</ele>
      </trkpt>
      <trkpt lat="42.96234" lon="19.19003">
        <ele>1124.7</ele>
      </trkpt>
      <trkpt lat="42.96188" lon="19.18998">
        <ele>1121.5</ele>
      </trkpt>
      <trkpt lat="42.96173" lon="19.19003">
        <ele>1121.6</ele>
      </trkpt>
      <trkpt lat="42.96141" lon="19.19046">
        <ele>1122.0</ele>
      </trkpt>
      <trkpt lat="42.96059" lon="19.19093">
        <ele>1114.2</ele>
      </trkpt>
      <trkpt lat="42.95983" lon="19.19139">
        <ele>1106.4</ele>
      </trkpt>
      <trkpt lat="42.95923" lon="19.19206">
        <ele>1104.0</ele>
      </trkpt>
      <trkpt lat="42.95885" lon="19.19243">
        <ele>1102.1</ele>
      </trkpt>
      <trkpt lat="42.95806" lon="19.19287">
        <ele>1094.7</ele>
      </trkpt>
      <trkpt lat="42.95727" lon="19.19331">
        <ele>1090.7</ele>
      </trkpt>
      <trkpt lat="42.9571" lon="19.19336">
        <ele>1089.1</ele>
      </trkpt>
      <trkpt lat="42.95669" lon="19.19343">
        <ele>1084.6</ele>
      </trkpt>
      <trkpt lat="42.95615" lon="19.19375">
        <ele>1082.3</ele>
      </trkpt>
      <trkpt lat="42.95582" lon="19.19383">
        <ele>1079.4</ele>
      </trkpt>
      <trkpt lat="42.95534" lon="19.19406">
        <ele>1075.4</ele>
      </trkpt>
      <trkpt lat="42.95508" lon="19.19415">
        <ele>1072.1</ele>
      </trkpt>
      <trkpt lat="42.95494" lon="19.19415">
        <ele>1070.3</ele>
      </trkpt>
      <trkpt lat="42.95447" lon="19.19406">
        <ele>1065.7</ele>
      </trkpt>
      <trkpt lat="42.95429" lon="19.19403">
        <ele>1064.1</ele>
      </trkpt>
      <trkpt lat="42.95421" lon="19.19403">
        <ele>1063.4</ele>
      </trkpt>
      <trkpt lat="42.95408" lon="19.19405">
        <ele>1062.9</ele>
      </trkpt>
      <trkpt lat="42.95401" lon="19.19407">
        <ele>1062.7</ele>
      </trkpt>
      <trkpt lat="42.95378" lon="19.19416">
        <ele>1062.1</ele>
      </trkpt>
      <trkpt lat="42.95368" lon="19.19422">
        <ele>1062.1</ele>
      </trkpt>
      <trkpt lat="42.95355" lon="19.19434">
        <ele>1062.3</ele>
      </trkpt>
      <trkpt lat="42.95318" lon="19.19476">
        <ele>1061.9</ele>
      </trkpt>
      <trkpt lat="42.95304" lon="19.19495">
        <ele>1061.0</ele>
      </trkpt>
      <trkpt lat="42.95296" lon="19.19509">
        <ele>1060.7</ele>
      </trkpt>
      <trkpt lat="42.95293" lon="19.19516">
        <ele>1060.8</ele>
      </trkpt>
      <trkpt lat="42.95283" lon="19.19554">
        <ele>1061.0</ele>
      </trkpt>
      <trkpt lat="42.9528" lon="19.1956">
        <ele>1060.8</ele>
      </trkpt>
      <trkpt lat="42.95275" lon="19.19565">
        <ele>1060.1</ele>
      </trkpt>
      <trkpt lat="42.95268" lon="19.1957">
        <ele>1059.1</ele>
      </trkpt>
      <trkpt lat="42.95263" lon="19.19572">
        <ele>1058.3</ele>
      </trkpt>
      <trkpt lat="42.95217" lon="19.19582">
        <ele>1053.3</ele>
      </trkpt>
      <trkpt lat="42.95193" lon="19.19591">
        <ele>1051.9</ele>
      </trkpt>
      <trkpt lat="42.95187" lon="19.19592">
        <ele>1051.4</ele>
      </trkpt>
      <trkpt lat="42.95173" lon="19.19592">
        <ele>1050.2</ele>
      </trkpt>
      <trkpt lat="42.95162" lon="19.19588">
        <ele>1048.6</ele>
      </trkpt>
      <trkpt lat="42.95149" lon="19.19586">
        <ele>1046.2</ele>
      </trkpt>
      <trkpt lat="42.95139" lon="19.19587">
        <ele>1044.6</ele>
      </trkpt>
      <trkpt lat="42.95128" lon="19.19593">
        <ele>1043.1</ele>
      </trkpt>
      <trkpt lat="42.95109" lon="19.19607">
        <ele>1040.8</ele>
      </trkpt>
      <trkpt lat="42.95093" lon="19.19622">
        <ele>1039.0</ele>
      </trkpt>
      <trkpt lat="42.95085" lon="19.19635">
        <ele>1038.4</ele>
      </trkpt>
      <trkpt lat="42.95074" lon="19.19663">
        <ele>1038.3</ele>
      </trkpt>
      <trkpt lat="42.95068" lon="19.19678">
        <ele>1038.0</ele>
      </trkpt>
      <trkpt lat="42.95064" lon="19.19684">
        <ele>1037.6</ele>
      </trkpt>
      <trkpt lat="42.95056" lon="19.19692">
        <ele>1036.9</ele>
      </trkpt>
      <trkpt lat="42.95046" lon="19.19699">
        <ele>1036.1</ele>
      </trkpt>
      <trkpt lat="42.95023" lon="19.19714">
        <ele>1034.9</ele>
      </trkpt>
      <trkpt lat="42.9496" lon="19.19749">
        <ele>1032.1</ele>
      </trkpt>
      <trkpt lat="42.94898" lon="19.19785">
        <ele>1026.3</ele>
      </trkpt>
      <trkpt lat="42.94887" lon="19.19791">
        <ele>1025.2</ele>
      </trkpt>
      <trkpt lat="42.94854" lon="19.19811">
        <ele>1022.2</ele>
      </trkpt>
      <trkpt lat="42.94845" lon="19.1982">
        <ele>1022.0</ele>
      </trkpt>
      <trkpt lat="42.94828" lon="19.19842">
        <ele>1022.3</ele>
      </trkpt>
      <trkpt lat="42.94817" lon="19.19855">
        <ele>1022.4</ele>
      </trkpt>
      <trkpt lat="42.94787" lon="19.19888">
        <ele>1023.0</ele>
      </trkpt>
      <trkpt lat="42.94741" lon="19.19943">
        <ele>1022.4</ele>
      </trkpt>
      <trkpt lat="42.94727" lon="19.19958">
        <ele>1022.7</ele>
      </trkpt>
      <trkpt lat="42.94702" lon="19.19981">
        <ele>1022.7</ele>
      </trkpt>
      <trkpt lat="42.94677" lon="19.2">
        <ele>1022.2</ele>
      </trkpt>
      <trkpt lat="42.94639" lon="19.20028">
        <ele>1018.7</ele>
      </trkpt>
      <trkpt lat="42.94598" lon="19.20076">
        <ele>1017.6</ele>
      </trkpt>
      <trkpt lat="42.94568" lon="19.20113">
        <ele>1016.7</ele>
      </trkpt>
      <trkpt lat="42.94568" lon="19.20113">
        <ele>1016.7</ele>
      </trkpt>
      <trkpt lat="42.94547" lon="19.20139">
        <ele>1015.9</ele>
      </trkpt>
      <trkpt lat="42.94531" lon="19.20165">
        <ele>1015.3</ele>
      </trkpt>
      <trkpt lat="42.94489" lon="19.20236">
        <ele>1013.6</ele>
      </trkpt>
      <trkpt lat="42.94441" lon="19.20311">
        <ele>1009.9</ele>
      </trkpt>
      <trkpt lat="42.94436" lon="19.20322">
        <ele>1009.3</ele>
      </trkpt>
      <trkpt lat="42.94429" lon="19.20336">
        <ele>1008.3</ele>
      </trkpt>
      <trkpt lat="42.94425" lon="19.20349">
        <ele>1007.3</ele>
      </trkpt>
      <trkpt lat="42.94422" lon="19.2036">
        <ele>1006.3</ele>
      </trkpt>
      <trkpt lat="42.94419" lon="19.20373">
        <ele>1005.2</ele>
      </trkpt>
      <trkpt lat="42.94417" lon="19.20396">
        <ele>1003.9</ele>
      </trkpt>
      <trkpt lat="42.94417" lon="19.20411">
        <ele>1003.3</ele>
      </trkpt>
      <trkpt lat="42.94419" lon="19.2047">
        <ele>1004.6</ele>
      </trkpt>
      <trkpt lat="42.94419" lon="19.2049">
        <ele>1004.8</ele>
      </trkpt>
      <trkpt lat="42.94417" lon="19.20507">
        <ele>1004.2</ele>
      </trkpt>
      <trkpt lat="42.94412" lon="19.20536">
        <ele>1003.7</ele>
      </trkpt>
      <trkpt lat="42.94409" lon="19.20551">
        <ele>1003.4</ele>
      </trkpt>
      <trkpt lat="42.944" lon="19.20576">
        <ele>1002.3</ele>
      </trkpt>
      <trkpt lat="42.94392" lon="19.20592">
        <ele>1001.2</ele>
      </trkpt>
      <trkpt lat="42.94384" lon="19.20607">
        <ele>1000.1</ele>
      </trkpt>
      <trkpt lat="42.94377" lon="19.2062">
        <ele>999.2</ele>
      </trkpt>
      <trkpt lat="42.94369" lon="19.20632">
        <ele>998.2</ele>
      </trkpt>
      <trkpt lat="42.94358" lon="19.20646">
        <ele>996.9</ele>
      </trkpt>
      <trkpt lat="42.94323" lon="19.20684">
        <ele>995.0</ele>
      </trkpt>
      <trkpt lat="42.94273" lon="19.20736">
        <ele>997.6</ele>
      </trkpt>
      <trkpt lat="42.94243" lon="19.20769">
        <ele>1000.1</ele>
      </trkpt>
      <trkpt lat="42.94223" lon="19.20798">
        <ele>1002.6</ele>
      </trkpt>
      <trkpt lat="42.94211" lon="19.20821">
        <ele>1004.4</ele>
      </trkpt>
      <trkpt lat="42.94201" lon="19.20845">
        <ele>1006.3</ele>
      </trkpt>
      <trkpt lat="42.94186" lon="19.20894">
        <ele>1008.5</ele>
      </trkpt>
      <trkpt lat="42.94175" lon="19.20922">
        <ele>1009.8</ele>
      </trkpt>
      <trkpt lat="42.94157" lon="19.20953">
        <ele>1011.5</ele>
      </trkpt>
      <trkpt lat="42.94138" lon="19.20984">
        <ele>1010.5</ele>
      </trkpt>
      <trkpt lat="42.94134" lon="19.20994">
        <ele>1010.3</ele>
      </trkpt>
      <trkpt lat="42.94129" lon="19.21012">
        <ele>1010.1</ele>
      </trkpt>
      <trkpt lat="42.94128" lon="19.21027">
        <ele>1010.5</ele>
      </trkpt>
      <trkpt lat="42.94126" lon="19.21089">
        <ele>1012.5</ele>
      </trkpt>
      <trkpt lat="42.94123" lon="19.21151">
        <ele>1015.2</ele>
      </trkpt>
      <trkpt lat="42.94122" lon="19.21164">
        <ele>1015.7</ele>
      </trkpt>
      <trkpt lat="42.9412" lon="19.21174">
        <ele>1016.3</ele>
      </trkpt>
      <trkpt lat="42.94116" lon="19.21182">
        <ele>1016.4</ele>
      </trkpt>
      <trkpt lat="42.94105" lon="19.21199">
        <ele>1016.1</ele>
      </trkpt>
      <trkpt lat="42.94076" lon="19.21232">
        <ele>1014.5</ele>
      </trkpt>
      <trkpt lat="42.94057" lon="19.21257">
        <ele>1014.4</ele>
      </trkpt>
      <trkpt lat="42.94043" lon="19.21278">
        <ele>1015.1</ele>
      </trkpt>
      <trkpt lat="42.94032" lon="19.21296">
        <ele>1015.6</ele>
      </trkpt>
      <trkpt lat="42.94016" lon="19.21326">
        <ele>1016.1</ele>
      </trkpt>
      <trkpt lat="42.94002" lon="19.21349">
        <ele>1017.2</ele>
      </trkpt>
      <trkpt lat="42.93982" lon="19.21378">
        <ele>1020.7</ele>
      </trkpt>
      <trkpt lat="42.93953" lon="19.21416">
        <ele>1022.7</ele>
      </trkpt>
      <trkpt lat="42.93936" lon="19.21435">
        <ele>1024.2</ele>
      </trkpt>
      <trkpt lat="42.93925" lon="19.21443">
        <ele>1024.0</ele>
      </trkpt>
      <trkpt lat="42.93902" lon="19.21457">
        <ele>1023.3</ele>
      </trkpt>
      <trkpt lat="42.93859" lon="19.21482">
        <ele>1019.5</ele>
      </trkpt>
      <trkpt lat="42.93846" lon="19.21492">
        <ele>1018.0</ele>
      </trkpt>
      <trkpt lat="42.93839" lon="19.21499">
        <ele>1017.3</ele>
      </trkpt>
      <trkpt lat="42.93834" lon="19.21507">
        <ele>1017.9</ele>
      </trkpt>
      <trkpt lat="42.93818" lon="19.21542">
        <ele>1024.0</ele>
      </trkpt>
      <trkpt lat="42.93803" lon="19.21568">
        <ele>1027.6</ele>
      </trkpt>
      <trkpt lat="42.93791" lon="19.21583">
        <ele>1028.8</ele>
      </trkpt>
      <trkpt lat="42.93767" lon="19.21609">
        <ele>1029.4</ele>
      </trkpt>
      <trkpt lat="42.93757" lon="19.2162">
        <ele>1029.5</ele>
      </trkpt>
      <trkpt lat="42.93736" lon="19.21652">
        <ele>1032.1</ele>
      </trkpt>
      <trkpt lat="42.937" lon="19.217">
        <ele>1037.7</ele>
      </trkpt>
      <trkpt lat="42.93683" lon="19.2172">
        <ele>1039.2</ele>
      </trkpt>
      <trkpt lat="42.93643" lon="19.21755">
        <ele>1038.9</ele>
      </trkpt>
      <trkpt lat="42.93599" lon="19.21789">
        <ele>1037.9</ele>
      </trkpt>
      <trkpt lat="42.9357" lon="19.21811">
        <ele>1037.2</ele>
      </trkpt>
      <trkpt lat="42.93561" lon="19.21819">
        <ele>1037.0</ele>
      </trkpt>
      <trkpt lat="42.93554" lon="19.21826">
        <ele>1036.9</ele>
      </trkpt>
      <trkpt lat="42.93546" lon="19.21838">
        <ele>1037.4</ele>
      </trkpt>
      <trkpt lat="42.93528" lon="19.21875">
        <ele>1039.7</ele>
      </trkpt>
      <trkpt lat="42.93519" lon="19.21898">
        <ele>1041.5</ele>
      </trkpt>
      <trkpt lat="42.93511" lon="19.21916">
        <ele>1042.8</ele>
      </trkpt>
      <trkpt lat="42.93495" lon="19.21933">
        <ele>1043.1</ele>
      </trkpt>
      <trkpt lat="42.93445" lon="19.21977">
        <ele>1040.9</ele>
      </trkpt>
      <trkpt lat="42.9343" lon="19.21996">
        <ele>1041.2</ele>
      </trkpt>
      <trkpt lat="42.93424" lon="19.22006">
        <ele>1041.3</ele>
      </trkpt>
      <trkpt lat="42.93417" lon="19.22022">
        <ele>1041.5</ele>
      </trkpt>
      <trkpt lat="42.93413" lon="19.22034">
        <ele>1042.0</ele>
      </trkpt>
      <trkpt lat="42.93395" lon="19.22112">
        <ele>1047.4</ele>
      </trkpt>
      <trkpt lat="42.93388" lon="19.2213">
        <ele>1048.1</ele>
      </trkpt>
      <trkpt lat="42.93383" lon="19.22144">
        <ele>1048.6</ele>
      </trkpt>
      <trkpt lat="42.93373" lon="19.22164">
        <ele>1048.8</ele>
      </trkpt>
      <trkpt lat="42.93352" lon="19.22203">
        <ele>1049.0</ele>
      </trkpt>
      <trkpt lat="42.93334" lon="19.22238">
        <ele>1047.2</ele>
      </trkpt>
      <trkpt lat="42.9333" lon="19.22249">
        <ele>1047.3</ele>
      </trkpt>
      <trkpt lat="42.93323" lon="19.22272">
        <ele>1048.9</ele>
      </trkpt>
      <trkpt lat="42.93317" lon="19.22292">
        <ele>1050.1</ele>
      </trkpt>
      <trkpt lat="42.93302" lon="19.22365">
        <ele>1055.6</ele>
      </trkpt>
      <trkpt lat="42.93298" lon="19.22381">
        <ele>1056.7</ele>
      </trkpt>
      <trkpt lat="42.93288" lon="19.22404">
        <ele>1056.9</ele>
      </trkpt>
      <trkpt lat="42.93255" lon="19.2246">
        <ele>1052.3</ele>
      </trkpt>
      <trkpt lat="42.93222" lon="19.22517">
        <ele>1053.4</ele>
      </trkpt>
      <trkpt lat="42.93191" lon="19.22572">
        <ele>1054.6</ele>
      </trkpt>
      <trkpt lat="42.9317" lon="19.22603">
        <ele>1055.3</ele>
      </trkpt>
      <trkpt lat="42.9315" lon="19.22626">
        <ele>1058.9</ele>
      </trkpt>
      <trkpt lat="42.93089" lon="19.22686">
        <ele>1060.7</ele>
      </trkpt>
      <trkpt lat="42.93027" lon="19.22745">
        <ele>1062.4</ele>
      </trkpt>
      <trkpt lat="42.93011" lon="19.22763">
        <ele>1062.9</ele>
      </trkpt>
      <trkpt lat="42.93003" lon="19.22773">
        <ele>1063.3</ele>
      </trkpt>
      <trkpt lat="42.92945" lon="19.22862">
        <ele>1069.6</ele>
      </trkpt>
      <trkpt lat="42.92934" lon="19.22883">
        <ele>1070.4</ele>
      </trkpt>
      <trkpt lat="42.92929" lon="19.22901">
        <ele>1072.1</ele>
      </trkpt>
      <trkpt lat="42.92916" lon="19.22949">
        <ele>1075.8</ele>
      </trkpt>
      <trkpt lat="42.92911" lon="19.22961">
        <ele>1076.1</ele>
      </trkpt>
      <trkpt lat="42.92905" lon="19.22972">
        <ele>1076.0</ele>
      </trkpt>
      <trkpt lat="42.92897" lon="19.22985">
        <ele>1075.5</ele>
      </trkpt>
      <trkpt lat="42.92891" lon="19.22994">
        <ele>1075.0</ele>
      </trkpt>
      <trkpt lat="42.9285" lon="19.2304">
        <ele>1072.9</ele>
      </trkpt>
      <trkpt lat="42.92839" lon="19.23056">
        <ele>1073.3</ele>
      </trkpt>
      <trkpt lat="42.92835" lon="19.23065">
        <ele>1074.1</ele>
      </trkpt>
      <trkpt lat="42.92835" lon="19.23065">
        <ele>1074.1</ele>
      </trkpt>
      <trkpt lat="42.92804" lon="19.23169">
        <ele>1085.0</ele>
      </trkpt>
      <trkpt lat="42.92796" lon="19.23191">
        <ele>1087.3</ele>
      </trkpt>
      <trkpt lat="42.9279" lon="19.23203">
        <ele>1088.0</ele>
      </trkpt>
      <trkpt lat="42.92775" lon="19.23231">
        <ele>1089.7</ele>
      </trkpt>
      <trkpt lat="42.92725" lon="19.23302">
        <ele>1090.0</ele>
      </trkpt>
      <trkpt lat="42.92715" lon="19.2332">
        <ele>1090.3</ele>
      </trkpt>
      <trkpt lat="42.92708" lon="19.23335">
        <ele>1090.7</ele>
      </trkpt>
      <trkpt lat="42.92694" lon="19.23374">
        <ele>1092.2</ele>
      </trkpt>
      <trkpt lat="42.92683" lon="19.23413">
        <ele>1093.3</ele>
      </trkpt>
      <trkpt lat="42.9267" lon="19.23494">
        <ele>1101.5</ele>
      </trkpt>
      <trkpt lat="42.92663" lon="19.23524">
        <ele>1105.0</ele>
      </trkpt>
      <trkpt lat="42.9265" lon="19.23553">
        <ele>1105.4</ele>
      </trkpt>
      <trkpt lat="42.92626" lon="19.23604">
        <ele>1105.7</ele>
      </trkpt>
      <trkpt lat="42.92603" lon="19.23647">
        <ele>1105.4</ele>
      </trkpt>
      <trkpt lat="42.92585" lon="19.23682">
        <ele>1103.5</ele>
      </trkpt>
      <trkpt lat="42.92573" lon="19.23715">
        <ele>1101.6</ele>
      </trkpt>
      <trkpt lat="42.92569" lon="19.23731">
        <ele>1101.6</ele>
      </trkpt>
      <trkpt lat="42.92567" lon="19.23747">
        <ele>1102.4</ele>
      </trkpt>
      <trkpt lat="42.92563" lon="19.23784">
        <ele>1102.5</ele>
      </trkpt>
      <trkpt lat="42.92555" lon="19.23879">
        <ele>1101.1</ele>
      </trkpt>
      <trkpt lat="42.92547" lon="19.23974">
        <ele>1099.8</ele>
      </trkpt>
      <trkpt lat="42.9254" lon="19.24069">
        <ele>1097.9</ele>
      </trkpt>
      <trkpt lat="42.92532" lon="19.24164">
        <ele>1095.6</ele>
      </trkpt>
      <trkpt lat="42.92526" lon="19.24254">
        <ele>1094.9</ele>
      </trkpt>
      <trkpt lat="42.92523" lon="19.24285">
        <ele>1094.8</ele>
      </trkpt>
      <trkpt lat="42.92518" lon="19.24311">
        <ele>1093.2</ele>
      </trkpt>
      <trkpt lat="42.92509" lon="19.2435">
        <ele>1090.3</ele>
      </trkpt>
      <trkpt lat="42.92474" lon="19.24453">
        <ele>1080.8</ele>
      </trkpt>
      <trkpt lat="42.92472" lon="19.24467">
        <ele>1080.5</ele>
      </trkpt>
      <trkpt lat="42.9247" lon="19.24483">
        <ele>1080.2</ele>
      </trkpt>
      <trkpt lat="42.92469" lon="19.24519">
        <ele>1080.5</ele>
      </trkpt>
      <trkpt lat="42.9247" lon="19.24546">
        <ele>1081.3</ele>
      </trkpt>
      <trkpt lat="42.92473" lon="19.24586">
        <ele>1082.9</ele>
      </trkpt>
      <trkpt lat="42.92478" lon="19.24619">
        <ele>1084.0</ele>
      </trkpt>
      <trkpt lat="42.92483" lon="19.24645">
        <ele>1085.1</ele>
      </trkpt>
      <trkpt lat="42.92491" lon="19.24694">
        <ele>1087.0</ele>
      </trkpt>
      <trkpt lat="42.92495" lon="19.24724">
        <ele>1087.9</ele>
      </trkpt>
      <trkpt lat="42.92497" lon="19.24744">
        <ele>1088.2</ele>
      </trkpt>
      <trkpt lat="42.92498" lon="19.24776">
        <ele>1086.9</ele>
      </trkpt>
      <trkpt lat="42.925" lon="19.24889">
        <ele>1083.3</ele>
      </trkpt>
      <trkpt lat="42.92504" lon="19.24956">
        <ele>1087.0</ele>
      </trkpt>
      <trkpt lat="42.92504" lon="19.25022">
        <ele>1088.5</ele>
      </trkpt>
      <trkpt lat="42.92503" lon="19.25092">
        <ele>1089.5</ele>
      </trkpt>
      <trkpt lat="42.925" lon="19.25143">
        <ele>1089.2</ele>
      </trkpt>
      <trkpt lat="42.92501" lon="19.25218">
        <ele>1090.2</ele>
      </trkpt>
      <trkpt lat="42.92502" lon="19.25291">
        <ele>1090.1</ele>
      </trkpt>
      <trkpt lat="42.92501" lon="19.25313">
        <ele>1089.1</ele>
      </trkpt>
      <trkpt lat="42.92498" lon="19.2534">
        <ele>1088.4</ele>
      </trkpt>
      <trkpt lat="42.92484" lon="19.25436">
        <ele>1094.7</ele>
      </trkpt>
      <trkpt lat="42.92481" lon="19.25472">
        <ele>1097.0</ele>
      </trkpt>
      <trkpt lat="42.92481" lon="19.25501">
        <ele>1099.2</ele>
      </trkpt>
      <trkpt lat="42.92483" lon="19.25522">
        <ele>1099.2</ele>
      </trkpt>
      <trkpt lat="42.92488" lon="19.25558">
        <ele>1099.4</ele>
      </trkpt>
      <trkpt lat="42.92496" lon="19.25601">
        <ele>1100.6</ele>
      </trkpt>
      <trkpt lat="42.92509" lon="19.25682">
        <ele>1108.6</ele>
      </trkpt>
      <trkpt lat="42.92513" lon="19.2573">
        <ele>1110.7</ele>
      </trkpt>
      <trkpt lat="42.92514" lon="19.2575">
        <ele>1111.1</ele>
      </trkpt>
      <trkpt lat="42.92513" lon="19.25783">
        <ele>1112.6</ele>
      </trkpt>
      <trkpt lat="42.92512" lon="19.25799">
        <ele>1113.2</ele>
      </trkpt>
      <trkpt lat="42.925" lon="19.25865">
        <ele>1114.4</ele>
      </trkpt>
      <trkpt lat="42.92495" lon="19.25888">
        <ele>1115.5</ele>
      </trkpt>
      <trkpt lat="42.92489" lon="19.25967">
        <ele>1122.1</ele>
      </trkpt>
      <trkpt lat="42.92487" lon="19.26019">
        <ele>1125.4</ele>
      </trkpt>
      <trkpt lat="42.92487" lon="19.26045">
        <ele>1125.9</ele>
      </trkpt>
      <trkpt lat="42.92489" lon="19.26059">
        <ele>1126.7</ele>
      </trkpt>
      <trkpt lat="42.92501" lon="19.26137">
        <ele>1129.7</ele>
      </trkpt>
      <trkpt lat="42.92507" lon="19.26159">
        <ele>1131.3</ele>
      </trkpt>
      <trkpt lat="42.92515" lon="19.2618">
        <ele>1133.0</ele>
      </trkpt>
      <trkpt lat="42.92519" lon="19.26187">
        <ele>1133.8</ele>
      </trkpt>
      <trkpt lat="42.92542" lon="19.26223">
        <ele>1136.7</ele>
      </trkpt>
      <trkpt lat="42.92557" lon="19.2625">
        <ele>1136.6</ele>
      </trkpt>
      <trkpt lat="42.92567" lon="19.26278">
        <ele>1136.0</ele>
      </trkpt>
      <trkpt lat="42.92583" lon="19.26328">
        <ele>1131.6</ele>
      </trkpt>
      <trkpt lat="42.92589" lon="19.26344">
        <ele>1131.9</ele>
      </trkpt>
      <trkpt lat="42.92599" lon="19.26359">
        <ele>1133.4</ele>
      </trkpt>
      <trkpt lat="42.92606" lon="19.26367">
        <ele>1134.4</ele>
      </trkpt>
      <trkpt lat="42.92639" lon="19.26395">
        <ele>1139.1</ele>
      </trkpt>
      <trkpt lat="42.92646" lon="19.26402">
        <ele>1139.8</ele>
      </trkpt>
      <trkpt lat="42.92657" lon="19.26418">
        <ele>1140.2</ele>
      </trkpt>
      <trkpt lat="42.92666" lon="19.26435">
        <ele>1140.6</ele>
      </trkpt>
      <trkpt lat="42.9267" lon="19.26447">
        <ele>1141.2</ele>
      </trkpt>
      <trkpt lat="42.92673" lon="19.26471">
        <ele>1141.1</ele>
      </trkpt>
      <trkpt lat="42.92673" lon="19.26518">
        <ele>1140.9</ele>
      </trkpt>
      <trkpt lat="42.92673" lon="19.26531">
        <ele>1142.1</ele>
      </trkpt>
      <trkpt lat="42.92681" lon="19.26577">
        <ele>1149.5</ele>
      </trkpt>
      <trkpt lat="42.92686" lon="19.26603">
        <ele>1151.8</ele>
      </trkpt>
      <trkpt lat="42.9269" lon="19.26629">
        <ele>1153.0</ele>
      </trkpt>
      <trkpt lat="42.92693" lon="19.26681">
        <ele>1154.4</ele>
      </trkpt>
      <trkpt lat="42.92694" lon="19.26701">
        <ele>1155.9</ele>
      </trkpt>
      <trkpt lat="42.92691" lon="19.2675">
        <ele>1157.0</ele>
      </trkpt>
      <trkpt lat="42.92686" lon="19.26793">
        <ele>1156.9</ele>
      </trkpt>
      <trkpt lat="42.92686" lon="19.26821">
        <ele>1158.5</ele>
      </trkpt>
      <trkpt lat="42.92694" lon="19.26925">
        <ele>1166.9</ele>
      </trkpt>
      <trkpt lat="42.92694" lon="19.26937">
        <ele>1168.1</ele>
      </trkpt>
      <trkpt lat="42.92693" lon="19.26957">
        <ele>1169.5</ele>
      </trkpt>
      <trkpt lat="42.9269" lon="19.26975">
        <ele>1169.7</ele>
      </trkpt>
      <trkpt lat="42.92686" lon="19.26985">
        <ele>1168.6</ele>
      </trkpt>
      <trkpt lat="42.92674" lon="19.27008">
        <ele>1165.1</ele>
      </trkpt>
      <trkpt lat="42.92647" lon="19.27058">
        <ele>1166.7</ele>
      </trkpt>
      <trkpt lat="42.92639" lon="19.2708">
        <ele>1168.0</ele>
      </trkpt>
      <trkpt lat="42.92637" lon="19.27095">
        <ele>1168.1</ele>
      </trkpt>
      <trkpt lat="42.92637" lon="19.27102">
        <ele>1168.2</ele>
      </trkpt>
      <trkpt lat="42.92639" lon="19.27122">
        <ele>1168.8</ele>
      </trkpt>
      <trkpt lat="42.92643" lon="19.27137">
        <ele>1169.9</ele>
      </trkpt>
      <trkpt lat="42.92647" lon="19.27148">
        <ele>1171.0</ele>
      </trkpt>
      <trkpt lat="42.92654" lon="19.27161">
        <ele>1172.9</ele>
      </trkpt>
      <trkpt lat="42.92681" lon="19.27204">
        <ele>1181.6</ele>
      </trkpt>
      <trkpt lat="42.92691" lon="19.27226">
        <ele>1186.1</ele>
      </trkpt>
      <trkpt lat="42.92695" lon="19.27239">
        <ele>1188.0</ele>
      </trkpt>
      <trkpt lat="42.92697" lon="19.27254">
        <ele>1189.7</ele>
      </trkpt>
      <trkpt lat="42.92697" lon="19.27274">
        <ele>1193.2</ele>
      </trkpt>
      <trkpt lat="42.92696" lon="19.27285">
        <ele>1194.5</ele>
      </trkpt>
      <trkpt lat="42.9269" lon="19.27311">
        <ele>1195.7</ele>
      </trkpt>
      <trkpt lat="42.9267" lon="19.2738">
        <ele>1196.5</ele>
      </trkpt>
      <trkpt lat="42.9267" lon="19.2738">
        <ele>1196.5</ele>
      </trkpt>
      <trkpt lat="42.92665" lon="19.27397">
        <ele>1197.0</ele>
      </trkpt>
      <trkpt lat="42.92645" lon="19.2745">
        <ele>1203.0</ele>
      </trkpt>
      <trkpt lat="42.92617" lon="19.27517">
        <ele>1206.5</ele>
      </trkpt>
      <trkpt lat="42.92589" lon="19.27583">
        <ele>1205.3</ele>
      </trkpt>
      <trkpt lat="42.92546" lon="19.27689">
        <ele>1219.1</ele>
      </trkpt>
      <trkpt lat="42.92526" lon="19.27736">
        <ele>1221.2</ele>
      </trkpt>
      <trkpt lat="42.925" lon="19.27791">
        <ele>1221.8</ele>
      </trkpt>
      <trkpt lat="42.92496" lon="19.278">
        <ele>1222.8</ele>
      </trkpt>
      <trkpt lat="42.92487" lon="19.27824">
        <ele>1225.4</ele>
      </trkpt>
      <trkpt lat="42.92481" lon="19.27851">
        <ele>1229.9</ele>
      </trkpt>
      <trkpt lat="42.92471" lon="19.27873">
        <ele>1231.7</ele>
      </trkpt>
      <trkpt lat="42.92466" lon="19.27889">
        <ele>1234.0</ele>
      </trkpt>
      <trkpt lat="42.92461" lon="19.27897">
        <ele>1234.2</ele>
      </trkpt>
      <trkpt lat="42.92451" lon="19.2791">
        <ele>1234.0</ele>
      </trkpt>
      <trkpt lat="42.92445" lon="19.27917">
        <ele>1233.7</ele>
      </trkpt>
      <trkpt lat="42.92428" lon="19.27933">
        <ele>1234.8</ele>
      </trkpt>
      <trkpt lat="42.92398" lon="19.27954">
        <ele>1235.7</ele>
      </trkpt>
      <trkpt lat="42.92358" lon="19.27978">
        <ele>1233.9</ele>
      </trkpt>
      <trkpt lat="42.92343" lon="19.2799">
        <ele>1233.6</ele>
      </trkpt>
      <trkpt lat="42.92335" lon="19.28">
        <ele>1234.6</ele>
      </trkpt>
      <trkpt lat="42.92279" lon="19.28076">
        <ele>1248.6</ele>
      </trkpt>
      <trkpt lat="42.92262" lon="19.28096">
        <ele>1248.2</ele>
      </trkpt>
      <trkpt lat="42.92248" lon="19.2811">
        <ele>1247.7</ele>
      </trkpt>
      <trkpt lat="42.92224" lon="19.28126">
        <ele>1248.5</ele>
      </trkpt>
      <trkpt lat="42.92213" lon="19.28136">
        <ele>1249.1</ele>
      </trkpt>
      <trkpt lat="42.92203" lon="19.28151">
        <ele>1250.7</ele>
      </trkpt>
      <trkpt lat="42.92198" lon="19.28162">
        <ele>1252.2</ele>
      </trkpt>
      <trkpt lat="42.92181" lon="19.28215">
        <ele>1255.5</ele>
      </trkpt>
      <trkpt lat="42.92175" lon="19.28229">
        <ele>1256.0</ele>
      </trkpt>
      <trkpt lat="42.92162" lon="19.28252">
        <ele>1257.1</ele>
      </trkpt>
      <trkpt lat="42.92148" lon="19.28269">
        <ele>1258.6</ele>
      </trkpt>
      <trkpt lat="42.92109" lon="19.28314">
        <ele>1260.7</ele>
      </trkpt>
      <trkpt lat="42.9207" lon="19.28359">
        <ele>1262.5</ele>
      </trkpt>
      <trkpt lat="42.92005" lon="19.28437">
        <ele>1260.6</ele>
      </trkpt>
      <trkpt lat="42.91981" lon="19.28471">
        <ele>1257.9</ele>
      </trkpt>
      <trkpt lat="42.91965" lon="19.28499">
        <ele>1255.3</ele>
      </trkpt>
      <trkpt lat="42.91959" lon="19.28511">
        <ele>1254.9</ele>
      </trkpt>
      <trkpt lat="42.91942" lon="19.28554">
        <ele>1254.1</ele>
      </trkpt>
      <trkpt lat="42.91923" lon="19.28609">
        <ele>1253.5</ele>
      </trkpt>
      <trkpt lat="42.91904" lon="19.28665">
        <ele>1252.1</ele>
      </trkpt>
      <trkpt lat="42.91865" lon="19.28775">
        <ele>1246.3</ele>
      </trkpt>
      <trkpt lat="42.91826" lon="19.28886">
        <ele>1244.5</ele>
      </trkpt>
      <trkpt lat="42.91787" lon="19.28996">
        <ele>1240.0</ele>
      </trkpt>
      <trkpt lat="42.91758" lon="19.29079">
        <ele>1235.4</ele>
      </trkpt>
      <trkpt lat="42.91728" lon="19.29161">
        <ele>1235.2</ele>
      </trkpt>
      <trkpt lat="42.91704" lon="19.29228">
        <ele>1236.4</ele>
      </trkpt>
      <trkpt lat="42.91685" lon="19.29284">
        <ele>1234.9</ele>
      </trkpt>
      <trkpt lat="42.91665" lon="19.29338">
        <ele>1230.5</ele>
      </trkpt>
      <trkpt lat="42.91667" lon="19.29352">
        <ele>1232.9</ele>
      </trkpt>
      <trkpt lat="42.91668" lon="19.29362">
        <ele>1234.8</ele>
      </trkpt>
      <trkpt lat="42.91652" lon="19.29416">
        <ele>1238.8</ele>
      </trkpt>
      <trkpt lat="42.91654" lon="19.29423">
        <ele>1239.9</ele>
      </trkpt>
      <trkpt lat="42.91656" lon="19.29426">
        <ele>1240.6</ele>
      </trkpt>
      <trkpt lat="42.9166" lon="19.29427">
        <ele>1241.6</ele>
      </trkpt>
      <trkpt lat="42.91664" lon="19.29425">
        <ele>1242.3</ele>
      </trkpt>
      <trkpt lat="42.91683" lon="19.29391">
        <ele>1247.2</ele>
      </trkpt>
      <trkpt lat="42.91714" lon="19.29343">
        <ele>1255.1</ele>
      </trkpt>
      <trkpt lat="42.9173" lon="19.29319">
        <ele>1259.1</ele>
      </trkpt>
      <trkpt lat="42.91744" lon="19.29303">
        <ele>1263.2</ele>
      </trkpt>
      <trkpt lat="42.91759" lon="19.29276">
        <ele>1266.4</ele>
      </trkpt>
      <trkpt lat="42.91774" lon="19.29257">
        <ele>1271.0</ele>
      </trkpt>
      <trkpt lat="42.91793" lon="19.29239">
        <ele>1277.9</ele>
      </trkpt>
      <trkpt lat="42.91813" lon="19.29208">
        <ele>1283.2</ele>
      </trkpt>
      <trkpt lat="42.9182" lon="19.29193">
        <ele>1284.4</ele>
      </trkpt>
      <trkpt lat="42.91825" lon="19.29177">
        <ele>1284.3</ele>
      </trkpt>
      <trkpt lat="42.91835" lon="19.29154">
        <ele>1285.6</ele>
      </trkpt>
      <trkpt lat="42.9185" lon="19.29132">
        <ele>1289.0</ele>
      </trkpt>
      <trkpt lat="42.91877" lon="19.29088">
        <ele>1292.4</ele>
      </trkpt>
      <trkpt lat="42.91881" lon="19.29079">
        <ele>1292.6</ele>
      </trkpt>
      <trkpt lat="42.91886" lon="19.29062">
        <ele>1292.3</ele>
      </trkpt>
      <trkpt lat="42.91891" lon="19.29054">
        <ele>1293.4</ele>
      </trkpt>
      <trkpt lat="42.91915" lon="19.29021">
        <ele>1298.6</ele>
      </trkpt>
      <trkpt lat="42.91924" lon="19.29003">
        <ele>1299.3</ele>
      </trkpt>
      <trkpt lat="42.91933" lon="19.28995">
        <ele>1301.6</ele>
      </trkpt>
      <trkpt lat="42.91941" lon="19.28992">
        <ele>1304.3</ele>
      </trkpt>
      <trkpt lat="42.91946" lon="19.28987">
        <ele>1305.5</ele>
      </trkpt>
      <trkpt lat="42.91952" lon="19.28972">
        <ele>1305.7</ele>
      </trkpt>
      <trkpt lat="42.91955" lon="19.28961">
        <ele>1305.4</ele>
      </trkpt>
      <trkpt lat="42.9196" lon="19.28953">
        <ele>1306.1</ele>
      </trkpt>
      <trkpt lat="42.9197" lon="19.28951">
        <ele>1309.6</ele>
      </trkpt>
      <trkpt lat="42.91982" lon="19.28945">
        <ele>1313.3</ele>
      </trkpt>
      <trkpt lat="42.91991" lon="19.2893">
        <ele>1314.6</ele>
      </trkpt>
      <trkpt lat="42.92006" lon="19.28905">
        <ele>1316.4</ele>
      </trkpt>
      <trkpt lat="42.92016" lon="19.28902">
        <ele>1320.7</ele>
      </trkpt>
      <trkpt lat="42.92021" lon="19.28896">
        <ele>1321.9</ele>
      </trkpt>
      <trkpt lat="42.92022" lon="19.28888">
        <ele>1320.7</ele>
      </trkpt>
      <trkpt lat="42.92022" lon="19.28875">
        <ele>1318.1</ele>
      </trkpt>
      <trkpt lat="42.92024" lon="19.28864">
        <ele>1316.9</ele>
      </trkpt>
      <trkpt lat="42.92028" lon="19.2885">
        <ele>1316.1</ele>
      </trkpt>
      <trkpt lat="42.92031" lon="19.28843">
        <ele>1316.3</ele>
      </trkpt>
      <trkpt lat="42.92034" lon="19.2884">
        <ele>1317.3</ele>
      </trkpt>
      <trkpt lat="42.92037" lon="19.28839">
        <ele>1318.6</ele>
      </trkpt>
      <trkpt lat="42.9204" lon="19.28843">
        <ele>1321.0</ele>
      </trkpt>
      <trkpt lat="42.92041" lon="19.28847">
        <ele>1322.3</ele>
      </trkpt>
      <trkpt lat="42.92035" lon="19.28874">
        <ele>1324.5</ele>
      </trkpt>
      <trkpt lat="42.92035" lon="19.28883">
        <ele>1326.2</ele>
      </trkpt>
      <trkpt lat="42.92041" lon="19.28905">
        <ele>1333.4</ele>
      </trkpt>
      <trkpt lat="42.92039" lon="19.28913">
        <ele>1334.0</ele>
      </trkpt>
      <trkpt lat="42.92026" lon="19.28928">
        <ele>1330.5</ele>
      </trkpt>
      <trkpt lat="42.92017" lon="19.28958">
        <ele>1331.0</ele>
      </trkpt>
      <trkpt lat="42.92012" lon="19.28988">
        <ele>1333.2</ele>
      </trkpt>
      <trkpt lat="42.9201" lon="19.29025">
        <ele>1340.9</ele>
      </trkpt>
      <trkpt lat="42.92009" lon="19.29035">
        <ele>1343.1</ele>
      </trkpt>
      <trkpt lat="42.92006" lon="19.29042">
        <ele>1343.2</ele>
      </trkpt>
      <trkpt lat="42.91999" lon="19.2905">
        <ele>1341.4</ele>
      </trkpt>
      <trkpt lat="42.91983" lon="19.29072">
        <ele>1339.6</ele>
      </trkpt>
      <trkpt lat="42.91976" lon="19.29101">
        <ele>1345.2</ele>
      </trkpt>
      <trkpt lat="42.91966" lon="19.29132">
        <ele>1350.5</ele>
      </trkpt>
      <trkpt lat="42.91951" lon="19.29159">
        <ele>1350.4</ele>
      </trkpt>
      <trkpt lat="42.91938" lon="19.29187">
        <ele>1350.1</ele>
      </trkpt>
      <trkpt lat="42.9193" lon="19.29212">
        <ele>1351.6</ele>
      </trkpt>
      <trkpt lat="42.91927" lon="19.29224">
        <ele>1352.9</ele>
      </trkpt>
      <trkpt lat="42.91929" lon="19.29228">
        <ele>1355.3</ele>
      </trkpt>
      <trkpt lat="42.91931" lon="19.29229">
        <ele>1356.8</ele>
      </trkpt>
      <trkpt lat="42.91934" lon="19.29229">
        <ele>1358.8</ele>
      </trkpt>
      <trkpt lat="42.91936" lon="19.29225">
        <ele>1359.0</ele>
      </trkpt>
      <trkpt lat="42.9194" lon="19.29214">
        <ele>1358.7</ele>
      </trkpt>
      <trkpt lat="42.91955" lon="19.29185">
        <ele>1360.4</ele>
      </trkpt>
      <trkpt lat="42.91969" lon="19.29172">
        <ele>1365.8</ele>
      </trkpt>
      <trkpt lat="42.91988" lon="19.2916">
        <ele>1373.9</ele>
      </trkpt>
      <trkpt lat="42.91994" lon="19.29155">
        <ele>1375.7</ele>
      </trkpt>
      <trkpt lat="42.91999" lon="19.29148">
        <ele>1376.0</ele>
      </trkpt>
      <trkpt lat="42.92005" lon="19.29137">
        <ele>1375.3</ele>
      </trkpt>
      <trkpt lat="42.92013" lon="19.29125">
        <ele>1375.5</ele>
      </trkpt>
      <trkpt lat="42.92022" lon="19.29116">
        <ele>1377.4</ele>
      </trkpt>
      <trkpt lat="42.92041" lon="19.29094">
        <ele>1380.3</ele>
      </trkpt>
      <trkpt lat="42.92048" lon="19.29091">
        <ele>1383.4</ele>
      </trkpt>
      <trkpt lat="42.9206" lon="19.29079">
        <ele>1386.5</ele>
      </trkpt>
      <trkpt lat="42.92062" lon="19.29072">
        <ele>1385.6</ele>
      </trkpt>
      <trkpt lat="42.92071" lon="19.29048">
        <ele>1384.0</ele>
      </trkpt>
      <trkpt lat="42.92078" lon="19.29029">
        <ele>1382.5</ele>
      </trkpt>
      <trkpt lat="42.92084" lon="19.29003">
        <ele>1378.4</ele>
      </trkpt>
      <trkpt lat="42.92086" lon="19.28998">
        <ele>1378.3</ele>
      </trkpt>
      <trkpt lat="42.92089" lon="19.28998">
        <ele>1380.3</ele>
      </trkpt>
      <trkpt lat="42.92092" lon="19.29">
        <ele>1382.8</ele>
      </trkpt>
      <trkpt lat="42.92094" lon="19.29004">
        <ele>1385.4</ele>
      </trkpt>
      <trkpt lat="42.92093" lon="19.29025">
        <ele>1390.9</ele>
      </trkpt>
      <trkpt lat="42.92082" lon="19.29059">
        <ele>1393.9</ele>
      </trkpt>
      <trkpt lat="42.92077" lon="19.29099">
        <ele>1404.3</ele>
      </trkpt>
      <trkpt lat="42.9207" lon="19.29112">
        <ele>1405.2</ele>
      </trkpt>
      <trkpt lat="42.92063" lon="19.29124">
        <ele>1405.7</ele>
      </trkpt>
      <trkpt lat="42.92048" lon="19.29171">
        <ele>1414.5</ele>
      </trkpt>
      <trkpt lat="42.92039" lon="19.29194">
        <ele>1414.8</ele>
      </trkpt>
      <trkpt lat="42.92031" lon="19.29201">
        <ele>1412.0</ele>
      </trkpt>
      <trkpt lat="42.92018" lon="19.29217">
        <ele>1408.7</ele>
      </trkpt>
      <trkpt lat="42.92008" lon="19.29237">
        <ele>1408.7</ele>
      </trkpt>
      <trkpt lat="42.92004" lon="19.29246">
        <ele>1409.0</ele>
      </trkpt>
      <trkpt lat="42.92004" lon="19.29253">
        <ele>1410.5</ele>
      </trkpt>
      <trkpt lat="42.92007" lon="19.29265">
        <ele>1413.4</ele>
      </trkpt>
      <trkpt lat="42.92013" lon="19.29278">
        <ele>1417.8</ele>
      </trkpt>
      <trkpt lat="42.92028" lon="19.29302">
        <ele>1426.9</ele>
      </trkpt>
      <trkpt lat="42.92032" lon="19.29312">
        <ele>1429.3</ele>
      </trkpt>
      <trkpt lat="42.92033" lon="19.29326">
        <ele>1430.6</ele>
      </trkpt>
      <trkpt lat="42.92032" lon="19.29363">
        <ele>1436.3</ele>
      </trkpt>
      <trkpt lat="42.92028" lon="19.2938">
        <ele>1438.1</ele>
      </trkpt>
      <trkpt lat="42.9202" lon="19.29393">
        <ele>1437.6</ele>
      </trkpt>
      <trkpt lat="42.91996" lon="19.29442">
        <ele>1433.4</ele>
      </trkpt>
      <trkpt lat="42.91994" lon="19.29453">
        <ele>1432.7</ele>
      </trkpt>
      <trkpt lat="42.91993" lon="19.29468">
        <ele>1432.6</ele>
      </trkpt>
      <trkpt lat="42.91995" lon="19.29485">
        <ele>1433.8</ele>
      </trkpt>
      <trkpt lat="42.92002" lon="19.29493">
        <ele>1436.7</ele>
      </trkpt>
      <trkpt lat="42.92023" lon="19.29511">
        <ele>1445.2</ele>
      </trkpt>
      <trkpt lat="42.92031" lon="19.29521">
        <ele>1448.9</ele>
      </trkpt>
      <trkpt lat="42.92037" lon="19.29531">
        <ele>1451.9</ele>
      </trkpt>
      <trkpt lat="42.92051" lon="19.29576">
        <ele>1460.9</ele>
      </trkpt>
      <trkpt lat="42.9206" lon="19.29599">
        <ele>1467.9</ele>
      </trkpt>
      <trkpt lat="42.9206" lon="19.29612">
        <ele>1470.2</ele>
      </trkpt>
      <trkpt lat="42.92058" lon="19.29625">
        <ele>1471.7</ele>
      </trkpt>
      <trkpt lat="42.92054" lon="19.29637">
        <ele>1472.2</ele>
      </trkpt>
      <trkpt lat="42.92046" lon="19.29647">
        <ele>1470.7</ele>
      </trkpt>
      <trkpt lat="42.92032" lon="19.29669">
        <ele>1468.9</ele>
      </trkpt>
      <trkpt lat="42.92028" lon="19.29686">
        <ele>1468.9</ele>
      </trkpt>
      <trkpt lat="42.92026" lon="19.29699">
        <ele>1469.3</ele>
      </trkpt>
      <trkpt lat="42.92022" lon="19.2972">
        <ele>1469.9</ele>
      </trkpt>
      <trkpt lat="42.92021" lon="19.29732">
        <ele>1470.8</ele>
      </trkpt>
      <trkpt lat="42.92028" lon="19.29747">
        <ele>1474.5</ele>
      </trkpt>
      <trkpt lat="42.92025" lon="19.29771">
        <ele>1472.8</ele>
      </trkpt>
      <trkpt lat="42.92025" lon="19.29785">
        <ele>1472.2</ele>
      </trkpt>
      <trkpt lat="42.92037" lon="19.29824">
        <ele>1474.7</ele>
      </trkpt>
      <trkpt lat="42.92037" lon="19.29855">
        <ele>1472.1</ele>
      </trkpt>
      <trkpt lat="42.92042" lon="19.29872">
        <ele>1472.2</ele>
      </trkpt>
      <trkpt lat="42.92046" lon="19.29895">
        <ele>1471.3</ele>
      </trkpt>
      <trkpt lat="42.92049" lon="19.29898">
        <ele>1472.1</ele>
      </trkpt>
      <trkpt lat="42.92053" lon="19.29895">
        <ele>1473.9</ele>
      </trkpt>
      <trkpt lat="42.92063" lon="19.29827">
        <ele>1483.8</ele>
      </trkpt>
      <trkpt lat="42.92085" lon="19.29737">
        <ele>1492.0</ele>
      </trkpt>
      <trkpt lat="42.9209" lon="19.29706">
        <ele>1492.4</ele>
      </trkpt>
      <trkpt lat="42.92101" lon="19.2968">
        <ele>1494.6</ele>
      </trkpt>
      <trkpt lat="42.9212" lon="19.29658">
        <ele>1498.5</ele>
      </trkpt>
      <trkpt lat="42.92135" lon="19.29633">
        <ele>1500.2</ele>
      </trkpt>
      <trkpt lat="42.92152" lon="19.29611">
        <ele>1503.8</ele>
      </trkpt>
      <trkpt lat="42.92167" lon="19.29586">
        <ele>1507.3</ele>
      </trkpt>
      <trkpt lat="42.92181" lon="19.2956">
        <ele>1509.2</ele>
      </trkpt>
      <trkpt lat="42.92196" lon="19.29537">
        <ele>1512.8</ele>
      </trkpt>
      <trkpt lat="42.92206" lon="19.29526">
        <ele>1516.0</ele>
      </trkpt>
      <trkpt lat="42.92207" lon="19.29517">
        <ele>1515.9</ele>
      </trkpt>
      <trkpt lat="42.92201" lon="19.2948">
        <ele>1511.4</ele>
      </trkpt>
      <trkpt lat="42.922" lon="19.2947">
        <ele>1510.6</ele>
      </trkpt>
      <trkpt lat="42.92208" lon="19.29441">
        <ele>1512.9</ele>
      </trkpt>
      <trkpt lat="42.92219" lon="19.29413">
        <ele>1516.2</ele>
      </trkpt>
      <trkpt lat="42.9223" lon="19.29394">
        <ele>1518.6</ele>
      </trkpt>
      <trkpt lat="42.92234" lon="19.29383">
        <ele>1519.0</ele>
      </trkpt>
      <trkpt lat="42.92238" lon="19.2935">
        <ele>1516.5</ele>
      </trkpt>
      <trkpt lat="42.92241" lon="19.2935">
        <ele>1517.7</ele>
      </trkpt>
      <trkpt lat="42.92245" lon="19.29351">
        <ele>1519.4</ele>
      </trkpt>
      <trkpt lat="42.92247" lon="19.29355">
        <ele>1520.7</ele>
      </trkpt>
      <trkpt lat="42.92247" lon="19.29367">
        <ele>1522.2</ele>
      </trkpt>
      <trkpt lat="42.92246" lon="19.29388">
        <ele>1524.6</ele>
      </trkpt>
      <trkpt lat="42.92246" lon="19.2945">
        <ele>1529.9</ele>
      </trkpt>
      <trkpt lat="42.9225" lon="19.295">
        <ele>1534.0</ele>
      </trkpt>
      <trkpt lat="42.92254" lon="19.29514">
        <ele>1535.4</ele>
      </trkpt>
      <trkpt lat="42.92265" lon="19.29539">
        <ele>1539.2</ele>
      </trkpt>
      <trkpt lat="42.92281" lon="19.29564">
        <ele>1544.7</ele>
      </trkpt>
      <trkpt lat="42.92291" lon="19.29591">
        <ele>1547.6</ele>
      </trkpt>
      <trkpt lat="42.92305" lon="19.29617">
        <ele>1552.0</ele>
      </trkpt>
      <trkpt lat="42.92311" lon="19.2964">
        <ele>1553.5</ele>
      </trkpt>
      <trkpt lat="42.92313" lon="19.29659">
        <ele>1553.6</ele>
      </trkpt>
      <trkpt lat="42.92314" lon="19.29673">
        <ele>1554.1</ele>
      </trkpt>
      <trkpt lat="42.92312" lon="19.2969">
        <ele>1554.4</ele>
      </trkpt>
      <trkpt lat="42.92312" lon="19.29721">
        <ele>1556.0</ele>
      </trkpt>
      <trkpt lat="42.92315" lon="19.29762">
        <ele>1559.3</ele>
      </trkpt>
      <trkpt lat="42.92325" lon="19.29782">
        <ele>1563.4</ele>
      </trkpt>
      <trkpt lat="42.92325" lon="19.29787">
        <ele>1563.8</ele>
      </trkpt>
      <trkpt lat="42.92322" lon="19.29795">
        <ele>1563.6</ele>
      </trkpt>
      <trkpt lat="42.92306" lon="19.29811">
        <ele>1560.3</ele>
      </trkpt>
      <trkpt lat="42.92304" lon="19.29818">
        <ele>1560.2</ele>
      </trkpt>
      <trkpt lat="42.92303" lon="19.29827">
        <ele>1560.5</ele>
      </trkpt>
      <trkpt lat="42.92304" lon="19.29838">
        <ele>1561.5</ele>
      </trkpt>
      <trkpt lat="42.92312" lon="19.2987">
        <ele>1565.9</ele>
      </trkpt>
      <trkpt lat="42.92321" lon="19.29899">
        <ele>1571.0</ele>
      </trkpt>
      <trkpt lat="42.92332" lon="19.29927">
        <ele>1576.5</ele>
      </trkpt>
      <trkpt lat="42.92334" lon="19.29944">
        <ele>1577.2</ele>
      </trkpt>
      <trkpt lat="42.92335" lon="19.29963">
        <ele>1577.6</ele>
      </trkpt>
      <trkpt lat="42.92335" lon="19.29963">
        <ele>1577.6</ele>
      </trkpt>
      <trkpt lat="42.92335" lon="19.2999">
        <ele>1577.6</ele>
      </trkpt>
      <trkpt lat="42.9234" lon="19.30014">
        <ele>1580.0</ele>
      </trkpt>
      <trkpt lat="42.92338" lon="19.30027">
        <ele>1579.9</ele>
      </trkpt>
      <trkpt lat="42.92327" lon="19.30061">
        <ele>1577.9</ele>
      </trkpt>
      <trkpt lat="42.92322" lon="19.3007">
        <ele>1576.8</ele>
      </trkpt>
      <trkpt lat="42.92321" lon="19.30076">
        <ele>1576.9</ele>
      </trkpt>
      <trkpt lat="42.92324" lon="19.30093">
        <ele>1579.3</ele>
      </trkpt>
      <trkpt lat="42.92325" lon="19.30103">
        <ele>1580.7</ele>
      </trkpt>
      <trkpt lat="42.92321" lon="19.30112">
        <ele>1580.6</ele>
      </trkpt>
      <trkpt lat="42.92317" lon="19.30116">
        <ele>1580.1</ele>
      </trkpt>
      <trkpt lat="42.92311" lon="19.30119">
        <ele>1579.0</ele>
      </trkpt>
      <trkpt lat="42.92304" lon="19.30123">
        <ele>1577.9</ele>
      </trkpt>
      <trkpt lat="42.92299" lon="19.30132">
        <ele>1578.0</ele>
      </trkpt>
      <trkpt lat="42.92296" lon="19.30146">
        <ele>1579.5</ele>
      </trkpt>
      <trkpt lat="42.92292" lon="19.30172">
        <ele>1582.6</ele>
      </trkpt>
      <trkpt lat="42.92292" lon="19.30183">
        <ele>1583.6</ele>
      </trkpt>
      <trkpt lat="42.92294" lon="19.30192">
        <ele>1584.8</ele>
      </trkpt>
      <trkpt lat="42.92315" lon="19.30233">
        <ele>1591.4</ele>
      </trkpt>
      <trkpt lat="42.92319" lon="19.30239">
        <ele>1592.4</ele>
      </trkpt>
      <trkpt lat="42.92321" lon="19.3024">
        <ele>1592.7</ele>
      </trkpt>
      <trkpt lat="42.92324" lon="19.30238">
        <ele>1593.0</ele>
      </trkpt>
      <trkpt lat="42.92325" lon="19.30235">
        <ele>1592.9</ele>
      </trkpt>
      <trkpt lat="42.92324" lon="19.30229">
        <ele>1592.3</ele>
      </trkpt>
      <trkpt lat="42.92321" lon="19.30224">
        <ele>1591.5</ele>
      </trkpt>
      <trkpt lat="42.92319" lon="19.30214">
        <ele>1590.4</ele>
      </trkpt>
      <trkpt lat="42.92318" lon="19.302">
        <ele>1589.1</ele>
      </trkpt>
      <trkpt lat="42.92319" lon="19.30192">
        <ele>1588.6</ele>
      </trkpt>
      <trkpt lat="42.92322" lon="19.30179">
        <ele>1588.1</ele>
      </trkpt>
      <trkpt lat="42.92326" lon="19.30175">
        <ele>1588.4</ele>
      </trkpt>
      <trkpt lat="42.9233" lon="19.30174">
        <ele>1589.0</ele>
      </trkpt>
      <trkpt lat="42.92347" lon="19.30162">
        <ele>1591.7</ele>
      </trkpt>
      <trkpt lat="42.92351" lon="19.30155">
        <ele>1592.1</ele>
      </trkpt>
      <trkpt lat="42.92354" lon="19.30146">
        <ele>1592.1</ele>
      </trkpt>
      <trkpt lat="42.9236" lon="19.30135">
        <ele>1592.8</ele>
      </trkpt>
      <trkpt lat="42.92368" lon="19.3013">
        <ele>1594.5</ele>
      </trkpt>
      <trkpt lat="42.92373" lon="19.30128">
        <ele>1595.7</ele>
      </trkpt>
      <trkpt lat="42.92377" lon="19.30129">
        <ele>1596.8</ele>
      </trkpt>
      <trkpt lat="42.9238" lon="19.30133">
        <ele>1597.8</ele>
      </trkpt>
      <trkpt lat="42.92386" lon="19.30153">
        <ele>1600.3</ele>
      </trkpt>
      <trkpt lat="42.92393" lon="19.30174">
        <ele>1603.1</ele>
      </trkpt>
      <trkpt lat="42.92394" lon="19.302">
        <ele>1604.9</ele>
      </trkpt>
      <trkpt lat="42.92393" lon="19.30256">
        <ele>1608.4</ele>
      </trkpt>
      <trkpt lat="42.92394" lon="19.30265">
        <ele>1609.3</ele>
      </trkpt>
      <trkpt lat="42.92396" lon="19.30271">
        <ele>1610.2</ele>
      </trkpt>
      <trkpt lat="42.924" lon="19.30275">
        <ele>1611.2</ele>
      </trkpt>
      <trkpt lat="42.92403" lon="19.30275">
        <ele>1611.7</ele>
      </trkpt>
      <trkpt lat="42.92421" lon="19.3027">
        <ele>1614.1</ele>
      </trkpt>
      <trkpt lat="42.92428" lon="19.30271">
        <ele>1614.4</ele>
      </trkpt>
      <trkpt lat="42.92437" lon="19.30273">
        <ele>1614.8</ele>
      </trkpt>
      <trkpt lat="42.92465" lon="19.30285">
        <ele>1616.0</ele>
      </trkpt>
      <trkpt lat="42.92495" lon="19.30308">
        <ele>1616.9</ele>
      </trkpt>
      <trkpt lat="42.92537" lon="19.30344">
        <ele>1615.5</ele>
      </trkpt>
      <trkpt lat="42.92581" lon="19.30377">
        <ele>1613.6</ele>
      </trkpt>
      <trkpt lat="42.92601" lon="19.30395">
        <ele>1614.8</ele>
      </trkpt>
      <trkpt lat="42.92608" lon="19.30406">
        <ele>1615.2</ele>
      </trkpt>
      <trkpt lat="42.92616" lon="19.30421">
        <ele>1615.7</ele>
      </trkpt>
      <trkpt lat="42.92633" lon="19.30445">
        <ele>1616.6</ele>
      </trkpt>
      <trkpt lat="42.92652" lon="19.30467">
        <ele>1617.7</ele>
      </trkpt>
      <trkpt lat="42.92658" lon="19.30479">
        <ele>1617.9</ele>
      </trkpt>
      <trkpt lat="42.92666" lon="19.305">
        <ele>1618.0</ele>
      </trkpt>
      <trkpt lat="42.92684" lon="19.30522">
        <ele>1615.8</ele>
      </trkpt>
      <trkpt lat="42.92717" lon="19.30573">
        <ele>1611.4</ele>
      </trkpt>
      <trkpt lat="42.92724" lon="19.3058">
        <ele>1611.0</ele>
      </trkpt>
      <trkpt lat="42.92739" lon="19.30585">
        <ele>1610.7</ele>
      </trkpt>
      <trkpt lat="42.92755" lon="19.30586">
        <ele>1610.8</ele>
      </trkpt>
      <trkpt lat="42.92763" lon="19.30591">
        <ele>1610.5</ele>
      </trkpt>
      <trkpt lat="42.92766" lon="19.30594">
        <ele>1610.4</ele>
      </trkpt>
      <trkpt lat="42.92798" lon="19.30648">
        <ele>1608.6</ele>
      </trkpt>
      <trkpt lat="42.92819" lon="19.30686">
        <ele>1609.6</ele>
      </trkpt>
      <trkpt lat="42.92828" lon="19.30714">
        <ele>1610.8</ele>
      </trkpt>
      <trkpt lat="42.92832" lon="19.30734">
        <ele>1611.5</ele>
      </trkpt>
      <trkpt lat="42.92843" lon="19.30772">
        <ele>1614.1</ele>
      </trkpt>
      <trkpt lat="42.92855" lon="19.30827">
        <ele>1619.3</ele>
      </trkpt>
      <trkpt lat="42.92859" lon="19.30865">
        <ele>1621.4</ele>
      </trkpt>
      <trkpt lat="42.92854" lon="19.30903">
        <ele>1622.2</ele>
      </trkpt>
      <trkpt lat="42.92855" lon="19.30936">
        <ele>1623.6</ele>
      </trkpt>
      <trkpt lat="42.92856" lon="19.30952">
        <ele>1624.3</ele>
      </trkpt>
      <trkpt lat="42.92854" lon="19.30971">
        <ele>1624.7</ele>
      </trkpt>
      <trkpt lat="42.9285" lon="19.31011">
        <ele>1625.7</ele>
      </trkpt>
      <trkpt lat="42.92849" lon="19.31036">
        <ele>1626.7</ele>
      </trkpt>
      <trkpt lat="42.92848" lon="19.31055">
        <ele>1627.5</ele>
      </trkpt>
      <trkpt lat="42.92846" lon="19.31071">
        <ele>1628.0</ele>
      </trkpt>
      <trkpt lat="42.92843" lon="19.31087">
        <ele>1628.0</ele>
      </trkpt>
      <trkpt lat="42.92827" lon="19.31131">
        <ele>1624.0</ele>
      </trkpt>
      <trkpt lat="42.92801" lon="19.31193">
        <ele>1621.0</ele>
      </trkpt>
      <trkpt lat="42.9278" lon="19.31234">
        <ele>1620.7</ele>
      </trkpt>
      <trkpt lat="42.92775" lon="19.31247">
        <ele>1620.8</ele>
      </trkpt>
      <trkpt lat="42.92767" lon="19.31279">
        <ele>1621.5</ele>
      </trkpt>
      <trkpt lat="42.92754" lon="19.31314">
        <ele>1621.2</ele>
      </trkpt>
      <trkpt lat="42.92745" lon="19.31337">
        <ele>1620.7</ele>
      </trkpt>
      <trkpt lat="42.92735" lon="19.31368">
        <ele>1620.3</ele>
      </trkpt>
      <trkpt lat="42.92729" lon="19.31381">
        <ele>1619.8</ele>
      </trkpt>
      <trkpt lat="42.92716" lon="19.3141">
        <ele>1618.1</ele>
      </trkpt>
      <trkpt lat="42.92709" lon="19.31454">
        <ele>1617.1</ele>
      </trkpt>
      <trkpt lat="42.92702" lon="19.31472">
        <ele>1616.3</ele>
      </trkpt>
      <trkpt lat="42.9269" lon="19.31499">
        <ele>1615.2</ele>
      </trkpt>
      <trkpt lat="42.92674" lon="19.3154">
        <ele>1615.4</ele>
      </trkpt>
      <trkpt lat="42.92651" lon="19.31574">
        <ele>1617.1</ele>
      </trkpt>
      <trkpt lat="42.92643" lon="19.31593">
        <ele>1617.9</ele>
      </trkpt>
      <trkpt lat="42.92639" lon="19.31607">
        <ele>1618.2</ele>
      </trkpt>
      <trkpt lat="42.92635" lon="19.31639">
        <ele>1618.6</ele>
      </trkpt>
      <trkpt lat="42.92625" lon="19.31662">
        <ele>1619.0</ele>
      </trkpt>
      <trkpt lat="42.92623" lon="19.31705">
        <ele>1619.9</ele>
      </trkpt>
      <trkpt lat="42.92622" lon="19.31763">
        <ele>1621.5</ele>
      </trkpt>
      <trkpt lat="42.92618" lon="19.3179">
        <ele>1622.4</ele>
      </trkpt>
      <trkpt lat="42.92617" lon="19.31827">
        <ele>1623.8</ele>
      </trkpt>
      <trkpt lat="42.92612" lon="19.31859">
        <ele>1625.8</ele>
      </trkpt>
      <trkpt lat="42.92606" lon="19.31889">
        <ele>1627.6</ele>
      </trkpt>
      <trkpt lat="42.92601" lon="19.31902">
        <ele>1628.2</ele>
      </trkpt>
      <trkpt lat="42.92593" lon="19.31931">
        <ele>1629.7</ele>
      </trkpt>
      <trkpt lat="42.92581" lon="19.31962">
        <ele>1631.2</ele>
      </trkpt>
      <trkpt lat="42.92567" lon="19.31988">
        <ele>1632.4</ele>
      </trkpt>
      <trkpt lat="42.92558" lon="19.3201">
        <ele>1633.9</ele>
      </trkpt>
      <trkpt lat="42.92551" lon="19.32036">
        <ele>1636.3</ele>
      </trkpt>
      <trkpt lat="42.92544" lon="19.32067">
        <ele>1639.4</ele>
      </trkpt>
      <trkpt lat="42.9254" lon="19.32086">
        <ele>1641.2</ele>
      </trkpt>
      <trkpt lat="42.9254" lon="19.32107">
        <ele>1643.8</ele>
      </trkpt>
      <trkpt lat="42.9254" lon="19.32107">
        <ele>1643.8</ele>
      </trkpt>
      <trkpt lat="42.92538" lon="19.32169">
        <ele>1650.8</ele>
      </trkpt>
      <trkpt lat="42.92544" lon="19.32208">
        <ele>1651.1</ele>
      </trkpt>
      <trkpt lat="42.92542" lon="19.32214">
        <ele>1651.0</ele>
      </trkpt>
      <trkpt lat="42.9253" lon="19.32227">
        <ele>1650.2</ele>
      </trkpt>
      <trkpt lat="42.92514" lon="19.32247">
        <ele>1649.0</ele>
      </trkpt>
      <trkpt lat="42.92506" lon="19.32272">
        <ele>1649.7</ele>
      </trkpt>
      <trkpt lat="42.925" lon="19.32284">
        <ele>1650.0</ele>
      </trkpt>
      <trkpt lat="42.92489" lon="19.32295">
        <ele>1649.2</ele>
      </trkpt>
      <trkpt lat="42.92481" lon="19.32302">
        <ele>1648.6</ele>
      </trkpt>
      <trkpt lat="42.9247" lon="19.32305">
        <ele>1647.2</ele>
      </trkpt>
      <trkpt lat="42.92463" lon="19.32306">
        <ele>1646.3</ele>
      </trkpt>
      <trkpt lat="42.92458" lon="19.32307">
        <ele>1645.7</ele>
      </trkpt>
      <trkpt lat="42.92454" lon="19.32314">
        <ele>1645.5</ele>
      </trkpt>
      <trkpt lat="42.92451" lon="19.32331">
        <ele>1645.8</ele>
      </trkpt>
      <trkpt lat="42.92451" lon="19.32346">
        <ele>1646.5</ele>
      </trkpt>
      <trkpt lat="42.92454" lon="19.32362">
        <ele>1647.5</ele>
      </trkpt>
      <trkpt lat="42.92458" lon="19.32372">
        <ele>1648.4</ele>
      </trkpt>
      <trkpt lat="42.92458" lon="19.32382">
        <ele>1648.7</ele>
      </trkpt>
      <trkpt lat="42.92454" lon="19.32388">
        <ele>1648.6</ele>
      </trkpt>
      <trkpt lat="42.92446" lon="19.32394">
        <ele>1648.1</ele>
      </trkpt>
      <trkpt lat="42.9244" lon="19.32398">
        <ele>1647.7</ele>
      </trkpt>
      <trkpt lat="42.92436" lon="19.32404">
        <ele>1647.7</ele>
      </trkpt>
      <trkpt lat="42.92433" lon="19.32415">
        <ele>1648.1</ele>
      </trkpt>
      <trkpt lat="42.92433" lon="19.32434">
        <ele>1649.0</ele>
      </trkpt>
      <trkpt lat="42.9243" lon="19.32441">
        <ele>1649.2</ele>
      </trkpt>
      <trkpt lat="42.92421" lon="19.32455">
        <ele>1649.5</ele>
      </trkpt>
      <trkpt lat="42.92413" lon="19.32484">
        <ele>1651.5</ele>
      </trkpt>
      <trkpt lat="42.92402" lon="19.32507">
        <ele>1655.2</ele>
      </trkpt>
      <trkpt lat="42.92398" lon="19.32514">
        <ele>1656.7</ele>
      </trkpt>
      <trkpt lat="42.92388" lon="19.32521">
        <ele>1658.9</ele>
      </trkpt>
      <trkpt lat="42.92382" lon="19.32523">
        <ele>1659.8</ele>
      </trkpt>
      <trkpt lat="42.92376" lon="19.32521">
        <ele>1660.3</ele>
      </trkpt>
      <trkpt lat="42.92372" lon="19.32518">
        <ele>1660.4</ele>
      </trkpt>
      <trkpt lat="42.92369" lon="19.32511">
        <ele>1660.0</ele>
      </trkpt>
      <trkpt lat="42.92366" lon="19.325">
        <ele>1659.3</ele>
      </trkpt>
      <trkpt lat="42.92366" lon="19.32485">
        <ele>1657.6</ele>
      </trkpt>
      <trkpt lat="42.92365" lon="19.3247">
        <ele>1656.1</ele>
      </trkpt>
      <trkpt lat="42.92362" lon="19.32459">
        <ele>1655.2</ele>
      </trkpt>
      <trkpt lat="42.92354" lon="19.32449">
        <ele>1654.7</ele>
      </trkpt>
      <trkpt lat="42.92347" lon="19.32443">
        <ele>1654.6</ele>
      </trkpt>
      <trkpt lat="42.92317" lon="19.32438">
        <ele>1654.9</ele>
      </trkpt>
      <trkpt lat="42.9231" lon="19.32433">
        <ele>1654.2</ele>
      </trkpt>
      <trkpt lat="42.92301" lon="19.32425">
        <ele>1653.1</ele>
      </trkpt>
      <trkpt lat="42.92291" lon="19.32419">
        <ele>1652.3</ele>
      </trkpt>
      <trkpt lat="42.92284" lon="19.32416">
        <ele>1651.9</ele>
      </trkpt>
      <trkpt lat="42.92275" lon="19.32416">
        <ele>1651.9</ele>
      </trkpt>
      <trkpt lat="42.92263" lon="19.32425">
        <ele>1652.9</ele>
      </trkpt>
      <trkpt lat="42.92253" lon="19.32441">
        <ele>1654.7</ele>
      </trkpt>
      <trkpt lat="42.92245" lon="19.32449">
        <ele>1655.7</ele>
      </trkpt>
      <trkpt lat="42.9224" lon="19.32464">
        <ele>1657.2</ele>
      </trkpt>
      <trkpt lat="42.92229" lon="19.32527">
        <ele>1660.6</ele>
      </trkpt>
      <trkpt lat="42.92224" lon="19.32537">
        <ele>1660.5</ele>
      </trkpt>
      <trkpt lat="42.92213" lon="19.32551">
        <ele>1660.0</ele>
      </trkpt>
      <trkpt lat="42.92205" lon="19.32565">
        <ele>1659.5</ele>
      </trkpt>
      <trkpt lat="42.92197" lon="19.32572">
        <ele>1658.9</ele>
      </trkpt>
      <trkpt lat="42.92192" lon="19.32579">
        <ele>1658.4</ele>
      </trkpt>
      <trkpt lat="42.92189" lon="19.32588">
        <ele>1658.2</ele>
      </trkpt>
      <trkpt lat="42.92186" lon="19.32602">
        <ele>1658.0</ele>
      </trkpt>
      <trkpt lat="42.92183" lon="19.32632">
        <ele>1658.0</ele>
      </trkpt>
      <trkpt lat="42.92176" lon="19.32646">
        <ele>1657.6</ele>
      </trkpt>
      <trkpt lat="42.92159" lon="19.3267">
        <ele>1657.7</ele>
      </trkpt>
      <trkpt lat="42.92154" lon="19.32694">
        <ele>1658.0</ele>
      </trkpt>
      <trkpt lat="42.92153" lon="19.32711">
        <ele>1658.0</ele>
      </trkpt>
      <trkpt lat="42.92152" lon="19.32718">
        <ele>1658.0</ele>
      </trkpt>
      <trkpt lat="42.92146" lon="19.32732">
        <ele>1658.2</ele>
      </trkpt>
      <trkpt lat="42.92135" lon="19.32753">
        <ele>1658.5</ele>
      </trkpt>
      <trkpt lat="42.92133" lon="19.3276">
        <ele>1658.5</ele>
      </trkpt>
      <trkpt lat="42.9213" lon="19.32766">
        <ele>1658.5</ele>
      </trkpt>
      <trkpt lat="42.92126" lon="19.3277">
        <ele>1658.6</ele>
      </trkpt>
      <trkpt lat="42.92119" lon="19.3277">
        <ele>1658.9</ele>
      </trkpt>
      <trkpt lat="42.92105" lon="19.32766">
        <ele>1659.5</ele>
      </trkpt>
      <trkpt lat="42.92091" lon="19.32766">
        <ele>1660.1</ele>
      </trkpt>
      <trkpt lat="42.92054" lon="19.32777">
        <ele>1656.9</ele>
      </trkpt>
      <trkpt lat="42.92041" lon="19.32779">
        <ele>1655.4</ele>
      </trkpt>
      <trkpt lat="42.92033" lon="19.32782">
        <ele>1654.4</ele>
      </trkpt>
      <trkpt lat="42.92026" lon="19.32787">
        <ele>1653.5</ele>
      </trkpt>
      <trkpt lat="42.92018" lon="19.32795">
        <ele>1652.3</ele>
      </trkpt>
      <trkpt lat="42.92009" lon="19.32808">
        <ele>1650.9</ele>
      </trkpt>
      <trkpt lat="42.91997" lon="19.3283">
        <ele>1649.4</ele>
      </trkpt>
      <trkpt lat="42.91982" lon="19.32845">
        <ele>1650.4</ele>
      </trkpt>
      <trkpt lat="42.91978" lon="19.32851">
        <ele>1650.8</ele>
      </trkpt>
      <trkpt lat="42.91977" lon="19.32861">
        <ele>1650.9</ele>
      </trkpt>
      <trkpt lat="42.91978" lon="19.3287">
        <ele>1650.8</ele>
      </trkpt>
      <trkpt lat="42.91977" lon="19.32878">
        <ele>1650.9</ele>
      </trkpt>
      <trkpt lat="42.91974" lon="19.32886">
        <ele>1651.3</ele>
      </trkpt>
      <trkpt lat="42.91962" lon="19.32906">
        <ele>1653.2</ele>
      </trkpt>
      <trkpt lat="42.91957" lon="19.32921">
        <ele>1654.3</ele>
      </trkpt>
      <trkpt lat="42.9195" lon="19.32944">
        <ele>1655.5</ele>
      </trkpt>
      <trkpt lat="42.91948" lon="19.32965">
        <ele>1655.8</ele>
      </trkpt>
      <trkpt lat="42.91945" lon="19.32973">
        <ele>1656.1</ele>
      </trkpt>
      <trkpt lat="42.9194" lon="19.32984">
        <ele>1656.3</ele>
      </trkpt>
      <trkpt lat="42.91935" lon="19.32992">
        <ele>1656.5</ele>
      </trkpt>
      <trkpt lat="42.91914" lon="19.33013">
        <ele>1657.4</ele>
      </trkpt>
      <trkpt lat="42.91907" lon="19.33014">
        <ele>1658.3</ele>
      </trkpt>
      <trkpt lat="42.91899" lon="19.33017">
        <ele>1659.3</ele>
      </trkpt>
      <trkpt lat="42.91889" lon="19.33024">
        <ele>1660.7</ele>
      </trkpt>
      <trkpt lat="42.91881" lon="19.33033">
        <ele>1661.7</ele>
      </trkpt>
      <trkpt lat="42.91878" lon="19.33041">
        <ele>1662.1</ele>
      </trkpt>
      <trkpt lat="42.91875" lon="19.33055">
        <ele>1662.5</ele>
      </trkpt>
      <trkpt lat="42.91875" lon="19.33079">
        <ele>1662.5</ele>
      </trkpt>
      <trkpt lat="42.91872" lon="19.3309">
        <ele>1663.0</ele>
      </trkpt>
      <trkpt lat="42.91868" lon="19.33099">
        <ele>1663.5</ele>
      </trkpt>
      <trkpt lat="42.91856" lon="19.33111">
        <ele>1664.5</ele>
      </trkpt>
      <trkpt lat="42.91844" lon="19.33121">
        <ele>1664.8</ele>
      </trkpt>
      <trkpt lat="42.91831" lon="19.33117">
        <ele>1665.6</ele>
      </trkpt>
      <trkpt lat="42.9182" lon="19.33134">
        <ele>1664.8</ele>
      </trkpt>
      <trkpt lat="42.91752" lon="19.33153">
        <ele>1665.8</ele>
      </trkpt>
      <trkpt lat="42.91732" lon="19.3317">
        <ele>1666.1</ele>
      </trkpt>
      <trkpt lat="42.91705" lon="19.3325">
        <ele>1666.5</ele>
      </trkpt>
      <trkpt lat="42.91688" lon="19.33322">
        <ele>1667.0</ele>
      </trkpt>
      <trkpt lat="42.91672" lon="19.33345">
        <ele>1666.7</ele>
      </trkpt>
      <trkpt lat="42.91631" lon="19.3338">
        <ele>1667.1</ele>
      </trkpt>
      <trkpt lat="42.91595" lon="19.33425">
        <ele>1665.4</ele>
      </trkpt>
      <trkpt lat="42.9156" lon="19.3347">
        <ele>1662.8</ele>
      </trkpt>
      <trkpt lat="42.91532" lon="19.33519">
        <ele>1662.3</ele>
      </trkpt>
      <trkpt lat="42.91504" lon="19.33569">
        <ele>1662.0</ele>
      </trkpt>
      <trkpt lat="42.91499" lon="19.3359">
        <ele>1661.7</ele>
      </trkpt>
      <trkpt lat="42.91495" lon="19.33602">
        <ele>1661.3</ele>
      </trkpt>
      <trkpt lat="42.91493" lon="19.33668">
        <ele>1657.9</ele>
      </trkpt>
      <trkpt lat="42.91475" lon="19.33732">
        <ele>1659.1</ele>
      </trkpt>
      <trkpt lat="42.91488" lon="19.33799">
        <ele>1658.0</ele>
      </trkpt>
      <trkpt lat="42.91502" lon="19.33866">
        <ele>1657.4</ele>
      </trkpt>
      <trkpt lat="42.91516" lon="19.33969">
        <ele>1660.4</ele>
      </trkpt>
      <trkpt lat="42.91537" lon="19.34072">
        <ele>1664.6</ele>
      </trkpt>
    </trkseg>
  </trk>
</gpx>
